base_case,base_display_name,effectiveness_case,effectiveness_display_name,year,baseline_emissions_gtco2_y,induced_or_delayed_emissions_gtco2_y,positive_emissions_gtco2_y,planned_gross_removal_gtco2_y,actual_gross_removal_gtco2_y,removal_effectiveness_multiplier,effective_removal_gtco2_y,direct_net_pulse_gtco2_y,atmospheric_co2_ppm_reduced_form,atmosphere_only_ppm_same_direct_net,compensation_vs_atmosphere_only_ppm,management_floor_ppm,floor_throttled,cumulative_positive_emissions_gtco2,cumulative_planned_gross_removal_gtco2,cumulative_actual_gross_removal_gtco2,cumulative_effective_removal_gtco2,cumulative_direct_net_pulse_gtco2
aether_constant_emissions_58pct_rebound,"AETHER, 58% rebound",fixed_0p96_current,Fixed 0.96 current screen,2026,42.200000,0.000000,42.200000,0.000000,0.000000,0.960000,0.000000,42.200000,433.940256,433.940256,0.000000,350.000000,false,42.200000,0.000000,0.000000,0.000000,42.200000
aether_constant_emissions_58pct_rebound,"AETHER, 58% rebound",fixed_0p96_current,Fixed 0.96 current screen,2027,42.200000,2.890000,45.090000,5.000000,5.000000,0.960000,4.800000,40.290000,438.751405,439.105641,-0.354236,350.000000,false,87.290000,5.000000,5.000000,4.800000,82.490000
aether_constant_emissions_58pct_rebound,"AETHER, 58% rebound",fixed_0p96_current,Fixed 0.96 current screen,2028,42.200000,5.780000,47.980000,10.000000,10.000000,0.960000,9.600000,38.380000,443.044855,444.026154,-0.981299,350.000000,false,135.270000,15.000000,15.000000,14.400000,120.870000
aether_constant_emissions_58pct_rebound,"AETHER, 58% rebound",fixed_0p96_current,Fixed 0.96 current screen,2029,42.200000,8.670000,50.870000,15.000000,15.000000,0.960000,14.400000,36.470000,446.885704,448.701795,-1.816091,350.000000,false,186.140000,30.000000,30.000000,28.800000,157.340000
aether_constant_emissions_58pct_rebound,"AETHER, 58% rebound",fixed_0p96_current,Fixed 0.96 current screen,2030,42.200000,11.560000,53.760000,20.000000,20.000000,0.960000,19.200000,34.560000,450.326106,453.132564,-2.806458,350.000000,false,239.900000,50.000000,50.000000,48.000000,191.900000
aether_constant_emissions_58pct_rebound,"AETHER, 58% rebound",fixed_0p96_current,Fixed 0.96 current screen,2031,42.200000,14.450000,56.650000,25.000000,25.000000,0.960000,24.000000,32.650000,453.407941,457.318462,-3.910520,350.000000,false,296.550000,75.000000,75.000000,72.000000,224.550000
aether_constant_emissions_58pct_rebound,"AETHER, 58% rebound",fixed_0p96_current,Fixed 0.96 current screen,2032,42.200000,17.340000,59.540000,30.000000,30.000000,0.960000,28.800000,30.740000,456.164933,461.259487,-5.094554,350.000000,false,356.090000,105.000000,105.000000,100.800000,255.290000
aether_constant_emissions_58pct_rebound,"AETHER, 58% rebound",fixed_0p96_current,Fixed 0.96 current screen,2033,42.200000,20.230000,62.430000,35.000000,35.000000,0.960000,33.600000,28.830000,458.624322,464.955641,-6.331319,350.000000,false,418.520000,140.000000,140.000000,134.400000,284.120000
aether_constant_emissions_58pct_rebound,"AETHER, 58% rebound",fixed_0p96_current,Fixed 0.96 current screen,2034,42.200000,23.120000,65.320000,40.000000,40.000000,0.960000,38.400000,26.920000,460.808202,468.406923,-7.598721,350.000000,false,483.840000,180.000000,180.000000,172.800000,311.040000
aether_constant_emissions_58pct_rebound,"AETHER, 58% rebound",fixed_0p96_current,Fixed 0.96 current screen,2035,42.200000,26.010000,68.210000,45.000000,45.000000,0.960000,43.200000,25.010000,462.734571,471.613333,-8.878763,350.000000,false,552.050000,225.000000,225.000000,216.000000,336.050000
aether_constant_emissions_58pct_rebound,"AETHER, 58% rebound",fixed_0p96_current,Fixed 0.96 current screen,2036,42.200000,28.900000,71.100000,50.000000,50.000000,0.960000,48.000000,23.100000,464.418168,474.574872,-10.156704,350.000000,false,623.150000,275.000000,275.000000,264.000000,359.150000
aether_constant_emissions_58pct_rebound,"AETHER, 58% rebound",fixed_0p96_current,Fixed 0.96 current screen,2037,42.200000,31.790000,73.990000,55.000000,55.000000,0.960000,52.800000,21.190000,465.871138,477.291538,-11.420401,350.000000,false,697.140000,330.000000,330.000000,316.800000,380.340000
aether_constant_emissions_58pct_rebound,"AETHER, 58% rebound",fixed_0p96_current,Fixed 0.96 current screen,2038,42.200000,34.680000,76.880000,60.000000,60.000000,0.960000,57.600000,19.280000,467.103558,479.763333,-12.659775,350.000000,false,774.020000,390.000000,390.000000,374.400000,399.620000
aether_constant_emissions_58pct_rebound,"AETHER, 58% rebound",fixed_0p96_current,Fixed 0.96 current screen,2039,42.200000,37.570000,79.770000,65.000000,65.000000,0.960000,62.400000,17.370000,468.123853,481.990256,-13.866403,350.000000,false,853.790000,455.000000,455.000000,436.800000,416.990000
aether_constant_emissions_58pct_rebound,"AETHER, 58% rebound",fixed_0p96_current,Fixed 0.96 current screen,2040,42.200000,40.460000,82.660000,70.000000,70.000000,0.960000,67.200000,15.460000,468.939130,483.972308,-15.033178,350.000000,false,936.450000,525.000000,525.000000,504.000000,432.450000
aether_constant_emissions_58pct_rebound,"AETHER, 58% rebound",fixed_0p96_current,Fixed 0.96 current screen,2041,42.200000,43.350000,85.550000,75.000000,75.000000,0.960000,72.000000,13.550000,469.555435,485.709487,-16.154052,350.000000,false,1022.000000,600.000000,600.000000,576.000000,446.000000
aether_constant_emissions_58pct_rebound,"AETHER, 58% rebound",fixed_0p96_current,Fixed 0.96 current screen,2042,42.200000,46.240000,88.440000,80.000000,80.000000,0.960000,76.800000,11.640000,469.977970,487.201795,-17.223825,350.000000,false,1110.440000,680.000000,680.000000,652.800000,457.640000
aether_constant_emissions_58pct_rebound,"AETHER, 58% rebound",fixed_0p96_current,Fixed 0.96 current screen,2043,42.200000,49.130000,91.330000,85.000000,85.000000,0.960000,81.600000,9.730000,470.211252,488.449231,-18.237978,350.000000,false,1201.770000,765.000000,765.000000,734.400000,467.370000
aether_constant_emissions_58pct_rebound,"AETHER, 58% rebound",fixed_0p96_current,Fixed 0.96 current screen,2044,42.200000,52.020000,94.220000,90.000000,90.000000,0.960000,86.400000,7.820000,470.259248,489.451795,-19.192547,350.000000,false,1295.990000,855.000000,855.000000,820.800000,475.190000
aether_constant_emissions_58pct_rebound,"AETHER, 58% rebound",fixed_0p96_current,Fixed 0.96 current screen,2045,42.200000,54.910000,97.110000,95.000000,95.000000,0.960000,91.200000,5.910000,470.125476,490.209487,-20.084011,350.000000,false,1393.100000,950.000000,950.000000,912.000000,481.100000
aether_constant_emissions_58pct_rebound,"AETHER, 58% rebound",fixed_0p96_current,Fixed 0.96 current screen,2046,42.200000,57.800000,100.000000,100.000000,100.000000,0.960000,96.000000,4.000000,469.813093,490.722308,-20.909215,350.000000,false,1493.100000,1050.000000,1050.000000,1008.000000,485.100000
aether_constant_emissions_58pct_rebound,"AETHER, 58% rebound",fixed_0p96_current,Fixed 0.96 current screen,2047,42.200000,57.800000,100.000000,100.000000,100.000000,0.960000,96.000000,4.000000,469.569830,491.235128,-21.665298,350.000000,false,1593.100000,1150.000000,1150.000000,1104.000000,489.100000
aether_constant_emissions_58pct_rebound,"AETHER, 58% rebound",fixed_0p96_current,Fixed 0.96 current screen,2048,42.200000,57.800000,100.000000,100.000000,100.000000,0.960000,96.000000,4.000000,469.382268,491.747949,-22.365681,350.000000,false,1693.100000,1250.000000,1250.000000,1200.000000,493.100000
aether_constant_emissions_58pct_rebound,"AETHER, 58% rebound",fixed_0p96_current,Fixed 0.96 current screen,2049,42.200000,57.800000,100.000000,100.000000,100.000000,0.960000,96.000000,4.000000,469.239745,492.260769,-23.021024,350.000000,false,1793.100000,1350.000000,1350.000000,1296.000000,497.100000
aether_constant_emissions_58pct_rebound,"AETHER, 58% rebound",fixed_0p96_current,Fixed 0.96 current screen,2050,42.200000,57.800000,100.000000,100.000000,100.000000,0.960000,96.000000,4.000000,469.133784,492.773590,-23.639805,350.000000,false,1893.100000,1450.000000,1450.000000,1392.000000,501.100000
aether_constant_emissions_58pct_rebound,"AETHER, 58% rebound",fixed_0p96_current,Fixed 0.96 current screen,2051,42.200000,57.800000,100.000000,100.000000,100.000000,0.960000,96.000000,4.000000,469.057643,493.286410,-24.228768,350.000000,false,1993.100000,1550.000000,1550.000000,1488.000000,505.100000
aether_constant_emissions_58pct_rebound,"AETHER, 58% rebound",fixed_0p96_current,Fixed 0.96 current screen,2052,42.200000,57.800000,100.000000,100.000000,100.000000,0.960000,96.000000,4.000000,469.005951,493.799231,-24.793280,350.000000,false,2093.100000,1650.000000,1650.000000,1584.000000,509.100000
aether_constant_emissions_58pct_rebound,"AETHER, 58% rebound",fixed_0p96_current,Fixed 0.96 current screen,2053,42.200000,57.800000,100.000000,100.000000,100.000000,0.960000,96.000000,4.000000,468.974430,494.312051,-25.337621,350.000000,false,2193.100000,1750.000000,1750.000000,1680.000000,513.100000
aether_constant_emissions_58pct_rebound,"AETHER, 58% rebound",fixed_0p96_current,Fixed 0.96 current screen,2054,42.200000,57.800000,100.000000,100.000000,100.000000,0.960000,96.000000,4.000000,468.959666,494.824872,-25.865206,350.000000,false,2293.100000,1850.000000,1850.000000,1776.000000,517.100000
aether_constant_emissions_58pct_rebound,"AETHER, 58% rebound",fixed_0p96_current,Fixed 0.96 current screen,2055,42.200000,57.800000,100.000000,100.000000,100.000000,0.960000,96.000000,4.000000,468.958931,495.337692,-26.378761,350.000000,false,2393.100000,1950.000000,1950.000000,1872.000000,521.100000
aether_constant_emissions_58pct_rebound,"AETHER, 58% rebound",fixed_0p96_current,Fixed 0.96 current screen,2056,42.200000,57.800000,100.000000,100.000000,100.000000,0.960000,96.000000,4.000000,468.970041,495.850513,-26.880471,350.000000,false,2493.100000,2050.000000,2050.000000,1968.000000,525.100000
aether_constant_emissions_58pct_rebound,"AETHER, 58% rebound",fixed_0p96_current,Fixed 0.96 current screen,2057,42.200000,57.800000,100.000000,100.000000,100.000000,0.960000,96.000000,4.000000,468.991246,496.363333,-27.372088,350.000000,false,2593.100000,2150.000000,2150.000000,2064.000000,529.100000
aether_constant_emissions_58pct_rebound,"AETHER, 58% rebound",fixed_0p96_current,Fixed 0.96 current screen,2058,42.200000,57.800000,100.000000,100.000000,100.000000,0.960000,96.000000,4.000000,469.021136,496.876154,-27.855018,350.000000,false,2693.100000,2250.000000,2250.000000,2160.000000,533.100000
aether_constant_emissions_58pct_rebound,"AETHER, 58% rebound",fixed_0p96_current,Fixed 0.96 current screen,2059,42.200000,57.800000,100.000000,100.000000,100.000000,0.960000,96.000000,4.000000,469.058576,497.388974,-28.330399,350.000000,false,2793.100000,2350.000000,2350.000000,2256.000000,537.100000
aether_constant_emissions_58pct_rebound,"AETHER, 58% rebound",fixed_0p96_current,Fixed 0.96 current screen,2060,42.200000,57.800000,100.000000,100.000000,100.000000,0.960000,96.000000,4.000000,469.102646,497.901795,-28.799149,350.000000,false,2893.100000,2450.000000,2450.000000,2352.000000,541.100000
aether_constant_emissions_58pct_rebound,"AETHER, 58% rebound",fixed_0p96_current,Fixed 0.96 current screen,2061,42.200000,57.800000,100.000000,100.000000,100.000000,0.960000,96.000000,4.000000,469.152600,498.414615,-29.262016,350.000000,false,2993.100000,2550.000000,2550.000000,2448.000000,545.100000
aether_constant_emissions_58pct_rebound,"AETHER, 58% rebound",fixed_0p96_current,Fixed 0.96 current screen,2062,42.200000,57.800000,100.000000,100.000000,100.000000,0.960000,96.000000,4.000000,469.207827,498.927436,-29.719609,350.000000,false,3093.100000,2650.000000,2650.000000,2544.000000,549.100000
aether_constant_emissions_58pct_rebound,"AETHER, 58% rebound",fixed_0p96_current,Fixed 0.96 current screen,2063,42.200000,57.800000,100.000000,100.000000,100.000000,0.960000,96.000000,4.000000,469.267826,499.440256,-30.172431,350.000000,false,3193.100000,2750.000000,2750.000000,2640.000000,553.100000
aether_constant_emissions_58pct_rebound,"AETHER, 58% rebound",fixed_0p96_current,Fixed 0.96 current screen,2064,42.200000,57.800000,100.000000,100.000000,100.000000,0.960000,96.000000,4.000000,469.332183,499.953077,-30.620894,350.000000,false,3293.100000,2850.000000,2850.000000,2736.000000,557.100000
aether_constant_emissions_58pct_rebound,"AETHER, 58% rebound",fixed_0p96_current,Fixed 0.96 current screen,2065,42.200000,57.800000,100.000000,100.000000,100.000000,0.960000,96.000000,4.000000,469.400552,500.465897,-31.065345,350.000000,false,3393.100000,2950.000000,2950.000000,2832.000000,561.100000
aether_constant_emissions_58pct_rebound,"AETHER, 58% rebound",fixed_0p96_current,Fixed 0.96 current screen,2066,42.200000,57.800000,100.000000,100.000000,100.000000,0.960000,96.000000,4.000000,469.472646,500.978718,-31.506072,350.000000,false,3493.100000,3050.000000,3050.000000,2928.000000,565.100000
aether_constant_emissions_58pct_rebound,"AETHER, 58% rebound",fixed_0p96_current,Fixed 0.96 current screen,2067,42.200000,57.800000,100.000000,100.000000,100.000000,0.960000,96.000000,4.000000,469.548218,501.491538,-31.943320,350.000000,false,3593.100000,3150.000000,3150.000000,3024.000000,569.100000
aether_constant_emissions_58pct_rebound,"AETHER, 58% rebound",fixed_0p96_current,Fixed 0.96 current screen,2068,42.200000,57.800000,100.000000,100.000000,100.000000,0.960000,96.000000,4.000000,469.627060,502.004359,-32.377299,350.000000,false,3693.100000,3250.000000,3250.000000,3120.000000,573.100000
aether_constant_emissions_58pct_rebound,"AETHER, 58% rebound",fixed_0p96_current,Fixed 0.96 current screen,2069,42.200000,57.800000,100.000000,100.000000,100.000000,0.960000,96.000000,4.000000,469.708989,502.517179,-32.808190,350.000000,false,3793.100000,3350.000000,3350.000000,3216.000000,577.100000
aether_constant_emissions_58pct_rebound,"AETHER, 58% rebound",fixed_0p96_current,Fixed 0.96 current screen,2070,42.200000,57.800000,100.000000,100.000000,100.000000,0.960000,96.000000,4.000000,469.793850,503.030000,-33.236150,350.000000,false,3893.100000,3450.000000,3450.000000,3312.000000,581.100000
aether_constant_emissions_58pct_rebound,"AETHER, 58% rebound",fixed_0p96_current,Fixed 0.96 current screen,2071,42.200000,57.800000,100.000000,100.000000,100.000000,0.960000,96.000000,4.000000,469.881502,503.542821,-33.661319,350.000000,false,3993.100000,3550.000000,3550.000000,3408.000000,585.100000
aether_constant_emissions_58pct_rebound,"AETHER, 58% rebound",fixed_0p96_current,Fixed 0.96 current screen,2072,42.200000,57.800000,100.000000,100.000000,100.000000,0.960000,96.000000,4.000000,469.971821,504.055641,-34.083820,350.000000,false,4093.100000,3650.000000,3650.000000,3504.000000,589.100000
aether_constant_emissions_58pct_rebound,"AETHER, 58% rebound",fixed_0p96_current,Fixed 0.96 current screen,2073,42.200000,57.800000,100.000000,100.000000,100.000000,0.960000,96.000000,4.000000,470.064698,504.568462,-34.503764,350.000000,false,4193.100000,3750.000000,3750.000000,3600.000000,593.100000
aether_constant_emissions_58pct_rebound,"AETHER, 58% rebound",fixed_0p96_current,Fixed 0.96 current screen,2074,42.200000,57.800000,100.000000,100.000000,100.000000,0.960000,96.000000,4.000000,470.160029,505.081282,-34.921253,350.000000,false,4293.100000,3850.000000,3850.000000,3696.000000,597.100000
aether_constant_emissions_58pct_rebound,"AETHER, 58% rebound",fixed_0p96_current,Fixed 0.96 current screen,2075,42.200000,57.800000,100.000000,100.000000,100.000000,0.960000,96.000000,4.000000,470.257723,505.594103,-35.336379,350.000000,false,4393.100000,3950.000000,3950.000000,3792.000000,601.100000
aether_constant_emissions_58pct_rebound,"AETHER, 58% rebound",fixed_0p96_current,Fixed 0.96 current screen,2076,42.200000,57.800000,100.000000,100.000000,100.000000,0.960000,96.000000,4.000000,470.357694,506.106923,-35.749229,350.000000,false,4493.100000,4050.000000,4050.000000,3888.000000,605.100000
aether_constant_emissions_58pct_rebound,"AETHER, 58% rebound",fixed_0p96_current,Fixed 0.96 current screen,2077,42.200000,57.800000,100.000000,100.000000,100.000000,0.960000,96.000000,4.000000,470.459862,506.619744,-36.159882,350.000000,false,4593.100000,4150.000000,4150.000000,3984.000000,609.100000
aether_constant_emissions_58pct_rebound,"AETHER, 58% rebound",fixed_0p96_current,Fixed 0.96 current screen,2078,42.200000,57.800000,100.000000,100.000000,100.000000,0.960000,96.000000,4.000000,470.564152,507.132564,-36.568412,350.000000,false,4693.100000,4250.000000,4250.000000,4080.000000,613.100000
aether_constant_emissions_58pct_rebound,"AETHER, 58% rebound",fixed_0p96_current,Fixed 0.96 current screen,2079,42.200000,57.800000,100.000000,100.000000,100.000000,0.960000,96.000000,4.000000,470.670493,507.645385,-36.974891,350.000000,false,4793.100000,4350.000000,4350.000000,4176.000000,617.100000
aether_constant_emissions_58pct_rebound,"AETHER, 58% rebound",fixed_0p96_current,Fixed 0.96 current screen,2080,42.200000,57.800000,100.000000,100.000000,100.000000,0.960000,96.000000,4.000000,470.778820,508.158205,-37.379385,350.000000,false,4893.100000,4450.000000,4450.000000,4272.000000,621.100000
aether_constant_emissions_58pct_rebound,"AETHER, 58% rebound",fixed_0p96_current,Fixed 0.96 current screen,2081,42.200000,57.800000,100.000000,100.000000,100.000000,0.960000,96.000000,4.000000,470.889067,508.671026,-37.781958,350.000000,false,4993.100000,4550.000000,4550.000000,4368.000000,625.100000
aether_constant_emissions_58pct_rebound,"AETHER, 58% rebound",fixed_0p96_current,Fixed 0.96 current screen,2082,42.200000,57.800000,100.000000,100.000000,100.000000,0.960000,96.000000,4.000000,471.001175,509.183846,-38.182671,350.000000,false,5093.100000,4650.000000,4650.000000,4464.000000,629.100000
aether_constant_emissions_58pct_rebound,"AETHER, 58% rebound",fixed_0p96_current,Fixed 0.96 current screen,2083,42.200000,57.800000,100.000000,100.000000,100.000000,0.960000,96.000000,4.000000,471.115086,509.696667,-38.581581,350.000000,false,5193.100000,4750.000000,4750.000000,4560.000000,633.100000
aether_constant_emissions_58pct_rebound,"AETHER, 58% rebound",fixed_0p96_current,Fixed 0.96 current screen,2084,42.200000,57.800000,100.000000,100.000000,100.000000,0.960000,96.000000,4.000000,471.230743,510.209487,-38.978745,350.000000,false,5293.100000,4850.000000,4850.000000,4656.000000,637.100000
aether_constant_emissions_58pct_rebound,"AETHER, 58% rebound",fixed_0p96_current,Fixed 0.96 current screen,2085,42.200000,57.800000,100.000000,100.000000,100.000000,0.960000,96.000000,4.000000,471.348092,510.722308,-39.374216,350.000000,false,5393.100000,4950.000000,4950.000000,4752.000000,641.100000
aether_constant_emissions_58pct_rebound,"AETHER, 58% rebound",fixed_0p96_current,Fixed 0.96 current screen,2086,42.200000,57.800000,100.000000,100.000000,100.000000,0.960000,96.000000,4.000000,471.467082,511.235128,-39.768047,350.000000,false,5493.100000,5050.000000,5050.000000,4848.000000,645.100000
aether_constant_emissions_58pct_rebound,"AETHER, 58% rebound",fixed_0p96_current,Fixed 0.96 current screen,2087,42.200000,57.800000,100.000000,100.000000,100.000000,0.960000,96.000000,4.000000,471.587662,511.747949,-40.160287,350.000000,false,5593.100000,5150.000000,5150.000000,4944.000000,649.100000
aether_constant_emissions_58pct_rebound,"AETHER, 58% rebound",fixed_0p96_current,Fixed 0.96 current screen,2088,42.200000,57.800000,100.000000,100.000000,100.000000,0.960000,96.000000,4.000000,471.709784,512.260769,-40.550985,350.000000,false,5693.100000,5250.000000,5250.000000,5040.000000,653.100000
aether_constant_emissions_58pct_rebound,"AETHER, 58% rebound",fixed_0p96_current,Fixed 0.96 current screen,2089,42.200000,57.800000,100.000000,100.000000,100.000000,0.960000,96.000000,4.000000,471.833401,512.773590,-40.940189,350.000000,false,5793.100000,5350.000000,5350.000000,5136.000000,657.100000
aether_constant_emissions_58pct_rebound,"AETHER, 58% rebound",fixed_0p96_current,Fixed 0.96 current screen,2090,42.200000,57.800000,100.000000,100.000000,100.000000,0.960000,96.000000,4.000000,471.958467,513.286410,-41.327943,350.000000,false,5893.100000,5450.000000,5450.000000,5232.000000,661.100000
aether_constant_emissions_58pct_rebound,"AETHER, 58% rebound",fixed_0p96_current,Fixed 0.96 current screen,2091,42.200000,57.800000,100.000000,100.000000,100.000000,0.960000,96.000000,4.000000,472.084938,513.799231,-41.714292,350.000000,false,5993.100000,5550.000000,5550.000000,5328.000000,665.100000
aether_constant_emissions_58pct_rebound,"AETHER, 58% rebound",fixed_0p96_current,Fixed 0.96 current screen,2092,42.200000,57.800000,100.000000,100.000000,100.000000,0.960000,96.000000,4.000000,472.212772,514.312051,-42.099279,350.000000,false,6093.100000,5650.000000,5650.000000,5424.000000,669.100000
aether_constant_emissions_58pct_rebound,"AETHER, 58% rebound",fixed_0p96_current,Fixed 0.96 current screen,2093,42.200000,57.800000,100.000000,100.000000,100.000000,0.960000,96.000000,4.000000,472.341927,514.824872,-42.482945,350.000000,false,6193.100000,5750.000000,5750.000000,5520.000000,673.100000
aether_constant_emissions_58pct_rebound,"AETHER, 58% rebound",fixed_0p96_current,Fixed 0.96 current screen,2094,42.200000,57.800000,100.000000,100.000000,100.000000,0.960000,96.000000,4.000000,472.472362,515.337692,-42.865330,350.000000,false,6293.100000,5850.000000,5850.000000,5616.000000,677.100000
aether_constant_emissions_58pct_rebound,"AETHER, 58% rebound",fixed_0p96_current,Fixed 0.96 current screen,2095,42.200000,57.800000,100.000000,100.000000,100.000000,0.960000,96.000000,4.000000,472.604038,515.850513,-43.246475,350.000000,false,6393.100000,5950.000000,5950.000000,5712.000000,681.100000
aether_constant_emissions_58pct_rebound,"AETHER, 58% rebound",fixed_0p96_current,Fixed 0.96 current screen,2096,42.200000,57.800000,100.000000,100.000000,100.000000,0.960000,96.000000,4.000000,472.736917,516.363333,-43.626416,350.000000,false,6493.100000,6050.000000,6050.000000,5808.000000,685.100000
aether_constant_emissions_58pct_rebound,"AETHER, 58% rebound",fixed_0p96_current,Fixed 0.96 current screen,2097,42.200000,57.800000,100.000000,100.000000,100.000000,0.960000,96.000000,4.000000,472.870963,516.876154,-44.005191,350.000000,false,6593.100000,6150.000000,6150.000000,5904.000000,689.100000
aether_constant_emissions_58pct_rebound,"AETHER, 58% rebound",fixed_0p96_current,Fixed 0.96 current screen,2098,42.200000,57.800000,100.000000,100.000000,100.000000,0.960000,96.000000,4.000000,473.006138,517.388974,-44.382837,350.000000,false,6693.100000,6250.000000,6250.000000,6000.000000,693.100000
aether_constant_emissions_58pct_rebound,"AETHER, 58% rebound",fixed_0p96_current,Fixed 0.96 current screen,2099,42.200000,57.800000,100.000000,100.000000,100.000000,0.960000,96.000000,4.000000,473.142408,517.901795,-44.759387,350.000000,false,6793.100000,6350.000000,6350.000000,6096.000000,697.100000
aether_constant_emissions_58pct_rebound,"AETHER, 58% rebound",fixed_0p96_current,Fixed 0.96 current screen,2100,42.200000,57.800000,100.000000,100.000000,100.000000,0.960000,96.000000,4.000000,473.279739,518.414615,-45.134876,350.000000,false,6893.100000,6450.000000,6450.000000,6192.000000,701.100000
aether_constant_emissions_58pct_rebound,"AETHER, 58% rebound",optimistic_active_management,Optimistic active management,2026,42.200000,0.000000,42.200000,0.000000,0.000000,0.980000,0.000000,42.200000,433.940256,433.940256,0.000000,350.000000,false,42.200000,0.000000,0.000000,0.000000,42.200000
aether_constant_emissions_58pct_rebound,"AETHER, 58% rebound",optimistic_active_management,Optimistic active management,2027,42.200000,2.890000,45.090000,5.000000,5.000000,0.980000,4.900000,40.190000,438.738585,439.092821,-0.354236,350.000000,false,87.290000,5.000000,5.000000,4.900000,82.390000
aether_constant_emissions_58pct_rebound,"AETHER, 58% rebound",optimistic_active_management,Optimistic active management,2028,42.200000,5.780000,47.980000,10.000000,10.000000,0.980000,9.800000,38.180000,443.007233,443.987692,-0.980459,350.000000,false,135.270000,15.000000,15.000000,14.700000,120.570000
aether_constant_emissions_58pct_rebound,"AETHER, 58% rebound",optimistic_active_management,Optimistic active management,2029,42.200000,8.670000,50.870000,15.000000,15.000000,0.980000,14.700000,36.170000,446.811983,448.624872,-1.812888,350.000000,false,186.140000,30.000000,30.000000,29.400000,156.740000
aether_constant_emissions_58pct_rebound,"AETHER, 58% rebound",optimistic_active_management,Optimistic active management,2030,42.200000,11.560000,53.760000,20.000000,20.000000,0.980000,19.600000,34.160000,450.205552,453.004359,-2.798807,350.000000,false,239.900000,50.000000,50.000000,49.000000,190.900000
aether_constant_emissions_58pct_rebound,"AETHER, 58% rebound",optimistic_active_management,Optimistic active management,2031,42.200000,14.450000,56.650000,25.000000,25.000000,0.980000,24.500000,32.150000,453.230282,457.126154,-3.895872,350.000000,false,296.550000,75.000000,75.000000,73.500000,223.050000
aether_constant_emissions_58pct_rebound,"AETHER, 58% rebound",optimistic_active_management,Optimistic active management,2032,42.200000,17.340000,59.540000,30.000000,30.000000,0.980000,29.400000,30.140000,455.920280,460.990256,-5.069977,350.000000,false,356.090000,105.000000,105.000000,102.900000,253.190000
aether_constant_emissions_58pct_rebound,"AETHER, 58% rebound",optimistic_active_management,Optimistic active management,2033,42.200000,20.230000,62.430000,35.000000,35.000000,0.980000,34.300000,28.130000,458.303110,464.596667,-6.293557,350.000000,false,418.520000,140.000000,140.000000,137.200000,281.320000
aether_constant_emissions_58pct_rebound,"AETHER, 58% rebound",optimistic_active_management,Optimistic active management,2034,42.200000,23.120000,65.320000,40.000000,40.000000,0.980000,39.200000,26.120000,460.401138,467.945385,-7.544246,350.000000,false,483.840000,180.000000,180.000000,176.400000,307.440000
aether_constant_emissions_58pct_rebound,"AETHER, 58% rebound",optimistic_active_management,Optimistic active management,2035,42.200000,26.010000,68.210000,45.000000,45.000000,0.980000,44.100000,24.110000,462.232594,471.036410,-8.803816,350.000000,false,552.050000,225.000000,225.000000,220.500000,331.550000
aether_constant_emissions_58pct_rebound,"AETHER, 58% rebound",optimistic_active_management,Optimistic active management,2036,42.200000,28.900000,71.100000,50.000000,50.000000,0.980000,49.000000,22.100000,463.812418,473.869744,-10.057326,350.000000,false,623.150000,275.000000,275.000000,269.500000,353.650000
aether_constant_emissions_58pct_rebound,"AETHER, 58% rebound",optimistic_active_management,Optimistic active management,2037,42.200000,31.790000,73.990000,55.000000,55.000000,0.980000,53.900000,20.090000,465.152929,476.445385,-11.292456,350.000000,false,697.140000,330.000000,330.000000,323.400000,373.740000
aether_constant_emissions_58pct_rebound,"AETHER, 58% rebound",optimistic_active_management,Optimistic active management,2038,42.200000,34.680000,76.880000,60.000000,60.000000,0.980000,58.800000,18.080000,466.264356,478.763333,-12.498977,350.000000,false,774.020000,390.000000,390.000000,382.200000,391.820000
aether_constant_emissions_58pct_rebound,"AETHER, 58% rebound",optimistic_active_management,Optimistic active management,2039,42.200000,37.570000,79.770000,65.000000,65.000000,0.980000,63.700000,16.070000,467.155262,480.823590,-13.668328,350.000000,false,853.790000,455.000000,455.000000,445.900000,407.890000
aether_constant_emissions_58pct_rebound,"AETHER, 58% rebound",optimistic_active_management,Optimistic active management,2040,42.200000,40.460000,82.660000,70.000000,70.000000,0.980000,68.600000,14.060000,467.832875,482.626154,-14.793279,350.000000,false,936.450000,525.000000,525.000000,514.500000,421.950000
aether_constant_emissions_58pct_rebound,"AETHER, 58% rebound",optimistic_active_management,Optimistic active management,2041,42.200000,43.350000,85.550000,75.000000,75.000000,0.980000,73.500000,12.050000,468.303354,484.171026,-15.867672,350.000000,false,1022.000000,600.000000,600.000000,588.000000,434.000000
aether_constant_emissions_58pct_rebound,"AETHER, 58% rebound",optimistic_active_management,Optimistic active management,2042,42.200000,46.240000,88.440000,80.000000,80.000000,0.980000,78.400000,10.040000,468.572003,485.458205,-16.886203,350.000000,false,1110.440000,680.000000,680.000000,666.400000,444.040000
aether_constant_emissions_58pct_rebound,"AETHER, 58% rebound",optimistic_active_management,Optimistic active management,2043,42.200000,49.130000,91.330000,85.000000,85.000000,0.980000,83.300000,8.030000,468.643432,486.487692,-17.844261,350.000000,false,1201.770000,765.000000,765.000000,749.700000,452.070000
aether_constant_emissions_58pct_rebound,"AETHER, 58% rebound",optimistic_active_management,Optimistic active management,2044,42.200000,52.020000,94.220000,90.000000,90.000000,0.980000,88.200000,6.020000,468.521696,487.259487,-18.737791,350.000000,false,1295.990000,855.000000,855.000000,837.900000,458.090000
aether_constant_emissions_58pct_rebound,"AETHER, 58% rebound",optimistic_active_management,Optimistic active management,2045,42.200000,54.910000,97.110000,95.000000,95.000000,0.980000,93.100000,4.010000,468.210397,487.773590,-19.563193,350.000000,false,1393.100000,950.000000,950.000000,931.000000,462.100000
aether_constant_emissions_58pct_rebound,"AETHER, 58% rebound",optimistic_active_management,Optimistic active management,2046,42.200000,57.800000,100.000000,100.000000,100.000000,0.980000,98.000000,2.000000,467.712769,488.030000,-20.317231,350.000000,false,1493.100000,1050.000000,1050.000000,1029.000000,464.100000
aether_constant_emissions_58pct_rebound,"AETHER, 58% rebound",optimistic_active_management,Optimistic active management,2047,42.200000,57.800000,100.000000,100.000000,100.000000,0.980000,98.000000,2.000000,467.289437,488.286410,-20.996974,350.000000,false,1593.100000,1150.000000,1150.000000,1127.000000,466.100000
aether_constant_emissions_58pct_rebound,"AETHER, 58% rebound",optimistic_active_management,Optimistic active management,2048,42.200000,57.800000,100.000000,100.000000,100.000000,0.980000,98.000000,2.000000,466.926213,488.542821,-21.616607,350.000000,false,1693.100000,1250.000000,1250.000000,1225.000000,468.100000
aether_constant_emissions_58pct_rebound,"AETHER, 58% rebound",optimistic_active_management,Optimistic active management,2049,42.200000,57.800000,100.000000,100.000000,100.000000,0.980000,98.000000,2.000000,466.611820,488.799231,-22.187411,350.000000,false,1793.100000,1350.000000,1350.000000,1323.000000,470.100000
aether_constant_emissions_58pct_rebound,"AETHER, 58% rebound",optimistic_active_management,Optimistic active management,2050,42.200000,57.800000,100.000000,100.000000,100.000000,0.980000,98.000000,2.000000,466.337282,489.055641,-22.718359,350.000000,false,1893.100000,1450.000000,1450.000000,1421.000000,472.100000
aether_constant_emissions_58pct_rebound,"AETHER, 58% rebound",optimistic_active_management,Optimistic active management,2051,42.200000,57.800000,100.000000,100.000000,100.000000,0.980000,98.000000,2.000000,466.095458,489.312051,-23.216594,350.000000,false,1993.100000,1550.000000,1550.000000,1519.000000,474.100000
aether_constant_emissions_58pct_rebound,"AETHER, 58% rebound",optimistic_active_management,Optimistic active management,2052,42.200000,57.800000,100.000000,100.000000,100.000000,0.980000,98.000000,2.000000,465.880652,489.568462,-23.687810,350.000000,false,2093.100000,1650.000000,1650.000000,1617.000000,476.100000
aether_constant_emissions_58pct_rebound,"AETHER, 58% rebound",optimistic_active_management,Optimistic active management,2053,42.200000,57.800000,100.000000,100.000000,100.000000,0.980000,98.000000,2.000000,465.688322,489.824872,-24.136550,350.000000,false,2193.100000,1750.000000,1750.000000,1715.000000,478.100000
aether_constant_emissions_58pct_rebound,"AETHER, 58% rebound",optimistic_active_management,Optimistic active management,2054,42.200000,57.800000,100.000000,100.000000,100.000000,0.980000,98.000000,2.000000,465.514838,490.081282,-24.566444,350.000000,false,2293.100000,1850.000000,1850.000000,1813.000000,480.100000
aether_constant_emissions_58pct_rebound,"AETHER, 58% rebound",optimistic_active_management,Optimistic active management,2055,42.200000,57.800000,100.000000,100.000000,100.000000,0.980000,98.000000,2.000000,465.357296,490.337692,-24.980396,350.000000,false,2393.100000,1950.000000,1950.000000,1911.000000,482.100000
aether_constant_emissions_58pct_rebound,"AETHER, 58% rebound",optimistic_active_management,Optimistic active management,2056,42.200000,57.800000,100.000000,100.000000,100.000000,0.980000,98.000000,2.000000,465.213364,490.594103,-25.380739,350.000000,false,2493.100000,2050.000000,2050.000000,2009.000000,484.100000
aether_constant_emissions_58pct_rebound,"AETHER, 58% rebound",optimistic_active_management,Optimistic active management,2057,42.200000,57.800000,100.000000,100.000000,100.000000,0.980000,98.000000,2.000000,465.081169,490.850513,-25.769344,350.000000,false,2593.100000,2150.000000,2150.000000,2107.000000,486.100000
aether_constant_emissions_58pct_rebound,"AETHER, 58% rebound",optimistic_active_management,Optimistic active management,2058,42.200000,57.800000,100.000000,100.000000,100.000000,0.980000,98.000000,2.000000,464.959199,491.106923,-26.147724,350.000000,false,2693.100000,2250.000000,2250.000000,2205.000000,488.100000
aether_constant_emissions_58pct_rebound,"AETHER, 58% rebound",optimistic_active_management,Optimistic active management,2059,42.200000,57.800000,100.000000,100.000000,100.000000,0.980000,98.000000,2.000000,464.846232,491.363333,-26.517101,350.000000,false,2793.100000,2350.000000,2350.000000,2303.000000,490.100000
aether_constant_emissions_58pct_rebound,"AETHER, 58% rebound",optimistic_active_management,Optimistic active management,2060,42.200000,57.800000,100.000000,100.000000,100.000000,0.980000,98.000000,2.000000,464.741273,491.619744,-26.878471,350.000000,false,2893.100000,2450.000000,2450.000000,2401.000000,492.100000
aether_constant_emissions_58pct_rebound,"AETHER, 58% rebound",optimistic_active_management,Optimistic active management,2061,42.200000,57.800000,100.000000,100.000000,100.000000,0.980000,98.000000,2.000000,464.643510,491.876154,-27.232643,350.000000,false,2993.100000,2550.000000,2550.000000,2499.000000,494.100000
aether_constant_emissions_58pct_rebound,"AETHER, 58% rebound",optimistic_active_management,Optimistic active management,2062,42.200000,57.800000,100.000000,100.000000,100.000000,0.980000,98.000000,2.000000,464.552278,492.132564,-27.580287,350.000000,false,3093.100000,2650.000000,2650.000000,2597.000000,496.100000
aether_constant_emissions_58pct_rebound,"AETHER, 58% rebound",optimistic_active_management,Optimistic active management,2063,42.200000,57.800000,100.000000,100.000000,100.000000,0.980000,98.000000,2.000000,464.467023,492.388974,-27.921951,350.000000,false,3193.100000,2750.000000,2750.000000,2695.000000,498.100000
aether_constant_emissions_58pct_rebound,"AETHER, 58% rebound",optimistic_active_management,Optimistic active management,2064,42.200000,57.800000,100.000000,100.000000,100.000000,0.980000,98.000000,2.000000,464.387289,492.645385,-28.258096,350.000000,false,3293.100000,2850.000000,2850.000000,2793.000000,500.100000
aether_constant_emissions_58pct_rebound,"AETHER, 58% rebound",optimistic_active_management,Optimistic active management,2065,42.200000,57.800000,100.000000,100.000000,100.000000,0.980000,98.000000,2.000000,464.312689,492.901795,-28.589106,350.000000,false,3393.100000,2950.000000,2950.000000,2891.000000,502.100000
aether_constant_emissions_58pct_rebound,"AETHER, 58% rebound",optimistic_active_management,Optimistic active management,2066,42.200000,57.800000,100.000000,100.000000,100.000000,0.980000,98.000000,2.000000,464.242898,493.158205,-28.915307,350.000000,false,3493.100000,3050.000000,3050.000000,2989.000000,504.100000
aether_constant_emissions_58pct_rebound,"AETHER, 58% rebound",optimistic_active_management,Optimistic active management,2067,42.200000,57.800000,100.000000,100.000000,100.000000,0.980000,98.000000,2.000000,464.177638,493.414615,-29.236978,350.000000,false,3593.100000,3150.000000,3150.000000,3087.000000,506.100000
aether_constant_emissions_58pct_rebound,"AETHER, 58% rebound",optimistic_active_management,Optimistic active management,2068,42.200000,57.800000,100.000000,100.000000,100.000000,0.980000,98.000000,2.000000,464.116666,493.671026,-29.554359,350.000000,false,3693.100000,3250.000000,3250.000000,3185.000000,508.100000
aether_constant_emissions_58pct_rebound,"AETHER, 58% rebound",optimistic_active_management,Optimistic active management,2069,42.200000,57.800000,100.000000,100.000000,100.000000,0.980000,98.000000,2.000000,464.059774,493.927436,-29.867661,350.000000,false,3793.100000,3350.000000,3350.000000,3283.000000,510.100000
aether_constant_emissions_58pct_rebound,"AETHER, 58% rebound",optimistic_active_management,Optimistic active management,2070,42.200000,57.800000,100.000000,100.000000,100.000000,0.980000,98.000000,2.000000,464.006777,494.183846,-30.177069,350.000000,false,3893.100000,3450.000000,3450.000000,3381.000000,512.100000
aether_constant_emissions_58pct_rebound,"AETHER, 58% rebound",optimistic_active_management,Optimistic active management,2071,42.200000,57.800000,100.000000,100.000000,100.000000,0.980000,98.000000,2.000000,463.957510,494.440256,-30.482746,350.000000,false,3993.100000,3550.000000,3550.000000,3479.000000,514.100000
aether_constant_emissions_58pct_rebound,"AETHER, 58% rebound",optimistic_active_management,Optimistic active management,2072,42.200000,57.800000,100.000000,100.000000,100.000000,0.980000,98.000000,2.000000,463.911824,494.696667,-30.784842,350.000000,false,4093.100000,3650.000000,3650.000000,3577.000000,516.100000
aether_constant_emissions_58pct_rebound,"AETHER, 58% rebound",optimistic_active_management,Optimistic active management,2073,42.200000,57.800000,100.000000,100.000000,100.000000,0.980000,98.000000,2.000000,463.869585,494.953077,-31.083492,350.000000,false,4193.100000,3750.000000,3750.000000,3675.000000,518.100000
aether_constant_emissions_58pct_rebound,"AETHER, 58% rebound",optimistic_active_management,Optimistic active management,2074,42.200000,57.800000,100.000000,100.000000,100.000000,0.980000,98.000000,2.000000,463.830670,495.209487,-31.378817,350.000000,false,4293.100000,3850.000000,3850.000000,3773.000000,520.100000
aether_constant_emissions_58pct_rebound,"AETHER, 58% rebound",optimistic_active_management,Optimistic active management,2075,42.200000,57.800000,100.000000,100.000000,100.000000,0.980000,98.000000,2.000000,463.794963,495.465897,-31.670934,350.000000,false,4393.100000,3950.000000,3950.000000,3871.000000,522.100000
aether_constant_emissions_58pct_rebound,"AETHER, 58% rebound",optimistic_active_management,Optimistic active management,2076,42.200000,57.800000,100.000000,100.000000,100.000000,0.980000,98.000000,2.000000,463.762360,495.722308,-31.959948,350.000000,false,4493.100000,4050.000000,4050.000000,3969.000000,524.100000
aether_constant_emissions_58pct_rebound,"AETHER, 58% rebound",optimistic_active_management,Optimistic active management,2077,42.200000,57.800000,100.000000,100.000000,100.000000,0.980000,98.000000,2.000000,463.732760,495.978718,-32.245958,350.000000,false,4593.100000,4150.000000,4150.000000,4067.000000,526.100000
aether_constant_emissions_58pct_rebound,"AETHER, 58% rebound",optimistic_active_management,Optimistic active management,2078,42.200000,57.800000,100.000000,100.000000,100.000000,0.980000,98.000000,2.000000,463.706069,496.235128,-32.529059,350.000000,false,4693.100000,4250.000000,4250.000000,4165.000000,528.100000
aether_constant_emissions_58pct_rebound,"AETHER, 58% rebound",optimistic_active_management,Optimistic active management,2079,42.200000,57.800000,100.000000,100.000000,100.000000,0.980000,98.000000,2.000000,463.682199,496.491538,-32.809339,350.000000,false,4793.100000,4350.000000,4350.000000,4263.000000,530.100000
aether_constant_emissions_58pct_rebound,"AETHER, 58% rebound",optimistic_active_management,Optimistic active management,2080,42.200000,57.800000,100.000000,100.000000,100.000000,0.980000,98.000000,2.000000,463.661065,496.747949,-33.086884,350.000000,false,4893.100000,4450.000000,4450.000000,4361.000000,532.100000
aether_constant_emissions_58pct_rebound,"AETHER, 58% rebound",optimistic_active_management,Optimistic active management,2081,42.200000,57.800000,100.000000,100.000000,100.000000,0.980000,98.000000,2.000000,463.642585,497.004359,-33.361774,350.000000,false,4993.100000,4550.000000,4550.000000,4459.000000,534.100000
aether_constant_emissions_58pct_rebound,"AETHER, 58% rebound",optimistic_active_management,Optimistic active management,2082,42.200000,57.800000,100.000000,100.000000,100.000000,0.980000,98.000000,2.000000,463.626682,497.260769,-33.634088,350.000000,false,5093.100000,4650.000000,4650.000000,4557.000000,536.100000
aether_constant_emissions_58pct_rebound,"AETHER, 58% rebound",optimistic_active_management,Optimistic active management,2083,42.200000,57.800000,100.000000,100.000000,100.000000,0.980000,98.000000,2.000000,463.613281,497.517179,-33.903898,350.000000,false,5193.100000,4750.000000,4750.000000,4655.000000,538.100000
aether_constant_emissions_58pct_rebound,"AETHER, 58% rebound",optimistic_active_management,Optimistic active management,2084,42.200000,57.800000,100.000000,100.000000,100.000000,0.980000,98.000000,2.000000,463.602311,497.773590,-34.171279,350.000000,false,5293.100000,4850.000000,4850.000000,4753.000000,540.100000
aether_constant_emissions_58pct_rebound,"AETHER, 58% rebound",optimistic_active_management,Optimistic active management,2085,42.200000,57.800000,100.000000,100.000000,100.000000,0.980000,98.000000,2.000000,463.593703,498.030000,-34.436297,350.000000,false,5393.100000,4950.000000,4950.000000,4851.000000,542.100000
aether_constant_emissions_58pct_rebound,"AETHER, 58% rebound",optimistic_active_management,Optimistic active management,2086,42.200000,57.800000,100.000000,100.000000,100.000000,0.980000,98.000000,2.000000,463.587389,498.286410,-34.699021,350.000000,false,5493.100000,5050.000000,5050.000000,4949.000000,544.100000
aether_constant_emissions_58pct_rebound,"AETHER, 58% rebound",optimistic_active_management,Optimistic active management,2087,42.200000,57.800000,100.000000,100.000000,100.000000,0.980000,98.000000,2.000000,463.583305,498.542821,-34.959516,350.000000,false,5593.100000,5150.000000,5150.000000,5047.000000,546.100000
aether_constant_emissions_58pct_rebound,"AETHER, 58% rebound",optimistic_active_management,Optimistic active management,2088,42.200000,57.800000,100.000000,100.000000,100.000000,0.980000,98.000000,2.000000,463.581387,498.799231,-35.217843,350.000000,false,5693.100000,5250.000000,5250.000000,5145.000000,548.100000
aether_constant_emissions_58pct_rebound,"AETHER, 58% rebound",optimistic_active_management,Optimistic active management,2089,42.200000,57.800000,100.000000,100.000000,100.000000,0.980000,98.000000,2.000000,463.581576,499.055641,-35.474065,350.000000,false,5793.100000,5350.000000,5350.000000,5243.000000,550.100000
aether_constant_emissions_58pct_rebound,"AETHER, 58% rebound",optimistic_active_management,Optimistic active management,2090,42.200000,57.800000,100.000000,100.000000,100.000000,0.980000,98.000000,2.000000,463.583813,499.312051,-35.728239,350.000000,false,5893.100000,5450.000000,5450.000000,5341.000000,552.100000
aether_constant_emissions_58pct_rebound,"AETHER, 58% rebound",optimistic_active_management,Optimistic active management,2091,42.200000,57.800000,100.000000,100.000000,100.000000,0.980000,98.000000,2.000000,463.588039,499.568462,-35.980422,350.000000,false,5993.100000,5550.000000,5550.000000,5439.000000,554.100000
aether_constant_emissions_58pct_rebound,"AETHER, 58% rebound",optimistic_active_management,Optimistic active management,2092,42.200000,57.800000,100.000000,100.000000,100.000000,0.980000,98.000000,2.000000,463.594200,499.824872,-36.230672,350.000000,false,6093.100000,5650.000000,5650.000000,5537.000000,556.100000
aether_constant_emissions_58pct_rebound,"AETHER, 58% rebound",optimistic_active_management,Optimistic active management,2093,42.200000,57.800000,100.000000,100.000000,100.000000,0.980000,98.000000,2.000000,463.602242,500.081282,-36.479041,350.000000,false,6193.100000,5750.000000,5750.000000,5635.000000,558.100000
aether_constant_emissions_58pct_rebound,"AETHER, 58% rebound",optimistic_active_management,Optimistic active management,2094,42.200000,57.800000,100.000000,100.000000,100.000000,0.980000,98.000000,2.000000,463.612111,500.337692,-36.725581,350.000000,false,6293.100000,5850.000000,5850.000000,5733.000000,560.100000
aether_constant_emissions_58pct_rebound,"AETHER, 58% rebound",optimistic_active_management,Optimistic active management,2095,42.200000,57.800000,100.000000,100.000000,100.000000,0.980000,98.000000,2.000000,463.623758,500.594103,-36.970344,350.000000,false,6393.100000,5950.000000,5950.000000,5831.000000,562.100000
aether_constant_emissions_58pct_rebound,"AETHER, 58% rebound",optimistic_active_management,Optimistic active management,2096,42.200000,57.800000,100.000000,100.000000,100.000000,0.980000,98.000000,2.000000,463.637133,500.850513,-37.213380,350.000000,false,6493.100000,6050.000000,6050.000000,5929.000000,564.100000
aether_constant_emissions_58pct_rebound,"AETHER, 58% rebound",optimistic_active_management,Optimistic active management,2097,42.200000,57.800000,100.000000,100.000000,100.000000,0.980000,98.000000,2.000000,463.652187,501.106923,-37.454736,350.000000,false,6593.100000,6150.000000,6150.000000,6027.000000,566.100000
aether_constant_emissions_58pct_rebound,"AETHER, 58% rebound",optimistic_active_management,Optimistic active management,2098,42.200000,57.800000,100.000000,100.000000,100.000000,0.980000,98.000000,2.000000,463.668874,501.363333,-37.694460,350.000000,false,6693.100000,6250.000000,6250.000000,6125.000000,568.100000
aether_constant_emissions_58pct_rebound,"AETHER, 58% rebound",optimistic_active_management,Optimistic active management,2099,42.200000,57.800000,100.000000,100.000000,100.000000,0.980000,98.000000,2.000000,463.687148,501.619744,-37.932596,350.000000,false,6793.100000,6350.000000,6350.000000,6223.000000,570.100000
aether_constant_emissions_58pct_rebound,"AETHER, 58% rebound",optimistic_active_management,Optimistic active management,2100,42.200000,57.800000,100.000000,100.000000,100.000000,0.980000,98.000000,2.000000,463.706965,501.876154,-38.169189,350.000000,false,6893.100000,6450.000000,6450.000000,6321.000000,572.100000
aether_constant_emissions_58pct_rebound,"AETHER, 58% rebound",conservative_state_dependent,Conservative state-dependent,2026,42.200000,0.000000,42.200000,0.000000,0.000000,0.920000,0.000000,42.200000,433.940256,433.940256,0.000000,350.000000,false,42.200000,0.000000,0.000000,0.000000,42.200000
aether_constant_emissions_58pct_rebound,"AETHER, 58% rebound",conservative_state_dependent,Conservative state-dependent,2027,42.200000,2.890000,45.090000,5.000000,5.000000,0.920000,4.600000,40.490000,438.777046,439.131282,-0.354236,350.000000,false,87.290000,5.000000,5.000000,4.600000,82.690000
aether_constant_emissions_58pct_rebound,"AETHER, 58% rebound",conservative_state_dependent,Conservative state-dependent,2028,42.200000,5.780000,47.980000,10.000000,10.000000,0.920000,9.200000,38.780000,443.120099,444.103077,-0.982978,350.000000,false,135.270000,15.000000,15.000000,13.800000,121.470000
aether_constant_emissions_58pct_rebound,"AETHER, 58% rebound",conservative_state_dependent,Conservative state-dependent,2029,42.200000,8.670000,50.870000,15.000000,15.000000,0.920000,13.800000,37.070000,447.033144,448.855641,-1.822497,350.000000,false,186.140000,30.000000,30.000000,27.600000,158.540000
aether_constant_emissions_58pct_rebound,"AETHER, 58% rebound",conservative_state_dependent,Conservative state-dependent,2030,42.200000,11.560000,53.760000,20.000000,20.000000,0.920000,18.400000,35.360000,450.567214,453.388974,-2.821761,350.000000,false,239.900000,50.000000,50.000000,46.000000,193.900000
aether_constant_emissions_58pct_rebound,"AETHER, 58% rebound",conservative_state_dependent,Conservative state-dependent,2031,42.200000,14.450000,56.650000,25.000000,25.000000,0.920000,23.000000,33.650000,453.763261,457.703077,-3.939816,350.000000,false,296.550000,75.000000,75.000000,69.000000,227.550000
aether_constant_emissions_58pct_rebound,"AETHER, 58% rebound",conservative_state_dependent,Conservative state-dependent,2032,42.200000,17.340000,59.540000,30.000000,30.000000,0.920000,27.600000,31.940000,456.654239,461.797949,-5.143710,350.000000,false,356.090000,105.000000,105.000000,96.600000,259.490000
aether_constant_emissions_58pct_rebound,"AETHER, 58% rebound",conservative_state_dependent,Conservative state-dependent,2033,42.200000,20.230000,62.430000,35.000000,35.000000,0.920000,32.200000,30.230000,459.266746,465.673590,-6.406844,350.000000,false,418.520000,140.000000,140.000000,128.800000,289.720000
aether_constant_emissions_58pct_rebound,"AETHER, 58% rebound",conservative_state_dependent,Conservative state-dependent,2034,42.200000,23.120000,65.320000,40.000000,40.000000,0.920000,36.800000,28.520000,461.622330,469.330000,-7.707670,350.000000,false,483.840000,180.000000,180.000000,165.600000,318.240000
aether_constant_emissions_58pct_rebound,"AETHER, 58% rebound",conservative_state_dependent,Conservative state-dependent,2035,42.200000,26.010000,68.210000,45.000000,45.000000,0.920000,41.400000,26.810000,463.738524,472.767179,-9.028656,350.000000,false,552.050000,225.000000,225.000000,207.000000,345.050000
aether_constant_emissions_58pct_rebound,"AETHER, 58% rebound",conservative_state_dependent,Conservative state-dependent,2036,42.200000,28.900000,71.100000,50.000000,50.000000,0.920000,46.000000,25.100000,465.629667,475.985128,-10.355461,350.000000,false,623.150000,275.000000,275.000000,253.000000,370.150000
aether_constant_emissions_58pct_rebound,"AETHER, 58% rebound",conservative_state_dependent,Conservative state-dependent,2037,42.200000,31.790000,73.990000,55.000000,55.000000,0.920000,50.600000,23.390000,467.307557,478.983846,-11.676289,350.000000,false,697.140000,330.000000,330.000000,303.600000,393.540000
aether_constant_emissions_58pct_rebound,"AETHER, 58% rebound",conservative_state_dependent,Conservative state-dependent,2038,42.200000,34.680000,76.880000,60.000000,60.000000,0.920000,55.200000,21.680000,468.781962,481.763333,-12.981371,350.000000,false,774.020000,390.000000,390.000000,358.800000,415.220000
aether_constant_emissions_58pct_rebound,"AETHER, 58% rebound",conservative_state_dependent,Conservative state-dependent,2039,42.200000,37.570000,79.770000,65.000000,65.000000,0.920000,59.800000,19.970000,470.061036,484.323590,-14.262553,350.000000,false,853.790000,455.000000,455.000000,418.600000,435.190000
aether_constant_emissions_58pct_rebound,"AETHER, 58% rebound",conservative_state_dependent,Conservative state-dependent,2040,42.200000,40.460000,82.660000,70.000000,70.000000,0.920000,64.400000,18.260000,471.151639,486.664615,-15.512976,350.000000,false,936.450000,525.000000,525.000000,483.000000,453.450000
aether_constant_emissions_58pct_rebound,"AETHER, 58% rebound",conservative_state_dependent,Conservative state-dependent,2041,42.200000,43.350000,85.550000,75.000000,75.000000,0.920000,69.000000,16.550000,472.059597,488.786410,-16.726813,350.000000,false,1022.000000,600.000000,600.000000,552.000000,470.000000
aether_constant_emissions_58pct_rebound,"AETHER, 58% rebound",conservative_state_dependent,Conservative state-dependent,2042,42.200000,46.240000,88.440000,80.000000,80.000000,0.920000,73.600000,14.840000,472.789906,490.688974,-17.899069,350.000000,false,1110.440000,680.000000,680.000000,625.600000,484.840000
aether_constant_emissions_58pct_rebound,"AETHER, 58% rebound",conservative_state_dependent,Conservative state-dependent,2043,42.200000,49.130000,91.330000,85.000000,85.000000,0.920000,78.200000,13.130000,473.346894,492.372308,-19.025414,350.000000,false,1201.770000,765.000000,765.000000,703.800000,497.970000
aether_constant_emissions_58pct_rebound,"AETHER, 58% rebound",conservative_state_dependent,Conservative state-dependent,2044,42.200000,52.020000,94.220000,90.000000,90.000000,0.920000,82.800000,11.420000,473.734352,493.836410,-20.102059,350.000000,false,1295.990000,855.000000,855.000000,786.600000,509.390000
aether_constant_emissions_58pct_rebound,"AETHER, 58% rebound",conservative_state_dependent,Conservative state-dependent,2045,42.200000,54.910000,97.110000,95.000000,95.000000,0.920000,87.400000,9.710000,473.955634,495.081282,-21.125648,350.000000,false,1393.100000,950.000000,950.000000,874.000000,519.100000
aether_constant_emissions_58pct_rebound,"AETHER, 58% rebound",conservative_state_dependent,Conservative state-dependent,2046,42.200000,57.800000,100.000000,100.000000,100.000000,0.920000,92.000000,8.000000,474.013742,496.106923,-22.093181,350.000000,false,1493.100000,1050.000000,1050.000000,966.000000,527.100000
aether_constant_emissions_58pct_rebound,"AETHER, 58% rebound",conservative_state_dependent,Conservative state-dependent,2047,42.200000,57.800000,100.000000,100.000000,100.000000,0.920000,92.000000,8.000000,474.130616,497.132564,-23.001948,350.000000,false,1593.100000,1150.000000,1150.000000,1058.000000,535.100000
aether_constant_emissions_58pct_rebound,"AETHER, 58% rebound",conservative_state_dependent,Conservative state-dependent,2048,42.200000,57.800000,100.000000,100.000000,100.000000,0.920000,92.000000,8.000000,474.294377,498.158205,-23.863828,350.000000,false,1693.100000,1250.000000,1250.000000,1150.000000,543.100000
aether_constant_emissions_58pct_rebound,"AETHER, 58% rebound",conservative_state_dependent,Conservative state-dependent,2049,42.200000,57.800000,100.000000,100.000000,100.000000,0.920000,92.000000,8.000000,474.495596,499.183846,-24.688250,350.000000,false,1793.100000,1350.000000,1350.000000,1242.000000,551.100000
aether_constant_emissions_58pct_rebound,"AETHER, 58% rebound",conservative_state_dependent,Conservative state-dependent,2050,42.200000,57.800000,100.000000,100.000000,100.000000,0.920000,92.000000,8.000000,474.726788,500.209487,-25.482699,350.000000,false,1893.100000,1450.000000,1450.000000,1334.000000,559.100000
aether_constant_emissions_58pct_rebound,"AETHER, 58% rebound",conservative_state_dependent,Conservative state-dependent,2051,42.200000,57.800000,100.000000,100.000000,100.000000,0.920000,92.000000,8.000000,474.982013,501.235128,-26.253115,350.000000,false,1993.100000,1550.000000,1550.000000,1426.000000,567.100000
aether_constant_emissions_58pct_rebound,"AETHER, 58% rebound",conservative_state_dependent,Conservative state-dependent,2052,42.200000,57.800000,100.000000,100.000000,100.000000,0.920000,92.000000,8.000000,475.256549,502.260769,-27.004220,350.000000,false,2093.100000,1650.000000,1650.000000,1518.000000,575.100000
aether_constant_emissions_58pct_rebound,"AETHER, 58% rebound",conservative_state_dependent,Conservative state-dependent,2053,42.200000,57.800000,100.000000,100.000000,100.000000,0.920000,92.000000,8.000000,475.546646,503.286410,-27.739764,350.000000,false,2193.100000,1750.000000,1750.000000,1610.000000,583.100000
aether_constant_emissions_58pct_rebound,"AETHER, 58% rebound",conservative_state_dependent,Conservative state-dependent,2054,42.200000,57.800000,100.000000,100.000000,100.000000,0.920000,92.000000,8.000000,475.849321,504.312051,-28.462730,350.000000,false,2293.100000,1850.000000,1850.000000,1702.000000,591.100000
aether_constant_emissions_58pct_rebound,"AETHER, 58% rebound",conservative_state_dependent,Conservative state-dependent,2055,42.200000,57.800000,100.000000,100.000000,100.000000,0.920000,92.000000,8.000000,476.162201,505.337692,-29.175491,350.000000,false,2393.100000,1950.000000,1950.000000,1794.000000,599.100000
aether_constant_emissions_58pct_rebound,"AETHER, 58% rebound",conservative_state_dependent,Conservative state-dependent,2056,42.200000,57.800000,100.000000,100.000000,100.000000,0.920000,92.000000,8.000000,476.483396,506.363333,-29.879937,350.000000,false,2493.100000,2050.000000,2050.000000,1886.000000,607.100000
aether_constant_emissions_58pct_rebound,"AETHER, 58% rebound",conservative_state_dependent,Conservative state-dependent,2057,42.200000,57.800000,100.000000,100.000000,100.000000,0.920000,92.000000,8.000000,476.811400,507.388974,-30.577575,350.000000,false,2593.100000,2150.000000,2150.000000,1978.000000,615.100000
aether_constant_emissions_58pct_rebound,"AETHER, 58% rebound",conservative_state_dependent,Conservative state-dependent,2058,42.200000,57.800000,100.000000,100.000000,100.000000,0.920000,92.000000,8.000000,477.145009,508.414615,-31.269607,350.000000,false,2693.100000,2250.000000,2250.000000,2070.000000,623.100000
aether_constant_emissions_58pct_rebound,"AETHER, 58% rebound",conservative_state_dependent,Conservative state-dependent,2059,42.200000,57.800000,100.000000,100.000000,100.000000,0.920000,92.000000,8.000000,477.483263,509.440256,-31.956993,350.000000,false,2793.100000,2350.000000,2350.000000,2162.000000,631.100000
aether_constant_emissions_58pct_rebound,"AETHER, 58% rebound",conservative_state_dependent,Conservative state-dependent,2060,42.200000,57.800000,100.000000,100.000000,100.000000,0.920000,92.000000,8.000000,477.825392,510.465897,-32.640505,350.000000,false,2893.100000,2450.000000,2450.000000,2254.000000,639.100000
aether_constant_emissions_58pct_rebound,"AETHER, 58% rebound",conservative_state_dependent,Conservative state-dependent,2061,42.200000,57.800000,100.000000,100.000000,100.000000,0.920000,92.000000,8.000000,478.170778,511.491538,-33.320760,350.000000,false,2993.100000,2550.000000,2550.000000,2346.000000,647.100000
aether_constant_emissions_58pct_rebound,"AETHER, 58% rebound",conservative_state_dependent,Conservative state-dependent,2062,42.200000,57.800000,100.000000,100.000000,100.000000,0.920000,92.000000,8.000000,478.518925,512.517179,-33.998255,350.000000,false,3093.100000,2650.000000,2650.000000,2438.000000,655.100000
aether_constant_emissions_58pct_rebound,"AETHER, 58% rebound",conservative_state_dependent,Conservative state-dependent,2063,42.200000,57.800000,100.000000,100.000000,100.000000,0.920000,92.000000,8.000000,478.869430,513.542821,-34.673390,350.000000,false,3193.100000,2750.000000,2750.000000,2530.000000,663.100000
aether_constant_emissions_58pct_rebound,"AETHER, 58% rebound",conservative_state_dependent,Conservative state-dependent,2064,42.200000,57.800000,100.000000,100.000000,100.000000,0.920000,92.000000,8.000000,479.221970,514.568462,-35.346492,350.000000,false,3293.100000,2850.000000,2850.000000,2622.000000,671.100000
aether_constant_emissions_58pct_rebound,"AETHER, 58% rebound",conservative_state_dependent,Conservative state-dependent,2065,42.200000,57.800000,100.000000,100.000000,100.000000,0.920000,92.000000,8.000000,479.576279,515.594103,-36.017824,350.000000,false,3393.100000,2950.000000,2950.000000,2714.000000,679.100000
aether_constant_emissions_58pct_rebound,"AETHER, 58% rebound",conservative_state_dependent,Conservative state-dependent,2066,42.200000,57.800000,100.000000,100.000000,100.000000,0.920000,92.000000,8.000000,479.932141,516.619744,-36.687602,350.000000,false,3493.100000,3050.000000,3050.000000,2806.000000,687.100000
aether_constant_emissions_58pct_rebound,"AETHER, 58% rebound",conservative_state_dependent,Conservative state-dependent,2067,42.200000,57.800000,100.000000,100.000000,100.000000,0.920000,92.000000,8.000000,480.289379,517.645385,-37.356005,350.000000,false,3593.100000,3150.000000,3150.000000,2898.000000,695.100000
aether_constant_emissions_58pct_rebound,"AETHER, 58% rebound",conservative_state_dependent,Conservative state-dependent,2068,42.200000,57.800000,100.000000,100.000000,100.000000,0.920000,92.000000,8.000000,480.647846,518.671026,-38.023179,350.000000,false,3693.100000,3250.000000,3250.000000,2990.000000,703.100000
aether_constant_emissions_58pct_rebound,"AETHER, 58% rebound",conservative_state_dependent,Conservative state-dependent,2069,42.200000,57.800000,100.000000,100.000000,100.000000,0.920000,92.000000,8.000000,481.007419,519.696667,-38.689248,350.000000,false,3793.100000,3350.000000,3350.000000,3082.000000,711.100000
aether_constant_emissions_58pct_rebound,"AETHER, 58% rebound",conservative_state_dependent,Conservative state-dependent,2070,42.200000,57.800000,100.000000,100.000000,100.000000,0.920000,92.000000,8.000000,481.367994,520.722308,-39.354313,350.000000,false,3893.100000,3450.000000,3450.000000,3174.000000,719.100000
aether_constant_emissions_58pct_rebound,"AETHER, 58% rebound",conservative_state_dependent,Conservative state-dependent,2071,42.200000,57.800000,100.000000,100.000000,100.000000,0.920000,92.000000,8.000000,481.729485,521.747949,-40.018464,350.000000,false,3993.100000,3550.000000,3550.000000,3266.000000,727.100000
aether_constant_emissions_58pct_rebound,"AETHER, 58% rebound",conservative_state_dependent,Conservative state-dependent,2072,42.200000,57.800000,100.000000,100.000000,100.000000,0.920000,92.000000,8.000000,482.091816,522.773590,-40.681774,350.000000,false,4093.100000,3650.000000,3650.000000,3358.000000,735.100000
aether_constant_emissions_58pct_rebound,"AETHER, 58% rebound",conservative_state_dependent,Conservative state-dependent,2073,42.200000,57.800000,100.000000,100.000000,100.000000,0.920000,92.000000,8.000000,482.454923,523.799231,-41.344308,350.000000,false,4193.100000,3750.000000,3750.000000,3450.000000,743.100000
aether_constant_emissions_58pct_rebound,"AETHER, 58% rebound",conservative_state_dependent,Conservative state-dependent,2074,42.200000,57.800000,100.000000,100.000000,100.000000,0.920000,92.000000,8.000000,482.818748,524.824872,-42.006124,350.000000,false,4293.100000,3850.000000,3850.000000,3542.000000,751.100000
aether_constant_emissions_58pct_rebound,"AETHER, 58% rebound",conservative_state_dependent,Conservative state-dependent,2075,42.200000,57.800000,100.000000,100.000000,100.000000,0.920000,92.000000,8.000000,483.183243,525.850513,-42.667270,350.000000,false,4393.100000,3950.000000,3950.000000,3634.000000,759.100000
aether_constant_emissions_58pct_rebound,"AETHER, 58% rebound",conservative_state_dependent,Conservative state-dependent,2076,42.200000,57.800000,100.000000,100.000000,100.000000,0.920000,92.000000,8.000000,483.548362,526.876154,-43.327792,350.000000,false,4493.100000,4050.000000,4050.000000,3726.000000,767.100000
aether_constant_emissions_58pct_rebound,"AETHER, 58% rebound",conservative_state_dependent,Conservative state-dependent,2077,42.200000,57.800000,100.000000,100.000000,100.000000,0.920000,92.000000,8.000000,483.914065,527.901795,-43.987730,350.000000,false,4593.100000,4150.000000,4150.000000,3818.000000,775.100000
aether_constant_emissions_58pct_rebound,"AETHER, 58% rebound",conservative_state_dependent,Conservative state-dependent,2078,42.200000,57.800000,100.000000,100.000000,100.000000,0.920000,92.000000,8.000000,484.280316,528.927436,-44.647120,350.000000,false,4693.100000,4250.000000,4250.000000,3910.000000,783.100000
aether_constant_emissions_58pct_rebound,"AETHER, 58% rebound",conservative_state_dependent,Conservative state-dependent,2079,42.200000,57.800000,100.000000,100.000000,100.000000,0.920000,92.000000,8.000000,484.647081,529.953077,-45.305996,350.000000,false,4793.100000,4350.000000,4350.000000,4002.000000,791.100000
aether_constant_emissions_58pct_rebound,"AETHER, 58% rebound",conservative_state_dependent,Conservative state-dependent,2080,42.200000,57.800000,100.000000,100.000000,100.000000,0.920000,92.000000,8.000000,485.014330,530.978718,-45.964388,350.000000,false,4893.100000,4450.000000,4450.000000,4094.000000,799.100000
aether_constant_emissions_58pct_rebound,"AETHER, 58% rebound",conservative_state_dependent,Conservative state-dependent,2081,42.200000,57.800000,100.000000,100.000000,100.000000,0.920000,92.000000,8.000000,485.382033,532.004359,-46.622326,350.000000,false,4993.100000,4550.000000,4550.000000,4186.000000,807.100000
aether_constant_emissions_58pct_rebound,"AETHER, 58% rebound",conservative_state_dependent,Conservative state-dependent,2082,42.200000,57.800000,100.000000,100.000000,100.000000,0.920000,92.000000,8.000000,485.750163,533.030000,-47.279837,350.000000,false,5093.100000,4650.000000,4650.000000,4278.000000,815.100000
aether_constant_emissions_58pct_rebound,"AETHER, 58% rebound",conservative_state_dependent,Conservative state-dependent,2083,42.200000,57.800000,100.000000,100.000000,100.000000,0.920000,92.000000,8.000000,486.118695,534.055641,-47.936946,350.000000,false,5193.100000,4750.000000,4750.000000,4370.000000,823.100000
aether_constant_emissions_58pct_rebound,"AETHER, 58% rebound",conservative_state_dependent,Conservative state-dependent,2084,42.200000,57.800000,100.000000,100.000000,100.000000,0.920000,92.000000,8.000000,486.487605,535.081282,-48.593677,350.000000,false,5293.100000,4850.000000,4850.000000,4462.000000,831.100000
aether_constant_emissions_58pct_rebound,"AETHER, 58% rebound",conservative_state_dependent,Conservative state-dependent,2085,42.200000,57.800000,100.000000,100.000000,100.000000,0.920000,92.000000,8.000000,486.856870,536.106923,-49.250053,350.000000,false,5393.100000,4950.000000,4950.000000,4554.000000,839.100000
aether_constant_emissions_58pct_rebound,"AETHER, 58% rebound",conservative_state_dependent,Conservative state-dependent,2086,42.200000,57.800000,100.000000,100.000000,100.000000,0.920000,92.000000,8.000000,487.226467,537.132564,-49.906097,350.000000,false,5493.100000,5050.000000,5050.000000,4646.000000,847.100000
aether_constant_emissions_58pct_rebound,"AETHER, 58% rebound",conservative_state_dependent,Conservative state-dependent,2087,42.200000,57.800000,100.000000,100.000000,100.000000,0.920000,92.000000,8.000000,487.596376,538.158205,-50.561829,350.000000,false,5593.100000,5150.000000,5150.000000,4738.000000,855.100000
aether_constant_emissions_58pct_rebound,"AETHER, 58% rebound",conservative_state_dependent,Conservative state-dependent,2088,42.200000,57.800000,100.000000,100.000000,100.000000,0.920000,92.000000,8.000000,487.966577,539.183846,-51.217270,350.000000,false,5693.100000,5250.000000,5250.000000,4830.000000,863.100000
aether_constant_emissions_58pct_rebound,"AETHER, 58% rebound",conservative_state_dependent,Conservative state-dependent,2089,42.200000,57.800000,100.000000,100.000000,100.000000,0.920000,92.000000,8.000000,488.337049,540.209487,-51.872438,350.000000,false,5793.100000,5350.000000,5350.000000,4922.000000,871.100000
aether_constant_emissions_58pct_rebound,"AETHER, 58% rebound",conservative_state_dependent,Conservative state-dependent,2090,42.200000,57.800000,100.000000,100.000000,100.000000,0.920000,92.000000,8.000000,488.707776,541.235128,-52.527353,350.000000,false,5893.100000,5450.000000,5450.000000,5014.000000,879.100000
aether_constant_emissions_58pct_rebound,"AETHER, 58% rebound",conservative_state_dependent,Conservative state-dependent,2091,42.200000,57.800000,100.000000,100.000000,100.000000,0.920000,92.000000,8.000000,489.078737,542.260769,-53.182032,350.000000,false,5993.100000,5550.000000,5550.000000,5106.000000,887.100000
aether_constant_emissions_58pct_rebound,"AETHER, 58% rebound",conservative_state_dependent,Conservative state-dependent,2092,42.200000,57.800000,100.000000,100.000000,100.000000,0.920000,92.000000,8.000000,489.449917,543.286410,-53.836493,350.000000,false,6093.100000,5650.000000,5650.000000,5198.000000,895.100000
aether_constant_emissions_58pct_rebound,"AETHER, 58% rebound",conservative_state_dependent,Conservative state-dependent,2093,42.200000,57.800000,100.000000,100.000000,100.000000,0.920000,92.000000,8.000000,489.821298,544.312051,-54.490753,350.000000,false,6193.100000,5750.000000,5750.000000,5290.000000,903.100000
aether_constant_emissions_58pct_rebound,"AETHER, 58% rebound",conservative_state_dependent,Conservative state-dependent,2094,42.200000,57.800000,100.000000,100.000000,100.000000,0.920000,92.000000,8.000000,490.192863,545.337692,-55.144829,350.000000,false,6293.100000,5850.000000,5850.000000,5382.000000,911.100000
aether_constant_emissions_58pct_rebound,"AETHER, 58% rebound",conservative_state_dependent,Conservative state-dependent,2095,42.200000,57.800000,100.000000,100.000000,100.000000,0.920000,92.000000,8.000000,490.564598,546.363333,-55.798735,350.000000,false,6393.100000,5950.000000,5950.000000,5474.000000,919.100000
aether_constant_emissions_58pct_rebound,"AETHER, 58% rebound",conservative_state_dependent,Conservative state-dependent,2096,42.200000,57.800000,100.000000,100.000000,100.000000,0.920000,92.000000,8.000000,490.936487,547.388974,-56.452488,350.000000,false,6493.100000,6050.000000,6050.000000,5566.000000,927.100000
aether_constant_emissions_58pct_rebound,"AETHER, 58% rebound",conservative_state_dependent,Conservative state-dependent,2097,42.200000,57.800000,100.000000,100.000000,100.000000,0.920000,92.000000,8.000000,491.308514,548.414615,-57.106101,350.000000,false,6593.100000,6150.000000,6150.000000,5658.000000,935.100000
aether_constant_emissions_58pct_rebound,"AETHER, 58% rebound",conservative_state_dependent,Conservative state-dependent,2098,42.200000,57.800000,100.000000,100.000000,100.000000,0.920000,92.000000,8.000000,491.680666,549.440256,-57.759590,350.000000,false,6693.100000,6250.000000,6250.000000,5750.000000,943.100000
aether_constant_emissions_58pct_rebound,"AETHER, 58% rebound",conservative_state_dependent,Conservative state-dependent,2099,42.200000,57.800000,100.000000,100.000000,100.000000,0.920000,92.000000,8.000000,492.052929,550.465897,-58.412969,350.000000,false,6793.100000,6350.000000,6350.000000,5842.000000,951.100000
aether_constant_emissions_58pct_rebound,"AETHER, 58% rebound",conservative_state_dependent,Conservative state-dependent,2100,42.200000,57.800000,100.000000,100.000000,100.000000,0.920000,92.000000,8.000000,492.425288,551.491538,-59.066250,350.000000,false,6893.100000,6450.000000,6450.000000,5934.000000,959.100000
aether_constant_emissions_58pct_rebound,"AETHER, 58% rebound",asymmetry_stress,Asymmetry stress,2026,42.200000,0.000000,42.200000,0.000000,0.000000,0.850000,0.000000,42.200000,433.940256,433.940256,0.000000,350.000000,false,42.200000,0.000000,0.000000,0.000000,42.200000
aether_constant_emissions_58pct_rebound,"AETHER, 58% rebound",asymmetry_stress,Asymmetry stress,2027,42.200000,2.890000,45.090000,5.000000,5.000000,0.850000,4.250000,40.840000,438.821918,439.176154,-0.354236,350.000000,false,87.290000,5.000000,5.000000,4.250000,83.040000
aether_constant_emissions_58pct_rebound,"AETHER, 58% rebound",asymmetry_stress,Asymmetry stress,2028,42.200000,5.780000,47.980000,10.000000,10.000000,0.850000,8.500000,39.480000,443.251777,444.237692,-0.985916,350.000000,false,135.270000,15.000000,15.000000,12.750000,122.520000
aether_constant_emissions_58pct_rebound,"AETHER, 58% rebound",asymmetry_stress,Asymmetry stress,2029,42.200000,8.670000,50.870000,15.000000,15.000000,0.850000,12.750000,38.120000,447.291165,449.124872,-1.833706,350.000000,false,186.140000,30.000000,30.000000,25.500000,160.640000
aether_constant_emissions_58pct_rebound,"AETHER, 58% rebound",asymmetry_stress,Asymmetry stress,2030,42.200000,11.560000,53.760000,20.000000,20.000000,0.850000,17.000000,36.760000,450.989152,453.837692,-2.848540,350.000000,false,239.900000,50.000000,50.000000,42.500000,197.400000
aether_constant_emissions_58pct_rebound,"AETHER, 58% rebound",asymmetry_stress,Asymmetry stress,2031,42.200000,14.450000,56.650000,25.000000,25.000000,0.850000,21.250000,35.400000,454.385070,458.376154,-3.991084,350.000000,false,296.550000,75.000000,75.000000,63.750000,232.800000
aether_constant_emissions_58pct_rebound,"AETHER, 58% rebound",asymmetry_stress,Asymmetry stress,2032,42.200000,17.340000,59.540000,30.000000,30.000000,0.850000,25.500000,34.040000,457.510525,462.740256,-5.229731,350.000000,false,356.090000,105.000000,105.000000,89.250000,266.840000
aether_constant_emissions_58pct_rebound,"AETHER, 58% rebound",asymmetry_stress,Asymmetry stress,2033,42.200000,20.230000,62.430000,35.000000,35.000000,0.850000,29.750000,32.680000,460.390988,466.930000,-6.539012,350.000000,false,418.520000,140.000000,140.000000,119.000000,299.520000
aether_constant_emissions_58pct_rebound,"AETHER, 58% rebound",asymmetry_stress,Asymmetry stress,2034,42.200000,23.120000,65.320000,40.000000,40.000000,0.850000,34.000000,31.320000,463.047053,470.945385,-7.898331,350.000000,false,483.840000,180.000000,180.000000,153.000000,330.840000
aether_constant_emissions_58pct_rebound,"AETHER, 58% rebound",asymmetry_stress,Asymmetry stress,2035,42.200000,26.010000,68.210000,45.000000,45.000000,0.850000,38.250000,29.960000,465.495441,474.786410,-9.290969,350.000000,false,552.050000,225.000000,225.000000,191.250000,360.800000
aether_constant_emissions_58pct_rebound,"AETHER, 58% rebound",asymmetry_stress,Asymmetry stress,2036,42.200000,28.900000,71.100000,50.000000,50.000000,0.850000,42.500000,28.600000,467.749791,478.453077,-10.703286,350.000000,false,623.150000,275.000000,275.000000,233.750000,389.400000
aether_constant_emissions_58pct_rebound,"AETHER, 58% rebound",asymmetry_stress,Asymmetry stress,2037,42.200000,31.790000,73.990000,55.000000,55.000000,0.850000,46.750000,27.240000,469.821290,481.945385,-12.124095,350.000000,false,697.140000,330.000000,330.000000,280.500000,416.640000
aether_constant_emissions_58pct_rebound,"AETHER, 58% rebound",asymmetry_stress,Asymmetry stress,2038,42.200000,34.680000,76.880000,60.000000,60.000000,0.850000,51.000000,25.880000,471.719170,485.263333,-13.544163,350.000000,false,774.020000,390.000000,390.000000,331.500000,442.520000
aether_constant_emissions_58pct_rebound,"AETHER, 58% rebound",asymmetry_stress,Asymmetry stress,2039,42.200000,37.570000,79.770000,65.000000,65.000000,0.850000,55.250000,24.520000,473.451107,488.406923,-14.955816,350.000000,false,853.790000,455.000000,455.000000,386.750000,467.040000
aether_constant_emissions_58pct_rebound,"AETHER, 58% rebound",asymmetry_stress,Asymmetry stress,2040,42.200000,40.460000,82.660000,70.000000,70.000000,0.850000,59.500000,23.160000,475.023532,491.376154,-16.352622,350.000000,false,936.450000,525.000000,525.000000,446.250000,490.200000
aether_constant_emissions_58pct_rebound,"AETHER, 58% rebound",asymmetry_stress,Asymmetry stress,2041,42.200000,43.350000,85.550000,75.000000,75.000000,0.850000,63.750000,21.800000,476.441881,494.171026,-17.729145,350.000000,false,1022.000000,600.000000,600.000000,510.000000,512.000000
aether_constant_emissions_58pct_rebound,"AETHER, 58% rebound",asymmetry_stress,Asymmetry stress,2042,42.200000,46.240000,88.440000,80.000000,80.000000,0.850000,68.000000,20.440000,477.710793,496.791538,-19.080746,350.000000,false,1110.440000,680.000000,680.000000,578.000000,532.440000
aether_constant_emissions_58pct_rebound,"AETHER, 58% rebound",asymmetry_stress,Asymmetry stress,2043,42.200000,49.130000,91.330000,85.000000,85.000000,0.850000,72.250000,19.080000,478.834266,499.237692,-20.403426,350.000000,false,1201.770000,765.000000,765.000000,650.250000,551.520000
aether_constant_emissions_58pct_rebound,"AETHER, 58% rebound",asymmetry_stress,Asymmetry stress,2044,42.200000,52.020000,94.220000,90.000000,90.000000,0.850000,76.500000,17.720000,479.815784,501.509487,-21.693704,350.000000,false,1295.990000,855.000000,855.000000,726.750000,569.240000
aether_constant_emissions_58pct_rebound,"AETHER, 58% rebound",asymmetry_stress,Asymmetry stress,2045,42.200000,54.910000,97.110000,95.000000,95.000000,0.850000,80.750000,16.360000,480.658412,503.606923,-22.948512,350.000000,false,1393.100000,950.000000,950.000000,807.500000,585.600000
aether_constant_emissions_58pct_rebound,"AETHER, 58% rebound",asymmetry_stress,Asymmetry stress,2046,42.200000,57.800000,100.000000,100.000000,100.000000,0.850000,85.000000,15.000000,481.364878,505.530000,-24.165122,350.000000,false,1493.100000,1050.000000,1050.000000,892.500000,600.600000
aether_constant_emissions_58pct_rebound,"AETHER, 58% rebound",asymmetry_stress,Asymmetry stress,2047,42.200000,57.800000,100.000000,100.000000,100.000000,0.850000,85.000000,15.000000,482.111993,507.453077,-25.341084,350.000000,false,1593.100000,1150.000000,1150.000000,977.500000,615.600000
aether_constant_emissions_58pct_rebound,"AETHER, 58% rebound",asymmetry_stress,Asymmetry stress,2048,42.200000,57.800000,100.000000,100.000000,100.000000,0.850000,85.000000,15.000000,482.890568,509.376154,-26.485586,350.000000,false,1693.100000,1250.000000,1250.000000,1062.500000,630.600000
aether_constant_emissions_58pct_rebound,"AETHER, 58% rebound",asymmetry_stress,Asymmetry stress,2049,42.200000,57.800000,100.000000,100.000000,100.000000,0.850000,85.000000,15.000000,483.693334,511.299231,-27.605896,350.000000,false,1793.100000,1350.000000,1350.000000,1147.500000,645.600000
aether_constant_emissions_58pct_rebound,"AETHER, 58% rebound",asymmetry_stress,Asymmetry stress,2050,42.200000,57.800000,100.000000,100.000000,100.000000,0.850000,85.000000,15.000000,484.514545,513.222308,-28.707762,350.000000,false,1893.100000,1450.000000,1450.000000,1232.500000,660.600000
aether_constant_emissions_58pct_rebound,"AETHER, 58% rebound",asymmetry_stress,Asymmetry stress,2051,42.200000,57.800000,100.000000,100.000000,100.000000,0.850000,85.000000,15.000000,485.349661,515.145385,-29.795724,350.000000,false,1993.100000,1550.000000,1550.000000,1317.500000,675.600000
aether_constant_emissions_58pct_rebound,"AETHER, 58% rebound",asymmetry_stress,Asymmetry stress,2052,42.200000,57.800000,100.000000,100.000000,100.000000,0.850000,85.000000,15.000000,486.195096,517.068462,-30.873365,350.000000,false,2093.100000,1650.000000,1650.000000,1402.500000,690.600000
aether_constant_emissions_58pct_rebound,"AETHER, 58% rebound",asymmetry_stress,Asymmetry stress,2053,42.200000,57.800000,100.000000,100.000000,100.000000,0.850000,85.000000,15.000000,487.048025,518.991538,-31.943514,350.000000,false,2193.100000,1750.000000,1750.000000,1487.500000,705.600000
aether_constant_emissions_58pct_rebound,"AETHER, 58% rebound",asymmetry_stress,Asymmetry stress,2054,42.200000,57.800000,100.000000,100.000000,100.000000,0.850000,85.000000,15.000000,487.906218,520.914615,-33.008398,350.000000,false,2293.100000,1850.000000,1850.000000,1572.500000,720.600000
aether_constant_emissions_58pct_rebound,"AETHER, 58% rebound",asymmetry_stress,Asymmetry stress,2055,42.200000,57.800000,100.000000,100.000000,100.000000,0.850000,85.000000,15.000000,488.767924,522.837692,-34.069768,350.000000,false,2393.100000,1950.000000,1950.000000,1657.500000,735.600000
aether_constant_emissions_58pct_rebound,"AETHER, 58% rebound",asymmetry_stress,Asymmetry stress,2056,42.200000,57.800000,100.000000,100.000000,100.000000,0.850000,85.000000,15.000000,489.631767,524.760769,-35.129002,350.000000,false,2493.100000,2050.000000,2050.000000,1742.500000,750.600000
aether_constant_emissions_58pct_rebound,"AETHER, 58% rebound",asymmetry_stress,Asymmetry stress,2057,42.200000,57.800000,100.000000,100.000000,100.000000,0.850000,85.000000,15.000000,490.496669,526.683846,-36.187178,350.000000,false,2593.100000,2150.000000,2150.000000,1827.500000,765.600000
aether_constant_emissions_58pct_rebound,"AETHER, 58% rebound",asymmetry_stress,Asymmetry stress,2058,42.200000,57.800000,100.000000,100.000000,100.000000,0.850000,85.000000,15.000000,491.361787,528.606923,-37.245136,350.000000,false,2693.100000,2250.000000,2250.000000,1912.500000,780.600000
aether_constant_emissions_58pct_rebound,"AETHER, 58% rebound",asymmetry_stress,Asymmetry stress,2059,42.200000,57.800000,100.000000,100.000000,100.000000,0.850000,85.000000,15.000000,492.226466,530.530000,-38.303534,350.000000,false,2793.100000,2350.000000,2350.000000,1997.500000,795.600000
aether_constant_emissions_58pct_rebound,"AETHER, 58% rebound",asymmetry_stress,Asymmetry stress,2060,42.200000,57.800000,100.000000,100.000000,100.000000,0.850000,85.000000,15.000000,493.090197,532.453077,-39.362879,350.000000,false,2893.100000,2450.000000,2450.000000,2082.500000,810.600000
aether_constant_emissions_58pct_rebound,"AETHER, 58% rebound",asymmetry_stress,Asymmetry stress,2061,42.200000,57.800000,100.000000,100.000000,100.000000,0.850000,85.000000,15.000000,493.952591,534.376154,-40.423563,350.000000,false,2993.100000,2550.000000,2550.000000,2167.500000,825.600000
aether_constant_emissions_58pct_rebound,"AETHER, 58% rebound",asymmetry_stress,Asymmetry stress,2062,42.200000,57.800000,100.000000,100.000000,100.000000,0.850000,85.000000,15.000000,494.813346,536.299231,-41.485884,350.000000,false,3093.100000,2650.000000,2650.000000,2252.500000,840.600000
aether_constant_emissions_58pct_rebound,"AETHER, 58% rebound",asymmetry_stress,Asymmetry stress,2063,42.200000,57.800000,100.000000,100.000000,100.000000,0.850000,85.000000,15.000000,495.672238,538.222308,-42.550070,350.000000,false,3193.100000,2750.000000,2750.000000,2337.500000,855.600000
aether_constant_emissions_58pct_rebound,"AETHER, 58% rebound",asymmetry_stress,Asymmetry stress,2064,42.200000,57.800000,100.000000,100.000000,100.000000,0.850000,85.000000,15.000000,496.529097,540.145385,-43.616288,350.000000,false,3293.100000,2850.000000,2850.000000,2422.500000,870.600000
aether_constant_emissions_58pct_rebound,"AETHER, 58% rebound",asymmetry_stress,Asymmetry stress,2065,42.200000,57.800000,100.000000,100.000000,100.000000,0.850000,85.000000,15.000000,497.383800,542.068462,-44.684662,350.000000,false,3393.100000,2950.000000,2950.000000,2507.500000,885.600000
aether_constant_emissions_58pct_rebound,"AETHER, 58% rebound",asymmetry_stress,Asymmetry stress,2066,42.200000,57.800000,100.000000,100.000000,100.000000,0.850000,85.000000,15.000000,498.236258,543.991538,-45.755281,350.000000,false,3493.100000,3050.000000,3050.000000,2592.500000,900.600000
aether_constant_emissions_58pct_rebound,"AETHER, 58% rebound",asymmetry_stress,Asymmetry stress,2067,42.200000,57.800000,100.000000,100.000000,100.000000,0.850000,85.000000,15.000000,499.086412,545.914615,-46.828204,350.000000,false,3593.100000,3150.000000,3150.000000,2677.500000,915.600000
aether_constant_emissions_58pct_rebound,"AETHER, 58% rebound",asymmetry_stress,Asymmetry stress,2068,42.200000,57.800000,100.000000,100.000000,100.000000,0.850000,85.000000,15.000000,499.934223,547.837692,-47.903469,350.000000,false,3693.100000,3250.000000,3250.000000,2762.500000,930.600000
aether_constant_emissions_58pct_rebound,"AETHER, 58% rebound",asymmetry_stress,Asymmetry stress,2069,42.200000,57.800000,100.000000,100.000000,100.000000,0.850000,85.000000,15.000000,500.779671,549.760769,-48.981098,350.000000,false,3793.100000,3350.000000,3350.000000,2847.500000,945.600000
aether_constant_emissions_58pct_rebound,"AETHER, 58% rebound",asymmetry_stress,Asymmetry stress,2070,42.200000,57.800000,100.000000,100.000000,100.000000,0.850000,85.000000,15.000000,501.622747,551.683846,-50.061099,350.000000,false,3893.100000,3450.000000,3450.000000,2932.500000,960.600000
aether_constant_emissions_58pct_rebound,"AETHER, 58% rebound",asymmetry_stress,Asymmetry stress,2071,42.200000,57.800000,100.000000,100.000000,100.000000,0.850000,85.000000,15.000000,502.463456,553.606923,-51.143467,350.000000,false,3993.100000,3550.000000,3550.000000,3017.500000,975.600000
aether_constant_emissions_58pct_rebound,"AETHER, 58% rebound",asymmetry_stress,Asymmetry stress,2072,42.200000,57.800000,100.000000,100.000000,100.000000,0.850000,85.000000,15.000000,503.301806,555.530000,-52.228194,350.000000,false,4093.100000,3650.000000,3650.000000,3102.500000,990.600000
aether_constant_emissions_58pct_rebound,"AETHER, 58% rebound",asymmetry_stress,Asymmetry stress,2073,42.200000,57.800000,100.000000,100.000000,100.000000,0.850000,85.000000,15.000000,504.137816,557.453077,-53.315261,350.000000,false,4193.100000,3750.000000,3750.000000,3187.500000,1005.600000
aether_constant_emissions_58pct_rebound,"AETHER, 58% rebound",asymmetry_stress,Asymmetry stress,2074,42.200000,57.800000,100.000000,100.000000,100.000000,0.850000,85.000000,15.000000,504.971506,559.376154,-54.404648,350.000000,false,4293.100000,3850.000000,3850.000000,3272.500000,1020.600000
aether_constant_emissions_58pct_rebound,"AETHER, 58% rebound",asymmetry_stress,Asymmetry stress,2075,42.200000,57.800000,100.000000,100.000000,100.000000,0.850000,85.000000,15.000000,505.802902,561.299231,-55.496329,350.000000,false,4393.100000,3950.000000,3950.000000,3357.500000,1035.600000
aether_constant_emissions_58pct_rebound,"AETHER, 58% rebound",asymmetry_stress,Asymmetry stress,2076,42.200000,57.800000,100.000000,100.000000,100.000000,0.850000,85.000000,15.000000,506.632030,563.222308,-56.590277,350.000000,false,4493.100000,4050.000000,4050.000000,3442.500000,1050.600000
aether_constant_emissions_58pct_rebound,"AETHER, 58% rebound",asymmetry_stress,Asymmetry stress,2077,42.200000,57.800000,100.000000,100.000000,100.000000,0.850000,85.000000,15.000000,507.458921,565.145385,-57.686464,350.000000,false,4593.100000,4150.000000,4150.000000,3527.500000,1065.600000
aether_constant_emissions_58pct_rebound,"AETHER, 58% rebound",asymmetry_stress,Asymmetry stress,2078,42.200000,57.800000,100.000000,100.000000,100.000000,0.850000,85.000000,15.000000,508.283604,567.068462,-58.784858,350.000000,false,4693.100000,4250.000000,4250.000000,3612.500000,1080.600000
aether_constant_emissions_58pct_rebound,"AETHER, 58% rebound",asymmetry_stress,Asymmetry stress,2079,42.200000,57.800000,100.000000,100.000000,100.000000,0.850000,85.000000,15.000000,509.106110,568.991538,-59.885428,350.000000,false,4793.100000,4350.000000,4350.000000,3697.500000,1095.600000
aether_constant_emissions_58pct_rebound,"AETHER, 58% rebound",asymmetry_stress,Asymmetry stress,2080,42.200000,57.800000,100.000000,100.000000,100.000000,0.850000,85.000000,15.000000,509.926473,570.914615,-60.988143,350.000000,false,4893.100000,4450.000000,4450.000000,3782.500000,1110.600000
aether_constant_emissions_58pct_rebound,"AETHER, 58% rebound",asymmetry_stress,Asymmetry stress,2081,42.200000,57.800000,100.000000,100.000000,100.000000,0.850000,85.000000,15.000000,510.744722,572.837692,-62.092970,350.000000,false,4993.100000,4550.000000,4550.000000,3867.500000,1125.600000
aether_constant_emissions_58pct_rebound,"AETHER, 58% rebound",asymmetry_stress,Asymmetry stress,2082,42.200000,57.800000,100.000000,100.000000,100.000000,0.850000,85.000000,15.000000,511.560892,574.760769,-63.199878,350.000000,false,5093.100000,4650.000000,4650.000000,3952.500000,1140.600000
aether_constant_emissions_58pct_rebound,"AETHER, 58% rebound",asymmetry_stress,Asymmetry stress,2083,42.200000,57.800000,100.000000,100.000000,100.000000,0.850000,85.000000,15.000000,512.375012,576.683846,-64.308834,350.000000,false,5193.100000,4750.000000,4750.000000,4037.500000,1155.600000
aether_constant_emissions_58pct_rebound,"AETHER, 58% rebound",asymmetry_stress,Asymmetry stress,2084,42.200000,57.800000,100.000000,100.000000,100.000000,0.850000,85.000000,15.000000,513.187115,578.606923,-65.419809,350.000000,false,5293.100000,4850.000000,4850.000000,4122.500000,1170.600000
aether_constant_emissions_58pct_rebound,"AETHER, 58% rebound",asymmetry_stress,Asymmetry stress,2085,42.200000,57.800000,100.000000,100.000000,100.000000,0.850000,85.000000,15.000000,513.997231,580.530000,-66.532769,350.000000,false,5393.100000,4950.000000,4950.000000,4207.500000,1185.600000
aether_constant_emissions_58pct_rebound,"AETHER, 58% rebound",asymmetry_stress,Asymmetry stress,2086,42.200000,57.800000,100.000000,100.000000,100.000000,0.850000,85.000000,15.000000,514.805391,582.453077,-67.647686,350.000000,false,5493.100000,5050.000000,5050.000000,4292.500000,1200.600000
aether_constant_emissions_58pct_rebound,"AETHER, 58% rebound",asymmetry_stress,Asymmetry stress,2087,42.200000,57.800000,100.000000,100.000000,100.000000,0.850000,85.000000,15.000000,515.611626,584.376154,-68.764528,350.000000,false,5593.100000,5150.000000,5150.000000,4377.500000,1215.600000
aether_constant_emissions_58pct_rebound,"AETHER, 58% rebound",asymmetry_stress,Asymmetry stress,2088,42.200000,57.800000,100.000000,100.000000,100.000000,0.850000,85.000000,15.000000,516.415964,586.299231,-69.883267,350.000000,false,5693.100000,5250.000000,5250.000000,4462.500000,1230.600000
aether_constant_emissions_58pct_rebound,"AETHER, 58% rebound",asymmetry_stress,Asymmetry stress,2089,42.200000,57.800000,100.000000,100.000000,100.000000,0.850000,85.000000,15.000000,517.218434,588.222308,-71.003873,350.000000,false,5793.100000,5350.000000,5350.000000,4547.500000,1245.600000
aether_constant_emissions_58pct_rebound,"AETHER, 58% rebound",asymmetry_stress,Asymmetry stress,2090,42.200000,57.800000,100.000000,100.000000,100.000000,0.850000,85.000000,15.000000,518.019066,590.145385,-72.126319,350.000000,false,5893.100000,5450.000000,5450.000000,4632.500000,1260.600000
aether_constant_emissions_58pct_rebound,"AETHER, 58% rebound",asymmetry_stress,Asymmetry stress,2091,42.200000,57.800000,100.000000,100.000000,100.000000,0.850000,85.000000,15.000000,518.817885,592.068462,-73.250576,350.000000,false,5993.100000,5550.000000,5550.000000,4717.500000,1275.600000
aether_constant_emissions_58pct_rebound,"AETHER, 58% rebound",asymmetry_stress,Asymmetry stress,2092,42.200000,57.800000,100.000000,100.000000,100.000000,0.850000,85.000000,15.000000,519.614920,593.991538,-74.376618,350.000000,false,6093.100000,5650.000000,5650.000000,4802.500000,1290.600000
aether_constant_emissions_58pct_rebound,"AETHER, 58% rebound",asymmetry_stress,Asymmetry stress,2093,42.200000,57.800000,100.000000,100.000000,100.000000,0.850000,85.000000,15.000000,520.410197,595.914615,-75.504419,350.000000,false,6193.100000,5750.000000,5750.000000,4887.500000,1305.600000
aether_constant_emissions_58pct_rebound,"AETHER, 58% rebound",asymmetry_stress,Asymmetry stress,2094,42.200000,57.800000,100.000000,100.000000,100.000000,0.850000,85.000000,15.000000,521.203741,597.837692,-76.633951,350.000000,false,6293.100000,5850.000000,5850.000000,4972.500000,1320.600000
aether_constant_emissions_58pct_rebound,"AETHER, 58% rebound",asymmetry_stress,Asymmetry stress,2095,42.200000,57.800000,100.000000,100.000000,100.000000,0.850000,85.000000,15.000000,521.995578,599.760769,-77.765191,350.000000,false,6393.100000,5950.000000,5950.000000,5057.500000,1335.600000
aether_constant_emissions_58pct_rebound,"AETHER, 58% rebound",asymmetry_stress,Asymmetry stress,2096,42.200000,57.800000,100.000000,100.000000,100.000000,0.850000,85.000000,15.000000,522.785733,601.683846,-78.898113,350.000000,false,6493.100000,6050.000000,6050.000000,5142.500000,1350.600000
aether_constant_emissions_58pct_rebound,"AETHER, 58% rebound",asymmetry_stress,Asymmetry stress,2097,42.200000,57.800000,100.000000,100.000000,100.000000,0.850000,85.000000,15.000000,523.574229,603.606923,-80.032694,350.000000,false,6593.100000,6150.000000,6150.000000,5227.500000,1365.600000
aether_constant_emissions_58pct_rebound,"AETHER, 58% rebound",asymmetry_stress,Asymmetry stress,2098,42.200000,57.800000,100.000000,100.000000,100.000000,0.850000,85.000000,15.000000,524.361090,605.530000,-81.168910,350.000000,false,6693.100000,6250.000000,6250.000000,5312.500000,1380.600000
aether_constant_emissions_58pct_rebound,"AETHER, 58% rebound",asymmetry_stress,Asymmetry stress,2099,42.200000,57.800000,100.000000,100.000000,100.000000,0.850000,85.000000,15.000000,525.146339,607.453077,-82.306738,350.000000,false,6793.100000,6350.000000,6350.000000,5397.500000,1395.600000
aether_constant_emissions_58pct_rebound,"AETHER, 58% rebound",asymmetry_stress,Asymmetry stress,2100,42.200000,57.800000,100.000000,100.000000,100.000000,0.850000,85.000000,15.000000,525.929998,609.376154,-83.446156,350.000000,false,6893.100000,6450.000000,6450.000000,5482.500000,1410.600000
aether_constant_emissions_no_rebound,"AETHER, constant emissions",fixed_0p96_current,Fixed 0.96 current screen,2026,42.200000,0.000000,42.200000,0.000000,0.000000,0.960000,0.000000,42.200000,433.940256,433.940256,0.000000,350.000000,false,42.200000,0.000000,0.000000,0.000000,42.200000
aether_constant_emissions_no_rebound,"AETHER, constant emissions",fixed_0p96_current,Fixed 0.96 current screen,2027,42.200000,0.000000,42.200000,5.000000,5.000000,0.960000,4.800000,37.400000,438.380892,438.735128,-0.354236,350.000000,false,84.400000,5.000000,5.000000,4.800000,79.600000
aether_constant_emissions_no_rebound,"AETHER, constant emissions",fixed_0p96_current,Fixed 0.96 current screen,2028,42.200000,0.000000,42.200000,10.000000,10.000000,0.960000,9.600000,32.600000,441.957576,442.914615,-0.957040,350.000000,false,126.600000,15.000000,15.000000,14.400000,112.200000
aether_constant_emissions_no_rebound,"AETHER, constant emissions",fixed_0p96_current,Fixed 0.96 current screen,2029,42.200000,0.000000,42.200000,15.000000,15.000000,0.960000,14.400000,27.800000,444.755187,446.478718,-1.723531,350.000000,false,168.800000,30.000000,30.000000,28.800000,140.000000
aether_constant_emissions_no_rebound,"AETHER, constant emissions",fixed_0p96_current,Fixed 0.96 current screen,2030,42.200000,0.000000,42.200000,20.000000,20.000000,0.960000,19.200000,23.000000,446.842099,449.427436,-2.585337,350.000000,false,211.000000,50.000000,50.000000,48.000000,163.000000
aether_constant_emissions_no_rebound,"AETHER, constant emissions",fixed_0p96_current,Fixed 0.96 current screen,2031,42.200000,0.000000,42.200000,25.000000,25.000000,0.960000,24.000000,18.200000,448.273574,451.760769,-3.487195,350.000000,false,253.200000,75.000000,75.000000,72.000000,181.200000
aether_constant_emissions_no_rebound,"AETHER, constant emissions",fixed_0p96_current,Fixed 0.96 current screen,2032,42.200000,0.000000,42.200000,30.000000,30.000000,0.960000,28.800000,13.400000,449.094455,453.478718,-4.384263,350.000000,false,295.400000,105.000000,105.000000,100.800000,194.600000
aether_constant_emissions_no_rebound,"AETHER, constant emissions",fixed_0p96_current,Fixed 0.96 current screen,2033,42.200000,0.000000,42.200000,35.000000,35.000000,0.960000,33.600000,8.600000,449.341295,454.581282,-5.239987,350.000000,false,337.600000,140.000000,140.000000,134.400000,203.200000
aether_constant_emissions_no_rebound,"AETHER, constant emissions",fixed_0p96_current,Fixed 0.96 current screen,2034,42.200000,0.000000,42.200000,40.000000,40.000000,0.960000,38.400000,3.800000,449.044057,455.068462,-6.024404,350.000000,false,379.800000,180.000000,180.000000,172.800000,207.000000
aether_constant_emissions_no_rebound,"AETHER, constant emissions",fixed_0p96_current,Fixed 0.96 current screen,2035,42.200000,0.000000,42.200000,45.000000,45.000000,0.960000,43.200000,-1.000000,448.227451,454.940256,-6.712805,350.000000,false,422.000000,225.000000,225.000000,216.000000,206.000000
aether_constant_emissions_no_rebound,"AETHER, constant emissions",fixed_0p96_current,Fixed 0.96 current screen,2036,42.200000,0.000000,42.200000,50.000000,50.000000,0.960000,48.000000,-5.800000,446.912001,454.196667,-7.284666,350.000000,false,464.200000,275.000000,275.000000,264.000000,200.200000
aether_constant_emissions_no_rebound,"AETHER, constant emissions",fixed_0p96_current,Fixed 0.96 current screen,2037,42.200000,0.000000,42.200000,55.000000,55.000000,0.960000,52.800000,-10.600000,445.114886,452.837692,-7.722806,350.000000,false,506.400000,330.000000,330.000000,316.800000,189.600000
aether_constant_emissions_no_rebound,"AETHER, constant emissions",fixed_0p96_current,Fixed 0.96 current screen,2038,42.200000,0.000000,42.200000,60.000000,60.000000,0.960000,57.600000,-15.400000,442.850616,450.863333,-8.012718,350.000000,false,548.600000,390.000000,390.000000,374.400000,174.200000
aether_constant_emissions_no_rebound,"AETHER, constant emissions",fixed_0p96_current,Fixed 0.96 current screen,2039,42.200000,0.000000,42.200000,65.000000,65.000000,0.960000,62.400000,-20.200000,440.131558,448.273590,-8.142032,350.000000,false,590.800000,455.000000,455.000000,436.800000,154.000000
aether_constant_emissions_no_rebound,"AETHER, constant emissions",fixed_0p96_current,Fixed 0.96 current screen,2040,42.200000,0.000000,42.200000,70.000000,70.000000,0.960000,67.200000,-25.000000,436.968362,445.068462,-8.100099,350.000000,false,633.000000,525.000000,525.000000,504.000000,129.000000
aether_constant_emissions_no_rebound,"AETHER, constant emissions",fixed_0p96_current,Fixed 0.96 current screen,2041,42.200000,0.000000,42.200000,75.000000,75.000000,0.960000,72.000000,-29.800000,433.370294,441.247949,-7.877654,350.000000,false,675.200000,600.000000,600.000000,576.000000,99.200000
aether_constant_emissions_no_rebound,"AETHER, constant emissions",fixed_0p96_current,Fixed 0.96 current screen,2042,42.200000,0.000000,42.200000,80.000000,80.000000,0.960000,76.800000,-34.600000,429.345504,436.812051,-7.466547,350.000000,false,717.400000,680.000000,680.000000,652.800000,64.600000
aether_constant_emissions_no_rebound,"AETHER, constant emissions",fixed_0p96_current,Fixed 0.96 current screen,2043,42.200000,0.000000,42.200000,85.000000,85.000000,0.960000,81.600000,-39.400000,424.901236,431.760769,-6.859534,350.000000,false,759.600000,765.000000,765.000000,734.400000,25.200000
aether_constant_emissions_no_rebound,"AETHER, constant emissions",fixed_0p96_current,Fixed 0.96 current screen,2044,42.200000,0.000000,42.200000,90.000000,90.000000,0.960000,86.400000,-44.200000,420.043995,426.094103,-6.050107,350.000000,false,801.800000,855.000000,855.000000,820.800000,-19.000000
aether_constant_emissions_no_rebound,"AETHER, constant emissions",fixed_0p96_current,Fixed 0.96 current screen,2045,42.200000,0.000000,42.200000,95.000000,95.000000,0.960000,91.200000,-49.000000,414.779686,419.812051,-5.032365,350.000000,false,844.000000,950.000000,950.000000,912.000000,-68.000000
aether_constant_emissions_no_rebound,"AETHER, constant emissions",fixed_0p96_current,Fixed 0.96 current screen,2046,42.200000,0.000000,42.200000,100.000000,100.000000,0.960000,96.000000,-53.800000,409.113716,412.914615,-3.800899,350.000000,false,886.200000,1050.000000,1050.000000,1008.000000,-121.800000
aether_constant_emissions_no_rebound,"AETHER, constant emissions",fixed_0p96_current,Fixed 0.96 current screen,2047,42.200000,0.000000,42.200000,100.000000,100.000000,0.960000,96.000000,-53.800000,403.666465,406.017179,-2.350715,350.000000,false,928.400000,1150.000000,1150.000000,1104.000000,-175.600000
aether_constant_emissions_no_rebound,"AETHER, constant emissions",fixed_0p96_current,Fixed 0.96 current screen,2048,42.200000,0.000000,42.200000,100.000000,100.000000,0.960000,96.000000,-53.800000,398.402292,399.119744,-0.717452,350.000000,false,970.600000,1250.000000,1250.000000,1200.000000,-229.400000
aether_constant_emissions_no_rebound,"AETHER, constant emissions",fixed_0p96_current,Fixed 0.96 current screen,2049,42.200000,0.000000,42.200000,100.000000,100.000000,0.960000,96.000000,-53.800000,393.292703,392.222308,1.070395,350.000000,false,1012.800000,1350.000000,1350.000000,1296.000000,-283.200000
aether_constant_emissions_no_rebound,"AETHER, constant emissions",fixed_0p96_current,Fixed 0.96 current screen,2050,42.200000,0.000000,42.200000,100.000000,100.000000,0.960000,96.000000,-53.800000,388.314876,385.324872,2.990005,350.000000,false,1055.000000,1450.000000,1450.000000,1392.000000,-337.000000
aether_constant_emissions_no_rebound,"AETHER, constant emissions",fixed_0p96_current,Fixed 0.96 current screen,2051,42.200000,0.000000,42.200000,100.000000,100.000000,0.960000,96.000000,-53.800000,383.450492,378.427436,5.023056,350.000000,false,1097.200000,1550.000000,1550.000000,1488.000000,-390.800000
aether_constant_emissions_no_rebound,"AETHER, constant emissions",fixed_0p96_current,Fixed 0.96 current screen,2052,42.200000,0.000000,42.200000,100.000000,100.000000,0.960000,96.000000,-53.800000,378.684803,371.530000,7.154803,350.000000,false,1139.400000,1650.000000,1650.000000,1584.000000,-444.600000
aether_constant_emissions_no_rebound,"AETHER, constant emissions",fixed_0p96_current,Fixed 0.96 current screen,2053,42.200000,0.000000,42.200000,100.000000,100.000000,0.960000,96.000000,-53.800000,374.005905,364.632564,9.373341,350.000000,false,1181.600000,1750.000000,1750.000000,1680.000000,-498.400000
aether_constant_emissions_no_rebound,"AETHER, constant emissions",fixed_0p96_current,Fixed 0.96 current screen,2054,42.200000,0.000000,42.200000,100.000000,100.000000,0.960000,96.000000,-53.800000,369.404148,357.735128,11.669020,350.000000,false,1223.800000,1850.000000,1850.000000,1776.000000,-552.200000
aether_constant_emissions_no_rebound,"AETHER, constant emissions",fixed_0p96_current,Fixed 0.96 current screen,2055,42.200000,0.000000,42.200000,100.000000,100.000000,0.960000,96.000000,-53.800000,364.871677,350.837692,14.033985,350.000000,false,1266.000000,1950.000000,1950.000000,1872.000000,-606.000000
aether_constant_emissions_no_rebound,"AETHER, constant emissions",fixed_0p96_current,Fixed 0.96 current screen,2056,42.200000,0.000000,42.200000,100.000000,100.000000,0.960000,96.000000,-53.800000,360.402066,343.940256,16.461809,350.000000,false,1308.200000,2050.000000,2050.000000,1968.000000,-659.800000
aether_constant_emissions_no_rebound,"AETHER, constant emissions",fixed_0p96_current,Fixed 0.96 current screen,2057,42.200000,0.000000,42.200000,100.000000,100.000000,0.960000,96.000000,-53.800000,355.990025,337.042821,18.947204,350.000000,false,1350.400000,2150.000000,2150.000000,2064.000000,-713.600000
aether_constant_emissions_no_rebound,"AETHER, constant emissions",fixed_0p96_current,Fixed 0.96 current screen,2058,42.200000,0.000000,42.200000,100.000000,100.000000,0.960000,96.000000,-53.800000,351.631170,330.145385,21.485786,350.000000,false,1392.600000,2250.000000,2250.000000,2160.000000,-767.400000
aether_constant_emissions_no_rebound,"AETHER, constant emissions",fixed_0p96_current,Fixed 0.96 current screen,2059,42.200000,0.000000,42.200000,100.000000,78.239987,0.960000,75.110388,-32.910388,350.000000,325.926104,24.073896,350.000000,true,1434.800000,2350.000000,2328.239987,2235.110388,-800.310388
aether_constant_emissions_no_rebound,"AETHER, constant emissions",fixed_0p96_current,Fixed 0.96 current screen,2060,42.200000,0.000000,42.200000,100.000000,63.939383,0.960000,61.381807,-19.181807,350.000000,323.466898,26.533102,350.000000,true,1477.000000,2450.000000,2392.179370,2296.492195,-819.492195
aether_constant_emissions_no_rebound,"AETHER, constant emissions",fixed_0p96_current,Fixed 0.96 current screen,2061,42.200000,0.000000,42.200000,100.000000,62.197387,0.960000,59.709491,-17.509491,350.000000,321.222091,28.777909,350.000000,true,1519.200000,2550.000000,2454.376757,2356.201686,-837.001686
aether_constant_emissions_no_rebound,"AETHER, constant emissions",fixed_0p96_current,Fixed 0.96 current screen,2062,42.200000,0.000000,42.200000,100.000000,60.705139,0.960000,58.276934,-16.076934,350.000000,319.160946,30.839054,350.000000,true,1561.400000,2650.000000,2515.081896,2414.478620,-853.078620
aether_constant_emissions_no_rebound,"AETHER, constant emissions",fixed_0p96_current,Fixed 0.96 current screen,2063,42.200000,0.000000,42.200000,100.000000,59.424595,0.960000,57.047611,-14.847611,350.000000,317.257406,32.742594,350.000000,true,1603.600000,2750.000000,2574.506491,2471.526231,-867.926231
aether_constant_emissions_no_rebound,"AETHER, constant emissions",fixed_0p96_current,Fixed 0.96 current screen,2064,42.200000,0.000000,42.200000,100.000000,58.323545,0.960000,55.990603,-13.790603,350.000000,315.489380,34.510620,350.000000,true,1645.800000,2850.000000,2632.830036,2527.516835,-881.716835
aether_constant_emissions_no_rebound,"AETHER, constant emissions",fixed_0p96_current,Fixed 0.96 current screen,2065,42.200000,0.000000,42.200000,100.000000,57.374717,0.960000,55.079729,-12.879729,350.000000,313.838133,36.161867,350.000000,true,1688.000000,2950.000000,2690.204753,2582.596563,-894.596563
aether_constant_emissions_no_rebound,"AETHER, constant emissions",fixed_0p96_current,Fixed 0.96 current screen,2066,42.200000,0.000000,42.200000,100.000000,56.555023,0.960000,54.292822,-12.092822,350.000000,312.287771,37.712229,350.000000,true,1730.200000,3050.000000,2746.759776,2636.889385,-906.689385
aether_constant_emissions_no_rebound,"AETHER, constant emissions",fixed_0p96_current,Fixed 0.96 current screen,2067,42.200000,0.000000,42.200000,100.000000,55.844910,0.960000,53.611114,-11.411114,350.000000,310.824808,39.175192,350.000000,true,1772.400000,3150.000000,2802.604686,2690.500499,-918.100499
aether_constant_emissions_no_rebound,"AETHER, constant emissions",fixed_0p96_current,Fixed 0.96 current screen,2068,42.200000,0.000000,42.200000,100.000000,55.227827,0.960000,53.018714,-10.818714,350.000000,309.437793,40.562207,350.000000,true,1814.600000,3250.000000,2857.832513,2743.519212,-928.919212
aether_constant_emissions_no_rebound,"AETHER, constant emissions",fixed_0p96_current,Fixed 0.96 current screen,2069,42.200000,0.000000,42.200000,100.000000,54.689754,0.960000,52.502163,-10.302163,350.000000,308.117003,41.882997,350.000000,true,1856.800000,3350.000000,2912.522266,2796.021376,-939.221376
aether_constant_emissions_no_rebound,"AETHER, constant emissions",fixed_0p96_current,Fixed 0.96 current screen,2070,42.200000,0.000000,42.200000,100.000000,54.218821,0.960000,52.050068,-9.850068,350.000000,306.854174,43.145826,350.000000,true,1899.000000,3450.000000,2966.741087,2848.071444,-949.071444
aether_constant_emissions_no_rebound,"AETHER, constant emissions",fixed_0p96_current,Fixed 0.96 current screen,2071,42.200000,0.000000,42.200000,100.000000,53.804975,0.960000,51.652776,-9.452776,350.000000,305.642279,44.357721,350.000000,true,1941.200000,3550.000000,3020.546063,2899.724220,-958.524220
aether_constant_emissions_no_rebound,"AETHER, constant emissions",fixed_0p96_current,Fixed 0.96 current screen,2072,42.200000,0.000000,42.200000,100.000000,53.439703,0.960000,51.302115,-9.102115,350.000000,304.475342,45.524658,350.000000,true,1983.400000,3650.000000,3073.985766,2951.026335,-967.626335
aether_constant_emissions_no_rebound,"AETHER, constant emissions",fixed_0p96_current,Fixed 0.96 current screen,2073,42.200000,0.000000,42.200000,100.000000,53.115794,0.960000,50.991162,-8.791162,350.000000,303.348270,46.651730,350.000000,true,2025.600000,3750.000000,3127.101560,3002.017497,-976.417497
aether_constant_emissions_no_rebound,"AETHER, constant emissions",fixed_0p96_current,Fixed 0.96 current screen,2074,42.200000,0.000000,42.200000,100.000000,52.827137,0.960000,50.714052,-8.514052,350.000000,302.256724,47.743276,350.000000,true,2067.800000,3850.000000,3179.928697,3052.731549,-984.931549
aether_constant_emissions_no_rebound,"AETHER, constant emissions",fixed_0p96_current,Fixed 0.96 current screen,2075,42.200000,0.000000,42.200000,100.000000,52.568560,0.960000,50.465817,-8.265817,350.000000,301.197004,48.802996,350.000000,true,2110.000000,3950.000000,3232.497257,3103.197367,-993.197367
aether_constant_emissions_no_rebound,"AETHER, constant emissions",fixed_0p96_current,Fixed 0.96 current screen,2076,42.200000,0.000000,42.200000,100.000000,52.335676,0.960000,50.242249,-8.042249,350.000000,300.165947,49.834053,350.000000,true,2152.200000,4050.000000,3284.832933,3153.439616,-1001.239616
aether_constant_emissions_no_rebound,"AETHER, constant emissions",fixed_0p96_current,Fixed 0.96 current screen,2077,42.200000,0.000000,42.200000,100.000000,52.124771,0.960000,50.039780,-7.839780,350.000000,299.160847,50.839153,350.000000,true,2194.400000,4150.000000,3336.957705,3203.479396,-1009.079396
aether_constant_emissions_no_rebound,"AETHER, constant emissions",fixed_0p96_current,Fixed 0.96 current screen,2078,42.200000,0.000000,42.200000,100.000000,51.932696,0.960000,49.855388,-7.655388,350.000000,298.179387,51.820613,350.000000,true,2236.600000,4250.000000,3388.890400,3253.334784,-1016.734784
aether_constant_emissions_no_rebound,"AETHER, constant emissions",fixed_0p96_current,Fixed 0.96 current screen,2079,42.200000,0.000000,42.200000,100.000000,51.756780,0.960000,49.686509,-7.486509,350.000000,297.219578,52.780422,350.000000,true,2278.800000,4350.000000,3440.647180,3303.021293,-1024.221293
aether_constant_emissions_no_rebound,"AETHER, constant emissions",fixed_0p96_current,Fixed 0.96 current screen,2080,42.200000,0.000000,42.200000,100.000000,51.594762,0.960000,49.530971,-7.330971,350.000000,296.279710,53.720290,350.000000,true,2321.000000,4450.000000,3492.241942,3352.552264,-1031.552264
aether_constant_emissions_no_rebound,"AETHER, constant emissions",fixed_0p96_current,Fixed 0.96 current screen,2081,42.200000,0.000000,42.200000,100.000000,51.444720,0.960000,49.386931,-7.186931,350.000000,295.358308,54.641692,350.000000,true,2363.200000,4550.000000,3543.686662,3401.939195,-1038.739195
aether_constant_emissions_no_rebound,"AETHER, constant emissions",fixed_0p96_current,Fixed 0.96 current screen,2082,42.200000,0.000000,42.200000,100.000000,51.305027,0.960000,49.252826,-7.052826,350.000000,294.454100,55.545900,350.000000,true,2405.400000,4650.000000,3594.991689,3451.192022,-1045.792022
aether_constant_emissions_no_rebound,"AETHER, constant emissions",fixed_0p96_current,Fixed 0.96 current screen,2083,42.200000,0.000000,42.200000,100.000000,51.174301,0.960000,49.127329,-6.927329,350.000000,293.565981,56.434019,350.000000,true,2447.600000,4750.000000,3646.165990,3500.319350,-1052.719350
aether_constant_emissions_no_rebound,"AETHER, constant emissions",fixed_0p96_current,Fixed 0.96 current screen,2084,42.200000,0.000000,42.200000,100.000000,51.051368,0.960000,49.009313,-6.809313,350.000000,292.692992,57.307008,350.000000,true,2489.800000,4850.000000,3697.217358,3549.328664,-1059.528664
aether_constant_emissions_no_rebound,"AETHER, constant emissions",fixed_0p96_current,Fixed 0.96 current screen,2085,42.200000,0.000000,42.200000,100.000000,50.935232,0.960000,48.897822,-6.697822,350.000000,291.834297,58.165703,350.000000,true,2532.000000,4950.000000,3748.152590,3598.226486,-1066.226486
aether_constant_emissions_no_rebound,"AETHER, constant emissions",fixed_0p96_current,Fixed 0.96 current screen,2086,42.200000,0.000000,42.200000,100.000000,50.825045,0.960000,48.792043,-6.592043,350.000000,290.989163,59.010837,350.000000,true,2574.200000,5050.000000,3798.977635,3647.018529,-1072.818529
aether_constant_emissions_no_rebound,"AETHER, constant emissions",fixed_0p96_current,Fixed 0.96 current screen,2087,42.200000,0.000000,42.200000,100.000000,50.720088,0.960000,48.691284,-6.491284,350.000000,290.156947,59.843053,350.000000,true,2616.400000,5150.000000,3849.697723,3695.709814,-1079.309814
aether_constant_emissions_no_rebound,"AETHER, constant emissions",fixed_0p96_current,Fixed 0.96 current screen,2088,42.200000,0.000000,42.200000,100.000000,50.619747,0.960000,48.594957,-6.394957,350.000000,289.337081,60.662919,350.000000,true,2658.600000,5250.000000,3900.317470,3744.304771,-1085.704771
aether_constant_emissions_no_rebound,"AETHER, constant emissions",fixed_0p96_current,Fixed 0.96 current screen,2089,42.200000,0.000000,42.200000,100.000000,50.523501,0.960000,48.502561,-6.302561,350.000000,288.529060,61.470940,350.000000,true,2700.800000,5350.000000,3950.840971,3792.807332,-1092.007332
aether_constant_emissions_no_rebound,"AETHER, constant emissions",fixed_0p96_current,Fixed 0.96 current screen,2090,42.200000,0.000000,42.200000,100.000000,50.430904,0.960000,48.413668,-6.213668,350.000000,287.732436,62.267564,350.000000,true,2743.000000,5450.000000,4001.271875,3841.221000,-1098.221000
aether_constant_emissions_no_rebound,"AETHER, constant emissions",fixed_0p96_current,Fixed 0.96 current screen,2091,42.200000,0.000000,42.200000,100.000000,50.341577,0.960000,48.327914,-6.127914,350.000000,286.946806,63.053194,350.000000,true,2785.200000,5550.000000,4051.613452,3889.548914,-1104.348914
aether_constant_emissions_no_rebound,"AETHER, constant emissions",fixed_0p96_current,Fixed 0.96 current screen,2092,42.200000,0.000000,42.200000,100.000000,50.255196,0.960000,48.244988,-6.044988,350.000000,286.171807,63.828193,350.000000,true,2827.400000,5650.000000,4101.868648,3937.793902,-1110.393902
aether_constant_emissions_no_rebound,"AETHER, constant emissions",fixed_0p96_current,Fixed 0.96 current screen,2093,42.200000,0.000000,42.200000,100.000000,50.171482,0.960000,48.164622,-5.964622,350.000000,285.407112,64.592888,350.000000,true,2869.600000,5750.000000,4152.040130,3985.958524,-1116.358524
aether_constant_emissions_no_rebound,"AETHER, constant emissions",fixed_0p96_current,Fixed 0.96 current screen,2094,42.200000,0.000000,42.200000,100.000000,50.090197,0.960000,48.086590,-5.886590,350.000000,284.652421,65.347579,350.000000,true,2911.800000,5850.000000,4202.130327,4034.045114,-1122.245114
aether_constant_emissions_no_rebound,"AETHER, constant emissions",fixed_0p96_current,Fixed 0.96 current screen,2095,42.200000,0.000000,42.200000,100.000000,50.011139,0.960000,48.010693,-5.810693,350.000000,283.907461,66.092539,350.000000,true,2954.000000,5950.000000,4252.141466,4082.055807,-1128.055807
aether_constant_emissions_no_rebound,"AETHER, constant emissions",fixed_0p96_current,Fixed 0.96 current screen,2096,42.200000,0.000000,42.200000,100.000000,49.934130,0.960000,47.936765,-5.736765,350.000000,283.171978,66.828022,350.000000,true,2996.200000,6050.000000,4302.075596,4129.992572,-1133.792572
aether_constant_emissions_no_rebound,"AETHER, constant emissions",fixed_0p96_current,Fixed 0.96 current screen,2097,42.200000,0.000000,42.200000,100.000000,49.859019,0.960000,47.864659,-5.664659,350.000000,282.445740,67.554260,350.000000,true,3038.400000,6150.000000,4351.934615,4177.857231,-1139.457231
aether_constant_emissions_no_rebound,"AETHER, constant emissions",fixed_0p96_current,Fixed 0.96 current screen,2098,42.200000,0.000000,42.200000,100.000000,49.785676,0.960000,47.794249,-5.594249,350.000000,281.728528,68.271472,350.000000,true,3080.600000,6250.000000,4401.720292,4225.651480,-1145.051480
aether_constant_emissions_no_rebound,"AETHER, constant emissions",fixed_0p96_current,Fixed 0.96 current screen,2099,42.200000,0.000000,42.200000,100.000000,49.713987,0.960000,47.725427,-5.525427,350.000000,281.020140,68.979860,350.000000,true,3122.800000,6350.000000,4451.434279,4273.376907,-1150.576907
aether_constant_emissions_no_rebound,"AETHER, constant emissions",fixed_0p96_current,Fixed 0.96 current screen,2100,42.200000,0.000000,42.200000,100.000000,49.643853,0.960000,47.658099,-5.458099,350.000000,280.320384,69.679616,350.000000,true,3165.000000,6450.000000,4501.078131,4321.035006,-1156.035006
aether_constant_emissions_no_rebound,"AETHER, constant emissions",optimistic_active_management,Optimistic active management,2026,42.200000,0.000000,42.200000,0.000000,0.000000,0.980000,0.000000,42.200000,433.940256,433.940256,0.000000,350.000000,false,42.200000,0.000000,0.000000,0.000000,42.200000
aether_constant_emissions_no_rebound,"AETHER, constant emissions",optimistic_active_management,Optimistic active management,2027,42.200000,0.000000,42.200000,5.000000,5.000000,0.980000,4.900000,37.300000,438.368072,438.722308,-0.354236,350.000000,false,84.400000,5.000000,5.000000,4.900000,79.500000
aether_constant_emissions_no_rebound,"AETHER, constant emissions",optimistic_active_management,Optimistic active management,2028,42.200000,0.000000,42.200000,10.000000,10.000000,0.980000,9.800000,32.400000,441.919954,442.876154,-0.956200,350.000000,false,126.600000,15.000000,15.000000,14.700000,111.900000
aether_constant_emissions_no_rebound,"AETHER, constant emissions",optimistic_active_management,Optimistic active management,2029,42.200000,0.000000,42.200000,15.000000,15.000000,0.980000,14.700000,27.500000,444.681466,446.401795,-1.720328,350.000000,false,168.800000,30.000000,30.000000,29.400000,139.400000
aether_constant_emissions_no_rebound,"AETHER, constant emissions",optimistic_active_management,Optimistic active management,2030,42.200000,0.000000,42.200000,20.000000,20.000000,0.980000,19.600000,22.600000,446.721545,449.299231,-2.577686,350.000000,false,211.000000,50.000000,50.000000,49.000000,162.000000
aether_constant_emissions_no_rebound,"AETHER, constant emissions",optimistic_active_management,Optimistic active management,2031,42.200000,0.000000,42.200000,25.000000,25.000000,0.980000,24.500000,17.700000,448.095915,451.568462,-3.472547,350.000000,false,253.200000,75.000000,75.000000,73.500000,179.700000
aether_constant_emissions_no_rebound,"AETHER, constant emissions",optimistic_active_management,Optimistic active management,2032,42.200000,0.000000,42.200000,30.000000,30.000000,0.980000,29.400000,12.800000,448.849801,453.209487,-4.359686,350.000000,false,295.400000,105.000000,105.000000,102.900000,192.500000
aether_constant_emissions_no_rebound,"AETHER, constant emissions",optimistic_active_management,Optimistic active management,2033,42.200000,0.000000,42.200000,35.000000,35.000000,0.980000,34.300000,7.900000,449.020083,454.222308,-5.202225,350.000000,false,337.600000,140.000000,140.000000,137.200000,200.400000
aether_constant_emissions_no_rebound,"AETHER, constant emissions",optimistic_active_management,Optimistic active management,2034,42.200000,0.000000,42.200000,40.000000,40.000000,0.980000,39.200000,3.000000,448.636993,454.606923,-5.969930,350.000000,false,379.800000,180.000000,180.000000,176.400000,203.400000
aether_constant_emissions_no_rebound,"AETHER, constant emissions",optimistic_active_management,Optimistic active management,2035,42.200000,0.000000,42.200000,45.000000,45.000000,0.980000,44.100000,-1.900000,447.725475,454.363333,-6.637858,350.000000,false,422.000000,225.000000,225.000000,220.500000,201.500000
aether_constant_emissions_no_rebound,"AETHER, constant emissions",optimistic_active_management,Optimistic active management,2036,42.200000,0.000000,42.200000,50.000000,50.000000,0.980000,49.000000,-6.800000,446.306251,453.491538,-7.185287,350.000000,false,464.200000,275.000000,275.000000,269.500000,194.700000
aether_constant_emissions_no_rebound,"AETHER, constant emissions",optimistic_active_management,Optimistic active management,2037,42.200000,0.000000,42.200000,55.000000,55.000000,0.980000,53.900000,-11.700000,444.396677,451.991538,-7.594862,350.000000,false,506.400000,330.000000,330.000000,323.400000,183.000000
aether_constant_emissions_no_rebound,"AETHER, constant emissions",optimistic_active_management,Optimistic active management,2038,42.200000,0.000000,42.200000,60.000000,60.000000,0.980000,58.800000,-16.600000,442.011414,449.863333,-7.851920,350.000000,false,548.600000,390.000000,390.000000,382.200000,166.400000
aether_constant_emissions_no_rebound,"AETHER, constant emissions",optimistic_active_management,Optimistic active management,2039,42.200000,0.000000,42.200000,65.000000,65.000000,0.980000,63.700000,-21.500000,439.162966,447.106923,-7.943957,350.000000,false,590.800000,455.000000,455.000000,445.900000,144.900000
aether_constant_emissions_no_rebound,"AETHER, constant emissions",optimistic_active_management,Optimistic active management,2040,42.200000,0.000000,42.200000,70.000000,70.000000,0.980000,68.600000,-26.400000,435.862107,443.722308,-7.860201,350.000000,false,633.000000,525.000000,525.000000,514.500000,118.500000
aether_constant_emissions_no_rebound,"AETHER, constant emissions",optimistic_active_management,Optimistic active management,2041,42.200000,0.000000,42.200000,75.000000,75.000000,0.980000,73.500000,-31.300000,432.118213,439.709487,-7.591274,350.000000,false,675.200000,600.000000,600.000000,588.000000,87.200000
aether_constant_emissions_no_rebound,"AETHER, constant emissions",optimistic_active_management,Optimistic active management,2042,42.200000,0.000000,42.200000,80.000000,80.000000,0.980000,78.400000,-36.200000,427.939537,435.068462,-7.128925,350.000000,false,717.400000,680.000000,680.000000,666.400000,51.000000
aether_constant_emissions_no_rebound,"AETHER, constant emissions",optimistic_active_management,Optimistic active management,2043,42.200000,0.000000,42.200000,85.000000,85.000000,0.979528,83.259848,-41.059848,423.338563,429.804378,-6.465816,350.000000,false,759.600000,765.000000,765.000000,749.659848,9.940152
aether_constant_emissions_no_rebound,"AETHER, constant emissions",optimistic_active_management,Optimistic active management,2044,42.200000,0.000000,42.200000,90.000000,90.000000,0.975669,87.810221,-45.610221,418.361225,423.956914,-5.595689,350.000000,false,801.800000,855.000000,855.000000,837.470070,-35.670070
aether_constant_emissions_no_rebound,"AETHER, constant emissions",optimistic_active_management,Optimistic active management,2045,42.200000,0.000000,42.200000,95.000000,95.000000,0.970206,92.169590,-49.969590,413.035126,417.550556,-4.515430,350.000000,false,844.000000,950.000000,950.000000,929.639660,-85.639660
aether_constant_emissions_no_rebound,"AETHER, constant emissions",optimistic_active_management,Optimistic active management,2046,42.200000,0.000000,42.200000,100.000000,100.000000,0.964464,96.446429,-54.246429,407.372383,410.595886,-3.223503,350.000000,false,886.200000,1050.000000,1050.000000,1026.086089,-139.886089
aether_constant_emissions_no_rebound,"AETHER, constant emissions",optimistic_active_management,Optimistic active management,2047,42.200000,0.000000,42.200000,100.000000,100.000000,0.958453,95.845305,-53.645305,401.999523,403.718283,-1.718760,350.000000,false,928.400000,1150.000000,1150.000000,1121.931394,-193.531394
aether_constant_emissions_no_rebound,"AETHER, constant emissions",optimistic_active_management,Optimistic active management,2048,42.200000,0.000000,42.200000,100.000000,100.000000,0.952808,95.280836,-53.080836,396.872397,396.913047,-0.040651,350.000000,false,970.600000,1250.000000,1250.000000,1217.212231,-246.612231
aether_constant_emissions_no_rebound,"AETHER, constant emissions",optimistic_active_management,Optimistic active management,2049,42.200000,0.000000,42.200000,100.000000,100.000000,0.947477,94.747734,-52.547734,391.955664,390.176158,1.779506,350.000000,false,1012.800000,1350.000000,1350.000000,1311.959964,-299.159964
aether_constant_emissions_no_rebound,"AETHER, constant emissions",optimistic_active_management,Optimistic active management,2050,42.200000,0.000000,42.200000,100.000000,100.000000,0.942417,94.241707,-52.041707,387.220949,383.504145,3.716804,350.000000,false,1055.000000,1450.000000,1450.000000,1406.201671,-351.201671
aether_constant_emissions_no_rebound,"AETHER, constant emissions",optimistic_active_management,Optimistic active management,2051,42.200000,0.000000,42.200000,100.000000,100.000000,0.935161,93.516090,-51.316090,382.676564,376.925159,5.751405,350.000000,false,1097.200000,1550.000000,1550.000000,1499.717761,-402.517761
aether_constant_emissions_no_rebound,"AETHER, constant emissions",optimistic_active_management,Optimistic active management,2052,42.200000,0.000000,42.200000,100.000000,100.000000,0.926592,92.659207,-50.459207,378.321455,370.456030,7.865425,350.000000,false,1139.400000,1650.000000,1650.000000,1592.376969,-452.976969
aether_constant_emissions_no_rebound,"AETHER, constant emissions",optimistic_active_management,Optimistic active management,2053,42.200000,0.000000,42.200000,100.000000,100.000000,0.918411,91.841117,-49.641117,374.135025,364.091784,10.043242,350.000000,false,1181.600000,1750.000000,1750.000000,1684.218086,-502.618086
aether_constant_emissions_no_rebound,"AETHER, constant emissions",optimistic_active_management,Optimistic active management,2054,42.200000,0.000000,42.200000,100.000000,100.000000,0.910576,91.057610,-48.857610,370.100421,357.827988,12.272434,350.000000,false,1223.800000,1850.000000,1850.000000,1775.275696,-551.475696
aether_constant_emissions_no_rebound,"AETHER, constant emissions",optimistic_active_management,Optimistic active management,2055,42.200000,0.000000,42.200000,100.000000,100.000000,0.903052,90.305208,-48.105208,366.203754,351.660653,14.543100,350.000000,false,1266.000000,1950.000000,1950.000000,1865.580904,-599.580904
aether_constant_emissions_no_rebound,"AETHER, constant emissions",optimistic_active_management,Optimistic active management,2056,42.200000,0.000000,42.200000,100.000000,100.000000,0.895810,89.581018,-47.381018,362.433488,345.586164,16.847325,350.000000,false,1308.200000,2050.000000,2050.000000,1955.161922,-646.961922
aether_constant_emissions_no_rebound,"AETHER, constant emissions",optimistic_active_management,Optimistic active management,2057,42.200000,0.000000,42.200000,100.000000,100.000000,0.888826,88.882613,-46.682613,358.779966,339.601213,19.178752,350.000000,false,1350.400000,2150.000000,2150.000000,2044.044535,-693.644535
aether_constant_emissions_no_rebound,"AETHER, constant emissions",optimistic_active_management,Optimistic active management,2058,42.200000,0.000000,42.200000,100.000000,100.000000,0.882079,88.207942,-46.007942,355.235020,333.702759,21.532261,350.000000,false,1392.600000,2250.000000,2250.000000,2132.252477,-739.652477
aether_constant_emissions_no_rebound,"AETHER, constant emissions",optimistic_active_management,Optimistic active management,2059,42.200000,0.000000,42.200000,100.000000,100.000000,0.875553,87.555259,-45.355259,351.791684,327.887983,23.903701,350.000000,false,1434.800000,2350.000000,2350.000000,2219.807736,-785.007736
aether_constant_emissions_no_rebound,"AETHER, constant emissions",optimistic_active_management,Optimistic active management,2060,42.200000,0.000000,42.200000,100.000000,86.036834,0.869231,74.785849,-32.585849,350.000000,323.710310,26.289690,350.000000,true,1477.000000,2450.000000,2436.036834,2294.593584,-817.593584
aether_constant_emissions_no_rebound,"AETHER, constant emissions",optimistic_active_management,Optimistic active management,2061,42.200000,0.000000,42.200000,100.000000,69.413190,0.865943,60.107876,-17.907876,350.000000,321.414428,28.585572,350.000000,true,1519.200000,2550.000000,2505.450024,2354.701460,-835.501460
aether_constant_emissions_no_rebound,"AETHER, constant emissions",optimistic_active_management,Optimistic active management,2062,42.200000,0.000000,42.200000,100.000000,67.686548,0.865946,58.612912,-16.412912,350.000000,319.310209,30.689791,350.000000,true,1561.400000,2650.000000,2573.136572,2413.314372,-851.914372
aether_constant_emissions_no_rebound,"AETHER, constant emissions",optimistic_active_management,Optimistic active management,2063,42.200000,0.000000,42.200000,100.000000,66.203599,0.865977,57.330782,-15.130782,350.000000,317.370365,32.629635,350.000000,true,1603.600000,2750.000000,2639.340171,2470.645153,-867.045153
aether_constant_emissions_no_rebound,"AETHER, constant emissions",optimistic_active_management,Optimistic active management,2064,42.200000,0.000000,42.200000,100.000000,64.927500,0.866029,56.229091,-14.029091,350.000000,315.571764,34.428236,350.000000,true,1645.800000,2850.000000,2704.267671,2526.874244,-881.074244
aether_constant_emissions_no_rebound,"AETHER, constant emissions",optimistic_active_management,Optimistic active management,2065,42.200000,0.000000,42.200000,100.000000,63.826994,0.866098,55.280412,-13.080412,350.000000,313.894788,36.105212,350.000000,true,1688.000000,2950.000000,2768.094665,2582.154656,-894.154656
aether_constant_emissions_no_rebound,"AETHER, constant emissions",optimistic_active_management,Optimistic active management,2066,42.200000,0.000000,42.200000,100.000000,62.875573,0.866179,54.461522,-12.261522,350.000000,312.322798,37.677202,350.000000,true,1730.200000,3050.000000,2830.970238,2636.616178,-906.416178
aether_constant_emissions_no_rebound,"AETHER, constant emissions",optimistic_active_management,Optimistic active management,2067,42.200000,0.000000,42.200000,100.000000,62.050762,0.866271,53.752760,-11.552760,350.000000,310.841675,39.158325,350.000000,true,1772.400000,3150.000000,2893.021000,2690.368938,-917.968938
aether_constant_emissions_no_rebound,"AETHER, constant emissions",optimistic_active_management,Optimistic active management,2068,42.200000,0.000000,42.200000,100.000000,61.333506,0.866369,53.137476,-10.937476,350.000000,309.439434,40.560566,350.000000,true,1814.600000,3250.000000,2954.354506,2743.506415,-928.906415
aether_constant_emissions_no_rebound,"AETHER, constant emissions",optimistic_active_management,Optimistic active management,2069,42.200000,0.000000,42.200000,100.000000,60.707658,0.866473,52.601574,-10.401574,350.000000,308.105899,41.894101,350.000000,true,1856.800000,3350.000000,3015.062164,2796.107988,-939.307988
aether_constant_emissions_no_rebound,"AETHER, constant emissions",optimistic_active_management,Optimistic active management,2070,42.200000,0.000000,42.200000,100.000000,60.159531,0.866581,52.133114,-9.933114,350.000000,306.832423,43.167577,350.000000,true,1899.000000,3450.000000,3075.221695,2848.241103,-949.241103
aether_constant_emissions_no_rebound,"AETHER, constant emissions",optimistic_active_management,Optimistic active management,2071,42.200000,0.000000,42.200000,100.000000,59.677524,0.866691,51.721988,-9.521988,350.000000,305.611655,44.388345,350.000000,true,1941.200000,3550.000000,3134.899220,2899.963091,-958.763091
aether_constant_emissions_no_rebound,"AETHER, constant emissions",optimistic_active_management,Optimistic active management,2072,42.200000,0.000000,42.200000,100.000000,59.251809,0.866803,51.359634,-9.159634,350.000000,304.437343,45.562657,350.000000,true,1983.400000,3650.000000,3194.151029,2951.322724,-967.922724
aether_constant_emissions_no_rebound,"AETHER, constant emissions",optimistic_active_management,Optimistic active management,2073,42.200000,0.000000,42.200000,100.000000,58.874056,0.866915,51.038799,-8.838799,350.000000,303.304164,46.695836,350.000000,true,2025.600000,3750.000000,3253.025085,3002.361523,-976.761523
aether_constant_emissions_no_rebound,"AETHER, constant emissions",optimistic_active_management,Optimistic active management,2074,42.200000,0.000000,42.200000,100.000000,58.537203,0.867027,50.753341,-8.553341,350.000000,302.207582,47.792418,350.000000,true,2067.800000,3850.000000,3311.562288,3053.114864,-985.314864
aether_constant_emissions_no_rebound,"AETHER, constant emissions",optimistic_active_management,Optimistic active management,2075,42.200000,0.000000,42.200000,100.000000,58.235268,0.867139,50.498057,-8.298057,350.000000,301.143728,48.856272,350.000000,true,2110.000000,3950.000000,3369.797556,3103.612921,-993.612921
aether_constant_emissions_no_rebound,"AETHER, constant emissions",optimistic_active_management,Optimistic active management,2076,42.200000,0.000000,42.200000,100.000000,57.963178,0.867249,50.268537,-8.068537,350.000000,300.109300,49.890700,350.000000,true,2152.200000,4050.000000,3427.760734,3153.881458,-1001.681458
aether_constant_emissions_no_rebound,"AETHER, constant emissions",optimistic_active_management,Optimistic active management,2077,42.200000,0.000000,42.200000,100.000000,57.716635,0.867359,50.061046,-7.861046,350.000000,299.101474,50.898526,350.000000,true,2194.400000,4150.000000,3485.477369,3203.942504,-1009.542504
aether_constant_emissions_no_rebound,"AETHER, constant emissions",optimistic_active_management,Optimistic active management,2078,42.200000,0.000000,42.200000,100.000000,57.491992,0.867467,49.872418,-7.672418,350.000000,298.117830,51.882170,350.000000,true,2236.600000,4250.000000,3542.969361,3253.814922,-1017.214922
aether_constant_emissions_no_rebound,"AETHER, constant emissions",optimistic_active_management,Optimistic active management,2079,42.200000,0.000000,42.200000,100.000000,57.286157,0.867574,49.699970,-7.499970,350.000000,297.156296,52.843704,350.000000,true,2278.800000,4350.000000,3600.255518,3303.514893,-1024.714893
aether_constant_emissions_no_rebound,"AETHER, constant emissions",optimistic_active_management,Optimistic active management,2080,42.200000,0.000000,42.200000,100.000000,57.096509,0.867679,49.541426,-7.341426,350.000000,296.215087,53.784913,350.000000,true,2321.000000,4450.000000,3657.352026,3353.056318,-1032.056318
aether_constant_emissions_no_rebound,"AETHER, constant emissions",optimistic_active_management,Optimistic active management,2081,42.200000,0.000000,42.200000,100.000000,56.920821,0.867782,49.394856,-7.194856,350.000000,295.292670,54.707330,350.000000,true,2363.200000,4550.000000,3714.272848,3402.451175,-1039.251175
aether_constant_emissions_no_rebound,"AETHER, constant emissions",optimistic_active_management,Optimistic active management,2082,42.200000,0.000000,42.200000,100.000000,56.757207,0.867883,49.258624,-7.058624,350.000000,294.387718,55.612282,350.000000,true,2405.400000,4650.000000,3771.030054,3451.709799,-1046.309799
aether_constant_emissions_no_rebound,"AETHER, constant emissions",optimistic_active_management,Optimistic active management,2083,42.200000,0.000000,42.200000,100.000000,56.604061,0.867983,49.131341,-6.931341,350.000000,293.499085,56.500915,350.000000,true,2447.600000,4750.000000,3827.634116,3500.841140,-1053.241140
aether_constant_emissions_no_rebound,"AETHER, constant emissions",optimistic_active_management,Optimistic active management,2084,42.200000,0.000000,42.200000,100.000000,56.460023,0.868080,49.011829,-6.811829,350.000000,292.625773,57.374227,350.000000,true,2489.800000,4850.000000,3884.094138,3549.852969,-1060.052969
aether_constant_emissions_no_rebound,"AETHER, constant emissions",optimistic_active_management,Optimistic active management,2085,42.200000,0.000000,42.200000,100.000000,56.323934,0.868176,48.899084,-6.699084,350.000000,291.766916,58.233084,350.000000,true,2532.000000,4950.000000,3940.418073,3598.752053,-1066.752053
aether_constant_emissions_no_rebound,"AETHER, constant emissions",optimistic_active_management,Optimistic active management,2086,42.200000,0.000000,42.200000,100.000000,56.194811,0.868270,48.792258,-6.592258,350.000000,290.921755,59.078245,350.000000,true,2574.200000,5050.000000,3996.612883,3647.544311,-1073.344311
aether_constant_emissions_no_rebound,"AETHER, constant emissions",optimistic_active_management,Optimistic active management,2087,42.200000,0.000000,42.200000,100.000000,56.071815,0.868362,48.690626,-6.490626,350.000000,290.089623,59.910377,350.000000,true,2616.400000,5150.000000,4052.684698,3696.234938,-1079.834938
aether_constant_emissions_no_rebound,"AETHER, constant emissions",optimistic_active_management,Optimistic active management,2088,42.200000,0.000000,42.200000,100.000000,55.954234,0.868452,48.593574,-6.393574,350.000000,289.269934,60.730066,350.000000,true,2658.600000,5250.000000,4108.638932,3744.828511,-1086.228511
aether_constant_emissions_no_rebound,"AETHER, constant emissions",optimistic_active_management,Optimistic active management,2089,42.200000,0.000000,42.200000,100.000000,55.841459,0.868541,48.500577,-6.300577,350.000000,288.462168,61.537832,350.000000,true,2700.800000,5350.000000,4164.480391,3793.329088,-1092.529088
aether_constant_emissions_no_rebound,"AETHER, constant emissions",optimistic_active_management,Optimistic active management,2090,42.200000,0.000000,42.200000,100.000000,55.732972,0.868627,48.411188,-6.211188,350.000000,287.665862,62.334138,350.000000,true,2743.000000,5450.000000,4220.213364,3841.740276,-1098.740276
aether_constant_emissions_no_rebound,"AETHER, constant emissions",optimistic_active_management,Optimistic active management,2091,42.200000,0.000000,42.200000,100.000000,55.628331,0.868713,48.325027,-6.125027,350.000000,286.880602,63.119398,350.000000,true,2785.200000,5550.000000,4275.841694,3890.065303,-1104.865303
aether_constant_emissions_no_rebound,"AETHER, constant emissions",optimistic_active_management,Optimistic active management,2092,42.200000,0.000000,42.200000,100.000000,55.527155,0.868796,48.241769,-6.041769,350.000000,286.106016,63.893984,350.000000,true,2827.400000,5650.000000,4331.368849,3938.307072,-1110.907072
aether_constant_emissions_no_rebound,"AETHER, constant emissions",optimistic_active_management,Optimistic active management,2093,42.200000,0.000000,42.200000,100.000000,55.429121,0.868878,48.161135,-5.961135,350.000000,285.341768,64.658232,350.000000,true,2869.600000,5750.000000,4386.797971,3986.468207,-1116.868207
aether_constant_emissions_no_rebound,"AETHER, constant emissions",optimistic_active_management,Optimistic active management,2094,42.200000,0.000000,42.200000,100.000000,55.333950,0.868958,48.082887,-5.882887,350.000000,284.587552,65.412448,350.000000,true,2911.800000,5850.000000,4442.131921,4034.551094,-1122.751094
aether_constant_emissions_no_rebound,"AETHER, constant emissions",optimistic_active_management,Optimistic active management,2095,42.200000,0.000000,42.200000,100.000000,55.241403,0.869037,48.006820,-5.806820,350.000000,283.843088,66.156912,350.000000,true,2954.000000,5950.000000,4497.373324,4082.557914,-1128.557914
aether_constant_emissions_no_rebound,"AETHER, constant emissions",optimistic_active_management,Optimistic active management,2096,42.200000,0.000000,42.200000,100.000000,55.151274,0.869114,47.932759,-5.732759,350.000000,283.108119,66.891881,350.000000,true,2996.200000,6050.000000,4552.524597,4130.490673,-1134.290673
aether_constant_emissions_no_rebound,"AETHER, constant emissions",optimistic_active_management,Optimistic active management,2097,42.200000,0.000000,42.200000,100.000000,55.063384,0.869190,47.860553,-5.660553,350.000000,282.382407,67.617593,350.000000,true,3038.400000,6150.000000,4607.587981,4178.351226,-1139.951226
aether_constant_emissions_no_rebound,"AETHER, constant emissions",optimistic_active_management,Optimistic active management,2098,42.200000,0.000000,42.200000,100.000000,54.977580,0.869265,47.790069,-5.590069,350.000000,281.665731,68.334269,350.000000,true,3080.600000,6250.000000,4662.565561,4226.141295,-1145.541295
aether_constant_emissions_no_rebound,"AETHER, constant emissions",optimistic_active_management,Optimistic active management,2099,42.200000,0.000000,42.200000,100.000000,54.893727,0.869338,47.721196,-5.521196,350.000000,280.957886,69.042114,350.000000,true,3122.800000,6350.000000,4717.459288,4273.862491,-1151.062491
aether_constant_emissions_no_rebound,"AETHER, constant emissions",optimistic_active_management,Optimistic active management,2100,42.200000,0.000000,42.200000,100.000000,54.811710,0.869410,47.653835,-5.453835,350.000000,280.258676,69.741324,350.000000,true,3165.000000,6450.000000,4772.270999,4321.516326,-1156.516326
aether_constant_emissions_no_rebound,"AETHER, constant emissions",conservative_state_dependent,Conservative state-dependent,2026,42.200000,0.000000,42.200000,0.000000,0.000000,0.920000,0.000000,42.200000,433.940256,433.940256,0.000000,350.000000,false,42.200000,0.000000,0.000000,0.000000,42.200000
aether_constant_emissions_no_rebound,"AETHER, constant emissions",conservative_state_dependent,Conservative state-dependent,2027,42.200000,0.000000,42.200000,5.000000,5.000000,0.920000,4.600000,37.600000,438.406533,438.760769,-0.354236,350.000000,false,84.400000,5.000000,5.000000,4.600000,79.800000
aether_constant_emissions_no_rebound,"AETHER, constant emissions",conservative_state_dependent,Conservative state-dependent,2028,42.200000,0.000000,42.200000,10.000000,10.000000,0.920000,9.200000,33.000000,442.032820,442.991538,-0.958718,350.000000,false,126.600000,15.000000,15.000000,13.800000,112.800000
aether_constant_emissions_no_rebound,"AETHER, constant emissions",conservative_state_dependent,Conservative state-dependent,2029,42.200000,0.000000,42.200000,15.000000,15.000000,0.920000,13.800000,28.400000,444.902627,446.632564,-1.729937,350.000000,false,168.800000,30.000000,30.000000,27.600000,141.200000
aether_constant_emissions_no_rebound,"AETHER, constant emissions",conservative_state_dependent,Conservative state-dependent,2030,42.200000,0.000000,42.200000,20.000000,20.000000,0.920000,18.400000,23.800000,447.083207,449.683846,-2.600639,350.000000,false,211.000000,50.000000,50.000000,46.000000,165.000000
aether_constant_emissions_no_rebound,"AETHER, constant emissions",conservative_state_dependent,Conservative state-dependent,2031,42.200000,0.000000,42.200000,25.000000,25.000000,0.920000,23.000000,19.200000,448.628894,452.145385,-3.516491,350.000000,false,253.200000,75.000000,75.000000,69.000000,184.200000
aether_constant_emissions_no_rebound,"AETHER, constant emissions",conservative_state_dependent,Conservative state-dependent,2032,42.200000,0.000000,42.200000,30.000000,30.000000,0.920000,27.600000,14.600000,449.583761,454.017179,-4.433418,350.000000,false,295.400000,105.000000,105.000000,96.600000,198.800000
aether_constant_emissions_no_rebound,"AETHER, constant emissions",conservative_state_dependent,Conservative state-dependent,2033,42.200000,0.000000,42.200000,35.000000,35.000000,0.920000,32.200000,10.000000,449.983719,455.299231,-5.315512,350.000000,false,337.600000,140.000000,140.000000,128.800000,208.800000
aether_constant_emissions_no_rebound,"AETHER, constant emissions",conservative_state_dependent,Conservative state-dependent,2034,42.200000,0.000000,42.200000,40.000000,40.000000,0.920000,36.800000,5.400000,449.858185,455.991538,-6.133354,350.000000,false,379.800000,180.000000,180.000000,165.600000,214.200000
aether_constant_emissions_no_rebound,"AETHER, constant emissions",conservative_state_dependent,Conservative state-dependent,2035,42.200000,0.000000,42.200000,45.000000,45.000000,0.920000,41.400000,0.800000,449.231404,456.094103,-6.862698,350.000000,false,422.000000,225.000000,225.000000,207.000000,215.000000
aether_constant_emissions_no_rebound,"AETHER, constant emissions",conservative_state_dependent,Conservative state-dependent,2036,42.200000,0.000000,42.200000,50.000000,50.000000,0.920000,46.000000,-3.800000,448.123500,455.606923,-7.483423,350.000000,false,464.200000,275.000000,275.000000,253.000000,211.200000
aether_constant_emissions_no_rebound,"AETHER, constant emissions",conservative_state_dependent,Conservative state-dependent,2037,42.200000,0.000000,42.200000,55.000000,55.000000,0.920000,50.600000,-8.400000,446.551305,454.530000,-7.978695,350.000000,false,506.400000,330.000000,330.000000,303.600000,202.800000
aether_constant_emissions_no_rebound,"AETHER, constant emissions",conservative_state_dependent,Conservative state-dependent,2038,42.200000,0.000000,42.200000,60.000000,60.000000,0.920000,55.200000,-13.000000,444.529020,452.863333,-8.334313,350.000000,false,548.600000,390.000000,390.000000,358.800000,189.800000
aether_constant_emissions_no_rebound,"AETHER, constant emissions",conservative_state_dependent,Conservative state-dependent,2039,42.200000,0.000000,42.200000,65.000000,65.000000,0.920000,59.800000,-17.600000,442.068741,450.606923,-8.538182,350.000000,false,590.800000,455.000000,455.000000,418.600000,172.200000
aether_constant_emissions_no_rebound,"AETHER, constant emissions",conservative_state_dependent,Conservative state-dependent,2040,42.200000,0.000000,42.200000,70.000000,70.000000,0.920000,64.400000,-22.200000,439.180872,447.760769,-8.579897,350.000000,false,633.000000,525.000000,525.000000,483.000000,150.000000
aether_constant_emissions_no_rebound,"AETHER, constant emissions",conservative_state_dependent,Conservative state-dependent,2041,42.200000,0.000000,42.200000,75.000000,75.000000,0.920000,69.000000,-26.800000,435.874456,444.324872,-8.450415,350.000000,false,675.200000,600.000000,600.000000,552.000000,123.200000
aether_constant_emissions_no_rebound,"AETHER, constant emissions",conservative_state_dependent,Conservative state-dependent,2042,42.200000,0.000000,42.200000,80.000000,80.000000,0.920000,73.600000,-31.400000,432.157440,440.299231,-8.141791,350.000000,false,717.400000,680.000000,680.000000,625.600000,91.800000
aether_constant_emissions_no_rebound,"AETHER, constant emissions",conservative_state_dependent,Conservative state-dependent,2043,42.200000,0.000000,42.200000,85.000000,85.000000,0.920000,78.200000,-36.000000,428.036877,435.683846,-7.646969,350.000000,false,759.600000,765.000000,765.000000,703.800000,55.800000
aether_constant_emissions_no_rebound,"AETHER, constant emissions",conservative_state_dependent,Conservative state-dependent,2044,42.200000,0.000000,42.200000,90.000000,90.000000,0.918686,82.681725,-40.481725,423.534263,430.493881,-6.959619,350.000000,false,801.800000,855.000000,855.000000,786.481725,15.318275
aether_constant_emissions_no_rebound,"AETHER, constant emissions",conservative_state_dependent,Conservative state-dependent,2045,42.200000,0.000000,42.200000,95.000000,95.000000,0.907027,86.167530,-43.967530,418.782024,424.857019,-6.074994,350.000000,false,844.000000,950.000000,950.000000,872.649255,-28.649255
aether_constant_emissions_no_rebound,"AETHER, constant emissions",conservative_state_dependent,Conservative state-dependent,2046,42.200000,0.000000,42.200000,100.000000,100.000000,0.894918,89.491810,-47.291810,413.796952,418.793966,-4.997014,350.000000,false,886.200000,1050.000000,1050.000000,962.141065,-75.941065
aether_constant_emissions_no_rebound,"AETHER, constant emissions",conservative_state_dependent,Conservative state-dependent,2047,42.200000,0.000000,42.200000,100.000000,100.000000,0.882390,88.239047,-46.039047,409.161858,412.891524,-3.729666,350.000000,false,928.400000,1150.000000,1150.000000,1050.380112,-121.980112
aether_constant_emissions_no_rebound,"AETHER, constant emissions",conservative_state_dependent,Conservative state-dependent,2048,42.200000,0.000000,42.200000,100.000000,100.000000,0.870816,87.081593,-44.881593,404.823369,407.137474,-2.314105,350.000000,false,970.600000,1250.000000,1250.000000,1137.461705,-166.861705
aether_constant_emissions_no_rebound,"AETHER, constant emissions",conservative_state_dependent,Conservative state-dependent,2049,42.200000,0.000000,42.200000,100.000000,100.000000,0.860056,86.005627,-43.805627,400.738763,401.521368,-0.782605,350.000000,false,1012.800000,1350.000000,1350.000000,1223.467332,-210.667332
aether_constant_emissions_no_rebound,"AETHER, constant emissions",conservative_state_dependent,Conservative state-dependent,2050,42.200000,0.000000,42.200000,100.000000,100.000000,0.849999,84.999947,-42.799947,396.873703,396.034195,0.839508,350.000000,false,1055.000000,1450.000000,1450.000000,1308.467279,-253.467279
aether_constant_emissions_no_rebound,"AETHER, constant emissions",conservative_state_dependent,Conservative state-dependent,2051,42.200000,0.000000,42.200000,100.000000,100.000000,0.840554,84.055421,-41.855421,393.200467,390.668115,2.532352,350.000000,false,1097.200000,1550.000000,1550.000000,1392.522700,-295.322700
aether_constant_emissions_no_rebound,"AETHER, constant emissions",conservative_state_dependent,Conservative state-dependent,2052,42.200000,0.000000,42.200000,100.000000,100.000000,0.831646,83.164563,-40.964563,389.696552,385.416248,4.280303,350.000000,false,1139.400000,1650.000000,1650.000000,1475.687263,-336.287263
aether_constant_emissions_no_rebound,"AETHER, constant emissions",conservative_state_dependent,Conservative state-dependent,2053,42.200000,0.000000,42.200000,100.000000,100.000000,0.822605,82.260506,-40.060506,386.351363,380.280286,6.071077,350.000000,false,1181.600000,1750.000000,1750.000000,1557.947769,-376.347769
aether_constant_emissions_no_rebound,"AETHER, constant emissions",conservative_state_dependent,Conservative state-dependent,2054,42.200000,0.000000,42.200000,100.000000,100.000000,0.807919,80.791862,-38.591862,383.227100,375.332611,7.894489,350.000000,false,1223.800000,1850.000000,1850.000000,1638.739631,-414.939631
aether_constant_emissions_no_rebound,"AETHER, constant emissions",conservative_state_dependent,Conservative state-dependent,2055,42.200000,0.000000,42.200000,100.000000,100.000000,0.794208,79.420788,-37.220788,380.298115,370.560715,9.737399,350.000000,false,1266.000000,1950.000000,1950.000000,1718.160420,-452.160420
aether_constant_emissions_no_rebound,"AETHER, constant emissions",conservative_state_dependent,Conservative state-dependent,2056,42.200000,0.000000,42.200000,100.000000,100.000000,0.781362,78.136177,-35.936177,377.543299,365.953513,11.589785,350.000000,false,1308.200000,2050.000000,2050.000000,1796.296597,-488.096597
aether_constant_emissions_no_rebound,"AETHER, constant emissions",conservative_state_dependent,Conservative state-dependent,2057,42.200000,0.000000,42.200000,100.000000,100.000000,0.769288,76.928821,-34.728821,374.945130,361.501100,13.444030,350.000000,false,1350.400000,2150.000000,2150.000000,1873.225418,-522.825418
aether_constant_emissions_no_rebound,"AETHER, constant emissions",conservative_state_dependent,Conservative state-dependent,2058,42.200000,0.000000,42.200000,100.000000,100.000000,0.757910,75.791024,-33.591024,372.488931,357.194559,15.294373,350.000000,false,1392.600000,2250.000000,2250.000000,1949.016443,-556.416443
aether_constant_emissions_no_rebound,"AETHER, constant emissions",conservative_state_dependent,Conservative state-dependent,2059,42.200000,0.000000,42.200000,100.000000,100.000000,0.747163,74.716296,-32.516296,370.162287,353.025803,17.136484,350.000000,false,1434.800000,2350.000000,2350.000000,2023.732739,-588.932739
aether_constant_emissions_no_rebound,"AETHER, constant emissions",conservative_state_dependent,Conservative state-dependent,2060,42.200000,0.000000,42.200000,100.000000,100.000000,0.736991,73.699115,-31.499115,367.954594,348.987455,18.967139,350.000000,false,1477.000000,2450.000000,2450.000000,2097.431855,-620.431855
aether_constant_emissions_no_rebound,"AETHER, constant emissions",conservative_state_dependent,Conservative state-dependent,2061,42.200000,0.000000,42.200000,100.000000,100.000000,0.727347,72.734739,-30.534739,365.856703,345.072744,20.783958,350.000000,false,1519.200000,2550.000000,2550.000000,2170.166594,-650.966594
aether_constant_emissions_no_rebound,"AETHER, constant emissions",conservative_state_dependent,Conservative state-dependent,2062,42.200000,0.000000,42.200000,100.000000,100.000000,0.718191,71.819057,-29.619057,363.860644,341.275429,22.585215,350.000000,false,1561.400000,2650.000000,2650.000000,2241.985651,-680.585651
aether_constant_emissions_no_rebound,"AETHER, constant emissions",conservative_state_dependent,Conservative state-dependent,2063,42.200000,0.000000,42.200000,100.000000,100.000000,0.709485,70.948476,-28.748476,361.959408,337.589727,24.369680,350.000000,false,1603.600000,2750.000000,2750.000000,2312.934127,-709.334127
aether_constant_emissions_no_rebound,"AETHER, constant emissions",conservative_state_dependent,Conservative state-dependent,2064,42.200000,0.000000,42.200000,100.000000,100.000000,0.701198,70.119826,-27.919826,360.146770,334.010262,26.136508,350.000000,false,1645.800000,2850.000000,2850.000000,2383.053953,-737.253953
aether_constant_emissions_no_rebound,"AETHER, constant emissions",conservative_state_dependent,Conservative state-dependent,2065,42.200000,0.000000,42.200000,100.000000,100.000000,0.700000,70.000000,-27.800000,358.331302,330.446160,27.885142,350.000000,false,1688.000000,2950.000000,2950.000000,2453.053953,-765.053953
aether_constant_emissions_no_rebound,"AETHER, constant emissions",conservative_state_dependent,Conservative state-dependent,2066,42.200000,0.000000,42.200000,100.000000,100.000000,0.700000,70.000000,-27.800000,356.502926,326.882057,29.620869,350.000000,false,1730.200000,3050.000000,3050.000000,2523.053953,-792.853953
aether_constant_emissions_no_rebound,"AETHER, constant emissions",conservative_state_dependent,Conservative state-dependent,2067,42.200000,0.000000,42.200000,100.000000,100.000000,0.700000,70.000000,-27.800000,354.666758,323.317955,31.348804,350.000000,false,1772.400000,3150.000000,3150.000000,2593.053953,-820.653953
aether_constant_emissions_no_rebound,"AETHER, constant emissions",conservative_state_dependent,Conservative state-dependent,2068,42.200000,0.000000,42.200000,100.000000,100.000000,0.700000,70.000000,-27.800000,352.826797,319.753852,33.072945,350.000000,false,1814.600000,3250.000000,3250.000000,2663.053953,-848.453953
aether_constant_emissions_no_rebound,"AETHER, constant emissions",conservative_state_dependent,Conservative state-dependent,2069,42.200000,0.000000,42.200000,100.000000,100.000000,0.700000,70.000000,-27.800000,350.986157,316.189750,34.796407,350.000000,false,1856.800000,3350.000000,3350.000000,2733.053953,-876.253953
aether_constant_emissions_no_rebound,"AETHER, constant emissions",conservative_state_dependent,Conservative state-dependent,2070,42.200000,0.000000,42.200000,100.000000,90.497952,0.700000,63.348566,-21.148566,350.000000,313.478395,36.521605,350.000000,true,1899.000000,3450.000000,3440.497952,2796.402519,-897.402519
aether_constant_emissions_no_rebound,"AETHER, constant emissions",conservative_state_dependent,Conservative state-dependent,2071,42.200000,0.000000,42.200000,100.000000,78.927303,0.700000,55.249112,-13.049112,350.000000,311.805432,38.194568,350.000000,true,1941.200000,3550.000000,3519.425255,2851.651631,-910.451631
aether_constant_emissions_no_rebound,"AETHER, constant emissions",conservative_state_dependent,Conservative state-dependent,2072,42.200000,0.000000,42.200000,100.000000,77.718376,0.700000,54.402863,-12.202863,350.000000,310.240962,39.759038,350.000000,true,1983.400000,3650.000000,3597.143632,2906.054495,-922.654495
aether_constant_emissions_no_rebound,"AETHER, constant emissions",conservative_state_dependent,Conservative state-dependent,2073,42.200000,0.000000,42.200000,100.000000,76.673524,0.700000,53.671467,-11.471467,350.000000,308.770261,41.229739,350.000000,true,2025.600000,3750.000000,3673.817155,2959.725961,-934.125961
aether_constant_emissions_no_rebound,"AETHER, constant emissions",conservative_state_dependent,Conservative state-dependent,2074,42.200000,0.000000,42.200000,100.000000,75.767914,0.700000,53.037540,-10.837540,350.000000,307.380833,42.619167,350.000000,true,2067.800000,3850.000000,3749.585069,3012.763501,-944.963501
aether_constant_emissions_no_rebound,"AETHER, constant emissions",conservative_state_dependent,Conservative state-dependent,2075,42.200000,0.000000,42.200000,100.000000,74.980519,0.700000,52.486363,-10.286363,350.000000,306.062069,43.937931,350.000000,true,2110.000000,3950.000000,3824.565588,3065.249864,-955.249864
aether_constant_emissions_no_rebound,"AETHER, constant emissions",conservative_state_dependent,Conservative state-dependent,2076,42.200000,0.000000,42.200000,100.000000,74.293535,0.700000,52.005475,-9.805475,350.000000,304.804957,45.195043,350.000000,true,2152.200000,4050.000000,3898.859123,3117.255339,-965.055339
aether_constant_emissions_no_rebound,"AETHER, constant emissions",conservative_state_dependent,Conservative state-dependent,2077,42.200000,0.000000,42.200000,100.000000,73.691884,0.700000,51.584319,-9.384319,350.000000,303.601839,46.398161,350.000000,true,2194.400000,4150.000000,3972.551007,3168.839658,-974.439658
aether_constant_emissions_no_rebound,"AETHER, constant emissions",conservative_state_dependent,Conservative state-dependent,2078,42.200000,0.000000,42.200000,100.000000,73.162796,0.700000,51.213957,-9.013957,350.000000,302.446203,47.553797,350.000000,true,2236.600000,4250.000000,4045.713804,3220.053615,-983.453615
aether_constant_emissions_no_rebound,"AETHER, constant emissions",conservative_state_dependent,Conservative state-dependent,2079,42.200000,0.000000,42.200000,100.000000,72.695457,0.700000,50.886820,-8.686820,350.000000,301.332508,48.667492,350.000000,true,2278.800000,4350.000000,4118.409260,3270.940435,-992.140435
aether_constant_emissions_no_rebound,"AETHER, constant emissions",conservative_state_dependent,Conservative state-dependent,2080,42.200000,0.000000,42.200000,100.000000,72.280706,0.700000,50.596494,-8.396494,350.000000,300.256035,49.743965,350.000000,true,2321.000000,4450.000000,4190.689966,3321.536929,-1000.536929
aether_constant_emissions_no_rebound,"AETHER, constant emissions",conservative_state_dependent,Conservative state-dependent,2081,42.200000,0.000000,42.200000,100.000000,71.910784,0.700000,50.337549,-8.137549,350.000000,299.212759,50.787241,350.000000,true,2363.200000,4550.000000,4262.600749,3371.874477,-1008.674477
aether_constant_emissions_no_rebound,"AETHER, constant emissions",conservative_state_dependent,Conservative state-dependent,2082,42.200000,0.000000,42.200000,100.000000,71.579117,0.700000,50.105382,-7.905382,350.000000,298.199249,51.800751,350.000000,true,2405.400000,4650.000000,4334.179866,3421.979859,-1016.579859
aether_constant_emissions_no_rebound,"AETHER, constant emissions",conservative_state_dependent,Conservative state-dependent,2083,42.200000,0.000000,42.200000,100.000000,71.280135,0.700000,49.896095,-7.696095,350.000000,297.212570,52.787430,350.000000,true,2447.600000,4750.000000,4405.460001,3471.875953,-1024.275953
aether_constant_emissions_no_rebound,"AETHER, constant emissions",conservative_state_dependent,Conservative state-dependent,2084,42.200000,0.000000,42.200000,100.000000,71.009119,0.700000,49.706383,-7.506383,350.000000,296.250213,53.749787,350.000000,true,2489.800000,4850.000000,4476.469120,3521.582337,-1031.782337
aether_constant_emissions_no_rebound,"AETHER, constant emissions",conservative_state_dependent,Conservative state-dependent,2085,42.200000,0.000000,42.200000,100.000000,70.762068,0.700000,49.533447,-7.333447,350.000000,295.310028,54.689972,350.000000,true,2532.000000,4950.000000,4547.231188,3571.115784,-1039.115784
aether_constant_emissions_no_rebound,"AETHER, constant emissions",conservative_state_dependent,Conservative state-dependent,2086,42.200000,0.000000,42.200000,100.000000,70.535590,0.700000,49.374913,-7.174913,350.000000,294.390167,55.609833,350.000000,true,2574.200000,5050.000000,4617.766777,3620.490697,-1046.290697
aether_constant_emissions_no_rebound,"AETHER, constant emissions",conservative_state_dependent,Conservative state-dependent,2087,42.200000,0.000000,42.200000,100.000000,70.326810,0.700000,49.228767,-7.028767,350.000000,293.489043,56.510957,350.000000,true,2616.400000,5150.000000,4688.093588,3669.719464,-1053.319464
aether_constant_emissions_no_rebound,"AETHER, constant emissions",conservative_state_dependent,Conservative state-dependent,2088,42.200000,0.000000,42.200000,100.000000,70.133290,0.700000,49.093303,-6.893303,350.000000,292.605286,57.394714,350.000000,true,2658.600000,5250.000000,4758.226877,3718.812767,-1060.212767
aether_constant_emissions_no_rebound,"AETHER, constant emissions",conservative_state_dependent,Conservative state-dependent,2089,42.200000,0.000000,42.200000,100.000000,69.952959,0.700000,48.967071,-6.767071,350.000000,291.737713,58.262287,350.000000,true,2700.800000,5350.000000,4828.179837,3767.779838,-1066.979838
aether_constant_emissions_no_rebound,"AETHER, constant emissions",conservative_state_dependent,Conservative state-dependent,2090,42.200000,0.000000,42.200000,100.000000,69.784063,0.700000,48.848844,-6.648844,350.000000,290.885297,59.114703,350.000000,true,2743.000000,5450.000000,4897.963899,3816.628682,-1073.628682
aether_constant_emissions_no_rebound,"AETHER, constant emissions",conservative_state_dependent,Conservative state-dependent,2091,42.200000,0.000000,42.200000,100.000000,69.625109,0.700000,48.737576,-6.537576,350.000000,290.047146,59.952854,350.000000,true,2785.200000,5550.000000,4967.589008,3865.366258,-1080.166258
aether_constant_emissions_no_rebound,"AETHER, constant emissions",conservative_state_dependent,Conservative state-dependent,2092,42.200000,0.000000,42.200000,100.000000,69.474831,0.700000,48.632382,-6.432382,350.000000,289.222482,60.777518,350.000000,true,2827.400000,5650.000000,5037.063840,3913.998640,-1086.598640
aether_constant_emissions_no_rebound,"AETHER, constant emissions",conservative_state_dependent,Conservative state-dependent,2093,42.200000,0.000000,42.200000,100.000000,69.332154,0.700000,48.532508,-6.332508,350.000000,288.410622,61.589378,350.000000,true,2869.600000,5750.000000,5106.395993,3962.531148,-1092.931148
aether_constant_emissions_no_rebound,"AETHER, constant emissions",conservative_state_dependent,Conservative state-dependent,2094,42.200000,0.000000,42.200000,100.000000,69.196160,0.700000,48.437312,-6.237312,350.000000,287.610967,62.389033,350.000000,true,2911.800000,5850.000000,5175.592153,4010.968460,-1099.168460
aether_constant_emissions_no_rebound,"AETHER, constant emissions",conservative_state_dependent,Conservative state-dependent,2095,42.200000,0.000000,42.200000,100.000000,69.066072,0.700000,48.346250,-6.146250,350.000000,286.822986,63.177014,350.000000,true,2954.000000,5950.000000,5244.658225,4059.314710,-1105.314710
aether_constant_emissions_no_rebound,"AETHER, constant emissions",conservative_state_dependent,Conservative state-dependent,2096,42.200000,0.000000,42.200000,100.000000,68.941224,0.700000,48.258857,-6.058857,350.000000,286.046209,63.953791,350.000000,true,2996.200000,6050.000000,5313.599449,4107.573567,-1111.373567
aether_constant_emissions_no_rebound,"AETHER, constant emissions",conservative_state_dependent,Conservative state-dependent,2097,42.200000,0.000000,42.200000,100.000000,68.821053,0.700000,48.174737,-5.974737,350.000000,285.280217,64.719783,350.000000,true,3038.400000,6150.000000,5382.420502,4155.748304,-1117.348304
aether_constant_emissions_no_rebound,"AETHER, constant emissions",conservative_state_dependent,Conservative state-dependent,2098,42.200000,0.000000,42.200000,100.000000,68.705073,0.700000,48.093551,-5.893551,350.000000,284.524634,65.475366,350.000000,true,3080.600000,6250.000000,5451.125575,4203.841855,-1123.241855
aether_constant_emissions_no_rebound,"AETHER, constant emissions",conservative_state_dependent,Conservative state-dependent,2099,42.200000,0.000000,42.200000,100.000000,68.592874,0.700000,48.015012,-5.815012,350.000000,283.779120,66.220880,350.000000,true,3122.800000,6350.000000,5519.718449,4251.856867,-1129.056867
aether_constant_emissions_no_rebound,"AETHER, constant emissions",conservative_state_dependent,Conservative state-dependent,2100,42.200000,0.000000,42.200000,100.000000,68.484101,0.700000,47.938871,-5.738871,350.000000,283.043367,66.956633,350.000000,true,3165.000000,6450.000000,5588.202550,4299.795738,-1134.795738
aether_constant_emissions_no_rebound,"AETHER, constant emissions",asymmetry_stress,Asymmetry stress,2026,42.200000,0.000000,42.200000,0.000000,0.000000,0.850000,0.000000,42.200000,433.940256,433.940256,0.000000,350.000000,false,42.200000,0.000000,0.000000,0.000000,42.200000
aether_constant_emissions_no_rebound,"AETHER, constant emissions",asymmetry_stress,Asymmetry stress,2027,42.200000,0.000000,42.200000,5.000000,5.000000,0.850000,4.250000,37.950000,438.451405,438.805641,-0.354236,350.000000,false,84.400000,5.000000,5.000000,4.250000,80.150000
aether_constant_emissions_no_rebound,"AETHER, constant emissions",asymmetry_stress,Asymmetry stress,2028,42.200000,0.000000,42.200000,10.000000,10.000000,0.850000,8.500000,33.700000,442.164498,443.126154,-0.961656,350.000000,false,126.600000,15.000000,15.000000,12.750000,113.850000
aether_constant_emissions_no_rebound,"AETHER, constant emissions",asymmetry_stress,Asymmetry stress,2029,42.200000,0.000000,42.200000,15.000000,15.000000,0.850000,12.750000,29.450000,445.160649,446.901795,-1.741146,350.000000,false,168.800000,30.000000,30.000000,25.500000,143.300000
aether_constant_emissions_no_rebound,"AETHER, constant emissions",asymmetry_stress,Asymmetry stress,2030,42.200000,0.000000,42.200000,20.000000,20.000000,0.850000,17.000000,25.200000,447.505145,450.132564,-2.627419,350.000000,false,211.000000,50.000000,50.000000,42.500000,168.500000
aether_constant_emissions_no_rebound,"AETHER, constant emissions",asymmetry_stress,Asymmetry stress,2031,42.200000,0.000000,42.200000,25.000000,25.000000,0.850000,21.250000,20.950000,449.250703,452.818462,-3.567758,350.000000,false,253.200000,75.000000,75.000000,63.750000,189.450000
aether_constant_emissions_no_rebound,"AETHER, constant emissions",asymmetry_stress,Asymmetry stress,2032,42.200000,0.000000,42.200000,30.000000,30.000000,0.850000,25.500000,16.700000,450.440047,454.959487,-4.519440,350.000000,false,295.400000,105.000000,105.000000,89.250000,206.150000
aether_constant_emissions_no_rebound,"AETHER, constant emissions",asymmetry_stress,Asymmetry stress,2033,42.200000,0.000000,42.200000,35.000000,35.000000,0.850000,29.750000,12.450000,451.107961,456.555641,-5.447680,350.000000,false,337.600000,140.000000,140.000000,119.000000,218.600000
aether_constant_emissions_no_rebound,"AETHER, constant emissions",asymmetry_stress,Asymmetry stress,2034,42.200000,0.000000,42.200000,40.000000,40.000000,0.850000,34.000000,8.200000,451.282908,457.606923,-6.324015,350.000000,false,379.800000,180.000000,180.000000,153.000000,226.800000
aether_constant_emissions_no_rebound,"AETHER, constant emissions",asymmetry_stress,Asymmetry stress,2035,42.200000,0.000000,42.200000,45.000000,45.000000,0.850000,38.250000,3.950000,450.988322,458.113333,-7.125011,350.000000,false,422.000000,225.000000,225.000000,191.250000,230.750000
aether_constant_emissions_no_rebound,"AETHER, constant emissions",asymmetry_stress,Asymmetry stress,2036,42.200000,0.000000,42.200000,50.000000,50.000000,0.850000,42.500000,-0.300000,450.243624,458.074872,-7.831248,350.000000,false,464.200000,275.000000,275.000000,233.750000,230.450000
aether_constant_emissions_no_rebound,"AETHER, constant emissions",asymmetry_stress,Asymmetry stress,2037,42.200000,0.000000,42.200000,55.000000,55.000000,0.850000,46.750000,-4.550000,449.065038,457.491538,-8.426501,350.000000,false,506.400000,330.000000,330.000000,280.500000,225.900000
aether_constant_emissions_no_rebound,"AETHER, constant emissions",asymmetry_stress,Asymmetry stress,2038,42.200000,0.000000,42.200000,60.000000,60.000000,0.850000,51.000000,-8.800000,447.466228,456.363333,-8.897106,350.000000,false,548.600000,390.000000,390.000000,331.500000,217.100000
aether_constant_emissions_no_rebound,"AETHER, constant emissions",asymmetry_stress,Asymmetry stress,2039,42.200000,0.000000,42.200000,65.000000,65.000000,0.850000,55.250000,-13.050000,445.458811,454.690256,-9.231445,350.000000,false,590.800000,455.000000,455.000000,386.750000,204.050000
aether_constant_emissions_no_rebound,"AETHER, constant emissions",asymmetry_stress,Asymmetry stress,2040,42.200000,0.000000,42.200000,70.000000,70.000000,0.850000,59.500000,-17.300000,443.052764,452.472308,-9.419543,350.000000,false,633.000000,525.000000,525.000000,446.250000,186.750000
aether_constant_emissions_no_rebound,"AETHER, constant emissions",asymmetry_stress,Asymmetry stress,2041,42.200000,0.000000,42.200000,75.000000,75.000000,0.850000,63.750000,-21.550000,440.256740,449.709487,-9.452747,350.000000,false,675.200000,600.000000,600.000000,510.000000,165.200000
aether_constant_emissions_no_rebound,"AETHER, constant emissions",asymmetry_stress,Asymmetry stress,2042,42.200000,0.000000,42.200000,80.000000,80.000000,0.850000,68.000000,-25.800000,437.078327,446.401795,-9.323468,350.000000,false,717.400000,680.000000,680.000000,578.000000,139.400000
aether_constant_emissions_no_rebound,"AETHER, constant emissions",asymmetry_stress,Asymmetry stress,2043,42.200000,0.000000,42.200000,85.000000,85.000000,0.850000,72.250000,-30.050000,433.524249,442.549231,-9.024982,350.000000,false,759.600000,765.000000,765.000000,650.250000,109.350000
aether_constant_emissions_no_rebound,"AETHER, constant emissions",asymmetry_stress,Asymmetry stress,2044,42.200000,0.000000,42.200000,90.000000,90.000000,0.849325,76.439218,-34.239218,429.608324,438.159587,-8.551264,350.000000,false,801.800000,855.000000,855.000000,726.689218,75.110782
aether_constant_emissions_no_rebound,"AETHER, constant emissions",asymmetry_stress,Asymmetry stress,2045,42.200000,0.000000,42.200000,95.000000,95.000000,0.843697,80.151185,-37.951185,425.396676,433.294051,-7.897375,350.000000,false,844.000000,950.000000,950.000000,806.840403,37.159597
aether_constant_emissions_no_rebound,"AETHER, constant emissions",asymmetry_stress,Asymmetry stress,2046,42.200000,0.000000,42.200000,100.000000,100.000000,0.829295,82.929541,-40.729541,421.009555,428.072315,-7.062760,350.000000,false,886.200000,1050.000000,1050.000000,889.769944,-3.569944
aether_constant_emissions_no_rebound,"AETHER, constant emissions",asymmetry_stress,Asymmetry stress,2047,42.200000,0.000000,42.200000,100.000000,100.000000,0.811384,81.138351,-38.938351,417.025945,423.080219,-6.054273,350.000000,false,928.400000,1150.000000,1150.000000,970.908295,-42.508295
aether_constant_emissions_no_rebound,"AETHER, constant emissions",asymmetry_stress,Asymmetry stress,2048,42.200000,0.000000,42.200000,100.000000,100.000000,0.795113,79.511308,-37.311308,413.381358,418.296718,-4.915360,350.000000,false,970.600000,1250.000000,1250.000000,1050.419603,-79.819603
aether_constant_emissions_no_rebound,"AETHER, constant emissions",asymmetry_stress,Asymmetry stress,2049,42.200000,0.000000,42.200000,100.000000,100.000000,0.780237,78.023680,-35.823680,410.024326,413.703938,-3.679612,350.000000,false,1012.800000,1350.000000,1350.000000,1128.443283,-115.643283
aether_constant_emissions_no_rebound,"AETHER, constant emissions",asymmetry_stress,Asymmetry stress,2050,42.200000,0.000000,42.200000,100.000000,100.000000,0.766555,76.655496,-34.455496,406.913589,409.286567,-2.372978,350.000000,false,1055.000000,1450.000000,1450.000000,1205.098779,-150.098779
aether_constant_emissions_no_rebound,"AETHER, constant emissions",asymmetry_stress,Asymmetry stress,2051,42.200000,0.000000,42.200000,100.000000,100.000000,0.753905,75.390533,-33.190533,404.015900,405.031370,-1.015471,350.000000,false,1097.200000,1550.000000,1550.000000,1280.489312,-183.289312
aether_constant_emissions_no_rebound,"AETHER, constant emissions",asymmetry_stress,Asymmetry stress,2052,42.200000,0.000000,42.200000,100.000000,100.000000,0.742155,74.215527,-32.015527,401.304312,400.926815,0.377497,350.000000,false,1139.400000,1650.000000,1650.000000,1354.704839,-215.304839
aether_constant_emissions_no_rebound,"AETHER, constant emissions",asymmetry_stress,Asymmetry stress,2053,42.200000,0.000000,42.200000,100.000000,100.000000,0.731196,73.119567,-30.919567,398.756845,396.962768,1.794076,350.000000,false,1181.600000,1750.000000,1750.000000,1427.824406,-246.224406
aether_constant_emissions_no_rebound,"AETHER, constant emissions",asymmetry_stress,Asymmetry stress,2054,42.200000,0.000000,42.200000,100.000000,100.000000,0.720936,72.093611,-29.893611,396.355438,393.130254,3.225184,350.000000,false,1223.800000,1850.000000,1850.000000,1499.918017,-276.118017
aether_constant_emissions_no_rebound,"AETHER, constant emissions",asymmetry_stress,Asymmetry stress,2055,42.200000,0.000000,42.200000,100.000000,100.000000,0.711301,71.130116,-28.930116,394.085136,389.421265,4.663871,350.000000,false,1266.000000,1950.000000,1950.000000,1571.048133,-305.048133
aether_constant_emissions_no_rebound,"AETHER, constant emissions",asymmetry_stress,Asymmetry stress,2056,42.200000,0.000000,42.200000,100.000000,100.000000,0.702227,70.222737,-28.022737,391.933452,385.828606,6.104846,350.000000,false,1308.200000,2050.000000,2050.000000,1641.270870,-333.070870
aether_constant_emissions_no_rebound,"AETHER, constant emissions",asymmetry_stress,Asymmetry stress,2057,42.200000,0.000000,42.200000,100.000000,100.000000,0.693661,69.366099,-27.166099,389.889863,382.345773,7.544090,350.000000,false,1350.400000,2150.000000,2150.000000,1710.636969,-360.236969
aether_constant_emissions_no_rebound,"AETHER, constant emissions",asymmetry_stress,Asymmetry stress,2058,42.200000,0.000000,42.200000,100.000000,100.000000,0.685226,68.522572,-26.322572,387.949658,378.971084,8.978573,350.000000,false,1392.600000,2250.000000,2250.000000,1779.159541,-386.559541
aether_constant_emissions_no_rebound,"AETHER, constant emissions",asymmetry_stress,Asymmetry stress,2059,42.200000,0.000000,42.200000,100.000000,100.000000,0.671734,67.173414,-24.973414,386.175111,375.769365,10.405746,350.000000,false,1434.800000,2350.000000,2350.000000,1846.332955,-411.532955
aether_constant_emissions_no_rebound,"AETHER, constant emissions",asymmetry_stress,Asymmetry stress,2060,42.200000,0.000000,42.200000,100.000000,100.000000,0.659335,65.933505,-23.733505,384.545705,372.726608,11.819097,350.000000,false,1477.000000,2450.000000,2450.000000,1912.266460,-435.266460
aether_constant_emissions_no_rebound,"AETHER, constant emissions",asymmetry_stress,Asymmetry stress,2061,42.200000,0.000000,42.200000,100.000000,100.000000,0.647898,64.789815,-22.589815,383.044521,369.830478,13.214043,350.000000,false,1519.200000,2550.000000,2550.000000,1977.056275,-457.856275
aether_constant_emissions_no_rebound,"AETHER, constant emissions",asymmetry_stress,Asymmetry stress,2062,42.200000,0.000000,42.200000,100.000000,100.000000,0.637315,63.731530,-21.531530,381.657476,367.070025,14.587451,350.000000,false,1561.400000,2650.000000,2650.000000,2040.787805,-479.387805
aether_constant_emissions_no_rebound,"AETHER, constant emissions",asymmetry_stress,Asymmetry stress,2063,42.200000,0.000000,42.200000,100.000000,100.000000,0.627496,62.749585,-20.549585,380.372735,364.435463,15.937272,350.000000,false,1603.600000,2750.000000,2750.000000,2103.537390,-499.937390
aether_constant_emissions_no_rebound,"AETHER, constant emissions",asymmetry_stress,Asymmetry stress,2064,42.200000,0.000000,42.200000,100.000000,100.000000,0.618363,61.836317,-19.636317,379.180252,361.917986,17.262266,350.000000,false,1645.800000,2850.000000,2850.000000,2165.373707,-519.573707
aether_constant_emissions_no_rebound,"AETHER, constant emissions",asymmetry_stress,Asymmetry stress,2065,42.200000,0.000000,42.200000,100.000000,100.000000,0.609852,60.985180,-18.785180,378.071416,359.509630,18.561786,350.000000,false,1688.000000,2950.000000,2950.000000,2226.358887,-538.358887
aether_constant_emissions_no_rebound,"AETHER, constant emissions",asymmetry_stress,Asymmetry stress,2066,42.200000,0.000000,42.200000,100.000000,100.000000,0.601905,60.190533,-17.990533,377.038777,357.203151,19.835626,350.000000,false,1730.200000,3050.000000,3050.000000,2286.549420,-556.349420
aether_constant_emissions_no_rebound,"AETHER, constant emissions",asymmetry_stress,Asymmetry stress,2067,42.200000,0.000000,42.200000,100.000000,100.000000,0.600000,60.000000,-17.800000,376.004994,354.921100,21.083894,350.000000,false,1772.400000,3150.000000,3150.000000,2346.549420,-574.149420
aether_constant_emissions_no_rebound,"AETHER, constant emissions",asymmetry_stress,Asymmetry stress,2068,42.200000,0.000000,42.200000,100.000000,100.000000,0.600000,60.000000,-17.800000,374.950612,352.639049,22.311564,350.000000,false,1814.600000,3250.000000,3250.000000,2406.549420,-591.949420
aether_constant_emissions_no_rebound,"AETHER, constant emissions",asymmetry_stress,Asymmetry stress,2069,42.200000,0.000000,42.200000,100.000000,100.000000,0.600000,60.000000,-17.800000,373.881107,350.356997,23.524110,350.000000,false,1856.800000,3350.000000,3350.000000,2466.549420,-609.749420
aether_constant_emissions_no_rebound,"AETHER, constant emissions",asymmetry_stress,Asymmetry stress,2070,42.200000,0.000000,42.200000,100.000000,100.000000,0.600000,60.000000,-17.800000,372.800794,348.074946,24.725848,350.000000,false,1899.000000,3450.000000,3450.000000,2526.549420,-627.549420
aether_constant_emissions_no_rebound,"AETHER, constant emissions",asymmetry_stress,Asymmetry stress,2071,42.200000,0.000000,42.200000,100.000000,100.000000,0.600000,60.000000,-17.800000,371.713066,345.792895,25.920171,350.000000,false,1941.200000,3550.000000,3550.000000,2586.549420,-645.349420
aether_constant_emissions_no_rebound,"AETHER, constant emissions",asymmetry_stress,Asymmetry stress,2072,42.200000,0.000000,42.200000,100.000000,100.000000,0.600000,60.000000,-17.800000,370.620589,343.510844,27.109746,350.000000,false,1983.400000,3650.000000,3650.000000,2646.549420,-663.149420
aether_constant_emissions_no_rebound,"AETHER, constant emissions",asymmetry_stress,Asymmetry stress,2073,42.200000,0.000000,42.200000,100.000000,100.000000,0.600000,60.000000,-17.800000,369.525451,341.228792,28.296659,350.000000,false,2025.600000,3750.000000,3750.000000,2706.549420,-680.949420
aether_constant_emissions_no_rebound,"AETHER, constant emissions",asymmetry_stress,Asymmetry stress,2074,42.200000,0.000000,42.200000,100.000000,100.000000,0.600000,60.000000,-17.800000,368.429284,338.946741,29.482543,350.000000,false,2067.800000,3850.000000,3850.000000,2766.549420,-698.749420
aether_constant_emissions_no_rebound,"AETHER, constant emissions",asymmetry_stress,Asymmetry stress,2075,42.200000,0.000000,42.200000,100.000000,100.000000,0.600000,60.000000,-17.800000,367.333356,336.664690,30.668666,350.000000,false,2110.000000,3950.000000,3950.000000,2826.549420,-716.549420
aether_constant_emissions_no_rebound,"AETHER, constant emissions",asymmetry_stress,Asymmetry stress,2076,42.200000,0.000000,42.200000,100.000000,100.000000,0.600000,60.000000,-17.800000,366.238652,334.382638,31.856014,350.000000,false,2152.200000,4050.000000,4050.000000,2886.549420,-734.349420
aether_constant_emissions_no_rebound,"AETHER, constant emissions",asymmetry_stress,Asymmetry stress,2077,42.200000,0.000000,42.200000,100.000000,100.000000,0.600000,60.000000,-17.800000,365.145931,332.100587,33.045344,350.000000,false,2194.400000,4150.000000,4150.000000,2946.549420,-752.149420
aether_constant_emissions_no_rebound,"AETHER, constant emissions",asymmetry_stress,Asymmetry stress,2078,42.200000,0.000000,42.200000,100.000000,100.000000,0.600000,60.000000,-17.800000,364.055771,329.818536,34.237235,350.000000,false,2236.600000,4250.000000,4250.000000,3006.549420,-769.949420
aether_constant_emissions_no_rebound,"AETHER, constant emissions",asymmetry_stress,Asymmetry stress,2079,42.200000,0.000000,42.200000,100.000000,100.000000,0.600000,60.000000,-17.800000,362.968610,327.536485,35.432126,350.000000,false,2278.800000,4350.000000,4350.000000,3066.549420,-787.749420
aether_constant_emissions_no_rebound,"AETHER, constant emissions",asymmetry_stress,Asymmetry stress,2080,42.200000,0.000000,42.200000,100.000000,100.000000,0.600000,60.000000,-17.800000,361.884776,325.254433,36.630343,350.000000,false,2321.000000,4450.000000,4450.000000,3126.549420,-805.549420
aether_constant_emissions_no_rebound,"AETHER, constant emissions",asymmetry_stress,Asymmetry stress,2081,42.200000,0.000000,42.200000,100.000000,100.000000,0.600000,60.000000,-17.800000,360.804509,322.972382,37.832127,350.000000,false,2363.200000,4550.000000,4550.000000,3186.549420,-823.349420
aether_constant_emissions_no_rebound,"AETHER, constant emissions",asymmetry_stress,Asymmetry stress,2082,42.200000,0.000000,42.200000,100.000000,100.000000,0.600000,60.000000,-17.800000,359.727978,320.690331,39.037647,350.000000,false,2405.400000,4650.000000,4650.000000,3246.549420,-841.149420
aether_constant_emissions_no_rebound,"AETHER, constant emissions",asymmetry_stress,Asymmetry stress,2083,42.200000,0.000000,42.200000,100.000000,100.000000,0.600000,60.000000,-17.800000,358.655301,318.408279,40.247021,350.000000,false,2447.600000,4750.000000,4750.000000,3306.549420,-858.949420
aether_constant_emissions_no_rebound,"AETHER, constant emissions",asymmetry_stress,Asymmetry stress,2084,42.200000,0.000000,42.200000,100.000000,100.000000,0.600000,60.000000,-17.800000,357.586551,316.126228,41.460323,350.000000,false,2489.800000,4850.000000,4850.000000,3366.549420,-876.749420
aether_constant_emissions_no_rebound,"AETHER, constant emissions",asymmetry_stress,Asymmetry stress,2085,42.200000,0.000000,42.200000,100.000000,100.000000,0.600000,60.000000,-17.800000,356.521769,313.844177,42.677592,350.000000,false,2532.000000,4950.000000,4950.000000,3426.549420,-894.549420
aether_constant_emissions_no_rebound,"AETHER, constant emissions",asymmetry_stress,Asymmetry stress,2086,42.200000,0.000000,42.200000,100.000000,100.000000,0.600000,60.000000,-17.800000,355.460970,311.562126,43.898844,350.000000,false,2574.200000,5050.000000,5050.000000,3486.549420,-912.349420
aether_constant_emissions_no_rebound,"AETHER, constant emissions",asymmetry_stress,Asymmetry stress,2087,42.200000,0.000000,42.200000,100.000000,100.000000,0.600000,60.000000,-17.800000,354.404149,309.280074,45.124075,350.000000,false,2616.400000,5150.000000,5150.000000,3546.549420,-930.149420
aether_constant_emissions_no_rebound,"AETHER, constant emissions",asymmetry_stress,Asymmetry stress,2088,42.200000,0.000000,42.200000,100.000000,100.000000,0.600000,60.000000,-17.800000,353.351286,306.998023,46.353263,350.000000,false,2658.600000,5250.000000,5250.000000,3606.549420,-947.949420
aether_constant_emissions_no_rebound,"AETHER, constant emissions",asymmetry_stress,Asymmetry stress,2089,42.200000,0.000000,42.200000,100.000000,100.000000,0.600000,60.000000,-17.800000,352.302348,304.715972,47.586377,350.000000,false,2700.800000,5350.000000,5350.000000,3666.549420,-965.749420
aether_constant_emissions_no_rebound,"AETHER, constant emissions",asymmetry_stress,Asymmetry stress,2090,42.200000,0.000000,42.200000,100.000000,100.000000,0.600000,60.000000,-17.800000,351.257295,302.433920,48.823375,350.000000,false,2743.000000,5450.000000,5450.000000,3726.549420,-983.549420
aether_constant_emissions_no_rebound,"AETHER, constant emissions",asymmetry_stress,Asymmetry stress,2091,42.200000,0.000000,42.200000,100.000000,100.000000,0.600000,60.000000,-17.800000,350.216079,300.151869,50.064210,350.000000,false,2785.200000,5550.000000,5550.000000,3786.549420,-1001.349420
aether_constant_emissions_no_rebound,"AETHER, constant emissions",asymmetry_stress,Asymmetry stress,2092,42.200000,0.000000,42.200000,100.000000,89.322410,0.600000,53.593446,-11.393446,350.000000,298.691171,51.308829,350.000000,true,2827.400000,5650.000000,5639.322410,3840.142866,-1012.742866
aether_constant_emissions_no_rebound,"AETHER, constant emissions",asymmetry_stress,Asymmetry stress,2093,42.200000,0.000000,42.200000,100.000000,85.862729,0.600000,51.517638,-9.317638,350.000000,297.496602,52.503398,350.000000,true,2869.600000,5750.000000,5725.185139,3891.660504,-1022.060504
aether_constant_emissions_no_rebound,"AETHER, constant emissions",asymmetry_stress,Asymmetry stress,2094,42.200000,0.000000,42.200000,100.000000,85.113819,0.600000,51.068291,-8.868291,350.000000,296.359642,53.640358,350.000000,true,2911.800000,5850.000000,5810.298957,3942.728795,-1030.928795
aether_constant_emissions_no_rebound,"AETHER, constant emissions",asymmetry_stress,Asymmetry stress,2095,42.200000,0.000000,42.200000,100.000000,84.459571,0.600000,50.675743,-8.475743,350.000000,295.273008,54.726992,350.000000,true,2954.000000,5950.000000,5894.758529,3993.404538,-1039.404538
aether_constant_emissions_no_rebound,"AETHER, constant emissions",asymmetry_stress,Asymmetry stress,2096,42.200000,0.000000,42.200000,100.000000,83.885787,0.600000,50.331472,-8.131472,350.000000,294.230512,55.769488,350.000000,true,2996.200000,6050.000000,5978.644316,4043.736010,-1047.536010
aether_constant_emissions_no_rebound,"AETHER, constant emissions",asymmetry_stress,Asymmetry stress,2097,42.200000,0.000000,42.200000,100.000000,83.380441,0.600000,50.028265,-7.828265,350.000000,293.226888,56.773112,350.000000,true,3038.400000,6150.000000,6062.024757,4093.764275,-1055.364275
aether_constant_emissions_no_rebound,"AETHER, constant emissions",asymmetry_stress,Asymmetry stress,2098,42.200000,0.000000,42.200000,100.000000,82.933348,0.600000,49.760009,-7.560009,350.000000,292.257656,57.742344,350.000000,true,3080.600000,6250.000000,6144.958106,4143.524284,-1062.924284
aether_constant_emissions_no_rebound,"AETHER, constant emissions",asymmetry_stress,Asymmetry stress,2099,42.200000,0.000000,42.200000,100.000000,82.535881,0.600000,49.521529,-7.321529,350.000000,291.318998,58.681002,350.000000,true,3122.800000,6350.000000,6227.493987,4193.045812,-1070.245812
aether_constant_emissions_no_rebound,"AETHER, constant emissions",asymmetry_stress,Asymmetry stress,2100,42.200000,0.000000,42.200000,100.000000,82.180731,0.600000,49.308438,-7.108438,350.000000,290.407660,59.592340,350.000000,true,3165.000000,6450.000000,6309.674717,4242.354251,-1077.354251
aether_half_2046_zero_2060,AETHER plus delayed zero,fixed_0p96_current,Fixed 0.96 current screen,2026,42.200000,0.000000,42.200000,0.000000,0.000000,0.960000,0.000000,42.200000,433.940256,433.940256,0.000000,350.000000,false,42.200000,0.000000,0.000000,0.000000,42.200000
aether_half_2046_zero_2060,AETHER plus delayed zero,fixed_0p96_current,Fixed 0.96 current screen,2027,41.145000,0.000000,41.145000,5.000000,5.000000,0.960000,4.800000,36.345000,438.245636,438.599872,-0.354236,350.000000,false,83.345000,5.000000,5.000000,4.800000,78.545000
aether_half_2046_zero_2060,AETHER plus delayed zero,fixed_0p96_current,Fixed 0.96 current screen,2028,40.090000,0.000000,40.090000,10.000000,10.000000,0.960000,9.600000,30.490000,441.560663,442.508846,-0.948184,350.000000,false,123.435000,15.000000,15.000000,14.400000,109.035000
aether_half_2046_zero_2060,AETHER plus delayed zero,fixed_0p96_current,Fixed 0.96 current screen,2029,39.035000,0.000000,39.035000,15.000000,15.000000,0.960000,14.400000,24.635000,443.977438,445.667179,-1.689742,350.000000,false,162.470000,30.000000,30.000000,28.800000,133.670000
aether_half_2046_zero_2060,AETHER plus delayed zero,fixed_0p96_current,Fixed 0.96 current screen,2030,37.980000,0.000000,37.980000,20.000000,20.000000,0.960000,19.200000,18.780000,445.570256,448.074872,-2.504616,350.000000,false,200.450000,50.000000,50.000000,48.000000,152.450000
aether_half_2046_zero_2060,AETHER plus delayed zero,fixed_0p96_current,Fixed 0.96 current screen,2031,36.925000,0.000000,36.925000,25.000000,25.000000,0.960000,24.000000,12.925000,446.399264,449.731923,-3.332659,350.000000,false,237.375000,75.000000,75.000000,72.000000,165.375000
aether_half_2046_zero_2060,AETHER plus delayed zero,fixed_0p96_current,Fixed 0.96 current screen,2032,35.870000,0.000000,35.870000,30.000000,30.000000,0.960000,28.800000,7.070000,446.513363,450.638333,-4.124970,350.000000,false,273.245000,105.000000,105.000000,100.800000,172.445000
aether_half_2046_zero_2060,AETHER plus delayed zero,fixed_0p96_current,Fixed 0.96 current screen,2033,34.815000,0.000000,34.815000,35.000000,35.000000,0.960000,33.600000,1.215000,445.952508,450.794103,-4.841594,350.000000,false,308.060000,140.000000,140.000000,134.400000,173.660000
aether_half_2046_zero_2060,AETHER plus delayed zero,fixed_0p96_current,Fixed 0.96 current screen,2034,33.760000,0.000000,33.760000,40.000000,40.000000,0.960000,38.400000,-4.640000,444.749534,450.199231,-5.449697,350.000000,false,341.820000,180.000000,180.000000,172.800000,169.020000
aether_half_2046_zero_2060,AETHER plus delayed zero,fixed_0p96_current,Fixed 0.96 current screen,2035,32.705000,0.000000,32.705000,45.000000,45.000000,0.960000,43.200000,-10.495000,442.931600,448.853718,-5.922118,350.000000,false,374.525000,225.000000,225.000000,216.000000,158.525000
aether_half_2046_zero_2060,AETHER plus delayed zero,fixed_0p96_current,Fixed 0.96 current screen,2036,31.650000,0.000000,31.650000,50.000000,50.000000,0.960000,48.000000,-16.350000,440.521341,446.757564,-6.236223,350.000000,false,406.175000,275.000000,275.000000,264.000000,142.175000
aether_half_2046_zero_2060,AETHER plus delayed zero,fixed_0p96_current,Fixed 0.96 current screen,2037,30.595000,0.000000,30.595000,55.000000,55.000000,0.960000,52.800000,-22.205000,437.537777,443.910769,-6.372993,350.000000,false,436.770000,330.000000,330.000000,316.800000,119.970000
aether_half_2046_zero_2060,AETHER plus delayed zero,fixed_0p96_current,Fixed 0.96 current screen,2038,29.540000,0.000000,29.540000,60.000000,60.000000,0.960000,57.600000,-28.060000,433.997033,440.313333,-6.316300,350.000000,false,466.310000,390.000000,390.000000,374.400000,91.910000
aether_half_2046_zero_2060,AETHER plus delayed zero,fixed_0p96_current,Fixed 0.96 current screen,2039,28.485000,0.000000,28.485000,65.000000,65.000000,0.960000,62.400000,-33.915000,429.912917,435.965256,-6.052339,350.000000,false,494.795000,455.000000,455.000000,436.800000,57.995000
aether_half_2046_zero_2060,AETHER plus delayed zero,fixed_0p96_current,Fixed 0.96 current screen,2040,27.430000,0.000000,27.430000,70.000000,70.000000,0.960000,67.200000,-39.770000,425.297373,430.866538,-5.569166,350.000000,false,522.225000,525.000000,525.000000,504.000000,18.225000
aether_half_2046_zero_2060,AETHER plus delayed zero,fixed_0p96_current,Fixed 0.96 current screen,2041,26.375000,0.000000,26.375000,75.000000,75.000000,0.960000,72.000000,-45.625000,420.160840,425.017179,-4.856339,350.000000,false,548.600000,600.000000,600.000000,576.000000,-27.400000
aether_half_2046_zero_2060,AETHER plus delayed zero,fixed_0p96_current,Fixed 0.96 current screen,2042,25.320000,0.000000,25.320000,80.000000,80.000000,0.960000,76.800000,-51.480000,414.512545,418.417179,-3.904634,350.000000,false,573.920000,680.000000,680.000000,652.800000,-78.880000
aether_half_2046_zero_2060,AETHER plus delayed zero,fixed_0p96_current,Fixed 0.96 current screen,2043,24.265000,0.000000,24.265000,85.000000,85.000000,0.960000,81.600000,-57.335000,408.360728,411.066538,-2.705811,350.000000,false,598.185000,765.000000,765.000000,734.400000,-136.215000
aether_half_2046_zero_2060,AETHER plus delayed zero,fixed_0p96_current,Fixed 0.96 current screen,2044,23.210000,0.000000,23.210000,90.000000,90.000000,0.960000,86.400000,-63.190000,401.712822,402.965256,-1.252435,350.000000,false,621.395000,855.000000,855.000000,820.800000,-199.405000
aether_half_2046_zero_2060,AETHER plus delayed zero,fixed_0p96_current,Fixed 0.96 current screen,2045,22.155000,0.000000,22.155000,95.000000,95.000000,0.960000,91.200000,-69.045000,394.575601,394.113333,0.462267,350.000000,false,643.550000,950.000000,950.000000,912.000000,-268.450000
aether_half_2046_zero_2060,AETHER plus delayed zero,fixed_0p96_current,Fixed 0.96 current screen,2046,21.100000,0.000000,21.100000,100.000000,100.000000,0.960000,96.000000,-74.900000,386.955293,384.510769,2.444524,350.000000,false,664.650000,1050.000000,1050.000000,1008.000000,-343.350000
aether_half_2046_zero_2060,AETHER plus delayed zero,fixed_0p96_current,Fixed 0.96 current screen,2047,19.592857,0.000000,19.592857,100.000000,100.000000,0.960000,96.000000,-76.407143,379.415093,374.714982,4.700111,350.000000,false,684.242857,1150.000000,1150.000000,1104.000000,-419.757143
aether_half_2046_zero_2060,AETHER plus delayed zero,fixed_0p96_current,Fixed 0.96 current screen,2048,18.085714,0.000000,18.085714,100.000000,100.000000,0.960000,96.000000,-77.914286,371.923897,364.725971,7.197927,350.000000,false,702.328571,1250.000000,1250.000000,1200.000000,-497.671429
aether_half_2046_zero_2060,AETHER plus delayed zero,fixed_0p96_current,Fixed 0.96 current screen,2049,16.578571,0.000000,16.578571,100.000000,100.000000,0.960000,96.000000,-79.421429,364.457020,354.543736,9.913284,350.000000,false,718.907143,1350.000000,1350.000000,1296.000000,-577.092857
aether_half_2046_zero_2060,AETHER plus delayed zero,fixed_0p96_current,Fixed 0.96 current screen,2050,15.071429,0.000000,15.071429,100.000000,100.000000,0.960000,96.000000,-80.928571,356.994861,344.168278,12.826583,350.000000,false,733.978571,1450.000000,1450.000000,1392.000000,-658.021429
aether_half_2046_zero_2060,AETHER plus delayed zero,fixed_0p96_current,Fixed 0.96 current screen,2051,13.564286,0.000000,13.564286,100.000000,96.115048,0.960000,92.270446,-78.706160,350.000000,334.077745,15.922255,350.000000,true,747.542857,1550.000000,1546.115048,1484.270446,-736.727589
aether_half_2046_zero_2060,AETHER plus delayed zero,fixed_0p96_current,Fixed 0.96 current screen,2052,12.057143,0.000000,12.057143,100.000000,38.838772,0.960000,37.285221,-25.228078,350.000000,330.843376,19.156624,350.000000,true,759.600000,1650.000000,1584.953819,1521.555667,-761.955667
aether_half_2046_zero_2060,AETHER plus delayed zero,fixed_0p96_current,Fixed 0.96 current screen,2053,10.550000,0.000000,10.550000,100.000000,34.612636,0.960000,33.228130,-22.678130,350.000000,327.935923,22.064077,350.000000,true,770.150000,1750.000000,1619.566455,1554.783797,-784.633797
aether_half_2046_zero_2060,AETHER plus delayed zero,fixed_0p96_current,Fixed 0.96 current screen,2054,9.042857,0.000000,9.042857,100.000000,30.775705,0.960000,29.544677,-20.501819,350.000000,325.307485,24.692515,350.000000,true,779.192857,1850.000000,1650.342160,1584.328473,-805.135616
aether_half_2046_zero_2060,AETHER plus delayed zero,fixed_0p96_current,Fixed 0.96 current screen,2055,7.535714,0.000000,7.535714,100.000000,27.268544,0.960000,26.177803,-18.642088,350.000000,322.917474,27.082526,350.000000,true,786.728571,1950.000000,1677.610704,1610.506276,-823.777704
aether_half_2046_zero_2060,AETHER plus delayed zero,fixed_0p96_current,Fixed 0.96 current screen,2056,6.028571,0.000000,6.028571,100.000000,24.040836,0.960000,23.079203,-17.050631,350.000000,320.731495,29.268505,350.000000,true,792.757143,2050.000000,1701.651540,1633.585479,-840.828336
aether_half_2046_zero_2060,AETHER plus delayed zero,fixed_0p96_current,Fixed 0.96 current screen,2057,4.521429,0.000000,4.521429,100.000000,21.049981,0.960000,20.207982,-15.686553,350.000000,318.720399,31.279601,350.000000,true,797.278571,2150.000000,1722.701522,1653.793461,-856.514889
aether_half_2046_zero_2060,AETHER plus delayed zero,fixed_0p96_current,Fixed 0.96 current screen,2058,3.014286,0.000000,3.014286,100.000000,18.259913,0.960000,17.529517,-14.515231,350.000000,316.859472,33.140528,350.000000,true,800.292857,2250.000000,1740.961435,1671.322977,-871.030120
aether_half_2046_zero_2060,AETHER plus delayed zero,fixed_0p96_current,Fixed 0.96 current screen,2059,1.507143,0.000000,1.507143,100.000000,15.640097,0.960000,15.014493,-13.507351,350.000000,315.127760,34.872240,350.000000,true,801.800000,2350.000000,1756.601532,1686.337471,-884.537471
aether_half_2046_zero_2060,AETHER plus delayed zero,fixed_0p96_current,Fixed 0.96 current screen,2060,0.000000,0.000000,0.000000,100.000000,13.164680,0.960000,12.638093,-12.638093,350.000000,313.507492,36.492508,350.000000,true,801.800000,2450.000000,1769.766213,1698.975564,-897.175564
aether_half_2046_zero_2060,AETHER plus delayed zero,fixed_0p96_current,Fixed 0.96 current screen,2061,0.000000,0.000000,0.000000,100.000000,12.381714,0.960000,11.886445,-11.886445,350.000000,311.983589,38.016411,350.000000,true,801.800000,2550.000000,1782.147926,1710.862009,-909.062009
aether_half_2046_zero_2060,AETHER plus delayed zero,fixed_0p96_current,Fixed 0.96 current screen,2062,0.000000,0.000000,0.000000,100.000000,11.702722,0.960000,11.234613,-11.234613,350.000000,310.543254,39.456746,350.000000,true,801.800000,2650.000000,1793.850648,1722.096622,-920.296622
aether_half_2046_zero_2060,AETHER plus delayed zero,fixed_0p96_current,Fixed 0.96 current screen,2063,0.000000,0.000000,0.000000,100.000000,11.112012,0.960000,10.667532,-10.667532,350.000000,309.175621,40.824379,350.000000,true,801.800000,2750.000000,1804.962660,1732.764154,-930.964154
aether_half_2046_zero_2060,AETHER plus delayed zero,fixed_0p96_current,Fixed 0.96 current screen,2064,0.000000,0.000000,0.000000,100.000000,10.596294,0.960000,10.172442,-10.172442,350.000000,307.871462,42.128538,350.000000,true,801.800000,2850.000000,1815.558954,1742.936596,-941.136596
aether_half_2046_zero_2060,AETHER plus delayed zero,fixed_0p96_current,Fixed 0.96 current screen,2065,0.000000,0.000000,0.000000,100.000000,10.144313,0.960000,9.738540,-9.738540,350.000000,306.622931,43.377069,350.000000,true,801.800000,2950.000000,1825.703267,1752.675136,-950.875136
aether_half_2046_zero_2060,AETHER plus delayed zero,fixed_0p96_current,Fixed 0.96 current screen,2066,0.000000,0.000000,0.000000,100.000000,9.746539,0.960000,9.356677,-9.356677,350.000000,305.423357,44.576643,350.000000,true,801.800000,3050.000000,1835.449806,1762.031814,-960.231814
aether_half_2046_zero_2060,AETHER plus delayed zero,fixed_0p96_current,Fixed 0.96 current screen,2067,0.000000,0.000000,0.000000,100.000000,9.394899,0.960000,9.019103,-9.019103,350.000000,304.267062,45.732938,350.000000,true,801.800000,3150.000000,1844.844705,1771.050917,-969.250917
aether_half_2046_zero_2060,AETHER plus delayed zero,fixed_0p96_current,Fixed 0.96 current screen,2068,0.000000,0.000000,0.000000,100.000000,9.082557,0.960000,8.719254,-8.719254,350.000000,303.149209,46.850791,350.000000,true,801.800000,3250.000000,1853.927262,1779.770172,-977.970172
aether_half_2046_zero_2060,AETHER plus delayed zero,fixed_0p96_current,Fixed 0.96 current screen,2069,0.000000,0.000000,0.000000,100.000000,8.803719,0.960000,8.451570,-8.451570,350.000000,302.065674,47.934326,350.000000,true,801.800000,3350.000000,1862.730981,1788.221742,-986.421742
aether_half_2046_zero_2060,AETHER plus delayed zero,fixed_0p96_current,Fixed 0.96 current screen,2070,0.000000,0.000000,0.000000,100.000000,8.553479,0.960000,8.211340,-8.211340,350.000000,301.012938,48.987062,350.000000,true,801.800000,3450.000000,1871.284460,1796.433082,-994.633082
aether_half_2046_zero_2060,AETHER plus delayed zero,fixed_0p96_current,Fixed 0.96 current screen,2071,0.000000,0.000000,0.000000,100.000000,8.327679,0.960000,7.994572,-7.994572,350.000000,299.987993,50.012007,350.000000,true,801.800000,3550.000000,1879.612139,1804.427654,-1002.627654
aether_half_2046_zero_2060,AETHER plus delayed zero,fixed_0p96_current,Fixed 0.96 current screen,2072,0.000000,0.000000,0.000000,100.000000,8.122796,0.960000,7.797884,-7.797884,350.000000,298.988264,51.011736,350.000000,true,801.800000,3650.000000,1887.734936,1812.225538,-1010.425538
aether_half_2046_zero_2060,AETHER plus delayed zero,fixed_0p96_current,Fixed 0.96 current screen,2073,0.000000,0.000000,0.000000,100.000000,7.935843,0.960000,7.618410,-7.618410,350.000000,298.011545,51.988455,350.000000,true,801.800000,3750.000000,1895.670779,1819.843948,-1018.043948
aether_half_2046_zero_2060,AETHER plus delayed zero,fixed_0p96_current,Fixed 0.96 current screen,2074,0.000000,0.000000,0.000000,100.000000,7.764289,0.960000,7.453718,-7.453718,350.000000,297.055940,52.944060,350.000000,true,801.800000,3850.000000,1903.435068,1827.297665,-1025.497665
aether_half_2046_zero_2060,AETHER plus delayed zero,fixed_0p96_current,Fixed 0.96 current screen,2075,0.000000,0.000000,0.000000,100.000000,7.605986,0.960000,7.301747,-7.301747,350.000000,296.119819,53.880181,350.000000,true,801.800000,3950.000000,1911.041054,1834.599412,-1032.799412
aether_half_2046_zero_2060,AETHER plus delayed zero,fixed_0p96_current,Fixed 0.96 current screen,2076,0.000000,0.000000,0.000000,100.000000,7.459114,0.960000,7.160750,-7.160750,350.000000,295.201774,54.798226,350.000000,true,801.800000,4050.000000,1918.500169,1841.760162,-1039.960162
aether_half_2046_zero_2060,AETHER plus delayed zero,fixed_0p96_current,Fixed 0.96 current screen,2077,0.000000,0.000000,0.000000,100.000000,7.322128,0.960000,7.029243,-7.029243,350.000000,294.300589,55.699411,350.000000,true,801.800000,4150.000000,1925.822296,1848.789404,-1046.989404
aether_half_2046_zero_2060,AETHER plus delayed zero,fixed_0p96_current,Fixed 0.96 current screen,2078,0.000000,0.000000,0.000000,100.000000,7.193715,0.960000,6.905967,-6.905967,350.000000,293.415209,56.584791,350.000000,true,801.800000,4250.000000,1933.016012,1855.695371,-1053.895371
aether_half_2046_zero_2060,AETHER plus delayed zero,fixed_0p96_current,Fixed 0.96 current screen,2079,0.000000,0.000000,0.000000,100.000000,7.072764,0.960000,6.789853,-6.789853,350.000000,292.544715,57.455285,350.000000,true,801.800000,4350.000000,1940.088776,1862.485225,-1060.685225
aether_half_2046_zero_2060,AETHER plus delayed zero,fixed_0p96_current,Fixed 0.96 current screen,2080,0.000000,0.000000,0.000000,100.000000,6.958327,0.960000,6.679994,-6.679994,350.000000,291.688305,58.311695,350.000000,true,801.800000,4450.000000,1947.047103,1869.165219,-1067.365219
aether_half_2046_zero_2060,AETHER plus delayed zero,fixed_0p96_current,Fixed 0.96 current screen,2081,0.000000,0.000000,0.000000,100.000000,6.849601,0.960000,6.575617,-6.575617,350.000000,290.845277,59.154723,350.000000,true,801.800000,4550.000000,1953.896704,1875.740836,-1073.940836
aether_half_2046_zero_2060,AETHER plus delayed zero,fixed_0p96_current,Fixed 0.96 current screen,2082,0.000000,0.000000,0.000000,100.000000,6.745902,0.960000,6.476066,-6.476066,350.000000,290.015013,59.984987,350.000000,true,801.800000,4650.000000,1960.642606,1882.216901,-1080.416901
aether_half_2046_zero_2060,AETHER plus delayed zero,fixed_0p96_current,Fixed 0.96 current screen,2083,0.000000,0.000000,0.000000,100.000000,6.646647,0.960000,6.380781,-6.380781,350.000000,289.196964,60.803036,350.000000,true,801.800000,4750.000000,1967.289253,1888.597683,-1086.797683
aether_half_2046_zero_2060,AETHER plus delayed zero,fixed_0p96_current,Fixed 0.96 current screen,2084,0.000000,0.000000,0.000000,100.000000,6.551341,0.960000,6.289287,-6.289287,350.000000,288.390645,61.609355,350.000000,true,801.800000,4850.000000,1973.840594,1894.886970,-1093.086970
aether_half_2046_zero_2060,AETHER plus delayed zero,fixed_0p96_current,Fixed 0.96 current screen,2085,0.000000,0.000000,0.000000,100.000000,6.459561,0.960000,6.201178,-6.201178,350.000000,287.595622,62.404378,350.000000,true,801.800000,4950.000000,1980.300155,1901.088148,-1099.288148
aether_half_2046_zero_2060,AETHER plus delayed zero,fixed_0p96_current,Fixed 0.96 current screen,2086,0.000000,0.000000,0.000000,100.000000,6.370945,0.960000,6.116107,-6.116107,350.000000,286.811506,63.188494,350.000000,true,801.800000,5050.000000,1986.671099,1907.204255,-1105.404255
aether_half_2046_zero_2060,AETHER plus delayed zero,fixed_0p96_current,Fixed 0.96 current screen,2087,0.000000,0.000000,0.000000,100.000000,6.285185,0.960000,6.033778,-6.033778,350.000000,286.037944,63.962056,350.000000,true,801.800000,5150.000000,1992.956285,1913.238033,-1111.438033
aether_half_2046_zero_2060,AETHER plus delayed zero,fixed_0p96_current,Fixed 0.96 current screen,2088,0.000000,0.000000,0.000000,100.000000,6.202017,0.960000,5.953936,-5.953936,350.000000,285.274619,64.725381,350.000000,true,801.800000,5250.000000,1999.158301,1919.191969,-1117.391969
aether_half_2046_zero_2060,AETHER plus delayed zero,fixed_0p96_current,Fixed 0.96 current screen,2089,0.000000,0.000000,0.000000,100.000000,6.121214,0.960000,5.876365,-5.876365,350.000000,284.521239,65.478761,350.000000,true,801.800000,5350.000000,2005.279515,1925.068335,-1123.268335
aether_half_2046_zero_2060,AETHER plus delayed zero,fixed_0p96_current,Fixed 0.96 current screen,2090,0.000000,0.000000,0.000000,100.000000,6.042581,0.960000,5.800878,-5.800878,350.000000,283.777537,66.222463,350.000000,true,801.800000,5450.000000,2011.322097,1930.869213,-1129.069213
aether_half_2046_zero_2060,AETHER plus delayed zero,fixed_0p96_current,Fixed 0.96 current screen,2091,0.000000,0.000000,0.000000,100.000000,5.965952,0.960000,5.727314,-5.727314,350.000000,283.043266,66.956734,350.000000,true,801.800000,5550.000000,2017.288049,1936.596527,-1134.796527
aether_half_2046_zero_2060,AETHER plus delayed zero,fixed_0p96_current,Fixed 0.96 current screen,2092,0.000000,0.000000,0.000000,100.000000,5.891181,0.960000,5.655533,-5.655533,350.000000,282.318197,67.681803,350.000000,true,801.800000,5650.000000,2023.179229,1942.252060,-1140.452060
aether_half_2046_zero_2060,AETHER plus delayed zero,fixed_0p96_current,Fixed 0.96 current screen,2093,0.000000,0.000000,0.000000,100.000000,5.818143,0.960000,5.585417,-5.585417,350.000000,281.602118,68.397882,350.000000,true,801.800000,5750.000000,2028.997372,1947.837477,-1146.037477
aether_half_2046_zero_2060,AETHER plus delayed zero,fixed_0p96_current,Fixed 0.96 current screen,2094,0.000000,0.000000,0.000000,100.000000,5.746729,0.960000,5.516860,-5.516860,350.000000,280.894829,69.105171,350.000000,true,801.800000,5850.000000,2034.744101,1953.354337,-1151.554337
aether_half_2046_zero_2060,AETHER plus delayed zero,fixed_0p96_current,Fixed 0.96 current screen,2095,0.000000,0.000000,0.000000,100.000000,5.676846,0.960000,5.449772,-5.449772,350.000000,280.196140,69.803860,350.000000,true,801.800000,5950.000000,2040.420947,1958.804109,-1157.004109
aether_half_2046_zero_2060,AETHER plus delayed zero,fixed_0p96_current,Fixed 0.96 current screen,2096,0.000000,0.000000,0.000000,100.000000,5.608410,0.960000,5.384073,-5.384073,350.000000,279.505874,70.494126,350.000000,true,801.800000,6050.000000,2046.029357,1964.188182,-1162.388182
aether_half_2046_zero_2060,AETHER plus delayed zero,fixed_0p96_current,Fixed 0.96 current screen,2097,0.000000,0.000000,0.000000,100.000000,5.541349,0.960000,5.319695,-5.319695,350.000000,278.823862,71.176138,350.000000,true,801.800000,6150.000000,2051.570705,1969.507877,-1167.707877
aether_half_2046_zero_2060,AETHER plus delayed zero,fixed_0p96_current,Fixed 0.96 current screen,2098,0.000000,0.000000,0.000000,100.000000,5.475599,0.960000,5.256575,-5.256575,350.000000,278.149942,71.850058,350.000000,true,801.800000,6250.000000,2057.046305,1974.764452,-1172.964452
aether_half_2046_zero_2060,AETHER plus delayed zero,fixed_0p96_current,Fixed 0.96 current screen,2099,0.000000,0.000000,0.000000,100.000000,5.411104,0.960000,5.194660,-5.194660,350.000000,277.483960,72.516040,350.000000,true,801.800000,6350.000000,2062.457409,1979.959112,-1178.159112
aether_half_2046_zero_2060,AETHER plus delayed zero,fixed_0p96_current,Fixed 0.96 current screen,2100,0.000000,0.000000,0.000000,100.000000,5.347813,0.960000,5.133901,-5.133901,350.000000,276.825768,73.174232,350.000000,true,801.800000,6450.000000,2067.805222,1985.093013,-1183.293013
aether_half_2046_zero_2060,AETHER plus delayed zero,optimistic_active_management,Optimistic active management,2026,42.200000,0.000000,42.200000,0.000000,0.000000,0.980000,0.000000,42.200000,433.940256,433.940256,0.000000,350.000000,false,42.200000,0.000000,0.000000,0.000000,42.200000
aether_half_2046_zero_2060,AETHER plus delayed zero,optimistic_active_management,Optimistic active management,2027,41.145000,0.000000,41.145000,5.000000,5.000000,0.980000,4.900000,36.245000,438.232816,438.587051,-0.354236,350.000000,false,83.345000,5.000000,5.000000,4.900000,78.445000
aether_half_2046_zero_2060,AETHER plus delayed zero,optimistic_active_management,Optimistic active management,2028,40.090000,0.000000,40.090000,10.000000,10.000000,0.980000,9.800000,30.290000,441.523040,442.470385,-0.947344,350.000000,false,123.435000,15.000000,15.000000,14.700000,108.735000
aether_half_2046_zero_2060,AETHER plus delayed zero,optimistic_active_management,Optimistic active management,2029,39.035000,0.000000,39.035000,15.000000,15.000000,0.980000,14.700000,24.335000,443.903717,445.590256,-1.686539,350.000000,false,162.470000,30.000000,30.000000,29.400000,133.070000
aether_half_2046_zero_2060,AETHER plus delayed zero,optimistic_active_management,Optimistic active management,2030,37.980000,0.000000,37.980000,20.000000,20.000000,0.980000,19.600000,18.380000,445.449702,447.946667,-2.496965,350.000000,false,200.450000,50.000000,50.000000,49.000000,151.450000
aether_half_2046_zero_2060,AETHER plus delayed zero,optimistic_active_management,Optimistic active management,2031,36.925000,0.000000,36.925000,25.000000,25.000000,0.980000,24.500000,12.425000,446.221604,449.539615,-3.318011,350.000000,false,237.375000,75.000000,75.000000,73.500000,163.875000
aether_half_2046_zero_2060,AETHER plus delayed zero,optimistic_active_management,Optimistic active management,2032,35.870000,0.000000,35.870000,30.000000,30.000000,0.980000,29.400000,6.470000,446.268710,450.369103,-4.100393,350.000000,false,273.245000,105.000000,105.000000,102.900000,170.345000
aether_half_2046_zero_2060,AETHER plus delayed zero,optimistic_active_management,Optimistic active management,2033,34.815000,0.000000,34.815000,35.000000,35.000000,0.980000,34.300000,0.515000,445.631296,450.435128,-4.803832,350.000000,false,308.060000,140.000000,140.000000,137.200000,170.860000
aether_half_2046_zero_2060,AETHER plus delayed zero,optimistic_active_management,Optimistic active management,2034,33.760000,0.000000,33.760000,40.000000,40.000000,0.980000,39.200000,-5.440000,444.342470,449.737692,-5.395222,350.000000,false,341.820000,180.000000,180.000000,176.400000,165.420000
aether_half_2046_zero_2060,AETHER plus delayed zero,optimistic_active_management,Optimistic active management,2035,32.705000,0.000000,32.705000,45.000000,45.000000,0.980000,44.100000,-11.395000,442.429623,448.276795,-5.847172,350.000000,false,374.525000,225.000000,225.000000,220.500000,154.025000
aether_half_2046_zero_2060,AETHER plus delayed zero,optimistic_active_management,Optimistic active management,2036,31.650000,0.000000,31.650000,50.000000,50.000000,0.980000,49.000000,-17.350000,439.915591,446.052436,-6.136845,350.000000,false,406.175000,275.000000,275.000000,269.500000,136.675000
aether_half_2046_zero_2060,AETHER plus delayed zero,optimistic_active_management,Optimistic active management,2037,30.595000,0.000000,30.595000,55.000000,55.000000,0.980000,53.900000,-23.305000,436.819567,443.064615,-6.245048,350.000000,false,436.770000,330.000000,330.000000,323.400000,113.370000
aether_half_2046_zero_2060,AETHER plus delayed zero,optimistic_active_management,Optimistic active management,2038,29.540000,0.000000,29.540000,60.000000,60.000000,0.980000,58.800000,-29.260000,433.157831,439.313333,-6.155502,350.000000,false,466.310000,390.000000,390.000000,382.200000,84.110000
aether_half_2046_zero_2060,AETHER plus delayed zero,optimistic_active_management,Optimistic active management,2039,28.485000,0.000000,28.485000,65.000000,65.000000,0.980000,63.700000,-35.215000,428.944326,434.798590,-5.854264,350.000000,false,494.795000,455.000000,455.000000,445.900000,48.895000
aether_half_2046_zero_2060,AETHER plus delayed zero,optimistic_active_management,Optimistic active management,2040,27.430000,0.000000,27.430000,70.000000,70.000000,0.980000,68.600000,-41.170000,424.191118,429.520385,-5.329267,350.000000,false,522.225000,525.000000,525.000000,514.500000,7.725000
aether_half_2046_zero_2060,AETHER plus delayed zero,optimistic_active_management,Optimistic active management,2041,26.375000,0.000000,26.375000,75.000000,75.000000,0.976396,73.229704,-46.854704,418.943412,423.513371,-4.569959,350.000000,false,548.600000,600.000000,600.000000,587.729704,-39.129704
aether_half_2046_zero_2060,AETHER plus delayed zero,optimistic_active_management,Optimistic active management,2042,25.320000,0.000000,25.320000,80.000000,80.000000,0.969988,77.599072,-52.279072,413.241645,416.810926,-3.569281,350.000000,false,573.920000,680.000000,680.000000,665.328776,-91.408776
aether_half_2046_zero_2060,AETHER plus delayed zero,optimistic_active_management,Optimistic active management,2043,24.265000,0.000000,24.265000,85.000000,85.000000,0.963148,81.867619,-57.602619,407.103040,409.425975,-2.322935,350.000000,false,598.185000,765.000000,765.000000,747.196395,-149.011395
aether_half_2046_zero_2060,AETHER plus delayed zero,optimistic_active_management,Optimistic active management,2044,23.210000,0.000000,23.210000,90.000000,90.000000,0.955887,86.029805,-62.819805,400.544610,401.372154,-0.827544,350.000000,false,621.395000,855.000000,855.000000,833.226200,-211.831200
aether_half_2046_zero_2060,AETHER plus delayed zero,optimistic_active_management,Optimistic active management,2045,22.155000,0.000000,22.155000,95.000000,95.000000,0.948213,90.080261,-67.925261,393.583239,392.663787,0.919452,350.000000,false,643.550000,950.000000,950.000000,923.306461,-279.756461
aether_half_2046_zero_2060,AETHER plus delayed zero,optimistic_active_management,Optimistic active management,2046,21.100000,0.000000,21.100000,100.000000,100.000000,0.940138,94.013792,-72.913792,386.235748,383.315865,2.919883,350.000000,false,664.650000,1050.000000,1050.000000,1017.320253,-352.670253
aether_half_2046_zero_2060,AETHER plus delayed zero,optimistic_active_management,Optimistic active management,2047,19.592857,0.000000,19.592857,100.000000,100.000000,0.928376,92.837641,-73.244784,379.100423,373.925508,5.174915,350.000000,false,684.242857,1150.000000,1150.000000,1110.157894,-425.915037
aether_half_2046_zero_2060,AETHER plus delayed zero,optimistic_active_management,Optimistic active management,2048,18.085714,0.000000,18.085714,100.000000,100.000000,0.913902,91.390196,-73.304482,372.174533,364.527498,7.647036,350.000000,false,702.328571,1250.000000,1250.000000,1201.548091,-499.219519
aether_half_2046_zero_2060,AETHER plus delayed zero,optimistic_active_management,Optimistic active management,2049,16.578571,0.000000,16.578571,100.000000,100.000000,0.899823,89.982350,-73.403779,365.420741,355.116757,10.303984,350.000000,false,718.907143,1350.000000,1350.000000,1291.530440,-572.623298
aether_half_2046_zero_2060,AETHER plus delayed zero,optimistic_active_management,Optimistic active management,2050,15.071429,0.000000,15.071429,100.000000,100.000000,0.886059,88.605948,-73.534520,358.809481,345.689254,13.120227,350.000000,false,733.978571,1450.000000,1450.000000,1380.136389,-646.157817
aether_half_2046_zero_2060,AETHER plus delayed zero,optimistic_active_management,Optimistic active management,2051,13.564286,0.000000,13.564286,100.000000,100.000000,0.872544,87.254352,-73.690066,352.317322,336.241810,16.075512,350.000000,false,747.542857,1550.000000,1550.000000,1467.390741,-719.847883
aether_half_2046_zero_2060,AETHER plus delayed zero,optimistic_active_management,Optimistic active management,2052,12.057143,0.000000,12.057143,100.000000,63.013302,0.859221,54.142354,-42.085211,350.000000,330.846270,19.153730,350.000000,true,759.600000,1650.000000,1613.013302,1521.533094,-761.933094
aether_half_2046_zero_2060,AETHER plus delayed zero,optimistic_active_management,Optimistic active management,2053,10.550000,0.000000,10.550000,100.000000,39.033314,0.854088,33.337901,-22.787901,350.000000,327.924744,22.075256,350.000000,true,770.150000,1750.000000,1652.046616,1554.870995,-784.720995
aether_half_2046_zero_2060,AETHER plus delayed zero,optimistic_active_management,Optimistic active management,2054,9.042857,0.000000,9.042857,100.000000,34.721214,0.853549,29.636242,-20.593385,350.000000,325.284567,24.715433,350.000000,true,779.192857,1850.000000,1686.767829,1584.507237,-805.314380
aether_half_2046_zero_2060,AETHER plus delayed zero,optimistic_active_management,Optimistic active management,2055,7.535714,0.000000,7.535714,100.000000,30.776351,0.853057,26.253979,-18.718265,350.000000,322.884789,27.115211,350.000000,true,786.728571,1950.000000,1717.544180,1610.761217,-824.032645
aether_half_2046_zero_2060,AETHER plus delayed zero,optimistic_active_management,Optimistic active management,2056,6.028571,0.000000,6.028571,100.000000,27.143382,0.852597,23.142375,-17.113803,350.000000,320.690712,29.309288,350.000000,true,792.757143,2050.000000,1744.687562,1633.903591,-841.146448
aether_half_2046_zero_2060,AETHER plus delayed zero,optimistic_active_management,Optimistic active management,2057,4.521429,0.000000,4.521429,100.000000,23.775174,0.852156,20.260166,-15.738738,350.000000,318.672925,31.327075,350.000000,true,797.278571,2150.000000,1768.462736,1654.163757,-856.885186
aether_half_2046_zero_2060,AETHER plus delayed zero,optimistic_active_management,Optimistic active management,2058,3.014286,0.000000,3.014286,100.000000,20.631617,0.851723,17.572421,-14.558135,350.000000,316.806497,33.193503,350.000000,true,800.292857,2250.000000,1789.094353,1671.736178,-871.443321
aether_half_2046_zero_2060,AETHER plus delayed zero,optimistic_active_management,Optimistic active management,2059,1.507143,0.000000,1.507143,100.000000,17.678595,0.851287,15.049563,-13.542420,350.000000,315.070290,34.929710,350.000000,true,801.800000,2350.000000,1806.772948,1686.785741,-884.985741
aether_half_2046_zero_2060,AETHER plus delayed zero,optimistic_active_management,Optimistic active management,2060,0.000000,0.000000,0.000000,100.000000,14.887093,0.850841,12.666550,-12.666550,350.000000,313.446373,36.553627,350.000000,true,801.800000,2450.000000,1821.660041,1699.452291,-897.652291
aether_half_2046_zero_2060,AETHER plus delayed zero,optimistic_active_management,Optimistic active management,2061,0.000000,0.000000,0.000000,100.000000,14.004761,0.850377,11.909325,-11.909325,350.000000,311.919536,38.080464,350.000000,true,801.800000,2550.000000,1835.664801,1711.361617,-909.561617
aether_half_2046_zero_2060,AETHER plus delayed zero,optimistic_active_management,Optimistic active management,2062,0.000000,0.000000,0.000000,100.000000,13.239509,0.849940,11.252792,-11.252792,350.000000,310.476871,39.523129,350.000000,true,801.800000,2650.000000,1848.904311,1722.614409,-920.814409
aether_half_2046_zero_2060,AETHER plus delayed zero,optimistic_active_management,Optimistic active management,2063,0.000000,0.000000,0.000000,100.000000,12.573755,0.849527,10.681750,-10.681750,350.000000,309.107416,40.892584,350.000000,true,801.800000,2750.000000,1861.478066,1733.296158,-931.496158
aether_half_2046_zero_2060,AETHER plus delayed zero,optimistic_active_management,Optimistic active management,2064,0.000000,0.000000,0.000000,100.000000,11.992583,0.849135,10.183327,-10.183327,350.000000,307.801861,42.198139,350.000000,true,801.800000,2850.000000,1873.470648,1743.479485,-941.679485
aether_half_2046_zero_2060,AETHER plus delayed zero,optimistic_active_management,Optimistic active management,2065,0.000000,0.000000,0.000000,100.000000,11.483346,0.848761,9.746622,-9.746622,350.000000,306.552294,43.447706,350.000000,true,801.800000,2950.000000,1884.953995,1753.226107,-951.426107
aether_half_2046_zero_2060,AETHER plus delayed zero,optimistic_active_management,Optimistic active management,2066,0.000000,0.000000,0.000000,100.000000,11.035321,0.848403,9.362404,-9.362404,350.000000,305.351986,44.648014,350.000000,true,801.800000,3050.000000,1895.989316,1762.588512,-960.788512
aether_half_2046_zero_2060,AETHER plus delayed zero,optimistic_active_management,Optimistic active management,2067,0.000000,0.000000,0.000000,100.000000,10.639415,0.848059,9.022855,-9.022855,350.000000,304.195209,45.804791,350.000000,true,801.800000,3150.000000,1906.628731,1771.611367,-969.811367
aether_half_2046_zero_2060,AETHER plus delayed zero,optimistic_active_management,Optimistic active management,2068,0.000000,0.000000,0.000000,100.000000,10.287918,0.847728,8.721352,-8.721352,350.000000,303.077087,46.922913,350.000000,true,801.800000,3250.000000,1916.916649,1780.332719,-978.532719
aether_half_2046_zero_2060,AETHER plus delayed zero,optimistic_active_management,Optimistic active management,2069,0.000000,0.000000,0.000000,100.000000,9.974295,0.847407,8.452285,-8.452285,350.000000,301.993461,48.006539,350.000000,true,801.800000,3350.000000,1926.890944,1788.785005,-986.985005
aether_half_2046_zero_2060,AETHER plus delayed zero,optimistic_active_management,Optimistic active management,2070,0.000000,0.000000,0.000000,100.000000,9.693002,0.847096,8.210902,-8.210902,350.000000,300.940781,49.059219,350.000000,true,801.800000,3450.000000,1936.583946,1796.995907,-995.195907
aether_half_2046_zero_2060,AETHER plus delayed zero,optimistic_active_management,Optimistic active management,2071,0.000000,0.000000,0.000000,100.000000,9.439342,0.846794,7.993175,-7.993175,350.000000,299.916015,50.083985,350.000000,true,801.800000,3550.000000,1946.023289,1804.989081,-1003.189081
aether_half_2046_zero_2060,AETHER plus delayed zero,optimistic_active_management,Optimistic active management,2072,0.000000,0.000000,0.000000,100.000000,9.209330,0.846499,7.795692,-7.795692,350.000000,298.916568,51.083432,350.000000,true,801.800000,3650.000000,1955.232619,1812.784773,-1010.984773
aether_half_2046_zero_2060,AETHER plus delayed zero,optimistic_active_management,Optimistic active management,2073,0.000000,0.000000,0.000000,100.000000,8.999587,0.846212,7.615560,-7.615560,350.000000,297.940214,52.059786,350.000000,true,801.800000,3750.000000,1964.232206,1820.400333,-1018.600333
aether_half_2046_zero_2060,AETHER plus delayed zero,optimistic_active_management,Optimistic active management,2074,0.000000,0.000000,0.000000,100.000000,8.807247,0.845932,7.450328,-7.450328,350.000000,296.985043,53.014957,350.000000,true,801.800000,3850.000000,1973.039453,1827.850661,-1026.050661
aether_half_2046_zero_2060,AETHER plus delayed zero,optimistic_active_management,Optimistic active management,2075,0.000000,0.000000,0.000000,100.000000,8.629877,0.845657,7.297916,-7.297916,350.000000,296.049413,53.950587,350.000000,true,801.800000,3950.000000,1981.669330,1835.148576,-1033.348576
aether_half_2046_zero_2060,AETHER plus delayed zero,optimistic_active_management,Optimistic active management,2076,0.000000,0.000000,0.000000,100.000000,8.465417,0.845388,7.156560,-7.156560,350.000000,295.131906,54.868094,350.000000,true,801.800000,4050.000000,1990.134747,1842.305137,-1040.505137
aether_half_2046_zero_2060,AETHER plus delayed zero,optimistic_active_management,Optimistic active management,2077,0.000000,0.000000,0.000000,100.000000,8.312113,0.845124,7.024766,-7.024766,350.000000,294.231295,55.768705,350.000000,true,801.800000,4150.000000,1998.446860,1849.329902,-1047.529902
aether_half_2046_zero_2060,AETHER plus delayed zero,optimistic_active_management,Optimistic active management,2078,0.000000,0.000000,0.000000,100.000000,8.168481,0.844865,6.901261,-6.901261,350.000000,293.346517,56.653483,350.000000,true,801.800000,4250.000000,2006.615340,1856.231164,-1054.431164
aether_half_2046_zero_2060,AETHER plus delayed zero,optimistic_active_management,Optimistic active management,2079,0.000000,0.000000,0.000000,100.000000,8.033256,0.844610,6.784969,-6.784969,350.000000,292.476650,57.523350,350.000000,true,801.800000,4350.000000,2014.648597,1863.016133,-1061.216133
aether_half_2046_zero_2060,AETHER plus delayed zero,optimistic_active_management,Optimistic active management,2080,0.000000,0.000000,0.000000,100.000000,7.905368,0.844360,6.674973,-6.674973,350.000000,291.620884,58.379116,350.000000,true,801.800000,4450.000000,2022.553965,1869.691106,-1067.891106
aether_half_2046_zero_2060,AETHER plus delayed zero,optimistic_active_management,Optimistic active management,2081,0.000000,0.000000,0.000000,100.000000,7.783903,0.844113,6.570495,-6.570495,350.000000,290.778513,59.221487,350.000000,true,801.800000,4550.000000,2030.337868,1876.261600,-1074.461600
aether_half_2046_zero_2060,AETHER plus delayed zero,optimistic_active_management,Optimistic active management,2082,0.000000,0.000000,0.000000,100.000000,7.668087,0.843870,6.470872,-6.470872,350.000000,289.948914,60.051086,350.000000,true,801.800000,4650.000000,2038.005955,1882.732472,-1080.932472
aether_half_2046_zero_2060,AETHER plus delayed zero,optimistic_active_management,Optimistic active management,2083,0.000000,0.000000,0.000000,100.000000,7.557259,0.843631,6.375540,-6.375540,350.000000,289.131537,60.868463,350.000000,true,801.800000,4750.000000,2045.563214,1889.108012,-1087.308012
aether_half_2046_zero_2060,AETHER plus delayed zero,optimistic_active_management,Optimistic active management,2084,0.000000,0.000000,0.000000,100.000000,7.450857,0.843396,6.284020,-6.284020,350.000000,288.325893,61.674107,350.000000,true,801.800000,4850.000000,2053.014071,1895.392032,-1093.592032
aether_half_2046_zero_2060,AETHER plus delayed zero,optimistic_active_management,Optimistic active management,2085,0.000000,0.000000,0.000000,100.000000,7.348401,0.843163,6.195902,-6.195902,350.000000,287.531547,62.468453,350.000000,true,801.800000,4950.000000,2060.362472,1901.587934,-1099.787934
aether_half_2046_zero_2060,AETHER plus delayed zero,optimistic_active_management,Optimistic active management,2086,0.000000,0.000000,0.000000,100.000000,7.249482,0.842934,6.110837,-6.110837,350.000000,286.748106,63.251894,350.000000,true,801.800000,5050.000000,2067.611954,1907.698771,-1105.898771
aether_half_2046_zero_2060,AETHER plus delayed zero,optimistic_active_management,Optimistic active management,2087,0.000000,0.000000,0.000000,100.000000,7.153752,0.842708,6.028525,-6.028525,350.000000,285.975218,64.024782,350.000000,true,801.800000,5150.000000,2074.765706,1913.727296,-1111.927296
aether_half_2046_zero_2060,AETHER plus delayed zero,optimistic_active_management,Optimistic active management,2088,0.000000,0.000000,0.000000,100.000000,7.060910,0.842485,5.948712,-5.948712,350.000000,285.212563,64.787437,350.000000,true,801.800000,5250.000000,2081.826616,1919.676008,-1117.876008
aether_half_2046_zero_2060,AETHER plus delayed zero,optimistic_active_management,Optimistic active management,2089,0.000000,0.000000,0.000000,100.000000,6.970700,0.842265,5.871177,-5.871177,350.000000,284.459848,65.540152,350.000000,true,801.800000,5350.000000,2088.797316,1925.547184,-1123.747184
aether_half_2046_zero_2060,AETHER plus delayed zero,optimistic_active_management,Optimistic active management,2090,0.000000,0.000000,0.000000,100.000000,6.882903,0.842048,5.795732,-5.795732,350.000000,283.716806,66.283194,350.000000,true,801.800000,5450.000000,2095.680219,1931.342917,-1129.542917
aether_half_2046_zero_2060,AETHER plus delayed zero,optimistic_active_management,Optimistic active management,2091,0.000000,0.000000,0.000000,100.000000,6.797329,0.841833,5.722216,-5.722216,350.000000,282.983188,67.016812,350.000000,true,801.800000,5550.000000,2102.477549,1937.065133,-1135.265133
aether_half_2046_zero_2060,AETHER plus delayed zero,optimistic_active_management,Optimistic active management,2092,0.000000,0.000000,0.000000,100.000000,6.713816,0.841621,5.650489,-5.650489,350.000000,282.258766,67.741234,350.000000,true,801.800000,5650.000000,2109.191364,1942.715622,-1140.915622
aether_half_2046_zero_2060,AETHER plus delayed zero,optimistic_active_management,Optimistic active management,2093,0.000000,0.000000,0.000000,100.000000,6.632221,0.841412,5.580429,-5.580429,350.000000,281.543327,68.456673,350.000000,true,801.800000,5750.000000,2115.823585,1948.296050,-1146.496050
aether_half_2046_zero_2060,AETHER plus delayed zero,optimistic_active_management,Optimistic active management,2094,0.000000,0.000000,0.000000,100.000000,6.552423,0.841205,5.511931,-5.511931,350.000000,280.836669,69.163331,350.000000,true,801.800000,5850.000000,2122.376008,1953.807981,-1152.007981
aether_half_2046_zero_2060,AETHER plus delayed zero,optimistic_active_management,Optimistic active management,2095,0.000000,0.000000,0.000000,100.000000,6.474316,0.841001,5.444904,-5.444904,350.000000,280.138604,69.861396,350.000000,true,801.800000,5950.000000,2128.850325,1959.252885,-1157.452885
aether_half_2046_zero_2060,AETHER plus delayed zero,optimistic_active_management,Optimistic active management,2096,0.000000,0.000000,0.000000,100.000000,6.397808,0.840799,5.379269,-5.379269,350.000000,279.448955,70.551045,350.000000,true,801.800000,6050.000000,2135.248133,1964.632154,-1162.832154
aether_half_2046_zero_2060,AETHER plus delayed zero,optimistic_active_management,Optimistic active management,2097,0.000000,0.000000,0.000000,100.000000,6.322816,0.840599,5.314955,-5.314955,350.000000,278.767550,71.232450,350.000000,true,801.800000,6150.000000,2141.570949,1969.947109,-1168.147109
aether_half_2046_zero_2060,AETHER plus delayed zero,optimistic_active_management,Optimistic active management,2098,0.000000,0.000000,0.000000,100.000000,6.249270,0.840402,5.251900,-5.251900,350.000000,278.094230,71.905770,350.000000,true,801.800000,6250.000000,2147.820219,1975.199010,-1173.399010
aether_half_2046_zero_2060,AETHER plus delayed zero,optimistic_active_management,Optimistic active management,2099,0.000000,0.000000,0.000000,100.000000,6.177108,0.840207,5.190051,-5.190051,350.000000,277.428838,72.571162,350.000000,true,801.800000,6350.000000,2153.997327,1980.389060,-1178.589060
aether_half_2046_zero_2060,AETHER plus delayed zero,optimistic_active_management,Optimistic active management,2100,0.000000,0.000000,0.000000,100.000000,6.106272,0.840015,5.129358,-5.129358,350.000000,276.771228,73.228772,350.000000,true,801.800000,6450.000000,2160.103599,1985.518418,-1183.718418
aether_half_2046_zero_2060,AETHER plus delayed zero,conservative_state_dependent,Conservative state-dependent,2026,42.200000,0.000000,42.200000,0.000000,0.000000,0.920000,0.000000,42.200000,433.940256,433.940256,0.000000,350.000000,false,42.200000,0.000000,0.000000,0.000000,42.200000
aether_half_2046_zero_2060,AETHER plus delayed zero,conservative_state_dependent,Conservative state-dependent,2027,41.145000,0.000000,41.145000,5.000000,5.000000,0.920000,4.600000,36.545000,438.271277,438.625513,-0.354236,350.000000,false,83.345000,5.000000,5.000000,4.600000,78.745000
aether_half_2046_zero_2060,AETHER plus delayed zero,conservative_state_dependent,Conservative state-dependent,2028,40.090000,0.000000,40.090000,10.000000,10.000000,0.920000,9.200000,30.890000,441.635907,442.585769,-0.949862,350.000000,false,123.435000,15.000000,15.000000,13.800000,109.635000
aether_half_2046_zero_2060,AETHER plus delayed zero,conservative_state_dependent,Conservative state-dependent,2029,39.035000,0.000000,39.035000,15.000000,15.000000,0.920000,13.800000,25.235000,444.124878,445.821026,-1.696147,350.000000,false,162.470000,30.000000,30.000000,27.600000,134.870000
aether_half_2046_zero_2060,AETHER plus delayed zero,conservative_state_dependent,Conservative state-dependent,2030,37.980000,0.000000,37.980000,20.000000,20.000000,0.920000,18.400000,19.580000,445.811363,448.331282,-2.519919,350.000000,false,200.450000,50.000000,50.000000,46.000000,154.450000
aether_half_2046_zero_2060,AETHER plus delayed zero,conservative_state_dependent,Conservative state-dependent,2031,36.925000,0.000000,36.925000,25.000000,25.000000,0.920000,23.000000,13.925000,446.754583,450.116538,-3.361955,350.000000,false,237.375000,75.000000,75.000000,69.000000,168.375000
aether_half_2046_zero_2060,AETHER plus delayed zero,conservative_state_dependent,Conservative state-dependent,2032,35.870000,0.000000,35.870000,30.000000,30.000000,0.920000,27.600000,8.270000,447.002670,451.176795,-4.174125,350.000000,false,273.245000,105.000000,105.000000,96.600000,176.645000
aether_half_2046_zero_2060,AETHER plus delayed zero,conservative_state_dependent,Conservative state-dependent,2033,34.815000,0.000000,34.815000,35.000000,35.000000,0.920000,32.200000,2.615000,446.594932,451.512051,-4.917119,350.000000,false,308.060000,140.000000,140.000000,128.800000,179.260000
aether_half_2046_zero_2060,AETHER plus delayed zero,conservative_state_dependent,Conservative state-dependent,2034,33.760000,0.000000,33.760000,40.000000,40.000000,0.920000,36.800000,-3.040000,445.563661,451.122308,-5.558646,350.000000,false,341.820000,180.000000,180.000000,165.600000,176.220000
aether_half_2046_zero_2060,AETHER plus delayed zero,conservative_state_dependent,Conservative state-dependent,2035,32.705000,0.000000,32.705000,45.000000,45.000000,0.920000,41.400000,-8.695000,443.935553,450.007564,-6.072011,350.000000,false,374.525000,225.000000,225.000000,207.000000,167.525000
aether_half_2046_zero_2060,AETHER plus delayed zero,conservative_state_dependent,Conservative state-dependent,2036,31.650000,0.000000,31.650000,50.000000,50.000000,0.920000,46.000000,-14.350000,441.732841,448.167821,-6.434980,350.000000,false,406.175000,275.000000,275.000000,253.000000,153.175000
aether_half_2046_zero_2060,AETHER plus delayed zero,conservative_state_dependent,Conservative state-dependent,2037,30.595000,0.000000,30.595000,55.000000,55.000000,0.920000,50.600000,-20.005000,438.974196,445.603077,-6.628881,350.000000,false,436.770000,330.000000,330.000000,303.600000,133.170000
aether_half_2046_zero_2060,AETHER plus delayed zero,conservative_state_dependent,Conservative state-dependent,2038,29.540000,0.000000,29.540000,60.000000,60.000000,0.920000,55.200000,-25.660000,435.675437,442.313333,-6.637896,350.000000,false,466.310000,390.000000,390.000000,358.800000,107.510000
aether_half_2046_zero_2060,AETHER plus delayed zero,conservative_state_dependent,Conservative state-dependent,2039,28.485000,0.000000,28.485000,65.000000,65.000000,0.920000,59.800000,-31.315000,431.850100,438.298590,-6.448489,350.000000,false,494.795000,455.000000,455.000000,418.600000,76.195000
aether_half_2046_zero_2060,AETHER plus delayed zero,conservative_state_dependent,Conservative state-dependent,2040,27.430000,0.000000,27.430000,70.000000,70.000000,0.920000,64.400000,-36.970000,427.509882,433.558846,-6.048964,350.000000,false,522.225000,525.000000,525.000000,483.000000,39.225000
aether_half_2046_zero_2060,AETHER plus delayed zero,conservative_state_dependent,Conservative state-dependent,2041,26.375000,0.000000,26.375000,75.000000,75.000000,0.917845,68.838372,-42.463372,422.685724,428.114824,-5.429101,350.000000,false,548.600000,600.000000,600.000000,551.838372,-3.238372
aether_half_2046_zero_2060,AETHER plus delayed zero,conservative_state_dependent,Conservative state-dependent,2042,25.320000,0.000000,25.320000,80.000000,80.000000,0.903859,72.308698,-46.988698,417.509397,422.090632,-4.581235,350.000000,false,573.920000,680.000000,680.000000,624.147070,-50.227070
aether_half_2046_zero_2060,AETHER plus delayed zero,conservative_state_dependent,Conservative state-dependent,2043,24.265000,0.000000,24.265000,85.000000,85.000000,0.889073,75.571194,-51.306194,412.006366,415.512915,-3.506549,350.000000,false,598.185000,765.000000,765.000000,699.718263,-101.533263
aether_half_2046_zero_2060,AETHER plus delayed zero,conservative_state_dependent,Conservative state-dependent,2044,23.210000,0.000000,23.210000,90.000000,90.000000,0.873525,78.617281,-55.407281,406.202356,408.409417,-2.207062,350.000000,false,621.395000,855.000000,855.000000,778.335544,-156.940544
aether_half_2046_zero_2060,AETHER plus delayed zero,conservative_state_dependent,Conservative state-dependent,2045,22.155000,0.000000,22.155000,95.000000,95.000000,0.857254,81.439135,-59.284135,400.123302,400.808887,-0.685585,350.000000,false,643.550000,950.000000,950.000000,859.774680,-216.224680
aether_half_2046_zero_2060,AETHER plus delayed zero,conservative_state_dependent,Conservative state-dependent,2046,21.100000,0.000000,21.100000,100.000000,100.000000,0.840297,84.029674,-62.929674,393.795300,392.740980,1.054320,350.000000,false,664.650000,1050.000000,1050.000000,943.804353,-279.154353
aether_half_2046_zero_2060,AETHER plus delayed zero,conservative_state_dependent,Conservative state-dependent,2047,19.592857,0.000000,19.592857,100.000000,100.000000,0.822691,82.269081,-62.676224,387.713948,384.705567,3.008381,350.000000,false,684.242857,1150.000000,1150.000000,1026.073434,-341.830577
aether_half_2046_zero_2060,AETHER plus delayed zero,conservative_state_dependent,Conservative state-dependent,2048,18.085714,0.000000,18.085714,100.000000,100.000000,0.801118,80.111761,-62.026047,381.894431,376.753510,5.140921,350.000000,false,702.328571,1250.000000,1250.000000,1106.185196,-403.856624
aether_half_2046_zero_2060,AETHER plus delayed zero,conservative_state_dependent,Conservative state-dependent,2049,16.578571,0.000000,16.578571,100.000000,100.000000,0.773057,77.305721,-60.727150,376.387988,368.967978,7.420011,350.000000,false,718.907143,1350.000000,1350.000000,1183.490917,-464.583774
aether_half_2046_zero_2060,AETHER plus delayed zero,conservative_state_dependent,Conservative state-dependent,2050,15.071429,0.000000,15.071429,100.000000,100.000000,0.746249,74.624934,-59.553505,371.147421,361.332913,9.814508,350.000000,false,733.978571,1450.000000,1450.000000,1258.115851,-524.137279
aether_half_2046_zero_2060,AETHER plus delayed zero,conservative_state_dependent,Conservative state-dependent,2051,13.564286,0.000000,13.564286,100.000000,100.000000,0.720474,72.047413,-58.483127,366.135357,353.835076,12.300281,350.000000,false,747.542857,1550.000000,1550.000000,1330.163264,-582.620407
aether_half_2046_zero_2060,AETHER plus delayed zero,conservative_state_dependent,Conservative state-dependent,2052,12.057143,0.000000,12.057143,100.000000,100.000000,0.700000,70.000000,-57.942857,361.265107,346.406505,14.858602,350.000000,false,759.600000,1650.000000,1650.000000,1400.163264,-640.563264
aether_half_2046_zero_2060,AETHER plus delayed zero,conservative_state_dependent,Conservative state-dependent,2053,10.550000,0.000000,10.550000,100.000000,100.000000,0.700000,70.000000,-59.450000,356.263357,338.784710,17.478647,350.000000,false,770.150000,1750.000000,1750.000000,1470.163264,-700.013264
aether_half_2046_zero_2060,AETHER plus delayed zero,conservative_state_dependent,Conservative state-dependent,2054,9.042857,0.000000,9.042857,100.000000,100.000000,0.700000,70.000000,-60.957143,351.138394,330.969691,20.168702,350.000000,false,779.192857,1850.000000,1850.000000,1540.163264,-760.970407
aether_half_2046_zero_2060,AETHER plus delayed zero,conservative_state_dependent,Conservative state-dependent,2055,7.535714,0.000000,7.535714,100.000000,54.279384,0.700000,37.995569,-30.459855,350.000000,327.064582,22.935418,350.000000,true,786.728571,1950.000000,1904.279384,1578.158833,-791.430261
aether_half_2046_zero_2060,AETHER plus delayed zero,conservative_state_dependent,Conservative state-dependent,2056,6.028571,0.000000,6.028571,100.000000,37.361650,0.700000,26.153155,-20.124583,350.000000,324.484507,25.515493,350.000000,true,792.757143,2050.000000,1941.641034,1604.311987,-811.554845
aether_half_2046_zero_2060,AETHER plus delayed zero,conservative_state_dependent,Conservative state-dependent,2057,4.521429,0.000000,4.521429,100.000000,32.621784,0.700000,22.835249,-18.313820,350.000000,322.136581,27.863419,350.000000,true,797.278571,2150.000000,1974.262818,1627.147236,-829.868665
aether_half_2046_zero_2060,AETHER plus delayed zero,conservative_state_dependent,Conservative state-dependent,2058,3.014286,0.000000,3.014286,100.000000,28.254639,0.700000,19.778248,-16.763962,350.000000,319.987356,30.012644,350.000000,true,800.292857,2250.000000,2002.517457,1646.925484,-846.632626
aether_half_2046_zero_2060,AETHER plus delayed zero,conservative_state_dependent,Conservative state-dependent,2059,1.507143,0.000000,1.507143,100.000000,24.203406,0.700000,16.942384,-15.435241,350.000000,318.008478,31.991522,350.000000,true,801.800000,2350.000000,2026.720863,1663.867868,-862.067868
aether_half_2046_zero_2060,AETHER plus delayed zero,conservative_state_dependent,Conservative state-dependent,2060,0.000000,0.000000,0.000000,100.000000,20.419988,0.700000,14.293991,-14.293991,350.000000,316.175915,33.824085,350.000000,true,801.800000,2450.000000,2047.140851,1678.161859,-876.361859
aether_half_2046_zero_2060,AETHER plus delayed zero,conservative_state_dependent,Conservative state-dependent,2061,0.000000,0.000000,0.000000,100.000000,19.016724,0.700000,13.311707,-13.311707,350.000000,314.469286,35.530714,350.000000,true,801.800000,2550.000000,2066.157574,1691.473566,-889.673566
aether_half_2046_zero_2060,AETHER plus delayed zero,conservative_state_dependent,Conservative state-dependent,2062,0.000000,0.000000,0.000000,100.000000,17.806076,0.700000,12.464253,-12.464253,350.000000,312.871305,37.128695,350.000000,true,801.800000,2650.000000,2083.963651,1703.937819,-902.137819
aether_half_2046_zero_2060,AETHER plus delayed zero,conservative_state_dependent,Conservative state-dependent,2063,0.000000,0.000000,0.000000,100.000000,16.758853,0.700000,11.731197,-11.731197,350.000000,311.367306,38.632694,350.000000,true,801.800000,2750.000000,2100.722504,1715.669016,-913.869016
aether_half_2046_zero_2060,AETHER plus delayed zero,conservative_state_dependent,Conservative state-dependent,2064,0.000000,0.000000,0.000000,100.000000,15.850338,0.700000,11.095236,-11.095236,350.000000,309.944839,40.055161,350.000000,true,801.800000,2850.000000,2116.572841,1726.764253,-924.964253
aether_half_2046_zero_2060,AETHER plus delayed zero,conservative_state_dependent,Conservative state-dependent,2065,0.000000,0.000000,0.000000,100.000000,15.059599,0.700000,10.541720,-10.541720,350.000000,308.593337,41.406663,350.000000,true,801.800000,2950.000000,2131.632441,1737.305972,-935.505972
aether_half_2046_zero_2060,AETHER plus delayed zero,conservative_state_dependent,Conservative state-dependent,2066,0.000000,0.000000,0.000000,100.000000,14.368916,0.700000,10.058241,-10.058241,350.000000,307.303819,42.696181,350.000000,true,801.800000,3050.000000,2146.001356,1747.364213,-945.564213
aether_half_2046_zero_2060,AETHER plus delayed zero,conservative_state_dependent,Conservative state-dependent,2067,0.000000,0.000000,0.000000,100.000000,13.763277,0.700000,9.634294,-9.634294,350.000000,306.068653,43.931347,350.000000,true,801.800000,3150.000000,2159.764634,1756.998507,-955.198507
aether_half_2046_zero_2060,AETHER plus delayed zero,conservative_state_dependent,Conservative state-dependent,2068,0.000000,0.000000,0.000000,100.000000,13.229974,0.700000,9.260982,-9.260982,350.000000,304.881348,45.118652,350.000000,true,801.800000,3250.000000,2172.994608,1766.259489,-964.459489
aether_half_2046_zero_2060,AETHER plus delayed zero,conservative_state_dependent,Conservative state-dependent,2069,0.000000,0.000000,0.000000,100.000000,12.758240,0.700000,8.930768,-8.930768,350.000000,303.736377,46.263623,350.000000,true,801.800000,3350.000000,2185.752847,1775.190257,-973.390257
aether_half_2046_zero_2060,AETHER plus delayed zero,conservative_state_dependent,Conservative state-dependent,2070,0.000000,0.000000,0.000000,100.000000,12.338955,0.700000,8.637269,-8.637269,350.000000,302.629035,47.370965,350.000000,true,801.800000,3450.000000,2198.091803,1783.827526,-982.027526
aether_half_2046_zero_2060,AETHER plus delayed zero,conservative_state_dependent,Conservative state-dependent,2071,0.000000,0.000000,0.000000,100.000000,11.964396,0.700000,8.375077,-8.375077,350.000000,301.555307,48.444693,350.000000,true,801.800000,3550.000000,2210.056199,1792.202603,-990.402603
aether_half_2046_zero_2060,AETHER plus delayed zero,conservative_state_dependent,Conservative state-dependent,2072,0.000000,0.000000,0.000000,100.000000,11.628018,0.700000,8.139613,-8.139613,350.000000,300.511767,49.488233,350.000000,true,801.800000,3650.000000,2221.684217,1800.342216,-998.542216
aether_half_2046_zero_2060,AETHER plus delayed zero,conservative_state_dependent,Conservative state-dependent,2073,0.000000,0.000000,0.000000,100.000000,11.324276,0.700000,7.926993,-7.926993,350.000000,299.495486,50.504514,350.000000,true,801.800000,3750.000000,2233.008493,1808.269209,-1006.469209
aether_half_2046_zero_2060,AETHER plus delayed zero,conservative_state_dependent,Conservative state-dependent,2074,0.000000,0.000000,0.000000,100.000000,11.048470,0.700000,7.733929,-7.733929,350.000000,298.503957,51.496043,350.000000,true,801.800000,3850.000000,2244.056963,1816.003138,-1014.203138
aether_half_2046_zero_2060,AETHER plus delayed zero,conservative_state_dependent,Conservative state-dependent,2075,0.000000,0.000000,0.000000,100.000000,10.796616,0.700000,7.557631,-7.557631,350.000000,297.535030,52.464970,350.000000,true,801.800000,3950.000000,2254.853579,1823.560769,-1021.760769
aether_half_2046_zero_2060,AETHER plus delayed zero,conservative_state_dependent,Conservative state-dependent,2076,0.000000,0.000000,0.000000,100.000000,10.565338,0.700000,7.395737,-7.395737,350.000000,296.586858,53.413142,350.000000,true,801.800000,4050.000000,2265.418917,1830.956506,-1029.156506
aether_half_2046_zero_2060,AETHER plus delayed zero,conservative_state_dependent,Conservative state-dependent,2077,0.000000,0.000000,0.000000,100.000000,10.351773,0.700000,7.246241,-7.246241,350.000000,295.657853,54.342147,350.000000,true,801.800000,4150.000000,2275.770690,1838.202747,-1036.402747
aether_half_2046_zero_2060,AETHER plus delayed zero,conservative_state_dependent,Conservative state-dependent,2078,0.000000,0.000000,0.000000,100.000000,10.153490,0.700000,7.107443,-7.107443,350.000000,294.746642,55.253358,350.000000,true,801.800000,4250.000000,2285.924181,1845.310190,-1043.510190
aether_half_2046_zero_2060,AETHER plus delayed zero,conservative_state_dependent,Conservative state-dependent,2079,0.000000,0.000000,0.000000,100.000000,9.968430,0.700000,6.977901,-6.977901,350.000000,293.852040,56.147960,350.000000,true,801.800000,4350.000000,2295.892611,1852.288091,-1050.488091
aether_half_2046_zero_2060,AETHER plus delayed zero,conservative_state_dependent,Conservative state-dependent,2080,0.000000,0.000000,0.000000,100.000000,9.794843,0.700000,6.856390,-6.856390,350.000000,292.973015,57.026985,350.000000,true,801.800000,4450.000000,2305.687453,1859.144481,-1057.344481
aether_half_2046_zero_2060,AETHER plus delayed zero,conservative_state_dependent,Conservative state-dependent,2081,0.000000,0.000000,0.000000,100.000000,9.631242,0.700000,6.741870,-6.741870,350.000000,292.108673,57.891327,350.000000,true,801.800000,4550.000000,2315.318696,1865.886351,-1064.086351
aether_half_2046_zero_2060,AETHER plus delayed zero,conservative_state_dependent,Conservative state-dependent,2082,0.000000,0.000000,0.000000,100.000000,9.476367,0.700000,6.633457,-6.633457,350.000000,291.258230,58.741770,350.000000,true,801.800000,4650.000000,2324.795063,1872.519808,-1070.719808
aether_half_2046_zero_2060,AETHER plus delayed zero,conservative_state_dependent,Conservative state-dependent,2083,0.000000,0.000000,0.000000,100.000000,9.329144,0.700000,6.530401,-6.530401,350.000000,290.420999,59.579001,350.000000,true,801.800000,4750.000000,2334.124206,1879.050208,-1077.250208
aether_half_2046_zero_2060,AETHER plus delayed zero,conservative_state_dependent,Conservative state-dependent,2084,0.000000,0.000000,0.000000,100.000000,9.188660,0.700000,6.432062,-6.432062,350.000000,289.596376,60.403624,350.000000,true,801.800000,4850.000000,2343.312866,1885.482270,-1083.682270
aether_half_2046_zero_2060,AETHER plus delayed zero,conservative_state_dependent,Conservative state-dependent,2085,0.000000,0.000000,0.000000,100.000000,9.054138,0.700000,6.337897,-6.337897,350.000000,288.783825,61.216175,350.000000,true,801.800000,4950.000000,2352.367004,1891.820167,-1090.020167
aether_half_2046_zero_2060,AETHER plus delayed zero,conservative_state_dependent,Conservative state-dependent,2086,0.000000,0.000000,0.000000,100.000000,8.924917,0.700000,6.247442,-6.247442,350.000000,287.982871,62.017129,350.000000,true,801.800000,5050.000000,2361.291922,1898.067609,-1096.267609
aether_half_2046_zero_2060,AETHER plus delayed zero,conservative_state_dependent,Conservative state-dependent,2087,0.000000,0.000000,0.000000,100.000000,8.800432,0.700000,6.160303,-6.160303,350.000000,287.193088,62.806912,350.000000,true,801.800000,5150.000000,2370.092354,1904.227912,-1102.427912
aether_half_2046_zero_2060,AETHER plus delayed zero,conservative_state_dependent,Conservative state-dependent,2088,0.000000,0.000000,0.000000,100.000000,8.680201,0.700000,6.076141,-6.076141,350.000000,286.414096,63.585904,350.000000,true,801.800000,5250.000000,2378.772556,1910.304053,-1108.504053
aether_half_2046_zero_2060,AETHER plus delayed zero,conservative_state_dependent,Conservative state-dependent,2089,0.000000,0.000000,0.000000,100.000000,8.563812,0.700000,5.994668,-5.994668,350.000000,285.645549,64.354451,350.000000,true,801.800000,5350.000000,2387.336367,1916.298721,-1114.498721
aether_half_2046_zero_2060,AETHER plus delayed zero,conservative_state_dependent,Conservative state-dependent,2090,0.000000,0.000000,0.000000,100.000000,8.450911,0.700000,5.915638,-5.915638,350.000000,284.887134,65.112866,350.000000,true,801.800000,5450.000000,2395.787278,1922.214358,-1120.414358
aether_half_2046_zero_2060,AETHER plus delayed zero,conservative_state_dependent,Conservative state-dependent,2091,0.000000,0.000000,0.000000,100.000000,8.341196,0.700000,5.838837,-5.838837,350.000000,284.138565,65.861435,350.000000,true,801.800000,5550.000000,2404.128474,1928.053195,-1126.253195
aether_half_2046_zero_2060,AETHER plus delayed zero,conservative_state_dependent,Conservative state-dependent,2092,0.000000,0.000000,0.000000,100.000000,8.234407,0.700000,5.764085,-5.764085,350.000000,283.399579,66.600421,350.000000,true,801.800000,5650.000000,2412.362881,1933.817280,-1132.017280
aether_half_2046_zero_2060,AETHER plus delayed zero,conservative_state_dependent,Conservative state-dependent,2093,0.000000,0.000000,0.000000,100.000000,8.130320,0.700000,5.691224,-5.691224,350.000000,282.669935,67.330065,350.000000,true,801.800000,5750.000000,2420.493201,1939.508504,-1137.708504
aether_half_2046_zero_2060,AETHER plus delayed zero,conservative_state_dependent,Conservative state-dependent,2094,0.000000,0.000000,0.000000,100.000000,8.028742,0.700000,5.620119,-5.620119,350.000000,281.949407,68.050593,350.000000,true,801.800000,5850.000000,2428.521942,1945.128623,-1143.328623
aether_half_2046_zero_2060,AETHER plus delayed zero,conservative_state_dependent,Conservative state-dependent,2095,0.000000,0.000000,0.000000,100.000000,7.929504,0.700000,5.550653,-5.550653,350.000000,281.237785,68.762215,350.000000,true,801.800000,5950.000000,2436.451447,1950.679276,-1148.879276
aether_half_2046_zero_2060,AETHER plus delayed zero,conservative_state_dependent,Conservative state-dependent,2096,0.000000,0.000000,0.000000,100.000000,7.832463,0.700000,5.482724,-5.482724,350.000000,280.534872,69.465128,350.000000,true,801.800000,6050.000000,2444.283910,1956.162000,-1154.362000
aether_half_2046_zero_2060,AETHER plus delayed zero,conservative_state_dependent,Conservative state-dependent,2097,0.000000,0.000000,0.000000,100.000000,7.737491,0.700000,5.416244,-5.416244,350.000000,279.840482,70.159518,350.000000,true,801.800000,6150.000000,2452.021401,1961.578244,-1159.778244
aether_half_2046_zero_2060,AETHER plus delayed zero,conservative_state_dependent,Conservative state-dependent,2098,0.000000,0.000000,0.000000,100.000000,7.644478,0.700000,5.351134,-5.351134,350.000000,279.154439,70.845561,350.000000,true,801.800000,6250.000000,2459.665878,1966.929379,-1165.129379
aether_half_2046_zero_2060,AETHER plus delayed zero,conservative_state_dependent,Conservative state-dependent,2099,0.000000,0.000000,0.000000,100.000000,7.553326,0.700000,5.287328,-5.287328,350.000000,278.476576,71.523424,350.000000,true,801.800000,6350.000000,2467.219204,1972.216707,-1170.416707
aether_half_2046_zero_2060,AETHER plus delayed zero,conservative_state_dependent,Conservative state-dependent,2100,0.000000,0.000000,0.000000,100.000000,7.463950,0.700000,5.224765,-5.224765,350.000000,277.806734,72.193266,350.000000,true,801.800000,6450.000000,2474.683155,1977.441472,-1175.641472
aether_half_2046_zero_2060,AETHER plus delayed zero,asymmetry_stress,Asymmetry stress,2026,42.200000,0.000000,42.200000,0.000000,0.000000,0.850000,0.000000,42.200000,433.940256,433.940256,0.000000,350.000000,false,42.200000,0.000000,0.000000,0.000000,42.200000
aether_half_2046_zero_2060,AETHER plus delayed zero,asymmetry_stress,Asymmetry stress,2027,41.145000,0.000000,41.145000,5.000000,5.000000,0.850000,4.250000,36.895000,438.316149,438.670385,-0.354236,350.000000,false,83.345000,5.000000,5.000000,4.250000,79.095000
aether_half_2046_zero_2060,AETHER plus delayed zero,asymmetry_stress,Asymmetry stress,2028,40.090000,0.000000,40.090000,10.000000,10.000000,0.850000,8.500000,31.590000,441.767584,442.720385,-0.952800,350.000000,false,123.435000,15.000000,15.000000,12.750000,110.685000
aether_half_2046_zero_2060,AETHER plus delayed zero,asymmetry_stress,Asymmetry stress,2029,39.035000,0.000000,39.035000,15.000000,15.000000,0.850000,12.750000,26.285000,444.382899,446.090256,-1.707357,350.000000,false,162.470000,30.000000,30.000000,25.500000,136.970000
aether_half_2046_zero_2060,AETHER plus delayed zero,asymmetry_stress,Asymmetry stress,2030,37.980000,0.000000,37.980000,20.000000,20.000000,0.850000,17.000000,20.980000,446.233302,448.780000,-2.546698,350.000000,false,200.450000,50.000000,50.000000,42.500000,157.950000
aether_half_2046_zero_2060,AETHER plus delayed zero,asymmetry_stress,Asymmetry stress,2031,36.925000,0.000000,36.925000,25.000000,25.000000,0.850000,21.250000,15.675000,447.376393,450.789615,-3.413223,350.000000,false,237.375000,75.000000,75.000000,63.750000,173.625000
aether_half_2046_zero_2060,AETHER plus delayed zero,asymmetry_stress,Asymmetry stress,2032,35.870000,0.000000,35.870000,30.000000,30.000000,0.850000,25.500000,10.370000,447.858956,452.119103,-4.260147,350.000000,false,273.245000,105.000000,105.000000,89.250000,183.995000
aether_half_2046_zero_2060,AETHER plus delayed zero,asymmetry_stress,Asymmetry stress,2033,34.815000,0.000000,34.815000,35.000000,35.000000,0.850000,29.750000,5.065000,447.719174,452.768462,-5.049287,350.000000,false,308.060000,140.000000,140.000000,119.000000,189.060000
aether_half_2046_zero_2060,AETHER plus delayed zero,asymmetry_stress,Asymmetry stress,2034,33.760000,0.000000,33.760000,40.000000,40.000000,0.850000,34.000000,-0.240000,446.988385,452.737692,-5.749308,350.000000,false,341.820000,180.000000,180.000000,153.000000,188.820000
aether_half_2046_zero_2060,AETHER plus delayed zero,asymmetry_stress,Asymmetry stress,2035,32.705000,0.000000,32.705000,45.000000,45.000000,0.850000,38.250000,-5.545000,445.692470,452.026795,-6.334325,350.000000,false,374.525000,225.000000,225.000000,191.250000,183.275000
aether_half_2046_zero_2060,AETHER plus delayed zero,asymmetry_stress,Asymmetry stress,2036,31.650000,0.000000,31.650000,50.000000,50.000000,0.850000,42.500000,-10.850000,443.852965,450.635769,-6.782805,350.000000,false,406.175000,275.000000,275.000000,233.750000,172.425000
aether_half_2046_zero_2060,AETHER plus delayed zero,asymmetry_stress,Asymmetry stress,2037,30.595000,0.000000,30.595000,55.000000,55.000000,0.850000,46.750000,-16.155000,441.487928,448.564615,-7.076687,350.000000,false,436.770000,330.000000,330.000000,280.500000,156.270000
aether_half_2046_zero_2060,AETHER plus delayed zero,asymmetry_stress,Asymmetry stress,2038,29.540000,0.000000,29.540000,60.000000,60.000000,0.850000,51.000000,-21.460000,438.612645,445.813333,-7.200688,350.000000,false,466.310000,390.000000,390.000000,331.500000,134.810000
aether_half_2046_zero_2060,AETHER plus delayed zero,asymmetry_stress,Asymmetry stress,2039,28.485000,0.000000,28.485000,65.000000,65.000000,0.850000,55.250000,-26.765000,435.240171,442.381923,-7.141752,350.000000,false,494.795000,455.000000,455.000000,386.750000,108.045000
aether_half_2046_zero_2060,AETHER plus delayed zero,asymmetry_stress,Asymmetry stress,2040,27.430000,0.000000,27.430000,70.000000,70.000000,0.850000,59.500000,-32.070000,431.381775,438.270385,-6.888610,350.000000,false,522.225000,525.000000,525.000000,446.250000,75.975000
aether_half_2046_zero_2060,AETHER plus delayed zero,asymmetry_stress,Asymmetry stress,2041,26.375000,0.000000,26.375000,75.000000,75.000000,0.849495,63.712139,-37.337139,427.052139,433.483572,-6.431432,350.000000,false,548.600000,600.000000,600.000000,509.962139,38.637861
aether_half_2046_zero_2060,AETHER plus delayed zero,asymmetry_stress,Asymmetry stress,2042,25.320000,0.000000,25.320000,80.000000,80.000000,0.836961,66.956892,-41.636892,422.383636,428.145509,-5.761873,350.000000,false,573.920000,680.000000,680.000000,576.919031,-2.999031
aether_half_2046_zero_2060,AETHER plus delayed zero,asymmetry_stress,Asymmetry stress,2043,24.265000,0.000000,24.265000,85.000000,85.000000,0.815231,69.294630,-45.029630,417.491888,422.372479,-4.880592,350.000000,false,598.185000,765.000000,765.000000,646.213661,-48.028661
aether_half_2046_zero_2060,AETHER plus delayed zero,asymmetry_stress,Asymmetry stress,2044,23.210000,0.000000,23.210000,90.000000,90.000000,0.792601,71.334069,-48.124069,412.407642,416.202727,-3.795085,350.000000,false,621.395000,855.000000,855.000000,717.547730,-96.152730
aether_half_2046_zero_2060,AETHER plus delayed zero,asymmetry_stress,Asymmetry stress,2045,22.155000,0.000000,22.155000,95.000000,95.000000,0.769143,73.068627,-50.913627,407.161989,409.675339,-2.513350,350.000000,false,643.550000,950.000000,950.000000,790.616357,-147.066357
aether_half_2046_zero_2060,AETHER plus delayed zero,asymmetry_stress,Asymmetry stress,2046,21.100000,0.000000,21.100000,100.000000,100.000000,0.744932,74.493183,-53.393183,401.786157,402.830059,-1.043902,350.000000,false,664.650000,1050.000000,1050.000000,865.109540,-200.459540
aether_half_2046_zero_2060,AETHER plus delayed zero,asymmetry_stress,Asymmetry stress,2047,19.592857,0.000000,19.592857,100.000000,100.000000,0.720038,72.003825,-52.410968,396.714923,396.110704,0.604219,350.000000,false,684.242857,1150.000000,1150.000000,937.113365,-252.870508
aether_half_2046_zero_2060,AETHER plus delayed zero,asymmetry_stress,Asymmetry stress,2048,18.085714,0.000000,18.085714,100.000000,100.000000,0.696252,69.625225,-51.539511,391.898112,389.503075,2.395038,350.000000,false,702.328571,1250.000000,1250.000000,1006.738590,-304.410019
aether_half_2046_zero_2060,AETHER plus delayed zero,asymmetry_stress,Asymmetry stress,2049,16.578571,0.000000,16.578571,100.000000,100.000000,0.673350,67.335031,-50.756459,387.296384,382.995836,4.300548,350.000000,false,718.907143,1350.000000,1350.000000,1074.073621,-355.166478
aether_half_2046_zero_2060,AETHER plus delayed zero,asymmetry_stress,Asymmetry stress,2050,15.071429,0.000000,15.071429,100.000000,100.000000,0.643039,64.303925,-49.232496,382.982880,376.683978,6.298902,350.000000,false,733.978571,1450.000000,1450.000000,1138.377546,-404.398974
aether_half_2046_zero_2060,AETHER plus delayed zero,asymmetry_stress,Asymmetry stress,2051,13.564286,0.000000,13.564286,100.000000,100.000000,0.608741,60.874093,-47.309807,378.984823,370.618618,8.366205,350.000000,false,747.542857,1550.000000,1550.000000,1199.251638,-451.708781
aether_half_2046_zero_2060,AETHER plus delayed zero,asymmetry_stress,Asymmetry stress,2052,12.057143,0.000000,12.057143,100.000000,100.000000,0.600000,60.000000,-47.942857,374.951770,364.472098,10.479673,350.000000,false,759.600000,1650.000000,1650.000000,1259.251638,-499.651638
aether_half_2046_zero_2060,AETHER plus delayed zero,asymmetry_stress,Asymmetry stress,2053,10.550000,0.000000,10.550000,100.000000,100.000000,0.600000,60.000000,-49.450000,370.774497,358.132354,12.642143,350.000000,false,770.150000,1750.000000,1750.000000,1319.251638,-549.101638
aether_half_2046_zero_2060,AETHER plus delayed zero,asymmetry_stress,Asymmetry stress,2054,9.042857,0.000000,9.042857,100.000000,100.000000,0.600000,60.000000,-50.957143,366.462537,351.599387,14.863150,350.000000,false,779.192857,1850.000000,1850.000000,1379.251638,-600.058781
aether_half_2046_zero_2060,AETHER plus delayed zero,asymmetry_stress,Asymmetry stress,2055,7.535714,0.000000,7.535714,100.000000,100.000000,0.600000,60.000000,-52.464286,362.023561,344.873197,17.150365,350.000000,false,786.728571,1950.000000,1950.000000,1439.251638,-652.523067
aether_half_2046_zero_2060,AETHER plus delayed zero,asymmetry_stress,Asymmetry stress,2056,6.028571,0.000000,6.028571,100.000000,100.000000,0.600000,60.000000,-53.971429,357.463764,337.953783,19.509981,350.000000,false,792.757143,2050.000000,2050.000000,1499.251638,-706.494495
aether_half_2046_zero_2060,AETHER plus delayed zero,asymmetry_stress,Asymmetry stress,2057,4.521429,0.000000,4.521429,100.000000,100.000000,0.600000,60.000000,-55.478571,352.788163,330.841145,21.947018,350.000000,false,797.278571,2150.000000,2150.000000,1559.251638,-761.973067
aether_half_2046_zero_2060,AETHER plus delayed zero,asymmetry_stress,Asymmetry stress,2058,3.014286,0.000000,3.014286,100.000000,74.011001,0.600000,44.406600,-41.392315,350.000000,325.534438,24.465562,350.000000,true,800.292857,2250.000000,2224.011001,1603.658239,-803.365381
aether_half_2046_zero_2060,AETHER plus delayed zero,asymmetry_stress,Asymmetry stress,2059,1.507143,0.000000,1.507143,100.000000,34.654416,0.600000,20.792649,-19.285506,350.000000,323.061937,26.938063,350.000000,true,801.800000,2350.000000,2258.665416,1624.450888,-822.650888
aether_half_2046_zero_2060,AETHER plus delayed zero,asymmetry_stress,Asymmetry stress,2060,0.000000,0.000000,0.000000,100.000000,29.316920,0.600000,17.590152,-17.590152,350.000000,320.806790,29.193210,350.000000,true,801.800000,2450.000000,2287.982337,1642.041040,-840.241040
aether_half_2046_zero_2060,AETHER plus delayed zero,asymmetry_stress,Asymmetry stress,2061,0.000000,0.000000,0.000000,100.000000,26.897014,0.600000,16.138208,-16.138208,350.000000,318.737789,31.262211,350.000000,true,801.800000,2550.000000,2314.879351,1658.179249,-856.379249
aether_half_2046_zero_2060,AETHER plus delayed zero,asymmetry_stress,Asymmetry stress,2062,0.000000,0.000000,0.000000,100.000000,24.820983,0.600000,14.892590,-14.892590,350.000000,316.828482,33.171518,350.000000,true,801.800000,2650.000000,2339.700334,1673.071838,-871.271838
aether_half_2046_zero_2060,AETHER plus delayed zero,asymmetry_stress,Asymmetry stress,2063,0.000000,0.000000,0.000000,100.000000,23.036497,0.600000,13.821898,-13.821898,350.000000,315.056444,34.943556,350.000000,true,801.800000,2750.000000,2362.736830,1686.893736,-885.093736
aether_half_2046_zero_2060,AETHER plus delayed zero,asymmetry_stress,Asymmetry stress,2064,0.000000,0.000000,0.000000,100.000000,21.499251,0.600000,12.899551,-12.899551,350.000000,313.402655,36.597345,350.000000,true,801.800000,2850.000000,2384.236082,1699.793287,-897.993287
aether_half_2046_zero_2060,AETHER plus delayed zero,asymmetry_stress,Asymmetry stress,2065,0.000000,0.000000,0.000000,100.000000,20.171734,0.600000,12.103040,-12.103040,350.000000,311.850984,38.149016,350.000000,true,801.800000,2950.000000,2404.407816,1711.896328,-910.096328
aether_half_2046_zero_2060,AETHER plus delayed zero,asymmetry_stress,Asymmetry stress,2066,0.000000,0.000000,0.000000,100.000000,19.022183,0.600000,11.413310,-11.413310,350.000000,310.387739,39.612261,350.000000,true,801.800000,3050.000000,2423.429999,1723.309637,-921.509637
aether_half_2046_zero_2060,AETHER plus delayed zero,asymmetry_stress,Asymmetry stress,2067,0.000000,0.000000,0.000000,100.000000,18.023705,0.600000,10.814223,-10.814223,350.000000,309.001300,40.998700,350.000000,true,801.800000,3150.000000,2441.453703,1734.123860,-932.323860
aether_half_2046_zero_2060,AETHER plus delayed zero,asymmetry_stress,Asymmetry stress,2068,0.000000,0.000000,0.000000,100.000000,17.153526,0.600000,10.292115,-10.292115,350.000000,307.681798,42.318202,350.000000,true,801.800000,3250.000000,2458.607229,1744.415976,-942.615976
aether_half_2046_zero_2060,AETHER plus delayed zero,asymmetry_stress,Asymmetry stress,2069,0.000000,0.000000,0.000000,100.000000,16.392362,0.600000,9.835417,-9.835417,350.000000,306.420847,43.579153,350.000000,true,801.800000,3350.000000,2474.999591,1754.251393,-952.451393
aether_half_2046_zero_2060,AETHER plus delayed zero,asymmetry_stress,Asymmetry stress,2070,0.000000,0.000000,0.000000,100.000000,15.723881,0.600000,9.434329,-9.434329,350.000000,305.211318,44.788682,350.000000,true,801.800000,3450.000000,2490.723472,1763.685721,-961.885721
aether_half_2046_zero_2060,AETHER plus delayed zero,asymmetry_stress,Asymmetry stress,2071,0.000000,0.000000,0.000000,100.000000,15.134253,0.600000,9.080552,-9.080552,350.000000,304.047145,45.952855,350.000000,true,801.800000,3550.000000,2505.857724,1772.766273,-970.966273
aether_half_2046_zero_2060,AETHER plus delayed zero,asymmetry_stress,Asymmetry stress,2072,0.000000,0.000000,0.000000,100.000000,14.611761,0.600000,8.767057,-8.767057,350.000000,302.923163,47.076837,350.000000,true,801.800000,3650.000000,2520.469485,1781.533329,-979.733329
aether_half_2046_zero_2060,AETHER plus delayed zero,asymmetry_stress,Asymmetry stress,2073,0.000000,0.000000,0.000000,100.000000,14.146484,0.600000,8.487890,-8.487890,350.000000,301.834972,48.165028,350.000000,true,801.800000,3750.000000,2534.615969,1790.021220,-988.221220
aether_half_2046_zero_2060,AETHER plus delayed zero,asymmetry_stress,Asymmetry stress,2074,0.000000,0.000000,0.000000,100.000000,13.730013,0.600000,8.238008,-8.238008,350.000000,300.778817,49.221183,350.000000,true,801.800000,3850.000000,2548.345983,1798.259228,-996.459228
aether_half_2046_zero_2060,AETHER plus delayed zero,asymmetry_stress,Asymmetry stress,2075,0.000000,0.000000,0.000000,100.000000,13.355228,0.600000,8.013137,-8.013137,350.000000,299.751492,50.248508,350.000000,true,801.800000,3950.000000,2561.701210,1806.272364,-1004.472364
aether_half_2046_zero_2060,AETHER plus delayed zero,asymmetry_stress,Asymmetry stress,2076,0.000000,0.000000,0.000000,100.000000,13.016091,0.600000,7.809655,-7.809655,350.000000,298.750254,51.249746,350.000000,true,801.800000,4050.000000,2574.717301,1814.082019,-1012.282019
aether_half_2046_zero_2060,AETHER plus delayed zero,asymmetry_stress,Asymmetry stress,2077,0.000000,0.000000,0.000000,100.000000,12.707489,0.600000,7.624493,-7.624493,350.000000,297.772755,52.227245,350.000000,true,801.800000,4150.000000,2587.424790,1821.706512,-1019.906512
aether_half_2046_zero_2060,AETHER plus delayed zero,asymmetry_stress,Asymmetry stress,2078,0.000000,0.000000,0.000000,100.000000,12.425084,0.600000,7.455051,-7.455051,350.000000,296.816979,53.183021,350.000000,true,801.800000,4250.000000,2599.849874,1829.161563,-1027.361563
aether_half_2046_zero_2060,AETHER plus delayed zero,asymmetry_stress,Asymmetry stress,2079,0.000000,0.000000,0.000000,100.000000,12.165202,0.600000,7.299121,-7.299121,350.000000,295.881194,54.118806,350.000000,true,801.800000,4350.000000,2612.015076,1836.460684,-1034.660684
aether_half_2046_zero_2060,AETHER plus delayed zero,asymmetry_stress,Asymmetry stress,2080,0.000000,0.000000,0.000000,100.000000,11.924723,0.600000,7.154834,-7.154834,350.000000,294.963908,55.036092,350.000000,true,801.800000,4450.000000,2623.939799,1843.615517,-1041.815517
aether_half_2046_zero_2060,AETHER plus delayed zero,asymmetry_stress,Asymmetry stress,2081,0.000000,0.000000,0.000000,100.000000,11.701004,0.600000,7.020602,-7.020602,350.000000,294.063831,55.936169,350.000000,true,801.800000,4550.000000,2635.640803,1850.636120,-1048.836120
aether_half_2046_zero_2060,AETHER plus delayed zero,asymmetry_stress,Asymmetry stress,2082,0.000000,0.000000,0.000000,100.000000,11.491799,0.600000,6.895080,-6.895080,350.000000,293.179846,56.820154,350.000000,true,801.800000,4650.000000,2647.132602,1857.531199,-1055.731199
aether_half_2046_zero_2060,AETHER plus delayed zero,asymmetry_stress,Asymmetry stress,2083,0.000000,0.000000,0.000000,100.000000,11.295204,0.600000,6.777122,-6.777122,350.000000,292.310984,57.689016,350.000000,true,801.800000,4750.000000,2658.427806,1864.308322,-1062.508322
aether_half_2046_zero_2060,AETHER plus delayed zero,asymmetry_stress,Asymmetry stress,2084,0.000000,0.000000,0.000000,100.000000,11.109600,0.600000,6.665760,-6.665760,350.000000,291.456400,58.543600,350.000000,true,801.800000,4850.000000,2669.537406,1870.974082,-1069.174082
aether_half_2046_zero_2060,AETHER plus delayed zero,asymmetry_stress,Asymmetry stress,2085,0.000000,0.000000,0.000000,100.000000,10.933611,0.600000,6.560167,-6.560167,350.000000,290.615353,59.384647,350.000000,true,801.800000,4950.000000,2680.471018,1877.534249,-1075.734249
aether_half_2046_zero_2060,AETHER plus delayed zero,asymmetry_stress,Asymmetry stress,2086,0.000000,0.000000,0.000000,100.000000,10.766069,0.600000,6.459642,-6.459642,350.000000,289.787194,60.212806,350.000000,true,801.800000,5050.000000,2691.237087,1883.993890,-1082.193890
aether_half_2046_zero_2060,AETHER plus delayed zero,asymmetry_stress,Asymmetry stress,2087,0.000000,0.000000,0.000000,100.000000,10.605979,0.600000,6.363587,-6.363587,350.000000,288.971349,61.028651,350.000000,true,801.800000,5150.000000,2701.843066,1890.357478,-1088.557478
aether_half_2046_zero_2060,AETHER plus delayed zero,asymmetry_stress,Asymmetry stress,2088,0.000000,0.000000,0.000000,100.000000,10.452492,0.600000,6.271495,-6.271495,350.000000,288.167311,61.832689,350.000000,true,801.800000,5250.000000,2712.295558,1896.628973,-1094.828973
aether_half_2046_zero_2060,AETHER plus delayed zero,asymmetry_stress,Asymmetry stress,2089,0.000000,0.000000,0.000000,100.000000,10.304888,0.600000,6.182933,-6.182933,350.000000,287.374627,62.625373,350.000000,true,801.800000,5350.000000,2722.600446,1902.811906,-1101.011906
aether_half_2046_zero_2060,AETHER plus delayed zero,asymmetry_stress,Asymmetry stress,2090,0.000000,0.000000,0.000000,100.000000,10.162550,0.600000,6.097530,-6.097530,350.000000,286.592893,63.407107,350.000000,true,801.800000,5450.000000,2732.762996,1908.909436,-1107.109436
aether_half_2046_zero_2060,AETHER plus delayed zero,asymmetry_stress,Asymmetry stress,2091,0.000000,0.000000,0.000000,100.000000,10.024951,0.600000,6.014970,-6.014970,350.000000,285.821743,64.178257,350.000000,true,801.800000,5550.000000,2742.787946,1914.924406,-1113.124406
aether_half_2046_zero_2060,AETHER plus delayed zero,asymmetry_stress,Asymmetry stress,2092,0.000000,0.000000,0.000000,100.000000,9.891641,0.600000,5.934984,-5.934984,350.000000,285.060847,64.939153,350.000000,true,801.800000,5650.000000,2752.679587,1920.859390,-1119.059390
aether_half_2046_zero_2060,AETHER plus delayed zero,asymmetry_stress,Asymmetry stress,2093,0.000000,0.000000,0.000000,100.000000,9.762234,0.600000,5.857341,-5.857341,350.000000,284.309906,65.690094,350.000000,true,801.800000,5750.000000,2762.441821,1926.716731,-1124.916731
aether_half_2046_zero_2060,AETHER plus delayed zero,asymmetry_stress,Asymmetry stress,2094,0.000000,0.000000,0.000000,100.000000,9.636400,0.600000,5.781840,-5.781840,350.000000,283.568645,66.431355,350.000000,true,801.800000,5850.000000,2772.078222,1932.498571,-1130.698571
aether_half_2046_zero_2060,AETHER plus delayed zero,asymmetry_stress,Asymmetry stress,2095,0.000000,0.000000,0.000000,100.000000,9.513854,0.600000,5.708312,-5.708312,350.000000,282.836810,67.163190,350.000000,true,801.800000,5950.000000,2781.592076,1938.206884,-1136.406884
aether_half_2046_zero_2060,AETHER plus delayed zero,asymmetry_stress,Asymmetry stress,2096,0.000000,0.000000,0.000000,100.000000,9.394350,0.600000,5.636610,-5.636610,350.000000,282.114167,67.885833,350.000000,true,801.800000,6050.000000,2790.986426,1943.843494,-1142.043494
aether_half_2046_zero_2060,AETHER plus delayed zero,asymmetry_stress,Asymmetry stress,2097,0.000000,0.000000,0.000000,100.000000,9.277676,0.600000,5.566605,-5.566605,350.000000,281.400500,68.599500,350.000000,true,801.800000,6150.000000,2800.264102,1949.410099,-1147.610099
aether_half_2046_zero_2060,AETHER plus delayed zero,asymmetry_stress,Asymmetry stress,2098,0.000000,0.000000,0.000000,100.000000,9.163648,0.600000,5.498189,-5.498189,350.000000,280.695604,69.304396,350.000000,true,801.800000,6250.000000,2809.427749,1954.908288,-1153.108288
aether_half_2046_zero_2060,AETHER plus delayed zero,asymmetry_stress,Asymmetry stress,2099,0.000000,0.000000,0.000000,100.000000,9.052107,0.600000,5.431264,-5.431264,350.000000,279.999288,70.000712,350.000000,true,801.800000,6350.000000,2818.479856,1960.339552,-1158.539552
aether_half_2046_zero_2060,AETHER plus delayed zero,asymmetry_stress,Asymmetry stress,2100,0.000000,0.000000,0.000000,100.000000,8.942913,0.600000,5.365748,-5.365748,350.000000,279.311372,70.688628,350.000000,true,801.800000,6450.000000,2827.422769,1965.705300,-1163.905300
aether_net_zero_2050,AETHER plus net-zero 2050,fixed_0p96_current,Fixed 0.96 current screen,2026,42.200000,0.000000,42.200000,0.000000,0.000000,0.960000,0.000000,42.200000,433.940256,433.940256,0.000000,350.000000,false,42.200000,0.000000,0.000000,0.000000,42.200000
aether_net_zero_2050,AETHER plus net-zero 2050,fixed_0p96_current,Fixed 0.96 current screen,2027,40.441667,0.000000,40.441667,5.000000,5.000000,0.960000,4.800000,35.641667,438.155465,438.509701,-0.354236,350.000000,false,82.641667,5.000000,5.000000,4.800000,77.841667
aether_net_zero_2050,AETHER plus net-zero 2050,fixed_0p96_current,Fixed 0.96 current screen,2028,38.683333,0.000000,38.683333,10.000000,10.000000,0.960000,9.600000,29.083333,441.296054,442.238333,-0.942280,350.000000,false,121.325000,15.000000,15.000000,14.400000,106.925000
aether_net_zero_2050,AETHER plus net-zero 2050,fixed_0p96_current,Fixed 0.96 current screen,2029,36.925000,0.000000,36.925000,15.000000,15.000000,0.960000,14.400000,22.525000,443.458938,445.126154,-1.667216,350.000000,false,158.250000,30.000000,30.000000,28.800000,129.450000
aether_net_zero_2050,AETHER plus net-zero 2050,fixed_0p96_current,Fixed 0.96 current screen,2030,35.166667,0.000000,35.166667,20.000000,20.000000,0.960000,19.200000,15.966667,444.722360,447.173162,-2.450802,350.000000,false,193.416667,50.000000,50.000000,48.000000,145.416667
aether_net_zero_2050,AETHER plus net-zero 2050,fixed_0p96_current,Fixed 0.96 current screen,2031,33.408333,0.000000,33.408333,25.000000,25.000000,0.960000,24.000000,9.408333,445.149724,448.379359,-3.229635,350.000000,false,226.825000,75.000000,75.000000,72.000000,154.825000
aether_net_zero_2050,AETHER plus net-zero 2050,fixed_0p96_current,Fixed 0.96 current screen,2032,31.650000,0.000000,31.650000,30.000000,30.000000,0.960000,28.800000,2.850000,444.792635,448.744744,-3.952108,350.000000,false,258.475000,105.000000,105.000000,100.800000,157.675000
aether_net_zero_2050,AETHER plus net-zero 2050,fixed_0p96_current,Fixed 0.96 current screen,2033,29.891667,0.000000,29.891667,35.000000,35.000000,0.960000,33.600000,-3.708333,443.693317,448.269316,-4.575999,350.000000,false,288.366667,140.000000,140.000000,134.400000,153.966667
aether_net_zero_2050,AETHER plus net-zero 2050,fixed_0p96_current,Fixed 0.96 current screen,2034,28.133333,0.000000,28.133333,40.000000,40.000000,0.960000,38.400000,-10.266667,441.886518,446.953077,-5.066559,350.000000,false,316.500000,180.000000,180.000000,172.800000,143.700000
aether_net_zero_2050,AETHER plus net-zero 2050,fixed_0p96_current,Fixed 0.96 current screen,2035,26.375000,0.000000,26.375000,45.000000,45.000000,0.960000,43.200000,-16.825000,439.401032,444.796026,-5.394994,350.000000,false,342.875000,225.000000,225.000000,216.000000,126.875000
aether_net_zero_2050,AETHER plus net-zero 2050,fixed_0p96_current,Fixed 0.96 current screen,2036,24.616667,0.000000,24.616667,50.000000,50.000000,0.960000,48.000000,-23.383333,436.260901,441.798162,-5.537261,350.000000,false,367.491667,275.000000,275.000000,264.000000,103.491667
aether_net_zero_2050,AETHER plus net-zero 2050,fixed_0p96_current,Fixed 0.96 current screen,2037,22.858333,0.000000,22.858333,55.000000,55.000000,0.960000,52.800000,-29.941667,432.486371,437.959487,-5.473117,350.000000,false,390.350000,330.000000,330.000000,316.800000,73.550000
aether_net_zero_2050,AETHER plus net-zero 2050,fixed_0p96_current,Fixed 0.96 current screen,2038,21.100000,0.000000,21.100000,60.000000,60.000000,0.960000,57.600000,-36.500000,428.094645,433.280000,-5.185355,350.000000,false,411.450000,390.000000,390.000000,374.400000,37.050000
aether_net_zero_2050,AETHER plus net-zero 2050,fixed_0p96_current,Fixed 0.96 current screen,2039,19.341667,0.000000,19.341667,65.000000,65.000000,0.960000,62.400000,-43.058333,423.100490,427.759701,-4.659211,350.000000,false,430.791667,455.000000,455.000000,436.800000,-6.008333
aether_net_zero_2050,AETHER plus net-zero 2050,fixed_0p96_current,Fixed 0.96 current screen,2040,17.583333,0.000000,17.583333,70.000000,70.000000,0.960000,67.200000,-49.616667,417.516713,421.398590,-3.881877,350.000000,false,448.375000,525.000000,525.000000,504.000000,-55.625000
aether_net_zero_2050,AETHER plus net-zero 2050,fixed_0p96_current,Fixed 0.96 current screen,2041,15.825000,0.000000,15.825000,75.000000,75.000000,0.960000,72.000000,-56.175000,411.354537,414.196667,-2.842130,350.000000,false,464.200000,600.000000,600.000000,576.000000,-111.800000
aether_net_zero_2050,AETHER plus net-zero 2050,fixed_0p96_current,Fixed 0.96 current screen,2042,14.066667,0.000000,14.066667,80.000000,80.000000,0.960000,76.800000,-62.733333,404.623906,406.153932,-1.530026,350.000000,false,478.266667,680.000000,680.000000,652.800000,-174.533333
aether_net_zero_2050,AETHER plus net-zero 2050,fixed_0p96_current,Fixed 0.96 current screen,2043,12.308333,0.000000,12.308333,85.000000,85.000000,0.960000,81.600000,-69.291667,397.333723,397.270385,0.063338,350.000000,false,490.575000,765.000000,765.000000,734.400000,-243.825000
aether_net_zero_2050,AETHER plus net-zero 2050,fixed_0p96_current,Fixed 0.96 current screen,2044,10.550000,0.000000,10.550000,90.000000,90.000000,0.960000,86.400000,-75.850000,389.492039,387.546026,1.946014,350.000000,false,501.125000,855.000000,855.000000,820.800000,-319.675000
aether_net_zero_2050,AETHER plus net-zero 2050,fixed_0p96_current,Fixed 0.96 current screen,2045,8.791667,0.000000,8.791667,95.000000,95.000000,0.960000,91.200000,-82.408333,381.106210,376.980855,4.125355,350.000000,false,509.916667,950.000000,950.000000,912.000000,-402.083333
aether_net_zero_2050,AETHER plus net-zero 2050,fixed_0p96_current,Fixed 0.96 current screen,2046,7.033333,0.000000,7.033333,100.000000,100.000000,0.960000,96.000000,-88.966667,372.183011,365.574872,6.608140,350.000000,false,516.950000,1050.000000,1050.000000,1008.000000,-491.050000
aether_net_zero_2050,AETHER plus net-zero 2050,fixed_0p96_current,Fixed 0.96 current screen,2047,5.275000,0.000000,5.275000,100.000000,100.000000,0.960000,96.000000,-90.725000,363.344123,353.943462,9.400661,350.000000,false,522.225000,1150.000000,1150.000000,1104.000000,-581.775000
aether_net_zero_2050,AETHER plus net-zero 2050,fixed_0p96_current,Fixed 0.96 current screen,2048,3.516667,0.000000,3.516667,100.000000,100.000000,0.960000,96.000000,-92.483333,354.555144,342.086624,12.468520,350.000000,false,525.741667,1250.000000,1250.000000,1200.000000,-674.258333
aether_net_zero_2050,AETHER plus net-zero 2050,fixed_0p96_current,Fixed 0.96 current screen,2049,1.758333,0.000000,1.758333,100.000000,65.783733,0.960000,63.152384,-61.394050,350.000000,334.215592,15.784408,350.000000,true,527.500000,1350.000000,1315.783733,1263.152384,-735.652384
aether_net_zero_2050,AETHER plus net-zero 2050,fixed_0p96_current,Fixed 0.96 current screen,2050,0.000000,0.000000,0.000000,100.000000,26.540361,0.960000,25.478746,-25.478746,350.000000,330.949086,19.050914,350.000000,true,527.500000,1450.000000,1342.324094,1288.631130,-761.131130
aether_net_zero_2050,AETHER plus net-zero 2050,fixed_0p96_current,Fixed 0.96 current screen,2051,0.000000,0.000000,0.000000,100.000000,23.843201,0.960000,22.889473,-22.889473,350.000000,328.014538,21.985462,350.000000,true,527.500000,1550.000000,1366.167295,1311.520603,-784.020603
aether_net_zero_2050,AETHER plus net-zero 2050,fixed_0p96_current,Fixed 0.96 current screen,2052,0.000000,0.000000,0.000000,100.000000,21.541548,0.960000,20.679886,-20.679886,350.000000,325.363271,24.636729,350.000000,true,527.500000,1650.000000,1387.708843,1332.200489,-804.700489
aether_net_zero_2050,AETHER plus net-zero 2050,fixed_0p96_current,Fixed 0.96 current screen,2053,0.000000,0.000000,0.000000,100.000000,19.575000,0.960000,18.792000,-18.792000,350.000000,322.954040,27.045960,350.000000,true,527.500000,1750.000000,1407.283843,1350.992490,-823.492490
aether_net_zero_2050,AETHER plus net-zero 2050,fixed_0p96_current,Fixed 0.96 current screen,2054,0.000000,0.000000,0.000000,100.000000,17.892420,0.960000,17.176723,-17.176723,350.000000,320.751896,29.248104,350.000000,true,527.500000,1850.000000,1425.176263,1368.169212,-840.669212
aether_net_zero_2050,AETHER plus net-zero 2050,fixed_0p96_current,Fixed 0.96 current screen,2055,0.000000,0.000000,0.000000,100.000000,16.450514,0.960000,15.792493,-15.792493,350.000000,318.727217,31.272783,350.000000,true,527.500000,1950.000000,1441.626777,1383.961706,-856.461706
aether_net_zero_2050,AETHER plus net-zero 2050,fixed_0p96_current,Fixed 0.96 current screen,2056,0.000000,0.000000,0.000000,100.000000,15.212630,0.960000,14.604125,-14.604125,350.000000,316.854894,33.145106,350.000000,true,527.500000,2050.000000,1456.839407,1398.565830,-871.065830
aether_net_zero_2050,AETHER plus net-zero 2050,fixed_0p96_current,Fixed 0.96 current screen,2057,0.000000,0.000000,0.000000,100.000000,14.147737,0.960000,13.581827,-13.581827,350.000000,315.113634,34.886366,350.000000,true,527.500000,2150.000000,1470.987143,1412.147658,-884.647658
aether_net_zero_2050,AETHER plus net-zero 2050,fixed_0p96_current,Fixed 0.96 current screen,2058,0.000000,0.000000,0.000000,100.000000,13.229560,0.960000,12.700378,-12.700378,350.000000,313.485380,36.514620,350.000000,true,527.500000,2250.000000,1484.216704,1424.848036,-897.348036
aether_net_zero_2050,AETHER plus net-zero 2050,fixed_0p96_current,Fixed 0.96 current screen,2059,0.000000,0.000000,0.000000,100.000000,12.435855,0.960000,11.938421,-11.938421,350.000000,311.954813,38.045187,350.000000,true,527.500000,2350.000000,1496.652559,1436.786457,-909.286457
aether_net_zero_2050,AETHER plus net-zero 2050,fixed_0p96_current,Fixed 0.96 current screen,2060,0.000000,0.000000,0.000000,100.000000,11.747786,0.960000,11.277875,-11.277875,350.000000,310.508932,39.491068,350.000000,true,527.500000,2450.000000,1508.400345,1448.064331,-920.564331
aether_net_zero_2050,AETHER plus net-zero 2050,fixed_0p96_current,Fixed 0.96 current screen,2061,0.000000,0.000000,0.000000,100.000000,11.149404,0.960000,10.703427,-10.703427,350.000000,309.136698,40.863302,350.000000,true,527.500000,2550.000000,1519.549748,1458.767759,-931.267759
aether_net_zero_2050,AETHER plus net-zero 2050,fixed_0p96_current,Fixed 0.96 current screen,2062,0.000000,0.000000,0.000000,100.000000,10.627202,0.960000,10.202114,-10.202114,350.000000,307.828734,42.171266,350.000000,true,527.500000,2650.000000,1530.176951,1468.969873,-941.469873
aether_net_zero_2050,AETHER plus net-zero 2050,fixed_0p96_current,Fixed 0.96 current screen,2063,0.000000,0.000000,0.000000,100.000000,10.169746,0.960000,9.762956,-9.762956,350.000000,306.577073,43.422927,350.000000,true,527.500000,2750.000000,1540.346696,1478.732828,-951.232828
aether_net_zero_2050,AETHER plus net-zero 2050,fixed_0p96_current,Fixed 0.96 current screen,2064,0.000000,0.000000,0.000000,100.000000,9.767347,0.960000,9.376654,-9.376654,350.000000,305.374938,44.625062,350.000000,true,527.500000,2850.000000,1550.114044,1488.109482,-960.609482
aether_net_zero_2050,AETHER plus net-zero 2050,fixed_0p96_current,Fixed 0.96 current screen,2065,0.000000,0.000000,0.000000,100.000000,9.411805,0.960000,9.035333,-9.035333,350.000000,304.216562,45.783438,350.000000,true,527.500000,2950.000000,1559.525849,1497.144815,-969.644815
aether_net_zero_2050,AETHER plus net-zero 2050,fixed_0p96_current,Fixed 0.96 current screen,2066,0.000000,0.000000,0.000000,100.000000,9.096169,0.960000,8.732323,-8.732323,350.000000,303.097034,46.902966,350.000000,true,527.500000,3050.000000,1568.622018,1505.877137,-978.377137
aether_net_zero_2050,AETHER plus net-zero 2050,fixed_0p96_current,Fixed 0.96 current screen,2067,0.000000,0.000000,0.000000,100.000000,8.814555,0.960000,8.461973,-8.461973,350.000000,302.012165,47.987835,350.000000,true,527.500000,3150.000000,1577.436573,1514.339110,-986.839110
aether_net_zero_2050,AETHER plus net-zero 2050,fixed_0p96_current,Fixed 0.96 current screen,2068,0.000000,0.000000,0.000000,100.000000,8.561976,0.960000,8.219497,-8.219497,350.000000,300.958384,49.041616,350.000000,true,527.500000,3250.000000,1585.998548,1522.558606,-995.058606
aether_net_zero_2050,AETHER plus net-zero 2050,fixed_0p96_current,Fixed 0.96 current screen,2069,0.000000,0.000000,0.000000,100.000000,8.334206,0.960000,8.000838,-8.000838,350.000000,299.932635,50.067365,350.000000,true,527.500000,3350.000000,1594.332754,1530.559444,-1003.059444
aether_net_zero_2050,AETHER plus net-zero 2050,fixed_0p96_current,Fixed 0.96 current screen,2070,0.000000,0.000000,0.000000,100.000000,8.127666,0.960000,7.802559,-7.802559,350.000000,298.932307,51.067693,350.000000,true,527.500000,3450.000000,1602.460420,1538.362003,-1010.862003
aether_net_zero_2050,AETHER plus net-zero 2050,fixed_0p96_current,Fixed 0.96 current screen,2071,0.000000,0.000000,0.000000,100.000000,7.939320,0.960000,7.621748,-7.621748,350.000000,297.955160,52.044840,350.000000,true,527.500000,3550.000000,1610.399741,1545.983751,-1018.483751
aether_net_zero_2050,AETHER plus net-zero 2050,fixed_0p96_current,Fixed 0.96 current screen,2072,0.000000,0.000000,0.000000,100.000000,7.766597,0.960000,7.455933,-7.455933,350.000000,296.999271,53.000729,350.000000,true,527.500000,3650.000000,1618.166338,1553.439684,-1025.939684
aether_net_zero_2050,AETHER plus net-zero 2050,fixed_0p96_current,Fixed 0.96 current screen,2073,0.000000,0.000000,0.000000,100.000000,7.607315,0.960000,7.303022,-7.303022,350.000000,296.062986,53.937014,350.000000,true,527.500000,3750.000000,1625.773653,1560.742707,-1033.242707
aether_net_zero_2050,AETHER plus net-zero 2050,fixed_0p96_current,Fixed 0.96 current screen,2074,0.000000,0.000000,0.000000,100.000000,7.459623,0.960000,7.161239,-7.161239,350.000000,295.144879,54.855121,350.000000,true,527.500000,3850.000000,1633.233276,1567.903945,-1040.403945
aether_net_zero_2050,AETHER plus net-zero 2050,fixed_0p96_current,Fixed 0.96 current screen,2075,0.000000,0.000000,0.000000,100.000000,7.321953,0.960000,7.029075,-7.029075,350.000000,294.243715,55.756285,350.000000,true,527.500000,3950.000000,1640.555229,1574.933020,-1047.433020
aether_net_zero_2050,AETHER plus net-zero 2050,fixed_0p96_current,Fixed 0.96 current screen,2076,0.000000,0.000000,0.000000,100.000000,7.192971,0.960000,6.905252,-6.905252,350.000000,293.358427,56.641573,350.000000,true,527.500000,4050.000000,1647.748200,1581.838272,-1054.338272
aether_net_zero_2050,AETHER plus net-zero 2050,fixed_0p96_current,Fixed 0.96 current screen,2077,0.000000,0.000000,0.000000,100.000000,7.071546,0.960000,6.788685,-6.788685,350.000000,292.488082,57.511918,350.000000,true,527.500000,4150.000000,1654.819747,1588.626957,-1061.126957
aether_net_zero_2050,AETHER plus net-zero 2050,fixed_0p96_current,Fixed 0.96 current screen,2078,0.000000,0.000000,0.000000,100.000000,6.956718,0.960000,6.678450,-6.678450,350.000000,291.631871,58.368129,350.000000,true,527.500000,4250.000000,1661.776465,1595.305406,-1067.805406
aether_net_zero_2050,AETHER plus net-zero 2050,fixed_0p96_current,Fixed 0.96 current screen,2079,0.000000,0.000000,0.000000,100.000000,6.847670,0.960000,6.573763,-6.573763,350.000000,290.789081,59.210919,350.000000,true,527.500000,4350.000000,1668.624135,1601.879170,-1074.379170
aether_net_zero_2050,AETHER plus net-zero 2050,fixed_0p96_current,Fixed 0.96 current screen,2080,0.000000,0.000000,0.000000,100.000000,6.743707,0.960000,6.473959,-6.473959,350.000000,289.959086,60.040914,350.000000,true,527.500000,4450.000000,1675.367842,1608.353128,-1080.853128
aether_net_zero_2050,AETHER plus net-zero 2050,fixed_0p96_current,Fixed 0.96 current screen,2081,0.000000,0.000000,0.000000,100.000000,6.644237,0.960000,6.378468,-6.378468,350.000000,289.141334,60.858666,350.000000,true,527.500000,4550.000000,1682.012079,1614.731596,-1087.231596
aether_net_zero_2050,AETHER plus net-zero 2050,fixed_0p96_current,Fixed 0.96 current screen,2082,0.000000,0.000000,0.000000,100.000000,6.548758,0.960000,6.286808,-6.286808,350.000000,288.335333,61.664667,350.000000,true,527.500000,4650.000000,1688.560837,1621.018404,-1093.518404
aether_net_zero_2050,AETHER plus net-zero 2050,fixed_0p96_current,Fixed 0.96 current screen,2083,0.000000,0.000000,0.000000,100.000000,6.456839,0.960000,6.198566,-6.198566,350.000000,287.540645,62.459355,350.000000,true,527.500000,4750.000000,1695.017676,1627.216969,-1099.716969
aether_net_zero_2050,AETHER plus net-zero 2050,fixed_0p96_current,Fixed 0.96 current screen,2084,0.000000,0.000000,0.000000,100.000000,6.368114,0.960000,6.113390,-6.113390,350.000000,286.756877,63.243123,350.000000,true,527.500000,4850.000000,1701.385791,1633.330359,-1105.830359
aether_net_zero_2050,AETHER plus net-zero 2050,fixed_0p96_current,Fixed 0.96 current screen,2085,0.000000,0.000000,0.000000,100.000000,6.282270,0.960000,6.030980,-6.030980,350.000000,285.983675,64.016325,350.000000,true,527.500000,4950.000000,1707.668061,1639.361339,-1111.861339
aether_net_zero_2050,AETHER plus net-zero 2050,fixed_0p96_current,Fixed 0.96 current screen,2086,0.000000,0.000000,0.000000,100.000000,6.199039,0.960000,5.951077,-5.951077,350.000000,285.220716,64.779284,350.000000,true,527.500000,5050.000000,1713.867100,1645.312416,-1117.812416
aether_net_zero_2050,AETHER plus net-zero 2050,fixed_0p96_current,Fixed 0.96 current screen,2087,0.000000,0.000000,0.000000,100.000000,6.118190,0.960000,5.873463,-5.873463,350.000000,284.467708,65.532292,350.000000,true,527.500000,5150.000000,1719.985290,1651.185879,-1123.685879
aether_net_zero_2050,AETHER plus net-zero 2050,fixed_0p96_current,Fixed 0.96 current screen,2088,0.000000,0.000000,0.000000,100.000000,6.039527,0.960000,5.797946,-5.797946,350.000000,283.724381,66.275619,350.000000,true,527.500000,5250.000000,1726.024817,1656.983825,-1129.483825
aether_net_zero_2050,AETHER plus net-zero 2050,fixed_0p96_current,Fixed 0.96 current screen,2089,0.000000,0.000000,0.000000,100.000000,5.962879,0.960000,5.724364,-5.724364,350.000000,282.990489,67.009511,350.000000,true,527.500000,5350.000000,1731.987696,1662.708188,-1135.208188
aether_net_zero_2050,AETHER plus net-zero 2050,fixed_0p96_current,Fixed 0.96 current screen,2090,0.000000,0.000000,0.000000,100.000000,5.888099,0.960000,5.652575,-5.652575,350.000000,282.265800,67.734200,350.000000,true,527.500000,5450.000000,1737.875795,1668.360763,-1140.860763
aether_net_zero_2050,AETHER plus net-zero 2050,fixed_0p96_current,Fixed 0.96 current screen,2091,0.000000,0.000000,0.000000,100.000000,5.815061,0.960000,5.582459,-5.582459,350.000000,281.550100,68.449900,350.000000,true,527.500000,5550.000000,1743.690856,1673.943222,-1146.443222
aether_net_zero_2050,AETHER plus net-zero 2050,fixed_0p96_current,Fixed 0.96 current screen,2092,0.000000,0.000000,0.000000,100.000000,5.743655,0.960000,5.513909,-5.513909,350.000000,280.843188,69.156812,350.000000,true,527.500000,5650.000000,1749.434511,1679.457131,-1151.957131
aether_net_zero_2050,AETHER plus net-zero 2050,fixed_0p96_current,Fixed 0.96 current screen,2093,0.000000,0.000000,0.000000,100.000000,5.673785,0.960000,5.446834,-5.446834,350.000000,280.144876,69.855124,350.000000,true,527.500000,5750.000000,1755.108297,1684.903965,-1157.403965
aether_net_zero_2050,AETHER plus net-zero 2050,fixed_0p96_current,Fixed 0.96 current screen,2094,0.000000,0.000000,0.000000,100.000000,5.605368,0.960000,5.381153,-5.381153,350.000000,279.454985,70.545015,350.000000,true,527.500000,5850.000000,1760.713664,1690.285118,-1162.785118
aether_net_zero_2050,AETHER plus net-zero 2050,fixed_0p96_current,Fixed 0.96 current screen,2095,0.000000,0.000000,0.000000,100.000000,5.538329,0.960000,5.316796,-5.316796,350.000000,278.773344,71.226656,350.000000,true,527.500000,5950.000000,1766.251993,1695.601913,-1168.101913
aether_net_zero_2050,AETHER plus net-zero 2050,fixed_0p96_current,Fixed 0.96 current screen,2096,0.000000,0.000000,0.000000,100.000000,5.472605,0.960000,5.253701,-5.253701,350.000000,278.099793,71.900207,350.000000,true,527.500000,6050.000000,1771.724598,1700.855614,-1173.355614
aether_net_zero_2050,AETHER plus net-zero 2050,fixed_0p96_current,Fixed 0.96 current screen,2097,0.000000,0.000000,0.000000,100.000000,5.408138,0.960000,5.191812,-5.191812,350.000000,277.434176,72.565824,350.000000,true,527.500000,6150.000000,1777.132736,1706.047426,-1178.547426
aether_net_zero_2050,AETHER plus net-zero 2050,fixed_0p96_current,Fixed 0.96 current screen,2098,0.000000,0.000000,0.000000,100.000000,5.344878,0.960000,5.131083,-5.131083,350.000000,276.776345,73.223655,350.000000,true,527.500000,6250.000000,1782.477614,1711.178509,-1183.678509
aether_net_zero_2050,AETHER plus net-zero 2050,fixed_0p96_current,Fixed 0.96 current screen,2099,0.000000,0.000000,0.000000,100.000000,5.282779,0.960000,5.071468,-5.071468,350.000000,276.126157,73.873843,350.000000,true,527.500000,6350.000000,1787.760392,1716.249977,-1188.749977
aether_net_zero_2050,AETHER plus net-zero 2050,fixed_0p96_current,Fixed 0.96 current screen,2100,0.000000,0.000000,0.000000,100.000000,5.221801,0.960000,5.012929,-5.012929,350.000000,275.483474,74.516526,350.000000,true,527.500000,6450.000000,1792.982193,1721.262905,-1193.762905
aether_net_zero_2050,AETHER plus net-zero 2050,optimistic_active_management,Optimistic active management,2026,42.200000,0.000000,42.200000,0.000000,0.000000,0.980000,0.000000,42.200000,433.940256,433.940256,0.000000,350.000000,false,42.200000,0.000000,0.000000,0.000000,42.200000
aether_net_zero_2050,AETHER plus net-zero 2050,optimistic_active_management,Optimistic active management,2027,40.441667,0.000000,40.441667,5.000000,5.000000,0.980000,4.900000,35.541667,438.142645,438.496880,-0.354236,350.000000,false,82.641667,5.000000,5.000000,4.900000,77.741667
aether_net_zero_2050,AETHER plus net-zero 2050,optimistic_active_management,Optimistic active management,2028,38.683333,0.000000,38.683333,10.000000,10.000000,0.980000,9.800000,28.883333,441.258432,442.199872,-0.941440,350.000000,false,121.325000,15.000000,15.000000,14.700000,106.625000
aether_net_zero_2050,AETHER plus net-zero 2050,optimistic_active_management,Optimistic active management,2029,36.925000,0.000000,36.925000,15.000000,15.000000,0.980000,14.700000,22.225000,443.385218,445.049231,-1.664013,350.000000,false,158.250000,30.000000,30.000000,29.400000,128.850000
aether_net_zero_2050,AETHER plus net-zero 2050,optimistic_active_management,Optimistic active management,2030,35.166667,0.000000,35.166667,20.000000,20.000000,0.980000,19.600000,15.566667,444.601806,447.044957,-2.443151,350.000000,false,193.416667,50.000000,50.000000,49.000000,144.416667
aether_net_zero_2050,AETHER plus net-zero 2050,optimistic_active_management,Optimistic active management,2031,33.408333,0.000000,33.408333,25.000000,25.000000,0.980000,24.500000,8.908333,444.972064,448.187051,-3.214987,350.000000,false,226.825000,75.000000,75.000000,73.500000,153.325000
aether_net_zero_2050,AETHER plus net-zero 2050,optimistic_active_management,Optimistic active management,2032,31.650000,0.000000,31.650000,30.000000,30.000000,0.980000,29.400000,2.250000,444.547982,448.475513,-3.927531,350.000000,false,258.475000,105.000000,105.000000,102.900000,155.575000
aether_net_zero_2050,AETHER plus net-zero 2050,optimistic_active_management,Optimistic active management,2033,29.891667,0.000000,29.891667,35.000000,35.000000,0.980000,34.300000,-4.408333,443.372105,447.910342,-4.538237,350.000000,false,288.366667,140.000000,140.000000,137.200000,151.166667
aether_net_zero_2050,AETHER plus net-zero 2050,optimistic_active_management,Optimistic active management,2034,28.133333,0.000000,28.133333,40.000000,40.000000,0.980000,39.200000,-11.066667,441.479454,446.491538,-5.012084,350.000000,false,316.500000,180.000000,180.000000,176.400000,140.100000
aether_net_zero_2050,AETHER plus net-zero 2050,optimistic_active_management,Optimistic active management,2035,26.375000,0.000000,26.375000,45.000000,45.000000,0.980000,44.100000,-17.725000,438.899056,444.219103,-5.320047,350.000000,false,342.875000,225.000000,225.000000,220.500000,122.375000
aether_net_zero_2050,AETHER plus net-zero 2050,optimistic_active_management,Optimistic active management,2036,24.616667,0.000000,24.616667,50.000000,50.000000,0.980000,49.000000,-24.383333,435.655152,441.093034,-5.437883,350.000000,false,367.491667,275.000000,275.000000,269.500000,97.991667
aether_net_zero_2050,AETHER plus net-zero 2050,optimistic_active_management,Optimistic active management,2037,22.858333,0.000000,22.858333,55.000000,55.000000,0.980000,53.900000,-31.041667,431.768161,437.113333,-5.345172,350.000000,false,390.350000,330.000000,330.000000,323.400000,66.950000
aether_net_zero_2050,AETHER plus net-zero 2050,optimistic_active_management,Optimistic active management,2038,21.100000,0.000000,21.100000,60.000000,60.000000,0.980000,58.800000,-37.700000,427.255442,432.280000,-5.024558,350.000000,false,411.450000,390.000000,390.000000,382.200000,29.250000
aether_net_zero_2050,AETHER plus net-zero 2050,optimistic_active_management,Optimistic active management,2039,19.341667,0.000000,19.341667,65.000000,65.000000,0.978980,63.633723,-44.292056,422.140396,426.601531,-4.461136,350.000000,false,430.791667,455.000000,455.000000,445.833723,-15.042056
aether_net_zero_2050,AETHER plus net-zero 2050,optimistic_active_management,Optimistic active management,2040,17.583333,0.000000,17.583333,70.000000,70.000000,0.973483,68.143841,-50.560508,416.476881,420.119415,-3.642534,350.000000,false,448.375000,525.000000,525.000000,513.977564,-65.602564
aether_net_zero_2050,AETHER plus net-zero 2050,optimistic_active_management,Optimistic active management,2041,15.825000,0.000000,15.825000,75.000000,75.000000,0.966085,72.456385,-56.631385,410.298393,412.858981,-2.560588,350.000000,false,464.200000,600.000000,600.000000,586.433949,-122.233949
aether_net_zero_2050,AETHER plus net-zero 2050,optimistic_active_management,Optimistic active management,2042,14.066667,0.000000,14.066667,80.000000,80.000000,0.958101,76.648085,-62.581418,403.626225,404.835722,-1.209497,350.000000,false,478.266667,680.000000,680.000000,663.082033,-184.815367
aether_net_zero_2050,AETHER plus net-zero 2050,optimistic_active_management,Optimistic active management,2043,12.308333,0.000000,12.308333,85.000000,85.000000,0.949532,80.710216,-68.401883,396.481496,396.066250,0.415246,350.000000,false,490.575000,765.000000,765.000000,743.792250,-253.217250
aether_net_zero_2050,AETHER plus net-zero 2050,optimistic_active_management,Optimistic active management,2044,10.550000,0.000000,10.550000,90.000000,90.000000,0.940376,84.633870,-74.083870,388.885322,386.568318,2.317004,350.000000,false,501.125000,855.000000,855.000000,828.426119,-327.301119
aether_net_zero_2050,AETHER plus net-zero 2050,optimistic_active_management,Optimistic active management,2045,8.791667,0.000000,8.791667,95.000000,95.000000,0.929655,88.317214,-79.525547,380.870848,376.372735,4.498113,350.000000,false,509.916667,950.000000,950.000000,916.743334,-406.826667
aether_net_zero_2050,AETHER plus net-zero 2050,optimistic_active_management,Optimistic active management,2046,7.033333,0.000000,7.033333,100.000000,100.000000,0.912308,91.230843,-84.197510,372.537374,365.578182,6.959192,350.000000,false,516.950000,1050.000000,1050.000000,1007.974177,-491.024177
aether_net_zero_2050,AETHER plus net-zero 2050,optimistic_active_management,Optimistic active management,2047,5.275000,0.000000,5.275000,100.000000,100.000000,0.894147,89.414750,-84.139750,364.486025,354.791035,9.694990,350.000000,false,522.225000,1150.000000,1150.000000,1097.388926,-575.163926
aether_net_zero_2050,AETHER plus net-zero 2050,optimistic_active_management,Optimistic active management,2048,3.516667,0.000000,3.516667,100.000000,100.000000,0.876387,87.638719,-84.122053,356.668354,344.006157,12.662198,350.000000,false,525.741667,1250.000000,1250.000000,1185.027646,-659.285979
aether_net_zero_2050,AETHER plus net-zero 2050,optimistic_active_management,Optimistic active management,2049,1.758333,0.000000,1.758333,100.000000,91.340344,0.858906,78.452738,-76.694405,350.000000,334.173541,15.826459,350.000000,true,527.500000,1350.000000,1341.340344,1263.480384,-735.980384
aether_net_zero_2050,AETHER plus net-zero 2050,optimistic_active_management,Optimistic active management,2050,0.000000,0.000000,0.000000,100.000000,30.248726,0.843605,25.517987,-25.517987,350.000000,330.902004,19.097996,350.000000,true,527.500000,1450.000000,1371.589070,1288.998371,-761.498371
aether_net_zero_2050,AETHER plus net-zero 2050,optimistic_active_management,Optimistic active management,2051,0.000000,0.000000,0.000000,100.000000,27.217170,0.842172,22.921532,-22.921532,350.000000,327.963346,22.036654,350.000000,true,527.500000,1550.000000,1398.806239,1311.919903,-784.419903
aether_net_zero_2050,AETHER plus net-zero 2050,optimistic_active_management,Optimistic active management,2052,0.000000,0.000000,0.000000,100.000000,24.624012,0.840882,20.705885,-20.705885,350.000000,325.308745,24.691255,350.000000,true,527.500000,1650.000000,1423.430251,1332.625788,-805.125788
aether_net_zero_2050,AETHER plus net-zero 2050,optimistic_active_management,Optimistic active management,2053,0.000000,0.000000,0.000000,100.000000,22.396294,0.840000,18.812887,-18.812887,350.000000,322.896837,27.103163,350.000000,true,527.500000,1750.000000,1445.826545,1351.438675,-823.938675
aether_net_zero_2050,AETHER plus net-zero 2050,optimistic_active_management,Optimistic active management,2054,0.000000,0.000000,0.000000,100.000000,20.468215,0.840000,17.193300,-17.193300,350.000000,320.692567,29.307433,350.000000,true,527.500000,1850.000000,1466.294760,1368.631975,-841.131975
aether_net_zero_2050,AETHER plus net-zero 2050,optimistic_active_management,Optimistic active management,2055,0.000000,0.000000,0.000000,100.000000,18.816002,0.840000,15.805441,-15.805441,350.000000,318.666229,31.333771,350.000000,true,527.500000,1950.000000,1485.110761,1384.437417,-856.937417
aether_net_zero_2050,AETHER plus net-zero 2050,optimistic_active_management,Optimistic active management,2056,0.000000,0.000000,0.000000,100.000000,17.397641,0.840000,14.614018,-14.614018,350.000000,316.792637,33.207363,350.000000,true,527.500000,2050.000000,1502.508402,1399.051435,-871.551435
aether_net_zero_2050,AETHER plus net-zero 2050,optimistic_active_management,Optimistic active management,2057,0.000000,0.000000,0.000000,100.000000,16.177562,0.840000,13.589152,-13.589152,350.000000,315.050438,34.949562,350.000000,true,527.500000,2150.000000,1518.685965,1412.640587,-885.140587
aether_net_zero_2050,AETHER plus net-zero 2050,optimistic_active_management,Optimistic active management,2058,0.000000,0.000000,0.000000,100.000000,15.125650,0.840000,12.705546,-12.705546,350.000000,313.421521,36.578479,350.000000,true,527.500000,2250.000000,1533.811614,1425.346133,-897.846133
aether_net_zero_2050,AETHER plus net-zero 2050,optimistic_active_management,Optimistic active management,2059,0.000000,0.000000,0.000000,100.000000,14.216404,0.840000,11.941780,-11.941780,350.000000,311.890524,38.109476,350.000000,true,527.500000,2350.000000,1548.028019,1437.287913,-909.787913
aether_net_zero_2050,AETHER plus net-zero 2050,optimistic_active_management,Optimistic active management,2060,0.000000,0.000000,0.000000,100.000000,13.428236,0.840000,11.279718,-11.279718,350.000000,310.444406,39.555594,350.000000,true,527.500000,2450.000000,1561.456255,1448.567631,-921.067631
aether_net_zero_2050,AETHER plus net-zero 2050,optimistic_active_management,Optimistic active management,2061,0.000000,0.000000,0.000000,100.000000,12.742863,0.840000,10.704005,-10.704005,350.000000,309.072098,40.927902,350.000000,true,527.500000,2550.000000,1574.199118,1459.271636,-931.771636
aether_net_zero_2050,AETHER plus net-zero 2050,optimistic_active_management,Optimistic active management,2062,0.000000,0.000000,0.000000,100.000000,12.144805,0.840000,10.201636,-10.201636,350.000000,307.764196,42.235804,350.000000,true,527.500000,2650.000000,1586.343923,1469.473272,-941.973272
aether_net_zero_2050,AETHER plus net-zero 2050,optimistic_active_management,Optimistic active management,2063,0.000000,0.000000,0.000000,100.000000,11.620952,0.840000,9.761600,-9.761600,350.000000,306.512709,43.487291,350.000000,true,527.500000,2750.000000,1597.964874,1479.234872,-951.734872
aether_net_zero_2050,AETHER plus net-zero 2050,optimistic_active_management,Optimistic active management,2064,0.000000,0.000000,0.000000,100.000000,11.160202,0.840000,9.374570,-9.374570,350.000000,305.310841,44.689159,350.000000,true,527.500000,2850.000000,1609.125076,1488.609441,-961.109441
aether_net_zero_2050,AETHER plus net-zero 2050,optimistic_active_management,Optimistic active management,2065,0.000000,0.000000,0.000000,100.000000,10.753152,0.840000,9.032648,-9.032648,350.000000,304.152809,45.847191,350.000000,true,527.500000,2950.000000,1619.878228,1497.642089,-970.142089
aether_net_zero_2050,AETHER plus net-zero 2050,optimistic_active_management,Optimistic active management,2066,0.000000,0.000000,0.000000,100.000000,10.391838,0.840000,8.729144,-8.729144,350.000000,303.033688,46.966312,350.000000,true,527.500000,3050.000000,1630.270067,1506.371233,-978.871233
aether_net_zero_2050,AETHER plus net-zero 2050,optimistic_active_management,Optimistic active management,2067,0.000000,0.000000,0.000000,100.000000,10.069513,0.840000,8.458391,-8.458391,350.000000,301.949279,48.050721,350.000000,true,527.500000,3150.000000,1640.339580,1514.829624,-987.329624
aether_net_zero_2050,AETHER plus net-zero 2050,optimistic_active_management,Optimistic active management,2068,0.000000,0.000000,0.000000,100.000000,9.780462,0.840000,8.215588,-8.215588,350.000000,300.895998,49.104002,350.000000,true,527.500000,3250.000000,1650.120042,1523.045213,-995.545213
aether_net_zero_2050,AETHER plus net-zero 2050,optimistic_active_management,Optimistic active management,2069,0.000000,0.000000,0.000000,100.000000,9.519842,0.840000,7.996667,-7.996667,350.000000,299.870785,50.129215,350.000000,true,527.500000,3350.000000,1659.639884,1531.041879,-1003.541879
aether_net_zero_2050,AETHER plus net-zero 2050,optimistic_active_management,Optimistic active management,2070,0.000000,0.000000,0.000000,100.000000,9.283548,0.840000,7.798180,-7.798180,350.000000,298.871018,51.128982,350.000000,true,527.500000,3450.000000,1668.923431,1538.840060,-1011.340060
aether_net_zero_2050,AETHER plus net-zero 2050,optimistic_active_management,Optimistic active management,2071,0.000000,0.000000,0.000000,100.000000,9.068103,0.840000,7.617206,-7.617206,350.000000,297.894453,52.105547,350.000000,true,527.500000,3550.000000,1677.991534,1546.457266,-1018.957266
aether_net_zero_2050,AETHER plus net-zero 2050,optimistic_active_management,Optimistic active management,2072,0.000000,0.000000,0.000000,100.000000,8.870557,0.840000,7.451268,-7.451268,350.000000,296.939162,53.060838,350.000000,true,527.500000,3650.000000,1686.862091,1553.908534,-1026.408534
aether_net_zero_2050,AETHER plus net-zero 2050,optimistic_active_management,Optimistic active management,2073,0.000000,0.000000,0.000000,100.000000,8.688411,0.840000,7.298265,-7.298265,350.000000,296.003487,53.996513,350.000000,true,527.500000,3750.000000,1695.550502,1561.206799,-1033.706799
aether_net_zero_2050,AETHER plus net-zero 2050,optimistic_active_management,Optimistic active management,2074,0.000000,0.000000,0.000000,100.000000,8.519544,0.840000,7.156417,-7.156417,350.000000,295.085998,54.914002,350.000000,true,527.500000,3850.000000,1704.070046,1568.363216,-1040.863216
aether_net_zero_2050,AETHER plus net-zero 2050,optimistic_active_management,Optimistic active management,2075,0.000000,0.000000,0.000000,100.000000,8.362157,0.840000,7.024212,-7.024212,350.000000,294.185458,55.814542,350.000000,true,527.500000,3950.000000,1712.432203,1575.387428,-1047.887428
aether_net_zero_2050,AETHER plus net-zero 2050,optimistic_active_management,Optimistic active management,2076,0.000000,0.000000,0.000000,100.000000,8.214722,0.840000,6.900366,-6.900366,350.000000,293.300796,56.699204,350.000000,true,527.500000,4050.000000,1720.646925,1582.287794,-1054.787794
aether_net_zero_2050,AETHER plus net-zero 2050,optimistic_active_management,Optimistic active management,2077,0.000000,0.000000,0.000000,100.000000,8.075943,0.840000,6.783792,-6.783792,350.000000,292.431079,57.568921,350.000000,true,527.500000,4150.000000,1728.722868,1589.071586,-1061.571586
aether_net_zero_2050,AETHER plus net-zero 2050,optimistic_active_management,Optimistic active management,2078,0.000000,0.000000,0.000000,100.000000,7.944719,0.840000,6.673564,-6.673564,350.000000,291.575494,58.424506,350.000000,true,527.500000,4250.000000,1736.667586,1595.745150,-1068.245150
aether_net_zero_2050,AETHER plus net-zero 2050,optimistic_active_management,Optimistic active management,2079,0.000000,0.000000,0.000000,100.000000,7.820113,0.840000,6.568895,-6.568895,350.000000,290.733328,59.266672,350.000000,true,527.500000,4350.000000,1744.487699,1602.314044,-1074.814044
aether_net_zero_2050,AETHER plus net-zero 2050,optimistic_active_management,Optimistic active management,2080,0.000000,0.000000,0.000000,100.000000,7.701329,0.840000,6.469117,-6.469117,350.000000,289.903954,60.096046,350.000000,true,527.500000,4450.000000,1752.189028,1608.783161,-1081.283161
aether_net_zero_2050,AETHER plus net-zero 2050,optimistic_active_management,Optimistic active management,2081,0.000000,0.000000,0.000000,100.000000,7.587691,0.840000,6.373660,-6.373660,350.000000,289.086818,60.913182,350.000000,true,527.500000,4550.000000,1759.776719,1615.156821,-1087.656821
aether_net_zero_2050,AETHER plus net-zero 2050,optimistic_active_management,Optimistic active management,2082,0.000000,0.000000,0.000000,100.000000,7.478619,0.840000,6.282040,-6.282040,350.000000,288.281428,61.718572,350.000000,true,527.500000,4650.000000,1767.255339,1621.438862,-1093.938862
aether_net_zero_2050,AETHER plus net-zero 2050,optimistic_active_management,Optimistic active management,2083,0.000000,0.000000,0.000000,100.000000,7.373624,0.840000,6.193844,-6.193844,350.000000,287.487345,62.512655,350.000000,true,527.500000,4750.000000,1774.628962,1627.632706,-1100.132706
aether_net_zero_2050,AETHER plus net-zero 2050,optimistic_active_management,Optimistic active management,2084,0.000000,0.000000,0.000000,100.000000,7.272283,0.840000,6.108718,-6.108718,350.000000,286.704177,63.295823,350.000000,true,527.500000,4850.000000,1781.901245,1633.741423,-1106.241423
aether_net_zero_2050,AETHER plus net-zero 2050,optimistic_active_management,Optimistic active management,2085,0.000000,0.000000,0.000000,100.000000,7.174238,0.840000,6.026360,-6.026360,350.000000,285.931566,64.068434,350.000000,true,527.500000,4950.000000,1789.075484,1639.767783,-1112.267783
aether_net_zero_2050,AETHER plus net-zero 2050,optimistic_active_management,Optimistic active management,2086,0.000000,0.000000,0.000000,100.000000,7.079183,0.840000,5.946514,-5.946514,350.000000,285.169193,64.830807,350.000000,true,527.500000,5050.000000,1796.154666,1645.714297,-1118.214297
aether_net_zero_2050,AETHER plus net-zero 2050,optimistic_active_management,Optimistic active management,2087,0.000000,0.000000,0.000000,100.000000,6.986853,0.840000,5.868956,-5.868956,350.000000,284.416762,65.583238,350.000000,true,527.500000,5150.000000,1803.141519,1651.583253,-1124.083253
aether_net_zero_2050,AETHER plus net-zero 2050,optimistic_active_management,Optimistic active management,2088,0.000000,0.000000,0.000000,100.000000,6.897022,0.840000,5.793498,-5.793498,350.000000,283.674006,66.325994,350.000000,true,527.500000,5250.000000,1810.038541,1657.376752,-1129.876752
aether_net_zero_2050,AETHER plus net-zero 2050,optimistic_active_management,Optimistic active management,2089,0.000000,0.000000,0.000000,100.000000,6.809495,0.840000,5.719976,-5.719976,350.000000,282.940676,67.059324,350.000000,true,527.500000,5350.000000,1816.848036,1663.096728,-1135.596728
aether_net_zero_2050,AETHER plus net-zero 2050,optimistic_active_management,Optimistic active management,2090,0.000000,0.000000,0.000000,100.000000,6.724105,0.840000,5.648249,-5.648249,350.000000,282.216542,67.783458,350.000000,true,527.500000,5450.000000,1823.572142,1668.744976,-1141.244976
aether_net_zero_2050,AETHER plus net-zero 2050,optimistic_active_management,Optimistic active management,2091,0.000000,0.000000,0.000000,100.000000,6.640707,0.840000,5.578194,-5.578194,350.000000,281.501388,68.498612,350.000000,true,527.500000,5550.000000,1830.212848,1674.323170,-1146.823170
aether_net_zero_2050,AETHER plus net-zero 2050,optimistic_active_management,Optimistic active management,2092,0.000000,0.000000,0.000000,100.000000,6.559173,0.840000,5.509705,-5.509705,350.000000,280.795016,69.204984,350.000000,true,527.500000,5650.000000,1836.772021,1679.832875,-1152.332875
aether_net_zero_2050,AETHER plus net-zero 2050,optimistic_active_management,Optimistic active management,2093,0.000000,0.000000,0.000000,100.000000,6.479395,0.840000,5.442692,-5.442692,350.000000,280.097235,69.902765,350.000000,true,527.500000,5750.000000,1843.251416,1685.275567,-1157.775567
aether_net_zero_2050,AETHER plus net-zero 2050,optimistic_active_management,Optimistic active management,2094,0.000000,0.000000,0.000000,100.000000,6.401277,0.840000,5.377072,-5.377072,350.000000,279.407867,70.592133,350.000000,true,527.500000,5850.000000,1849.652693,1690.652639,-1163.152639
aether_net_zero_2050,AETHER plus net-zero 2050,optimistic_active_management,Optimistic active management,2095,0.000000,0.000000,0.000000,100.000000,6.324734,0.840000,5.312777,-5.312777,350.000000,278.726742,71.273258,350.000000,true,527.500000,5950.000000,1855.977427,1695.965416,-1168.465416
aether_net_zero_2050,AETHER plus net-zero 2050,optimistic_active_management,Optimistic active management,2096,0.000000,0.000000,0.000000,100.000000,6.249693,0.840000,5.249742,-5.249742,350.000000,278.053698,71.946302,350.000000,true,527.500000,6050.000000,1862.227121,1701.215159,-1173.715159
aether_net_zero_2050,AETHER plus net-zero 2050,optimistic_active_management,Optimistic active management,2097,0.000000,0.000000,0.000000,100.000000,6.176089,0.840000,5.187915,-5.187915,350.000000,277.388580,72.611420,350.000000,true,527.500000,6150.000000,1868.403210,1706.403073,-1178.903073
aether_net_zero_2050,AETHER plus net-zero 2050,optimistic_active_management,Optimistic active management,2098,0.000000,0.000000,0.000000,100.000000,6.103863,0.840000,5.127245,-5.127245,350.000000,276.731241,73.268759,350.000000,true,527.500000,6250.000000,1874.507073,1711.530318,-1184.030318
aether_net_zero_2050,AETHER plus net-zero 2050,optimistic_active_management,Optimistic active management,2099,0.000000,0.000000,0.000000,100.000000,6.032964,0.840000,5.067689,-5.067689,350.000000,276.081537,73.918463,350.000000,true,527.500000,6350.000000,1880.540036,1716.598008,-1189.098008
aether_net_zero_2050,AETHER plus net-zero 2050,optimistic_active_management,Optimistic active management,2100,0.000000,0.000000,0.000000,100.000000,5.963344,0.840000,5.009209,-5.009209,350.000000,275.439331,74.560669,350.000000,true,527.500000,6450.000000,1886.503380,1721.607217,-1194.107217
aether_net_zero_2050,AETHER plus net-zero 2050,conservative_state_dependent,Conservative state-dependent,2026,42.200000,0.000000,42.200000,0.000000,0.000000,0.920000,0.000000,42.200000,433.940256,433.940256,0.000000,350.000000,false,42.200000,0.000000,0.000000,0.000000,42.200000
aether_net_zero_2050,AETHER plus net-zero 2050,conservative_state_dependent,Conservative state-dependent,2027,40.441667,0.000000,40.441667,5.000000,5.000000,0.920000,4.600000,35.841667,438.181106,438.535342,-0.354236,350.000000,false,82.641667,5.000000,5.000000,4.600000,78.041667
aether_net_zero_2050,AETHER plus net-zero 2050,conservative_state_dependent,Conservative state-dependent,2028,38.683333,0.000000,38.683333,10.000000,10.000000,0.920000,9.200000,29.483333,441.371298,442.315256,-0.943959,350.000000,false,121.325000,15.000000,15.000000,13.800000,107.525000
aether_net_zero_2050,AETHER plus net-zero 2050,conservative_state_dependent,Conservative state-dependent,2029,36.925000,0.000000,36.925000,15.000000,15.000000,0.920000,13.800000,23.125000,443.606379,445.280000,-1.673621,350.000000,false,158.250000,30.000000,30.000000,27.600000,130.650000
aether_net_zero_2050,AETHER plus net-zero 2050,conservative_state_dependent,Conservative state-dependent,2030,35.166667,0.000000,35.166667,20.000000,20.000000,0.920000,18.400000,16.766667,444.963468,447.429573,-2.466105,350.000000,false,193.416667,50.000000,50.000000,46.000000,147.416667
aether_net_zero_2050,AETHER plus net-zero 2050,conservative_state_dependent,Conservative state-dependent,2031,33.408333,0.000000,33.408333,25.000000,25.000000,0.920000,23.000000,10.408333,445.505043,448.763974,-3.258931,350.000000,false,226.825000,75.000000,75.000000,69.000000,157.825000
aether_net_zero_2050,AETHER plus net-zero 2050,conservative_state_dependent,Conservative state-dependent,2032,31.650000,0.000000,31.650000,30.000000,30.000000,0.920000,27.600000,4.050000,445.281942,449.283205,-4.001263,350.000000,false,258.475000,105.000000,105.000000,96.600000,161.875000
aether_net_zero_2050,AETHER plus net-zero 2050,conservative_state_dependent,Conservative state-dependent,2033,29.891667,0.000000,29.891667,35.000000,35.000000,0.920000,32.200000,-2.308333,444.335741,448.987265,-4.651524,350.000000,false,288.366667,140.000000,140.000000,128.800000,159.566667
aether_net_zero_2050,AETHER plus net-zero 2050,conservative_state_dependent,Conservative state-dependent,2034,28.133333,0.000000,28.133333,40.000000,40.000000,0.920000,36.800000,-8.666667,442.700646,447.876154,-5.175508,350.000000,false,316.500000,180.000000,180.000000,165.600000,150.900000
aether_net_zero_2050,AETHER plus net-zero 2050,conservative_state_dependent,Conservative state-dependent,2035,26.375000,0.000000,26.375000,45.000000,45.000000,0.920000,41.400000,-15.025000,440.404985,445.949872,-5.544887,350.000000,false,342.875000,225.000000,225.000000,207.000000,135.875000
aether_net_zero_2050,AETHER plus net-zero 2050,conservative_state_dependent,Conservative state-dependent,2036,24.616667,0.000000,24.616667,50.000000,50.000000,0.920000,46.000000,-21.383333,437.472401,443.208419,-5.736018,350.000000,false,367.491667,275.000000,275.000000,253.000000,114.491667
aether_net_zero_2050,AETHER plus net-zero 2050,conservative_state_dependent,Conservative state-dependent,2037,22.858333,0.000000,22.858333,55.000000,55.000000,0.920000,50.600000,-27.741667,433.922789,439.651795,-5.729006,350.000000,false,390.350000,330.000000,330.000000,303.600000,86.750000
aether_net_zero_2050,AETHER plus net-zero 2050,conservative_state_dependent,Conservative state-dependent,2038,21.100000,0.000000,21.100000,60.000000,60.000000,0.920000,55.200000,-34.100000,429.773049,435.280000,-5.506951,350.000000,false,411.450000,390.000000,390.000000,358.800000,52.650000
aether_net_zero_2050,AETHER plus net-zero 2050,conservative_state_dependent,Conservative state-dependent,2039,19.341667,0.000000,19.341667,65.000000,65.000000,0.920000,59.800000,-40.458333,425.037673,430.093034,-5.055361,350.000000,false,430.791667,455.000000,455.000000,418.600000,12.191667
aether_net_zero_2050,AETHER plus net-zero 2050,conservative_state_dependent,Conservative state-dependent,2040,17.583333,0.000000,17.583333,70.000000,70.000000,0.910342,63.723948,-46.140615,419.815896,424.177571,-4.361675,350.000000,false,448.375000,525.000000,525.000000,482.323948,-33.948948
aether_net_zero_2050,AETHER plus net-zero 2050,conservative_state_dependent,Conservative state-dependent,2041,15.825000,0.000000,15.825000,75.000000,75.000000,0.894061,67.054569,-51.229569,414.189112,417.609677,-3.420566,350.000000,false,464.200000,600.000000,600.000000,549.378517,-85.178517
aether_net_zero_2050,AETHER plus net-zero 2050,conservative_state_dependent,Conservative state-dependent,2042,14.066667,0.000000,14.066667,80.000000,80.000000,0.876634,70.130690,-56.064023,408.190079,410.421982,-2.231903,350.000000,false,478.266667,680.000000,680.000000,619.509207,-141.242540
aether_net_zero_2050,AETHER plus net-zero 2050,conservative_state_dependent,Conservative state-dependent,2043,12.308333,0.000000,12.308333,85.000000,85.000000,0.858080,72.936807,-60.628474,401.852137,402.649101,-0.796963,350.000000,false,490.575000,765.000000,765.000000,692.446014,-201.871014
aether_net_zero_2050,AETHER plus net-zero 2050,conservative_state_dependent,Conservative state-dependent,2044,10.550000,0.000000,10.550000,90.000000,90.000000,0.838416,75.457455,-64.907455,395.209292,394.327632,0.881660,350.000000,false,501.125000,855.000000,855.000000,767.903469,-266.778469
aether_net_zero_2050,AETHER plus net-zero 2050,conservative_state_dependent,Conservative state-dependent,2045,8.791667,0.000000,8.791667,95.000000,95.000000,0.817653,77.677040,-68.885374,388.296309,385.496174,2.800135,350.000000,false,509.916667,950.000000,950.000000,845.580510,-335.663843
aether_net_zero_2050,AETHER plus net-zero 2050,conservative_state_dependent,Conservative state-dependent,2046,7.033333,0.000000,7.033333,100.000000,100.000000,0.792389,79.238900,-72.205567,381.192497,376.239050,4.953447,350.000000,false,516.950000,1050.000000,1050.000000,924.819410,-407.869410
aether_net_zero_2050,AETHER plus net-zero 2050,conservative_state_dependent,Conservative state-dependent,2047,5.275000,0.000000,5.275000,100.000000,100.000000,0.755309,75.530884,-70.255884,374.564461,367.231885,7.332576,350.000000,false,522.225000,1150.000000,1150.000000,1000.350294,-478.125294
aether_net_zero_2050,AETHER plus net-zero 2050,conservative_state_dependent,Conservative state-dependent,2048,3.516667,0.000000,3.516667,100.000000,100.000000,0.719864,71.986400,-68.469733,368.340192,358.453715,9.886477,350.000000,false,525.741667,1250.000000,1250.000000,1072.336693,-546.595027
aether_net_zero_2050,AETHER plus net-zero 2050,conservative_state_dependent,Conservative state-dependent,2049,1.758333,0.000000,1.758333,100.000000,100.000000,0.700000,70.000000,-68.241667,362.280171,349.704783,12.575389,350.000000,false,527.500000,1350.000000,1350.000000,1142.336693,-614.836693
aether_net_zero_2050,AETHER plus net-zero 2050,conservative_state_dependent,Conservative state-dependent,2050,0.000000,0.000000,0.000000,100.000000,100.000000,0.700000,70.000000,-70.000000,356.110667,340.730424,15.380243,350.000000,false,527.500000,1450.000000,1450.000000,1212.336693,-684.836693
aether_net_zero_2050,AETHER plus net-zero 2050,conservative_state_dependent,Conservative state-dependent,2051,0.000000,0.000000,0.000000,100.000000,100.000000,0.700000,70.000000,-70.000000,350.058355,331.756065,18.302290,350.000000,false,527.500000,1550.000000,1550.000000,1282.336693,-754.836693
aether_net_zero_2050,AETHER plus net-zero 2050,conservative_state_dependent,Conservative state-dependent,2052,0.000000,0.000000,0.000000,100.000000,34.363479,0.700000,24.054435,-24.054435,350.000000,328.672163,21.327837,350.000000,true,527.500000,1650.000000,1584.363479,1306.391129,-778.891129
aether_net_zero_2050,AETHER plus net-zero 2050,conservative_state_dependent,Conservative state-dependent,2053,0.000000,0.000000,0.000000,100.000000,30.445110,0.700000,21.311577,-21.311577,350.000000,325.939910,24.060090,350.000000,true,527.500000,1750.000000,1614.808589,1327.702706,-800.202706
aether_net_zero_2050,AETHER plus net-zero 2050,conservative_state_dependent,Conservative state-dependent,2054,0.000000,0.000000,0.000000,100.000000,27.612545,0.700000,19.328781,-19.328781,350.000000,323.461861,26.538139,350.000000,true,527.500000,1850.000000,1642.421134,1347.031487,-819.531487
aether_net_zero_2050,AETHER plus net-zero 2050,conservative_state_dependent,Conservative state-dependent,2055,0.000000,0.000000,0.000000,100.000000,25.190184,0.700000,17.633129,-17.633129,350.000000,321.201203,28.798797,350.000000,true,527.500000,1950.000000,1667.611317,1364.664615,-837.164615
aether_net_zero_2050,AETHER plus net-zero 2050,conservative_state_dependent,Conservative state-dependent,2056,0.000000,0.000000,0.000000,100.000000,23.115468,0.700000,16.180827,-16.180827,350.000000,319.126738,30.873262,350.000000,true,527.500000,2050.000000,1690.726785,1380.845443,-853.345443
aether_net_zero_2050,AETHER plus net-zero 2050,conservative_state_dependent,Conservative state-dependent,2057,0.000000,0.000000,0.000000,100.000000,21.335433,0.700000,14.934803,-14.934803,350.000000,317.212020,32.787980,350.000000,true,527.500000,2150.000000,1712.062218,1395.780246,-868.280246
aether_net_zero_2050,AETHER plus net-zero 2050,conservative_state_dependent,Conservative state-dependent,2058,0.000000,0.000000,0.000000,100.000000,19.805239,0.700000,13.863667,-13.863667,350.000000,315.434627,34.565373,350.000000,true,527.500000,2250.000000,1731.867457,1409.643913,-882.143913
aether_net_zero_2050,AETHER plus net-zero 2050,conservative_state_dependent,Conservative state-dependent,2059,0.000000,0.000000,0.000000,100.000000,18.486920,0.700000,12.940844,-12.940844,350.000000,313.775544,36.224456,350.000000,true,527.500000,2350.000000,1750.354377,1422.584757,-895.084757
aether_net_zero_2050,AETHER plus net-zero 2050,conservative_state_dependent,Conservative state-dependent,2060,0.000000,0.000000,0.000000,100.000000,17.348334,0.700000,12.143834,-12.143834,350.000000,312.218642,37.781358,350.000000,true,527.500000,2450.000000,1767.702711,1434.728591,-907.228591
aether_net_zero_2050,AETHER plus net-zero 2050,conservative_state_dependent,Conservative state-dependent,2061,0.000000,0.000000,0.000000,100.000000,16.362262,0.700000,11.453583,-11.453583,350.000000,310.750234,39.249766,350.000000,true,527.500000,2550.000000,1784.064972,1446.182174,-918.682174
aether_net_zero_2050,AETHER plus net-zero 2050,conservative_state_dependent,Conservative state-dependent,2062,0.000000,0.000000,0.000000,100.000000,15.505659,0.700000,10.853961,-10.853961,350.000000,309.358701,40.641299,350.000000,true,527.500000,2650.000000,1799.570631,1457.036135,-929.536135
aether_net_zero_2050,AETHER plus net-zero 2050,conservative_state_dependent,Conservative state-dependent,2063,0.000000,0.000000,0.000000,100.000000,14.759012,0.700000,10.331309,-10.331309,350.000000,308.034174,41.965826,350.000000,true,527.500000,2750.000000,1814.329644,1467.367444,-939.867444
aether_net_zero_2050,AETHER plus net-zero 2050,conservative_state_dependent,Conservative state-dependent,2064,0.000000,0.000000,0.000000,100.000000,14.105795,0.700000,9.874057,-9.874057,350.000000,306.768269,43.231731,350.000000,true,527.500000,2850.000000,1828.435439,1477.241501,-949.741501
aether_net_zero_2050,AETHER plus net-zero 2050,conservative_state_dependent,Conservative state-dependent,2065,0.000000,0.000000,0.000000,100.000000,13.532015,0.700000,9.472410,-9.472410,350.000000,305.553858,44.446142,350.000000,true,527.500000,2950.000000,1841.967454,1486.713911,-959.213911
aether_net_zero_2050,AETHER plus net-zero 2050,conservative_state_dependent,Conservative state-dependent,2066,0.000000,0.000000,0.000000,100.000000,13.025817,0.700000,9.118072,-9.118072,350.000000,304.384874,45.615126,350.000000,true,527.500000,3050.000000,1854.993271,1495.831983,-968.331983
aether_net_zero_2050,AETHER plus net-zero 2050,conservative_state_dependent,Conservative state-dependent,2067,0.000000,0.000000,0.000000,100.000000,12.577165,0.700000,8.804016,-8.804016,350.000000,303.256154,46.743846,350.000000,true,527.500000,3150.000000,1867.570436,1504.635999,-977.135999
aether_net_zero_2050,AETHER plus net-zero 2050,conservative_state_dependent,Conservative state-dependent,2068,0.000000,0.000000,0.000000,100.000000,12.177554,0.700000,8.524288,-8.524288,350.000000,302.163297,47.836703,350.000000,true,527.500000,3250.000000,1879.747991,1513.160287,-985.660287
aether_net_zero_2050,AETHER plus net-zero 2050,conservative_state_dependent,Conservative state-dependent,2069,0.000000,0.000000,0.000000,100.000000,11.819781,0.700000,8.273847,-8.273847,350.000000,301.102547,48.897453,350.000000,true,527.500000,3350.000000,1891.567771,1521.434133,-993.934133
aether_net_zero_2050,AETHER plus net-zero 2050,conservative_state_dependent,Conservative state-dependent,2070,0.000000,0.000000,0.000000,100.000000,11.497742,0.700000,8.048419,-8.048419,350.000000,300.070698,49.929302,350.000000,true,527.500000,3450.000000,1903.065513,1529.482553,-1001.982553
aether_net_zero_2050,AETHER plus net-zero 2050,conservative_state_dependent,Conservative state-dependent,2071,0.000000,0.000000,0.000000,100.000000,11.206265,0.700000,7.844385,-7.844385,350.000000,299.065008,50.934992,350.000000,true,527.500000,3550.000000,1914.271778,1537.326938,-1009.826938
aether_net_zero_2050,AETHER plus net-zero 2050,conservative_state_dependent,Conservative state-dependent,2072,0.000000,0.000000,0.000000,100.000000,10.940967,0.700000,7.658677,-7.658677,350.000000,298.083126,51.916874,350.000000,true,527.500000,3650.000000,1925.212745,1544.985615,-1017.485615
aether_net_zero_2050,AETHER plus net-zero 2050,conservative_state_dependent,Conservative state-dependent,2073,0.000000,0.000000,0.000000,100.000000,10.698132,0.700000,7.488692,-7.488692,350.000000,297.123038,52.876962,350.000000,true,527.500000,3750.000000,1935.910877,1552.474307,-1024.974307
aether_net_zero_2050,AETHER plus net-zero 2050,conservative_state_dependent,Conservative state-dependent,2074,0.000000,0.000000,0.000000,100.000000,10.474610,0.700000,7.332227,-7.332227,350.000000,296.183008,53.816992,350.000000,true,527.500000,3850.000000,1946.385487,1559.806534,-1032.306534
aether_net_zero_2050,AETHER plus net-zero 2050,conservative_state_dependent,Conservative state-dependent,2075,0.000000,0.000000,0.000000,100.000000,10.267729,0.700000,7.187410,-7.187410,350.000000,295.261546,54.738454,350.000000,true,527.500000,3950.000000,1956.653216,1566.993945,-1039.493945
aether_net_zero_2050,AETHER plus net-zero 2050,conservative_state_dependent,Conservative state-dependent,2076,0.000000,0.000000,0.000000,100.000000,10.075222,0.700000,7.052656,-7.052656,350.000000,294.357359,55.642641,350.000000,true,527.500000,4050.000000,1966.728438,1574.046600,-1046.546600
aether_net_zero_2050,AETHER plus net-zero 2050,conservative_state_dependent,Conservative state-dependent,2077,0.000000,0.000000,0.000000,100.000000,9.895166,0.700000,6.926617,-6.926617,350.000000,293.469331,56.530669,350.000000,true,527.500000,4150.000000,1976.623605,1580.973217,-1053.473217
aether_net_zero_2050,AETHER plus net-zero 2050,conservative_state_dependent,Conservative state-dependent,2078,0.000000,0.000000,0.000000,100.000000,9.725929,0.700000,6.808150,-6.808150,350.000000,292.596491,57.403509,350.000000,true,527.500000,4250.000000,1986.349533,1587.781367,-1060.281367
aether_net_zero_2050,AETHER plus net-zero 2050,conservative_state_dependent,Conservative state-dependent,2079,0.000000,0.000000,0.000000,100.000000,9.566122,0.700000,6.696285,-6.696285,350.000000,291.737993,58.262007,350.000000,true,527.500000,4350.000000,1995.915655,1594.477652,-1066.977652
aether_net_zero_2050,AETHER plus net-zero 2050,conservative_state_dependent,Conservative state-dependent,2080,0.000000,0.000000,0.000000,100.000000,9.414567,0.700000,6.590197,-6.590197,350.000000,290.893096,59.106904,350.000000,true,527.500000,4450.000000,2005.330222,1601.067849,-1073.567849
aether_net_zero_2050,AETHER plus net-zero 2050,conservative_state_dependent,Conservative state-dependent,2081,0.000000,0.000000,0.000000,100.000000,9.270263,0.700000,6.489184,-6.489184,350.000000,290.061150,59.938850,350.000000,true,527.500000,4550.000000,2014.600485,1607.557033,-1080.057033
aether_net_zero_2050,AETHER plus net-zero 2050,conservative_state_dependent,Conservative state-dependent,2082,0.000000,0.000000,0.000000,100.000000,9.132356,0.700000,6.392649,-6.392649,350.000000,289.241579,60.758421,350.000000,true,527.500000,4650.000000,2023.732842,1613.949682,-1086.449682
aether_net_zero_2050,AETHER plus net-zero 2050,conservative_state_dependent,Conservative state-dependent,2083,0.000000,0.000000,0.000000,100.000000,9.000120,0.700000,6.300084,-6.300084,350.000000,288.433876,61.566124,350.000000,true,527.500000,4750.000000,2032.732962,1620.249767,-1092.749767
aether_net_zero_2050,AETHER plus net-zero 2050,conservative_state_dependent,Conservative state-dependent,2084,0.000000,0.000000,0.000000,100.000000,8.872937,0.700000,6.211056,-6.211056,350.000000,287.637587,62.362413,350.000000,true,527.500000,4850.000000,2041.605899,1626.460823,-1098.960823
aether_net_zero_2050,AETHER plus net-zero 2050,conservative_state_dependent,Conservative state-dependent,2085,0.000000,0.000000,0.000000,100.000000,8.750277,0.700000,6.125194,-6.125194,350.000000,286.852306,63.147694,350.000000,true,527.500000,4950.000000,2050.356176,1632.586017,-1105.086017
aether_net_zero_2050,AETHER plus net-zero 2050,conservative_state_dependent,Conservative state-dependent,2086,0.000000,0.000000,0.000000,100.000000,8.631690,0.700000,6.042183,-6.042183,350.000000,286.077667,63.922333,350.000000,true,527.500000,5050.000000,2058.987866,1638.628200,-1111.128200
aether_net_zero_2050,AETHER plus net-zero 2050,conservative_state_dependent,Conservative state-dependent,2087,0.000000,0.000000,0.000000,100.000000,8.516790,0.700000,5.961753,-5.961753,350.000000,285.313339,64.686661,350.000000,true,527.500000,5150.000000,2067.504656,1644.589953,-1117.089953
aether_net_zero_2050,AETHER plus net-zero 2050,conservative_state_dependent,Conservative state-dependent,2088,0.000000,0.000000,0.000000,100.000000,8.405246,0.700000,5.883672,-5.883672,350.000000,284.559022,65.440978,350.000000,true,527.500000,5250.000000,2075.909902,1650.473625,-1122.973625
aether_net_zero_2050,AETHER plus net-zero 2050,conservative_state_dependent,Conservative state-dependent,2089,0.000000,0.000000,0.000000,100.000000,8.296774,0.700000,5.807742,-5.807742,350.000000,283.814440,66.185560,350.000000,true,527.500000,5350.000000,2084.206676,1656.281367,-1128.781367
aether_net_zero_2050,AETHER plus net-zero 2050,conservative_state_dependent,Conservative state-dependent,2090,0.000000,0.000000,0.000000,100.000000,8.191129,0.700000,5.733791,-5.733791,350.000000,283.079339,66.920661,350.000000,true,527.500000,5450.000000,2092.397806,1662.015157,-1134.515157
aether_net_zero_2050,AETHER plus net-zero 2050,conservative_state_dependent,Conservative state-dependent,2091,0.000000,0.000000,0.000000,100.000000,8.088103,0.700000,5.661672,-5.661672,350.000000,282.353483,67.646517,350.000000,true,527.500000,5550.000000,2100.485908,1667.676829,-1140.176829
aether_net_zero_2050,AETHER plus net-zero 2050,conservative_state_dependent,Conservative state-dependent,2092,0.000000,0.000000,0.000000,100.000000,7.987511,0.700000,5.591258,-5.591258,350.000000,281.636656,68.363344,350.000000,true,527.500000,5650.000000,2108.473419,1673.268087,-1145.768087
aether_net_zero_2050,AETHER plus net-zero 2050,conservative_state_dependent,Conservative state-dependent,2093,0.000000,0.000000,0.000000,100.000000,7.889197,0.700000,5.522438,-5.522438,350.000000,280.928651,69.071349,350.000000,true,527.500000,5750.000000,2116.362617,1678.790525,-1151.290525
aether_net_zero_2050,AETHER plus net-zero 2050,conservative_state_dependent,Conservative state-dependent,2094,0.000000,0.000000,0.000000,100.000000,7.793025,0.700000,5.455117,-5.455117,350.000000,280.229277,69.770723,350.000000,true,527.500000,5850.000000,2124.155641,1684.245642,-1156.745642
aether_net_zero_2050,AETHER plus net-zero 2050,conservative_state_dependent,Conservative state-dependent,2095,0.000000,0.000000,0.000000,100.000000,7.698873,0.700000,5.389211,-5.389211,350.000000,279.538352,70.461648,350.000000,true,527.500000,5950.000000,2131.854514,1689.634854,-1162.134854
aether_net_zero_2050,AETHER plus net-zero 2050,conservative_state_dependent,Conservative state-dependent,2096,0.000000,0.000000,0.000000,100.000000,7.606638,0.700000,5.324647,-5.324647,350.000000,278.855705,71.144295,350.000000,true,527.500000,6050.000000,2139.461153,1694.959500,-1167.459500
aether_net_zero_2050,AETHER plus net-zero 2050,conservative_state_dependent,Conservative state-dependent,2097,0.000000,0.000000,0.000000,100.000000,7.516228,0.700000,5.261359,-5.261359,350.000000,278.181172,71.818828,350.000000,true,527.500000,6150.000000,2146.977380,1700.220860,-1172.720860
aether_net_zero_2050,AETHER plus net-zero 2050,conservative_state_dependent,Conservative state-dependent,2098,0.000000,0.000000,0.000000,100.000000,7.427560,0.700000,5.199292,-5.199292,350.000000,277.514596,72.485404,350.000000,true,527.500000,6250.000000,2154.404941,1705.420152,-1177.920152
aether_net_zero_2050,AETHER plus net-zero 2050,conservative_state_dependent,Conservative state-dependent,2099,0.000000,0.000000,0.000000,100.000000,7.340564,0.700000,5.138395,-5.138395,350.000000,276.855827,73.144173,350.000000,true,527.500000,6350.000000,2161.745505,1710.558547,-1183.058547
aether_net_zero_2050,AETHER plus net-zero 2050,conservative_state_dependent,Conservative state-dependent,2100,0.000000,0.000000,0.000000,100.000000,7.255175,0.700000,5.078623,-5.078623,350.000000,276.204722,73.795278,350.000000,true,527.500000,6450.000000,2169.000681,1715.637170,-1188.137170
aether_net_zero_2050,AETHER plus net-zero 2050,asymmetry_stress,Asymmetry stress,2026,42.200000,0.000000,42.200000,0.000000,0.000000,0.850000,0.000000,42.200000,433.940256,433.940256,0.000000,350.000000,false,42.200000,0.000000,0.000000,0.000000,42.200000
aether_net_zero_2050,AETHER plus net-zero 2050,asymmetry_stress,Asymmetry stress,2027,40.441667,0.000000,40.441667,5.000000,5.000000,0.850000,4.250000,36.191667,438.225978,438.580214,-0.354236,350.000000,false,82.641667,5.000000,5.000000,4.250000,78.391667
aether_net_zero_2050,AETHER plus net-zero 2050,asymmetry_stress,Asymmetry stress,2028,38.683333,0.000000,38.683333,10.000000,10.000000,0.850000,8.500000,30.183333,441.502975,442.449872,-0.946897,350.000000,false,121.325000,15.000000,15.000000,12.750000,108.575000
aether_net_zero_2050,AETHER plus net-zero 2050,asymmetry_stress,Asymmetry stress,2029,36.925000,0.000000,36.925000,15.000000,15.000000,0.850000,12.750000,24.175000,443.864400,445.549231,-1.684831,350.000000,false,158.250000,30.000000,30.000000,25.500000,132.750000
aether_net_zero_2050,AETHER plus net-zero 2050,asymmetry_stress,Asymmetry stress,2030,35.166667,0.000000,35.166667,20.000000,20.000000,0.850000,17.000000,18.166667,445.385406,447.878291,-2.492884,350.000000,false,193.416667,50.000000,50.000000,42.500000,150.916667
aether_net_zero_2050,AETHER plus net-zero 2050,asymmetry_stress,Asymmetry stress,2031,33.408333,0.000000,33.408333,25.000000,25.000000,0.850000,21.250000,12.158333,446.126852,449.437051,-3.310199,350.000000,false,226.825000,75.000000,75.000000,63.750000,163.075000
aether_net_zero_2050,AETHER plus net-zero 2050,asymmetry_stress,Asymmetry stress,2032,31.650000,0.000000,31.650000,30.000000,30.000000,0.850000,25.500000,6.150000,446.138228,450.225513,-4.087285,350.000000,false,258.475000,105.000000,105.000000,89.250000,169.225000
aether_net_zero_2050,AETHER plus net-zero 2050,asymmetry_stress,Asymmetry stress,2033,29.891667,0.000000,29.891667,35.000000,35.000000,0.850000,29.750000,0.141667,445.459983,450.243675,-4.783692,350.000000,false,288.366667,140.000000,140.000000,119.000000,169.366667
aether_net_zero_2050,AETHER plus net-zero 2050,asymmetry_stress,Asymmetry stress,2034,28.133333,0.000000,28.133333,40.000000,40.000000,0.850000,34.000000,-5.866667,444.125369,449.491538,-5.366169,350.000000,false,316.500000,180.000000,180.000000,153.000000,163.500000
aether_net_zero_2050,AETHER plus net-zero 2050,asymmetry_stress,Asymmetry stress,2035,26.375000,0.000000,26.375000,45.000000,45.000000,0.850000,38.250000,-11.875000,442.161903,447.969103,-5.807200,350.000000,false,342.875000,225.000000,225.000000,191.250000,151.625000
aether_net_zero_2050,AETHER plus net-zero 2050,asymmetry_stress,Asymmetry stress,2036,24.616667,0.000000,24.616667,50.000000,50.000000,0.850000,42.500000,-17.883333,439.592525,445.676368,-6.083843,350.000000,false,367.491667,275.000000,275.000000,233.750000,133.741667
aether_net_zero_2050,AETHER plus net-zero 2050,asymmetry_stress,Asymmetry stress,2037,22.858333,0.000000,22.858333,55.000000,55.000000,0.850000,46.750000,-23.891667,436.436522,442.613333,-6.176811,350.000000,false,390.350000,330.000000,330.000000,280.500000,109.850000
aether_net_zero_2050,AETHER plus net-zero 2050,asymmetry_stress,Asymmetry stress,2038,21.100000,0.000000,21.100000,60.000000,60.000000,0.850000,51.000000,-29.900000,432.710256,438.780000,-6.069744,350.000000,false,411.450000,390.000000,390.000000,331.500000,79.950000
aether_net_zero_2050,AETHER plus net-zero 2050,asymmetry_stress,Asymmetry stress,2039,19.341667,0.000000,19.341667,65.000000,65.000000,0.850000,55.250000,-35.908333,428.427744,434.176368,-5.748624,350.000000,false,430.791667,455.000000,455.000000,386.750000,44.041667
aether_net_zero_2050,AETHER plus net-zero 2050,asymmetry_stress,Asymmetry stress,2040,17.583333,0.000000,17.583333,70.000000,70.000000,0.844375,59.106261,-41.522928,423.651594,428.852915,-5.201321,350.000000,false,448.375000,525.000000,525.000000,445.856261,2.518739
aether_net_zero_2050,AETHER plus net-zero 2050,asymmetry_stress,Asymmetry stress,2041,15.825000,0.000000,15.825000,75.000000,75.000000,0.820105,61.507909,-45.682909,418.575604,422.996132,-4.420528,350.000000,false,464.200000,600.000000,600.000000,507.364170,-43.164170
aether_net_zero_2050,AETHER plus net-zero 2050,asymmetry_stress,Asymmetry stress,2042,14.066667,0.000000,14.066667,80.000000,80.000000,0.794336,63.546863,-49.480197,413.240749,416.652517,-3.411768,350.000000,false,478.266667,680.000000,680.000000,570.911033,-92.644366
aether_net_zero_2050,AETHER plus net-zero 2050,asymmetry_stress,Asymmetry stress,2043,12.308333,0.000000,12.308333,85.000000,85.000000,0.767119,65.205116,-52.896782,407.689010,409.870878,-2.181868,350.000000,false,490.575000,765.000000,765.000000,636.116149,-145.541149
aether_net_zero_2050,AETHER plus net-zero 2050,asymmetry_stress,Asymmetry stress,2044,10.550000,0.000000,10.550000,90.000000,90.000000,0.738503,66.465247,-55.915247,401.963332,402.702257,-0.738925,350.000000,false,501.125000,855.000000,855.000000,702.581396,-201.456396
aether_net_zero_2050,AETHER plus net-zero 2050,asymmetry_stress,Asymmetry stress,2045,8.791667,0.000000,8.791667,95.000000,95.000000,0.708528,67.310162,-58.518495,396.107613,395.199886,0.907728,350.000000,false,509.916667,950.000000,950.000000,769.891557,-259.974891
aether_net_zero_2050,AETHER plus net-zero 2050,asymmetry_stress,Asymmetry stress,2046,7.033333,0.000000,7.033333,100.000000,100.000000,0.677228,67.722761,-60.689428,390.166736,387.419190,2.747546,350.000000,false,516.950000,1050.000000,1050.000000,837.614319,-320.664319
aether_net_zero_2050,AETHER plus net-zero 2050,asymmetry_stress,Asymmetry stress,2047,5.275000,0.000000,5.275000,100.000000,100.000000,0.644624,64.462416,-59.187416,384.599856,379.831060,4.768797,350.000000,false,522.225000,1150.000000,1150.000000,902.076735,-379.851735
aether_net_zero_2050,AETHER plus net-zero 2050,asymmetry_stress,Asymmetry stress,2048,3.516667,0.000000,3.516667,100.000000,100.000000,0.600000,60.000000,-56.483333,379.521116,372.589607,6.931509,350.000000,false,525.741667,1250.000000,1250.000000,962.076735,-436.335068
aether_net_zero_2050,AETHER plus net-zero 2050,asymmetry_stress,Asymmetry stress,2049,1.758333,0.000000,1.758333,100.000000,100.000000,0.600000,60.000000,-58.241667,374.316094,365.122726,9.193367,350.000000,false,527.500000,1350.000000,1350.000000,1022.076735,-494.576735
aether_net_zero_2050,AETHER plus net-zero 2050,asymmetry_stress,Asymmetry stress,2050,0.000000,0.000000,0.000000,100.000000,100.000000,0.600000,60.000000,-60.000000,368.987949,357.430419,11.557531,350.000000,false,527.500000,1450.000000,1450.000000,1082.076735,-554.576735
aether_net_zero_2050,AETHER plus net-zero 2050,asymmetry_stress,Asymmetry stress,2051,0.000000,0.000000,0.000000,100.000000,100.000000,0.600000,60.000000,-60.000000,363.764728,349.738111,14.026617,350.000000,false,527.500000,1550.000000,1550.000000,1142.076735,-614.576735
aether_net_zero_2050,AETHER plus net-zero 2050,asymmetry_stress,Asymmetry stress,2052,0.000000,0.000000,0.000000,100.000000,100.000000,0.600000,60.000000,-60.000000,358.633857,342.045803,16.588054,350.000000,false,527.500000,1650.000000,1650.000000,1202.076735,-674.576735
aether_net_zero_2050,AETHER plus net-zero 2050,asymmetry_stress,Asymmetry stress,2053,0.000000,0.000000,0.000000,100.000000,100.000000,0.600000,60.000000,-60.000000,353.585144,334.353496,19.231649,350.000000,false,527.500000,1750.000000,1750.000000,1262.076735,-734.576735
aether_net_zero_2050,AETHER plus net-zero 2050,asymmetry_stress,Asymmetry stress,2054,0.000000,0.000000,0.000000,100.000000,81.933776,0.600000,49.160266,-49.160266,350.000000,328.050897,21.949103,350.000000,true,527.500000,1850.000000,1831.933776,1311.237001,-783.737001
aether_net_zero_2050,AETHER plus net-zero 2050,asymmetry_stress,Asymmetry stress,2055,0.000000,0.000000,0.000000,100.000000,35.015866,0.600000,21.009520,-21.009520,350.000000,325.357369,24.642631,350.000000,true,527.500000,1950.000000,1866.949642,1332.246520,-804.746520
aether_net_zero_2050,AETHER plus net-zero 2050,asymmetry_stress,Asymmetry stress,2056,0.000000,0.000000,0.000000,100.000000,31.778478,0.600000,19.067087,-19.067087,350.000000,322.912871,27.087129,350.000000,true,527.500000,2050.000000,1898.728121,1351.313607,-823.813607
aether_net_zero_2050,AETHER plus net-zero 2050,asymmetry_stress,Asymmetry stress,2057,0.000000,0.000000,0.000000,100.000000,29.009501,0.600000,17.405700,-17.405700,350.000000,320.681371,29.318629,350.000000,true,527.500000,2150.000000,1927.737621,1368.719308,-841.219308
aether_net_zero_2050,AETHER plus net-zero 2050,asymmetry_stress,Asymmetry stress,2058,0.000000,0.000000,0.000000,100.000000,26.637504,0.600000,15.982503,-15.982503,350.000000,318.632332,31.367668,350.000000,true,527.500000,2250.000000,1954.375126,1384.701811,-857.201811
aether_net_zero_2050,AETHER plus net-zero 2050,asymmetry_stress,Asymmetry stress,2059,0.000000,0.000000,0.000000,100.000000,24.602017,0.600000,14.761210,-14.761210,350.000000,316.739869,33.260131,350.000000,true,527.500000,2350.000000,1978.977143,1399.463021,-871.963021
aether_net_zero_2050,AETHER plus net-zero 2050,asymmetry_stress,Asymmetry stress,2060,0.000000,0.000000,0.000000,100.000000,22.851839,0.600000,13.711104,-13.711104,350.000000,314.982035,35.017965,350.000000,true,527.500000,2450.000000,2001.828982,1413.174124,-885.674124
aether_net_zero_2050,AETHER plus net-zero 2050,asymmetry_stress,Asymmetry stress,2061,0.000000,0.000000,0.000000,100.000000,21.343624,0.600000,12.806174,-12.806174,350.000000,313.340218,36.659782,350.000000,true,527.500000,2550.000000,2023.172606,1425.980299,-898.480299
aether_net_zero_2050,AETHER plus net-zero 2050,asymmetry_stress,Asymmetry stress,2062,0.000000,0.000000,0.000000,100.000000,20.040669,0.600000,12.024401,-12.024401,350.000000,311.798628,38.201372,350.000000,true,527.500000,2650.000000,2043.213274,1438.004700,-910.504700
aether_net_zero_2050,AETHER plus net-zero 2050,asymmetry_stress,Asymmetry stress,2063,0.000000,0.000000,0.000000,100.000000,18.911898,0.600000,11.347139,-11.347139,350.000000,310.343867,39.656133,350.000000,true,527.500000,2750.000000,2062.125172,1449.351838,-921.851838
aether_net_zero_2050,AETHER plus net-zero 2050,asymmetry_stress,Asymmetry stress,2064,0.000000,0.000000,0.000000,100.000000,17.930998,0.600000,10.758599,-10.758599,350.000000,308.964559,41.035441,350.000000,true,527.500000,2850.000000,2080.056171,1460.110437,-932.610437
aether_net_zero_2050,AETHER plus net-zero 2050,asymmetry_stress,Asymmetry stress,2065,0.000000,0.000000,0.000000,100.000000,17.075688,0.600000,10.245413,-10.245413,350.000000,307.651045,42.348955,350.000000,true,527.500000,2950.000000,2097.131859,1470.355850,-942.855850
aether_net_zero_2050,AETHER plus net-zero 2050,asymmetry_stress,Asymmetry stress,2066,0.000000,0.000000,0.000000,100.000000,16.327100,0.600000,9.796260,-9.796260,350.000000,306.395114,43.604886,350.000000,true,527.500000,3050.000000,2113.458959,1480.152110,-952.652110
aether_net_zero_2050,AETHER plus net-zero 2050,asymmetry_stress,Asymmetry stress,2067,0.000000,0.000000,0.000000,100.000000,15.669254,0.600000,9.401552,-9.401552,350.000000,305.189787,44.810213,350.000000,true,527.500000,3150.000000,2129.128213,1489.553663,-962.053663
aether_net_zero_2050,AETHER plus net-zero 2050,asymmetry_stress,Asymmetry stress,2068,0.000000,0.000000,0.000000,100.000000,15.088616,0.600000,9.053170,-9.053170,350.000000,304.029124,45.970876,350.000000,true,527.500000,3250.000000,2144.216829,1498.606833,-971.106833
aether_net_zero_2050,AETHER plus net-zero 2050,asymmetry_stress,Asymmetry stress,2069,0.000000,0.000000,0.000000,100.000000,14.573725,0.600000,8.744235,-8.744235,350.000000,302.908068,47.091932,350.000000,true,527.500000,3350.000000,2158.790555,1507.351068,-979.851068
aether_net_zero_2050,AETHER plus net-zero 2050,asymmetry_stress,Asymmetry stress,2070,0.000000,0.000000,0.000000,100.000000,14.114871,0.600000,8.468923,-8.468923,350.000000,301.822309,48.177691,350.000000,true,527.500000,3450.000000,2172.905426,1515.819990,-988.319990
aether_net_zero_2050,AETHER plus net-zero 2050,asymmetry_stress,Asymmetry stress,2071,0.000000,0.000000,0.000000,100.000000,13.703827,0.600000,8.222296,-8.222296,350.000000,300.768168,49.231832,350.000000,true,527.500000,3550.000000,2186.609253,1524.042287,-996.542287
aether_net_zero_2050,AETHER plus net-zero 2050,asymmetry_stress,Asymmetry stress,2072,0.000000,0.000000,0.000000,100.000000,13.333625,0.600000,8.000175,-8.000175,350.000000,299.742505,50.257495,350.000000,true,527.500000,3650.000000,2199.942878,1532.042462,-1004.542462
aether_net_zero_2050,AETHER plus net-zero 2050,asymmetry_stress,Asymmetry stress,2073,0.000000,0.000000,0.000000,100.000000,12.998359,0.600000,7.799015,-7.799015,350.000000,298.742631,51.257369,350.000000,true,527.500000,3750.000000,2212.941237,1539.841477,-1012.341477
aether_net_zero_2050,AETHER plus net-zero 2050,asymmetry_stress,Asymmetry stress,2074,0.000000,0.000000,0.000000,100.000000,12.693022,0.600000,7.615813,-7.615813,350.000000,297.766245,52.233755,350.000000,true,527.500000,3850.000000,2225.634259,1547.457291,-1019.957291
aether_net_zero_2050,AETHER plus net-zero 2050,asymmetry_stress,Asymmetry stress,2075,0.000000,0.000000,0.000000,100.000000,12.413373,0.600000,7.448024,-7.448024,350.000000,296.811370,53.188630,350.000000,true,527.500000,3950.000000,2238.047632,1554.905314,-1027.405314
aether_net_zero_2050,AETHER plus net-zero 2050,asymmetry_stress,Asymmetry stress,2076,0.000000,0.000000,0.000000,100.000000,12.155813,0.600000,7.293488,-7.293488,350.000000,295.876307,54.123693,350.000000,true,527.500000,4050.000000,2250.203445,1562.198802,-1034.698802
aether_net_zero_2050,AETHER plus net-zero 2050,asymmetry_stress,Asymmetry stress,2077,0.000000,0.000000,0.000000,100.000000,11.917291,0.600000,7.150375,-7.150375,350.000000,294.959593,55.040407,350.000000,true,527.500000,4150.000000,2262.120737,1569.349177,-1041.849177
aether_net_zero_2050,AETHER plus net-zero 2050,asymmetry_stress,Asymmetry stress,2078,0.000000,0.000000,0.000000,100.000000,11.695219,0.600000,7.017131,-7.017131,350.000000,294.059960,55.940040,350.000000,true,527.500000,4250.000000,2273.815956,1576.366308,-1048.866308
aether_net_zero_2050,AETHER plus net-zero 2050,asymmetry_stress,Asymmetry stress,2079,0.000000,0.000000,0.000000,100.000000,11.487400,0.600000,6.892440,-6.892440,350.000000,293.176314,56.823686,350.000000,true,527.500000,4350.000000,2285.303355,1583.258748,-1055.758748
aether_net_zero_2050,AETHER plus net-zero 2050,asymmetry_stress,Asymmetry stress,2080,0.000000,0.000000,0.000000,100.000000,11.291968,0.600000,6.775181,-6.775181,350.000000,292.307701,57.692299,350.000000,true,527.500000,4450.000000,2296.595323,1590.033929,-1062.533929
aether_net_zero_2050,AETHER plus net-zero 2050,asymmetry_stress,Asymmetry stress,2081,0.000000,0.000000,0.000000,100.000000,11.107340,0.600000,6.664404,-6.664404,350.000000,291.453291,58.546709,350.000000,true,527.500000,4550.000000,2307.702663,1596.698333,-1069.198333
aether_net_zero_2050,AETHER plus net-zero 2050,asymmetry_stress,Asymmetry stress,2082,0.000000,0.000000,0.000000,100.000000,10.932169,0.600000,6.559302,-6.559302,350.000000,290.612355,59.387645,350.000000,true,527.500000,4650.000000,2318.634833,1603.257635,-1075.757635
aether_net_zero_2050,AETHER plus net-zero 2050,asymmetry_stress,Asymmetry stress,2083,0.000000,0.000000,0.000000,100.000000,10.765311,0.600000,6.459187,-6.459187,350.000000,289.784254,60.215746,350.000000,true,527.500000,4750.000000,2329.400144,1609.716821,-1082.216821
aether_net_zero_2050,AETHER plus net-zero 2050,asymmetry_stress,Asymmetry stress,2084,0.000000,0.000000,0.000000,100.000000,10.605791,0.600000,6.363474,-6.363474,350.000000,288.968424,61.031576,350.000000,true,527.500000,4850.000000,2340.005934,1616.080296,-1088.580296
aether_net_zero_2050,AETHER plus net-zero 2050,asymmetry_stress,Asymmetry stress,2085,0.000000,0.000000,0.000000,100.000000,10.452779,0.600000,6.271667,-6.271667,350.000000,288.164364,61.835636,350.000000,true,527.500000,4950.000000,2350.458713,1622.351963,-1094.851963
aether_net_zero_2050,AETHER plus net-zero 2050,asymmetry_stress,Asymmetry stress,2086,0.000000,0.000000,0.000000,100.000000,10.305568,0.600000,6.183341,-6.183341,350.000000,287.371628,62.628372,350.000000,true,527.500000,5050.000000,2360.764282,1628.535304,-1101.035304
aether_net_zero_2050,AETHER plus net-zero 2050,asymmetry_stress,Asymmetry stress,2087,0.000000,0.000000,0.000000,100.000000,10.163555,0.600000,6.098133,-6.098133,350.000000,286.589816,63.410184,350.000000,true,527.500000,5150.000000,2370.927837,1634.633437,-1107.133437
aether_net_zero_2050,AETHER plus net-zero 2050,asymmetry_stress,Asymmetry stress,2088,0.000000,0.000000,0.000000,100.000000,10.026224,0.600000,6.015734,-6.015734,350.000000,285.818568,64.181432,350.000000,true,527.500000,5250.000000,2380.954061,1640.649171,-1113.149171
aether_net_zero_2050,AETHER plus net-zero 2050,asymmetry_stress,Asymmetry stress,2089,0.000000,0.000000,0.000000,100.000000,9.893133,0.600000,5.935880,-5.935880,350.000000,285.057558,64.942442,350.000000,true,527.500000,5350.000000,2390.847193,1646.585051,-1119.085051
aether_net_zero_2050,AETHER plus net-zero 2050,asymmetry_stress,Asymmetry stress,2090,0.000000,0.000000,0.000000,100.000000,9.763904,0.600000,5.858342,-5.858342,350.000000,284.306488,65.693512,350.000000,true,527.500000,5450.000000,2400.611097,1652.443393,-1124.943393
aether_net_zero_2050,AETHER plus net-zero 2050,asymmetry_stress,Asymmetry stress,2091,0.000000,0.000000,0.000000,100.000000,9.638213,0.600000,5.782928,-5.782928,350.000000,283.565087,66.434913,350.000000,true,527.500000,5550.000000,2410.249310,1658.226321,-1130.726321
aether_net_zero_2050,AETHER plus net-zero 2050,asymmetry_stress,Asymmetry stress,2092,0.000000,0.000000,0.000000,100.000000,9.515780,0.600000,5.709468,-5.709468,350.000000,282.833104,67.166896,350.000000,true,527.500000,5650.000000,2419.765091,1663.935789,-1136.435789
aether_net_zero_2050,AETHER plus net-zero 2050,asymmetry_stress,Asymmetry stress,2093,0.000000,0.000000,0.000000,100.000000,9.396365,0.600000,5.637819,-5.637819,350.000000,282.110307,67.889693,350.000000,true,527.500000,5750.000000,2429.161456,1669.573608,-1142.073608
aether_net_zero_2050,AETHER plus net-zero 2050,asymmetry_stress,Asymmetry stress,2094,0.000000,0.000000,0.000000,100.000000,9.279759,0.600000,5.567856,-5.567856,350.000000,281.396479,68.603521,350.000000,true,527.500000,5850.000000,2438.441215,1675.141464,-1147.641464
aether_net_zero_2050,AETHER plus net-zero 2050,asymmetry_stress,Asymmetry stress,2095,0.000000,0.000000,0.000000,100.000000,9.165783,0.600000,5.499470,-5.499470,350.000000,280.691419,69.308581,350.000000,true,527.500000,5950.000000,2447.606998,1680.640934,-1153.140934
aether_net_zero_2050,AETHER plus net-zero 2050,asymmetry_stress,Asymmetry stress,2096,0.000000,0.000000,0.000000,100.000000,9.054278,0.600000,5.432567,-5.432567,350.000000,279.994936,70.005064,350.000000,true,527.500000,6050.000000,2456.661275,1686.073500,-1158.573500
aether_net_zero_2050,AETHER plus net-zero 2050,asymmetry_stress,Asymmetry stress,2097,0.000000,0.000000,0.000000,100.000000,8.945108,0.600000,5.367065,-5.367065,350.000000,279.306851,70.693149,350.000000,true,527.500000,6150.000000,2465.606383,1691.440565,-1163.940565
aether_net_zero_2050,AETHER plus net-zero 2050,asymmetry_stress,Asymmetry stress,2098,0.000000,0.000000,0.000000,100.000000,8.838153,0.600000,5.302892,-5.302892,350.000000,278.626993,71.373007,350.000000,true,527.500000,6250.000000,2474.444536,1696.743456,-1169.243456
aether_net_zero_2050,AETHER plus net-zero 2050,asymmetry_stress,Asymmetry stress,2099,0.000000,0.000000,0.000000,100.000000,8.733307,0.600000,5.239984,-5.239984,350.000000,277.955200,72.044800,350.000000,true,527.500000,6350.000000,2483.177843,1701.983441,-1174.483441
aether_net_zero_2050,AETHER plus net-zero 2050,asymmetry_stress,Asymmetry stress,2100,0.000000,0.000000,0.000000,100.000000,8.630478,0.600000,5.178287,-5.178287,350.000000,277.291317,72.708683,350.000000,true,527.500000,6450.000000,2491.808321,1707.161728,-1179.661728
aether_net_zero_2050_25pct_rebound,"AETHER, net-zero 2050, 25% rebound",fixed_0p96_current,Fixed 0.96 current screen,2026,42.200000,0.000000,42.200000,0.000000,0.000000,0.960000,0.000000,42.200000,433.940256,433.940256,0.000000,350.000000,false,42.200000,0.000000,0.000000,0.000000,42.200000
aether_net_zero_2050_25pct_rebound,"AETHER, net-zero 2050, 25% rebound",fixed_0p96_current,Fixed 0.96 current screen,2027,40.441667,1.250000,41.691667,5.000000,5.000000,0.960000,4.800000,36.891667,438.315722,438.669957,-0.354236,350.000000,false,83.891667,5.000000,5.000000,4.800000,79.091667
aether_net_zero_2050_25pct_rebound,"AETHER, net-zero 2050, 25% rebound",fixed_0p96_current,Fixed 0.96 current screen,2028,38.683333,2.500000,41.183333,10.000000,10.000000,0.960000,9.600000,31.583333,441.766330,442.719103,-0.952772,350.000000,false,125.075000,15.000000,15.000000,14.400000,110.675000
aether_net_zero_2050_25pct_rebound,"AETHER, net-zero 2050, 25% rebound",fixed_0p96_current,Fixed 0.96 current screen,2029,36.925000,3.750000,40.675000,15.000000,15.000000,0.960000,14.400000,26.275000,444.380442,446.087692,-1.707250,350.000000,false,165.750000,30.000000,30.000000,28.800000,136.950000
aether_net_zero_2050_25pct_rebound,"AETHER, net-zero 2050, 25% rebound",fixed_0p96_current,Fixed 0.96 current screen,2030,35.166667,5.000000,40.166667,20.000000,20.000000,0.960000,19.200000,20.966667,446.229284,448.775726,-2.546443,350.000000,false,205.916667,50.000000,50.000000,48.000000,157.916667
aether_net_zero_2050_25pct_rebound,"AETHER, net-zero 2050, 25% rebound",fixed_0p96_current,Fixed 0.96 current screen,2031,33.408333,6.250000,39.658333,25.000000,25.000000,0.960000,24.000000,15.658333,447.370471,450.783205,-3.412734,350.000000,false,245.575000,75.000000,75.000000,72.000000,173.575000
aether_net_zero_2050_25pct_rebound,"AETHER, net-zero 2050, 25% rebound",fixed_0p96_current,Fixed 0.96 current screen,2032,31.650000,7.500000,39.150000,30.000000,30.000000,0.960000,28.800000,10.350000,447.850801,452.110128,-4.259327,350.000000,false,284.725000,105.000000,105.000000,100.800000,183.925000
aether_net_zero_2050_25pct_rebound,"AETHER, net-zero 2050, 25% rebound",fixed_0p96_current,Fixed 0.96 current screen,2033,29.891667,8.750000,38.641667,35.000000,35.000000,0.960000,33.600000,5.041667,447.708467,452.756496,-5.048028,350.000000,false,323.366667,140.000000,140.000000,134.400000,188.966667
aether_net_zero_2050_25pct_rebound,"AETHER, net-zero 2050, 25% rebound",fixed_0p96_current,Fixed 0.96 current screen,2034,28.133333,10.000000,38.133333,40.000000,40.000000,0.960000,38.400000,-0.266667,446.974816,452.722308,-5.747492,350.000000,false,361.500000,180.000000,180.000000,172.800000,188.700000
aether_net_zero_2050_25pct_rebound,"AETHER, net-zero 2050, 25% rebound",fixed_0p96_current,Fixed 0.96 current screen,2035,26.375000,11.250000,37.625000,45.000000,45.000000,0.960000,43.200000,-5.575000,445.675738,452.007564,-6.331826,350.000000,false,399.125000,225.000000,225.000000,216.000000,183.125000
aether_net_zero_2050_25pct_rebound,"AETHER, net-zero 2050, 25% rebound",fixed_0p96_current,Fixed 0.96 current screen,2036,24.616667,12.500000,37.116667,50.000000,50.000000,0.960000,48.000000,-10.883333,443.832773,450.612265,-6.779492,350.000000,false,436.241667,275.000000,275.000000,264.000000,172.241667
aether_net_zero_2050_25pct_rebound,"AETHER, net-zero 2050, 25% rebound",fixed_0p96_current,Fixed 0.96 current screen,2037,22.858333,13.750000,36.608333,55.000000,55.000000,0.960000,52.800000,-16.191667,441.463988,448.536410,-7.072422,350.000000,false,472.850000,330.000000,330.000000,316.800000,156.050000
aether_net_zero_2050_25pct_rebound,"AETHER, net-zero 2050, 25% rebound",fixed_0p96_current,Fixed 0.96 current screen,2038,21.100000,15.000000,36.100000,60.000000,60.000000,0.960000,57.600000,-21.500000,438.584671,445.780000,-7.195329,350.000000,false,508.950000,390.000000,390.000000,374.400000,134.550000
aether_net_zero_2050_25pct_rebound,"AETHER, net-zero 2050, 25% rebound",fixed_0p96_current,Fixed 0.96 current screen,2039,19.341667,16.250000,35.591667,65.000000,65.000000,0.960000,62.400000,-26.808333,435.207884,442.343034,-7.135150,350.000000,false,544.541667,455.000000,455.000000,436.800000,107.741667
aether_net_zero_2050_25pct_rebound,"AETHER, net-zero 2050, 25% rebound",fixed_0p96_current,Fixed 0.96 current screen,2040,17.583333,17.500000,35.083333,70.000000,70.000000,0.960000,67.200000,-32.116667,431.344900,438.225513,-6.880613,350.000000,false,579.625000,525.000000,525.000000,504.000000,75.625000
aether_net_zero_2050_25pct_rebound,"AETHER, net-zero 2050, 25% rebound",fixed_0p96_current,Fixed 0.96 current screen,2041,15.825000,18.750000,34.575000,75.000000,75.000000,0.960000,72.000000,-37.425000,427.005549,433.427436,-6.421886,350.000000,false,614.200000,600.000000,600.000000,576.000000,38.200000
aether_net_zero_2050_25pct_rebound,"AETHER, net-zero 2050, 25% rebound",fixed_0p96_current,Fixed 0.96 current screen,2042,14.066667,20.000000,34.066667,80.000000,80.000000,0.960000,76.800000,-42.733333,422.198502,427.948803,-5.750301,350.000000,false,648.266667,680.000000,680.000000,652.800000,-4.533333
aether_net_zero_2050_25pct_rebound,"AETHER, net-zero 2050, 25% rebound",fixed_0p96_current,Fixed 0.96 current screen,2043,12.308333,21.250000,33.558333,85.000000,85.000000,0.960000,81.600000,-48.041667,416.931481,421.789615,-4.858135,350.000000,false,681.825000,765.000000,765.000000,734.400000,-52.575000
aether_net_zero_2050_25pct_rebound,"AETHER, net-zero 2050, 25% rebound",fixed_0p96_current,Fixed 0.96 current screen,2044,10.550000,22.500000,33.050000,90.000000,90.000000,0.960000,86.400000,-53.350000,411.211439,414.949872,-3.738433,350.000000,false,714.875000,855.000000,855.000000,820.800000,-105.925000
aether_net_zero_2050_25pct_rebound,"AETHER, net-zero 2050, 25% rebound",fixed_0p96_current,Fixed 0.96 current screen,2045,8.791667,23.750000,32.541667,95.000000,95.000000,0.960000,91.200000,-58.658333,405.044700,407.429573,-2.384872,350.000000,false,747.416667,950.000000,950.000000,912.000000,-164.583333
aether_net_zero_2050_25pct_rebound,"AETHER, net-zero 2050, 25% rebound",fixed_0p96_current,Fixed 0.96 current screen,2046,7.033333,25.000000,32.033333,100.000000,100.000000,0.960000,96.000000,-63.966667,398.437067,399.228718,-0.791651,350.000000,false,779.450000,1050.000000,1050.000000,1008.000000,-228.550000
aether_net_zero_2050_25pct_rebound,"AETHER, net-zero 2050, 25% rebound",fixed_0p96_current,Fixed 0.96 current screen,2047,5.275000,25.000000,30.275000,100.000000,100.000000,0.960000,96.000000,-65.725000,391.849038,390.802436,1.046603,350.000000,false,809.725000,1150.000000,1150.000000,1104.000000,-294.275000
aether_net_zero_2050_25pct_rebound,"AETHER, net-zero 2050, 25% rebound",fixed_0p96_current,Fixed 0.96 current screen,2048,3.516667,25.000000,28.516667,100.000000,100.000000,0.960000,96.000000,-67.483333,385.255826,382.150726,3.105099,350.000000,false,838.241667,1250.000000,1250.000000,1200.000000,-361.758333
aether_net_zero_2050_25pct_rebound,"AETHER, net-zero 2050, 25% rebound",fixed_0p96_current,Fixed 0.96 current screen,2049,1.758333,25.000000,26.758333,100.000000,100.000000,0.960000,96.000000,-69.241667,378.637834,373.273590,5.364244,350.000000,false,865.000000,1350.000000,1350.000000,1296.000000,-431.000000
aether_net_zero_2050_25pct_rebound,"AETHER, net-zero 2050, 25% rebound",fixed_0p96_current,Fixed 0.96 current screen,2050,0.000000,25.000000,25.000000,100.000000,100.000000,0.960000,96.000000,-71.000000,371.979586,364.171026,7.808560,350.000000,false,890.000000,1450.000000,1450.000000,1392.000000,-502.000000
aether_net_zero_2050_25pct_rebound,"AETHER, net-zero 2050, 25% rebound",fixed_0p96_current,Fixed 0.96 current screen,2051,0.000000,25.000000,25.000000,100.000000,100.000000,0.960000,96.000000,-71.000000,365.494294,355.068462,10.425832,350.000000,false,915.000000,1550.000000,1550.000000,1488.000000,-573.000000
aether_net_zero_2050_25pct_rebound,"AETHER, net-zero 2050, 25% rebound",fixed_0p96_current,Fixed 0.96 current screen,2052,0.000000,25.000000,25.000000,100.000000,100.000000,0.960000,96.000000,-71.000000,359.157569,345.965897,13.191671,350.000000,false,940.000000,1650.000000,1650.000000,1584.000000,-644.000000
aether_net_zero_2050_25pct_rebound,"AETHER, net-zero 2050, 25% rebound",fixed_0p96_current,Fixed 0.96 current screen,2053,0.000000,25.000000,25.000000,100.000000,100.000000,0.960000,96.000000,-71.000000,352.949793,336.863333,16.086460,350.000000,false,965.000000,1750.000000,1750.000000,1680.000000,-715.000000
aether_net_zero_2050_25pct_rebound,"AETHER, net-zero 2050, 25% rebound",fixed_0p96_current,Fixed 0.96 current screen,2054,0.000000,16.362710,16.362710,100.000000,65.450841,0.960000,62.832807,-46.470097,350.000000,330.905629,19.094371,350.000000,true,981.362710,1850.000000,1815.450841,1742.832807,-761.470097
aether_net_zero_2050_25pct_rebound,"AETHER, net-zero 2050, 25% rebound",fixed_0p96_current,Fixed 0.96 current screen,2055,0.000000,7.971137,7.971137,100.000000,31.884546,0.960000,30.609164,-22.638028,350.000000,328.003317,21.996683,350.000000,true,989.333847,1950.000000,1847.335387,1773.441972,-784.108125
aether_net_zero_2050_25pct_rebound,"AETHER, net-zero 2050, 25% rebound",fixed_0p96_current,Fixed 0.96 current screen,2056,0.000000,7.207423,7.207423,100.000000,28.829691,0.960000,27.676503,-20.469081,350.000000,325.379076,24.620924,350.000000,true,996.541269,2050.000000,1876.165078,1801.118475,-804.577205
aether_net_zero_2050_25pct_rebound,"AETHER, net-zero 2050, 25% rebound",fixed_0p96_current,Fixed 0.96 current screen,2057,0.000000,6.554776,6.554776,100.000000,26.219103,0.960000,25.170339,-18.615563,350.000000,322.992466,27.007534,350.000000,true,1003.096045,2150.000000,1902.384181,1826.288814,-823.192769
aether_net_zero_2050_25pct_rebound,"AETHER, net-zero 2050, 25% rebound",fixed_0p96_current,Fixed 0.96 current screen,2058,0.000000,5.996249,5.996249,100.000000,23.984997,0.960000,23.025597,-17.029348,350.000000,320.809216,29.190784,350.000000,true,1009.092294,2250.000000,1926.369178,1849.314410,-840.222116
aether_net_zero_2050_25pct_rebound,"AETHER, net-zero 2050, 25% rebound",fixed_0p96_current,Fixed 0.96 current screen,2059,0.000000,5.517496,5.517496,100.000000,22.069982,0.960000,21.187183,-15.669688,350.000000,318.800282,31.199718,350.000000,true,1014.609790,2350.000000,1948.439160,1870.501594,-855.891804
aether_net_zero_2050_25pct_rebound,"AETHER, net-zero 2050, 25% rebound",fixed_0p96_current,Fixed 0.96 current screen,2060,0.000000,5.106369,5.106369,100.000000,20.425474,0.960000,19.608455,-14.502087,350.000000,316.941040,33.058960,350.000000,true,1019.716159,2450.000000,1968.864634,1890.110049,-870.393890
aether_net_zero_2050_25pct_rebound,"AETHER, net-zero 2050, 25% rebound",fixed_0p96_current,Fixed 0.96 current screen,2061,0.000000,4.752584,4.752584,100.000000,19.010336,0.960000,18.249922,-13.497338,350.000000,315.210612,34.789388,350.000000,true,1024.468743,2550.000000,1987.874970,1908.359971,-883.891229
aether_net_zero_2050_25pct_rebound,"AETHER, net-zero 2050, 25% rebound",fixed_0p96_current,Fixed 0.96 current screen,2062,0.000000,4.447435,4.447435,100.000000,17.789739,0.960000,17.078150,-12.630715,350.000000,313.591289,36.408711,350.000000,true,1028.916177,2650.000000,2005.664709,1925.438121,-896.521944
aether_net_zero_2050_25pct_rebound,"AETHER, net-zero 2050, 25% rebound",fixed_0p96_current,Fixed 0.96 current screen,2063,0.000000,4.183549,4.183549,100.000000,16.734195,0.960000,16.064828,-11.881279,350.000000,312.068048,37.931952,350.000000,true,1033.099726,2750.000000,2022.398905,1941.502949,-908.403222
aether_net_zero_2050_25pct_rebound,"AETHER, net-zero 2050, 25% rebound",fixed_0p96_current,Fixed 0.96 current screen,2064,0.000000,3.954684,3.954684,100.000000,15.818736,0.960000,15.185986,-11.231302,350.000000,310.628138,39.371862,350.000000,true,1037.054410,2850.000000,2038.217640,1956.688935,-919.634525
aether_net_zero_2050_25pct_rebound,"AETHER, net-zero 2050, 25% rebound",fixed_0p96_current,Fixed 0.96 current screen,2065,0.000000,3.755554,3.755554,100.000000,15.022217,0.960000,14.421329,-10.665774,350.000000,309.260731,40.739269,350.000000,true,1040.809964,2950.000000,2053.239858,1971.110263,-930.300299
aether_net_zero_2050_25pct_rebound,"AETHER, net-zero 2050, 25% rebound",fixed_0p96_current,Fixed 0.96 current screen,2066,0.000000,3.581684,3.581684,100.000000,14.326737,0.960000,13.753667,-10.171983,350.000000,307.956631,42.043369,350.000000,true,1044.391649,3050.000000,2067.566594,1984.863931,-940.472282
aether_net_zero_2050_25pct_rebound,"AETHER, net-zero 2050, 25% rebound",fixed_0p96_current,Fixed 0.96 current screen,2067,0.000000,3.429283,3.429283,100.000000,13.717133,0.960000,13.168448,-9.739165,350.000000,306.708020,43.291980,350.000000,true,1047.820932,3150.000000,2081.283728,1998.032379,-950.211447
aether_net_zero_2050_25pct_rebound,"AETHER, net-zero 2050, 25% rebound",fixed_0p96_current,Fixed 0.96 current screen,2068,0.000000,3.295142,3.295142,100.000000,13.180567,0.960000,12.653344,-9.358202,350.000000,305.508250,44.491750,350.000000,true,1051.116074,3250.000000,2094.464294,2010.685723,-959.569649
aether_net_zero_2050_25pct_rebound,"AETHER, net-zero 2050, 25% rebound",fixed_0p96_current,Fixed 0.96 current screen,2069,0.000000,3.176540,3.176540,100.000000,12.706162,0.960000,12.197915,-9.021375,350.000000,304.351664,45.648336,350.000000,true,1054.292614,3350.000000,2107.170456,2022.883638,-968.591024
aether_net_zero_2050_25pct_rebound,"AETHER, net-zero 2050, 25% rebound",fixed_0p96_current,Fixed 0.96 current screen,2070,0.000000,3.071177,3.071177,100.000000,12.284708,0.960000,11.793319,-8.722142,350.000000,303.233440,46.766560,350.000000,true,1057.363791,3450.000000,2119.455164,2034.676957,-977.313166
aether_net_zero_2050_25pct_rebound,"AETHER, net-zero 2050, 25% rebound",fixed_0p96_current,Fixed 0.96 current screen,2071,0.000000,2.977100,2.977100,100.000000,11.908401,0.960000,11.432065,-8.454965,350.000000,302.149470,47.850530,350.000000,true,1060.340891,3550.000000,2131.363565,2046.109022,-985.768131
aether_net_zero_2050_25pct_rebound,"AETHER, net-zero 2050, 25% rebound",fixed_0p96_current,Fixed 0.96 current screen,2072,0.000000,2.892658,2.892658,100.000000,11.570631,0.960000,11.107806,-8.215148,350.000000,301.096246,48.903754,350.000000,true,1063.233549,3650.000000,2142.934196,2057.216828,-993.983279
aether_net_zero_2050_25pct_rebound,"AETHER, net-zero 2050, 25% rebound",fixed_0p96_current,Fixed 0.96 current screen,2073,0.000000,2.816449,2.816449,100.000000,11.265797,0.960000,10.815165,-7.998716,350.000000,300.070770,49.929230,350.000000,true,1066.049998,3750.000000,2154.199994,2068.031994,-1001.981995
aether_net_zero_2050_25pct_rebound,"AETHER, net-zero 2050, 25% rebound",fixed_0p96_current,Fixed 0.96 current screen,2074,0.000000,2.747288,2.747288,100.000000,10.989152,0.960000,10.549586,-7.802298,350.000000,299.070475,50.929525,350.000000,true,1068.797286,3850.000000,2165.189146,2078.581580,-1009.784293
aether_net_zero_2050_25pct_rebound,"AETHER, net-zero 2050, 25% rebound",fixed_0p96_current,Fixed 0.96 current screen,2075,0.000000,2.684168,2.684168,100.000000,10.736672,0.960000,10.307205,-7.623037,350.000000,298.093163,51.906837,350.000000,true,1071.481454,3950.000000,2175.925817,2088.888785,-1017.407330
aether_net_zero_2050_25pct_rebound,"AETHER, net-zero 2050, 25% rebound",fixed_0p96_current,Fixed 0.96 current screen,2076,0.000000,2.626237,2.626237,100.000000,10.504946,0.960000,10.084748,-7.458512,350.000000,297.136943,52.863057,350.000000,true,1074.107691,4050.000000,2186.430764,2098.973533,-1024.865842
aether_net_zero_2050_25pct_rebound,"AETHER, net-zero 2050, 25% rebound",fixed_0p96_current,Fixed 0.96 current screen,2077,0.000000,2.572771,2.572771,100.000000,10.291083,0.960000,9.879439,-7.306669,350.000000,296.200191,53.799809,350.000000,true,1076.680462,4150.000000,2196.721846,2108.852973,-1032.172511
aether_net_zero_2050_25pct_rebound,"AETHER, net-zero 2050, 25% rebound",fixed_0p96_current,Fixed 0.96 current screen,2078,0.000000,2.523157,2.523157,100.000000,10.092628,0.960000,9.688923,-7.165766,350.000000,295.281503,54.718497,350.000000,true,1079.203619,4250.000000,2206.814474,2118.541895,-1039.338277
aether_net_zero_2050_25pct_rebound,"AETHER, net-zero 2050, 25% rebound",fixed_0p96_current,Fixed 0.96 current screen,2079,0.000000,2.476875,2.476875,100.000000,9.907500,0.960000,9.511200,-7.034325,350.000000,294.379666,55.620334,350.000000,true,1081.680494,4350.000000,2216.721975,2128.053096,-1046.372602
aether_net_zero_2050_25pct_rebound,"AETHER, net-zero 2050, 25% rebound",fixed_0p96_current,Fixed 0.96 current screen,2080,0.000000,2.433483,2.433483,100.000000,9.733933,0.960000,9.344576,-6.911093,350.000000,293.493629,56.506371,350.000000,true,1084.113977,4450.000000,2226.455908,2137.397672,-1053.283695
aether_net_zero_2050_25pct_rebound,"AETHER, net-zero 2050, 25% rebound",fixed_0p96_current,Fixed 0.96 current screen,2081,0.000000,2.392607,2.392607,100.000000,9.570427,0.960000,9.187610,-6.795003,350.000000,292.622475,57.377525,350.000000,true,1086.506584,4550.000000,2236.026335,2146.585282,-1060.078698
aether_net_zero_2050_25pct_rebound,"AETHER, net-zero 2050, 25% rebound",fixed_0p96_current,Fixed 0.96 current screen,2082,0.000000,2.353926,2.353926,100.000000,9.415706,0.960000,9.039077,-6.685151,350.000000,291.765404,58.234596,350.000000,true,1088.860510,4650.000000,2245.442041,2155.624359,-1066.763849
aether_net_zero_2050_25pct_rebound,"AETHER, net-zero 2050, 25% rebound",fixed_0p96_current,Fixed 0.96 current screen,2083,0.000000,2.317172,2.317172,100.000000,9.268687,0.960000,8.897939,-6.580768,350.000000,290.921716,59.078284,350.000000,true,1091.177682,4750.000000,2254.710728,2164.522299,-1073.344617
aether_net_zero_2050_25pct_rebound,"AETHER, net-zero 2050, 25% rebound",fixed_0p96_current,Fixed 0.96 current screen,2084,0.000000,2.282112,2.282112,100.000000,9.128449,0.960000,8.763311,-6.481199,350.000000,290.090793,59.909207,350.000000,true,1093.459794,4850.000000,2263.839177,2173.285610,-1079.825815
aether_net_zero_2050_25pct_rebound,"AETHER, net-zero 2050, 25% rebound",fixed_0p96_current,Fixed 0.96 current screen,2085,0.000000,2.248552,2.248552,100.000000,8.994207,0.960000,8.634439,-6.385887,350.000000,289.272089,60.727911,350.000000,true,1095.708346,4950.000000,2272.833384,2181.920049,-1086.211703
aether_net_zero_2050_25pct_rebound,"AETHER, net-zero 2050, 25% rebound",fixed_0p96_current,Fixed 0.96 current screen,2086,0.000000,2.216324,2.216324,100.000000,8.865294,0.960000,8.510682,-6.294359,350.000000,288.465120,61.534880,350.000000,true,1097.924670,5050.000000,2281.698678,2190.430731,-1092.506062
aether_net_zero_2050_25pct_rebound,"AETHER, net-zero 2050, 25% rebound",fixed_0p96_current,Fixed 0.96 current screen,2087,0.000000,2.185285,2.185285,100.000000,8.741139,0.960000,8.391493,-6.206209,350.000000,287.669453,62.330547,350.000000,true,1100.109954,5150.000000,2290.439817,2198.822224,-1098.712270
aether_net_zero_2050_25pct_rebound,"AETHER, net-zero 2050, 25% rebound",fixed_0p96_current,Fixed 0.96 current screen,2088,0.000000,2.155314,2.155314,100.000000,8.621255,0.960000,8.276405,-6.121091,350.000000,286.884697,63.115303,350.000000,true,1102.265268,5250.000000,2299.061072,2207.098629,-1104.833361
aether_net_zero_2050_25pct_rebound,"AETHER, net-zero 2050, 25% rebound",fixed_0p96_current,Fixed 0.96 current screen,2089,0.000000,2.126307,2.126307,100.000000,8.505227,0.960000,8.165018,-6.038711,350.000000,286.110504,63.889496,350.000000,true,1104.391575,5350.000000,2307.566299,2215.263647,-1110.872072
aether_net_zero_2050_25pct_rebound,"AETHER, net-zero 2050, 25% rebound",fixed_0p96_current,Fixed 0.96 current screen,2090,0.000000,2.098175,2.098175,100.000000,8.392699,0.960000,8.056991,-5.958816,350.000000,285.346553,64.653447,350.000000,true,1106.489749,5450.000000,2315.958998,2223.320638,-1116.830888
aether_net_zero_2050_25pct_rebound,"AETHER, net-zero 2050, 25% rebound",fixed_0p96_current,Fixed 0.96 current screen,2091,0.000000,2.070841,2.070841,100.000000,8.283364,0.960000,7.952030,-5.881189,350.000000,284.592554,65.407446,350.000000,true,1108.560590,5550.000000,2324.242362,2231.272667,-1122.712077
aether_net_zero_2050_25pct_rebound,"AETHER, net-zero 2050, 25% rebound",fixed_0p96_current,Fixed 0.96 current screen,2092,0.000000,2.044240,2.044240,100.000000,8.176962,0.960000,7.849883,-5.805643,350.000000,283.848241,66.151759,350.000000,true,1110.604831,5650.000000,2332.419323,2239.122551,-1128.517720
aether_net_zero_2050_25pct_rebound,"AETHER, net-zero 2050, 25% rebound",fixed_0p96_current,Fixed 0.96 current screen,2093,0.000000,2.018316,2.018316,100.000000,8.073265,0.960000,7.750335,-5.732018,350.000000,283.113367,66.886633,350.000000,true,1112.623147,5750.000000,2340.492589,2246.872885,-1134.249738
aether_net_zero_2050_25pct_rebound,"AETHER, net-zero 2050, 25% rebound",fixed_0p96_current,Fixed 0.96 current screen,2094,0.000000,1.993020,1.993020,100.000000,7.972080,0.960000,7.653197,-5.660177,350.000000,282.387703,67.612297,350.000000,true,1114.616167,5850.000000,2348.464669,2254.526082,-1139.909915
aether_net_zero_2050_25pct_rebound,"AETHER, net-zero 2050, 25% rebound",fixed_0p96_current,Fixed 0.96 current screen,2095,0.000000,1.968309,1.968309,100.000000,7.873237,0.960000,7.558307,-5.589998,350.000000,281.671037,68.328963,350.000000,true,1116.584476,5950.000000,2356.337905,2262.084389,-1145.499913
aether_net_zero_2050_25pct_rebound,"AETHER, net-zero 2050, 25% rebound",fixed_0p96_current,Fixed 0.96 current screen,2096,0.000000,1.944147,1.944147,100.000000,7.776589,0.960000,7.465526,-5.521378,350.000000,280.963168,69.036832,350.000000,true,1118.528624,6050.000000,2364.114495,2269.549915,-1151.021291
aether_net_zero_2050_25pct_rebound,"AETHER, net-zero 2050, 25% rebound",fixed_0p96_current,Fixed 0.96 current screen,2097,0.000000,1.920503,1.920503,100.000000,7.682011,0.960000,7.374730,-5.454228,350.000000,280.263908,69.736092,350.000000,true,1120.449126,6150.000000,2371.796505,2276.924645,-1156.475519
aether_net_zero_2050_25pct_rebound,"AETHER, net-zero 2050, 25% rebound",fixed_0p96_current,Fixed 0.96 current screen,2098,0.000000,1.897347,1.897347,100.000000,7.589389,0.960000,7.285813,-5.388466,350.000000,279.573079,70.426921,350.000000,true,1122.346473,6250.000000,2379.385894,2284.210458,-1161.863985
aether_net_zero_2050_25pct_rebound,"AETHER, net-zero 2050, 25% rebound",fixed_0p96_current,Fixed 0.96 current screen,2099,0.000000,1.874657,1.874657,100.000000,7.498626,0.960000,7.198681,-5.324025,350.000000,278.890512,71.109488,350.000000,true,1124.221130,6350.000000,2386.884520,2291.409140,-1167.188009
aether_net_zero_2050_25pct_rebound,"AETHER, net-zero 2050, 25% rebound",fixed_0p96_current,Fixed 0.96 current screen,2100,0.000000,1.852409,1.852409,100.000000,7.409637,0.960000,7.113252,-5.260842,350.000000,278.216045,71.783955,350.000000,true,1126.073539,6450.000000,2394.294157,2298.522391,-1172.448852
aether_net_zero_2050_25pct_rebound,"AETHER, net-zero 2050, 25% rebound",optimistic_active_management,Optimistic active management,2026,42.200000,0.000000,42.200000,0.000000,0.000000,0.980000,0.000000,42.200000,433.940256,433.940256,0.000000,350.000000,false,42.200000,0.000000,0.000000,0.000000,42.200000
aether_net_zero_2050_25pct_rebound,"AETHER, net-zero 2050, 25% rebound",optimistic_active_management,Optimistic active management,2027,40.441667,1.250000,41.691667,5.000000,5.000000,0.980000,4.900000,36.791667,438.302901,438.657137,-0.354236,350.000000,false,83.891667,5.000000,5.000000,4.900000,78.991667
aether_net_zero_2050_25pct_rebound,"AETHER, net-zero 2050, 25% rebound",optimistic_active_management,Optimistic active management,2028,38.683333,2.500000,41.183333,10.000000,10.000000,0.980000,9.800000,31.383333,441.728708,442.680641,-0.951933,350.000000,false,125.075000,15.000000,15.000000,14.700000,110.375000
aether_net_zero_2050_25pct_rebound,"AETHER, net-zero 2050, 25% rebound",optimistic_active_management,Optimistic active management,2029,36.925000,3.750000,40.675000,15.000000,15.000000,0.980000,14.700000,25.975000,444.306722,446.010769,-1.704048,350.000000,false,165.750000,30.000000,30.000000,29.400000,136.350000
aether_net_zero_2050_25pct_rebound,"AETHER, net-zero 2050, 25% rebound",optimistic_active_management,Optimistic active management,2030,35.166667,5.000000,40.166667,20.000000,20.000000,0.980000,19.600000,20.566667,446.108730,448.647521,-2.538792,350.000000,false,205.916667,50.000000,50.000000,49.000000,156.916667
aether_net_zero_2050_25pct_rebound,"AETHER, net-zero 2050, 25% rebound",optimistic_active_management,Optimistic active management,2031,33.408333,6.250000,39.658333,25.000000,25.000000,0.980000,24.500000,15.158333,447.192811,450.590897,-3.398087,350.000000,false,245.575000,75.000000,75.000000,73.500000,172.075000
aether_net_zero_2050_25pct_rebound,"AETHER, net-zero 2050, 25% rebound",optimistic_active_management,Optimistic active management,2032,31.650000,7.500000,39.150000,30.000000,30.000000,0.980000,29.400000,9.750000,447.606147,451.840897,-4.234750,350.000000,false,284.725000,105.000000,105.000000,102.900000,181.825000
aether_net_zero_2050_25pct_rebound,"AETHER, net-zero 2050, 25% rebound",optimistic_active_management,Optimistic active management,2033,29.891667,8.750000,38.641667,35.000000,35.000000,0.980000,34.300000,4.341667,447.387255,452.397521,-5.010266,350.000000,false,323.366667,140.000000,140.000000,137.200000,186.166667
aether_net_zero_2050_25pct_rebound,"AETHER, net-zero 2050, 25% rebound",optimistic_active_management,Optimistic active management,2034,28.133333,10.000000,38.133333,40.000000,40.000000,0.980000,39.200000,-1.066667,446.567752,452.260769,-5.693017,350.000000,false,361.500000,180.000000,180.000000,176.400000,185.100000
aether_net_zero_2050_25pct_rebound,"AETHER, net-zero 2050, 25% rebound",optimistic_active_management,Optimistic active management,2035,26.375000,11.250000,37.625000,45.000000,45.000000,0.980000,44.100000,-6.475000,445.173761,451.430641,-6.256880,350.000000,false,399.125000,225.000000,225.000000,220.500000,178.625000
aether_net_zero_2050_25pct_rebound,"AETHER, net-zero 2050, 25% rebound",optimistic_active_management,Optimistic active management,2036,24.616667,12.500000,37.116667,50.000000,50.000000,0.980000,49.000000,-11.883333,443.227023,449.907137,-6.680114,350.000000,false,436.241667,275.000000,275.000000,269.500000,166.741667
aether_net_zero_2050_25pct_rebound,"AETHER, net-zero 2050, 25% rebound",optimistic_active_management,Optimistic active management,2037,22.858333,13.750000,36.608333,55.000000,55.000000,0.980000,53.900000,-17.291667,440.745779,447.690256,-6.944478,350.000000,false,472.850000,330.000000,330.000000,323.400000,149.450000
aether_net_zero_2050_25pct_rebound,"AETHER, net-zero 2050, 25% rebound",optimistic_active_management,Optimistic active management,2038,21.100000,15.000000,36.100000,60.000000,60.000000,0.980000,58.800000,-22.700000,437.745469,444.780000,-7.034531,350.000000,false,508.950000,390.000000,390.000000,382.200000,126.750000
aether_net_zero_2050_25pct_rebound,"AETHER, net-zero 2050, 25% rebound",optimistic_active_management,Optimistic active management,2039,19.341667,16.250000,35.591667,65.000000,65.000000,0.980000,63.700000,-28.108333,434.239293,441.176368,-6.937075,350.000000,false,544.541667,455.000000,455.000000,445.900000,98.641667
aether_net_zero_2050_25pct_rebound,"AETHER, net-zero 2050, 25% rebound",optimistic_active_management,Optimistic active management,2040,17.583333,17.500000,35.083333,70.000000,70.000000,0.980000,68.600000,-33.516667,430.238645,436.879359,-6.640714,350.000000,false,579.625000,525.000000,525.000000,514.500000,65.125000
aether_net_zero_2050_25pct_rebound,"AETHER, net-zero 2050, 25% rebound",optimistic_active_management,Optimistic active management,2041,15.825000,18.750000,34.575000,75.000000,75.000000,0.980000,73.500000,-38.925000,425.753468,431.888974,-6.135506,350.000000,false,614.200000,600.000000,600.000000,588.000000,26.200000
aether_net_zero_2050_25pct_rebound,"AETHER, net-zero 2050, 25% rebound",optimistic_active_management,Optimistic active management,2042,14.066667,20.000000,34.066667,80.000000,80.000000,0.977779,78.222302,-44.155635,420.815316,426.227995,-5.412679,350.000000,false,648.266667,680.000000,680.000000,666.222302,-17.955635
aether_net_zero_2050_25pct_rebound,"AETHER, net-zero 2050, 25% rebound",optimistic_active_management,Optimistic active management,2043,12.308333,21.250000,33.558333,85.000000,85.000000,0.972604,82.671381,-49.113047,415.465542,419.931451,-4.465908,350.000000,false,681.825000,765.000000,765.000000,748.893682,-67.068682
aether_net_zero_2050_25pct_rebound,"AETHER, net-zero 2050, 25% rebound",optimistic_active_management,Optimistic active management,2044,10.550000,22.500000,33.050000,90.000000,90.000000,0.966499,86.984884,-53.934884,409.725061,413.016722,-3.291662,350.000000,false,714.875000,855.000000,855.000000,835.878567,-121.003567
aether_net_zero_2050_25pct_rebound,"AETHER, net-zero 2050, 25% rebound",optimistic_active_management,Optimistic active management,2045,8.791667,23.750000,32.541667,95.000000,95.000000,0.960056,91.205293,-58.663626,403.608205,405.495744,-1.887539,350.000000,false,747.416667,950.000000,950.000000,927.083860,-179.667193
aether_net_zero_2050_25pct_rebound,"AETHER, net-zero 2050, 25% rebound",optimistic_active_management,Optimistic active management,2046,7.033333,25.000000,32.033333,100.000000,100.000000,0.953286,95.328645,-63.295311,397.129235,397.380961,-0.251725,350.000000,false,779.450000,1050.000000,1050.000000,1022.412505,-242.962505
aether_net_zero_2050_25pct_rebound,"AETHER, net-zero 2050, 25% rebound",optimistic_active_management,Optimistic active management,2047,5.275000,25.000000,30.275000,100.000000,100.000000,0.946202,94.620180,-64.345180,390.748641,389.131579,1.617062,350.000000,false,809.725000,1150.000000,1150.000000,1117.032684,-307.307684
aether_net_zero_2050_25pct_rebound,"AETHER, net-zero 2050, 25% rebound",optimistic_active_management,Optimistic active management,2048,3.516667,25.000000,28.516667,100.000000,100.000000,0.939269,93.926903,-65.410236,384.436051,380.745651,3.690400,350.000000,false,838.241667,1250.000000,1250.000000,1210.959587,-372.717921
aether_net_zero_2050_25pct_rebound,"AETHER, net-zero 2050, 25% rebound",optimistic_active_management,Optimistic active management,2049,1.758333,25.000000,26.758333,100.000000,100.000000,0.927576,92.757597,-65.999263,378.230016,372.284207,5.945809,350.000000,false,865.000000,1350.000000,1350.000000,1303.717184,-438.717184
aether_net_zero_2050_25pct_rebound,"AETHER, net-zero 2050, 25% rebound",optimistic_active_management,Optimistic active management,2050,0.000000,25.000000,25.000000,100.000000,100.000000,0.915444,91.544394,-66.544394,372.114279,363.752875,8.361405,350.000000,false,890.000000,1450.000000,1450.000000,1395.261578,-505.261578
aether_net_zero_2050_25pct_rebound,"AETHER, net-zero 2050, 25% rebound",optimistic_active_management,Optimistic active management,2051,0.000000,25.000000,25.000000,100.000000,100.000000,0.903487,90.348708,-65.348708,366.294148,355.374835,10.919313,350.000000,false,915.000000,1550.000000,1550.000000,1485.610286,-570.610286
aether_net_zero_2050_25pct_rebound,"AETHER, net-zero 2050, 25% rebound",optimistic_active_management,Optimistic active management,2052,0.000000,25.000000,25.000000,100.000000,100.000000,0.892119,89.211897,-64.211897,360.733130,347.142541,13.590590,350.000000,false,940.000000,1650.000000,1650.000000,1574.822183,-634.822183
aether_net_zero_2050_25pct_rebound,"AETHER, net-zero 2050, 25% rebound",optimistic_active_management,Optimistic active management,2053,0.000000,25.000000,25.000000,100.000000,100.000000,0.881271,88.127101,-63.127101,355.401618,339.049323,16.352296,350.000000,false,965.000000,1750.000000,1750.000000,1662.949284,-697.949284
aether_net_zero_2050_25pct_rebound,"AETHER, net-zero 2050, 25% rebound",optimistic_active_management,Optimistic active management,2054,0.000000,16.362710,16.362710,100.000000,92.549235,0.870887,80.599919,-64.237209,350.000000,330.813783,19.186217,350.000000,true,981.362710,1850.000000,1842.549235,1743.549203,-762.186493
aether_net_zero_2050_25pct_rebound,"AETHER, net-zero 2050, 25% rebound",optimistic_active_management,Optimistic active management,2055,0.000000,7.971137,7.971137,100.000000,35.649028,0.860237,30.666630,-22.695493,350.000000,327.904104,22.095896,350.000000,true,989.333847,1950.000000,1878.198264,1774.215833,-784.881986
aether_net_zero_2050_25pct_rebound,"AETHER, net-zero 2050, 25% rebound",optimistic_active_management,Optimistic active management,2056,0.000000,7.207423,7.207423,100.000000,32.246734,0.859715,27.722995,-20.515572,350.000000,325.273903,24.726097,350.000000,true,996.541269,2050.000000,1910.444997,1801.938827,-805.397558
aether_net_zero_2050_25pct_rebound,"AETHER, net-zero 2050, 25% rebound",optimistic_active_management,Optimistic active management,2057,0.000000,6.554776,6.554776,100.000000,29.336750,0.859249,25.207576,-18.652800,350.000000,322.882518,27.117482,350.000000,true,1003.096045,2150.000000,1939.781747,1827.146403,-824.050358
aether_net_zero_2050_25pct_rebound,"AETHER, net-zero 2050, 25% rebound",optimistic_active_management,Optimistic active management,2058,0.000000,5.996249,5.996249,100.000000,26.844665,0.858831,23.055034,-17.058785,350.000000,320.695495,29.304505,350.000000,true,1009.092294,2250.000000,1966.626412,1850.201437,-841.109143
aether_net_zero_2050_25pct_rebound,"AETHER, net-zero 2050, 25% rebound",optimistic_active_management,Optimistic active management,2059,0.000000,5.517496,5.517496,100.000000,24.707286,0.858453,21.210052,-15.692557,350.000000,318.683628,31.316372,350.000000,true,1014.609790,2350.000000,1991.333698,1871.411490,-856.801700
aether_net_zero_2050_25pct_rebound,"AETHER, net-zero 2050, 25% rebound",optimistic_active_management,Optimistic active management,2060,0.000000,5.106369,5.106369,100.000000,22.870971,0.858110,19.625798,-14.519429,350.000000,316.822163,33.177837,350.000000,true,1019.716159,2450.000000,2014.204669,1891.037287,-871.321129
aether_net_zero_2050_25pct_rebound,"AETHER, net-zero 2050, 25% rebound",optimistic_active_management,Optimistic active management,2061,0.000000,4.752584,4.752584,100.000000,21.290204,0.857794,18.262619,-13.510036,350.000000,315.090107,34.909893,350.000000,true,1024.468743,2550.000000,2035.494873,1909.299907,-884.831164
aether_net_zero_2050_25pct_rebound,"AETHER, net-zero 2050, 25% rebound",optimistic_active_management,Optimistic active management,2062,0.000000,4.447435,4.447435,100.000000,19.926374,0.857504,17.086947,-12.639512,350.000000,313.469657,36.530343,350.000000,true,1028.916177,2650.000000,2055.421247,1926.386853,-897.470676
aether_net_zero_2050_25pct_rebound,"AETHER, net-zero 2050, 25% rebound",optimistic_active_management,Optimistic active management,2063,0.000000,4.183549,4.183549,100.000000,18.746741,0.857235,16.070355,-11.886806,350.000000,311.945707,38.054293,350.000000,true,1033.099726,2750.000000,2074.167988,1942.457208,-909.357482
aether_net_zero_2050_25pct_rebound,"AETHER, net-zero 2050, 25% rebound",optimistic_active_management,Optimistic active management,2064,0.000000,3.954684,3.954684,100.000000,17.723541,0.856983,15.188777,-11.234093,350.000000,310.505439,39.494561,350.000000,true,1037.054410,2850.000000,2091.891530,1957.645985,-920.591575
aether_net_zero_2050_25pct_rebound,"AETHER, net-zero 2050, 25% rebound",optimistic_active_management,Optimistic active management,2065,0.000000,3.755554,3.755554,100.000000,16.833240,0.856747,14.421833,-10.666279,350.000000,309.137967,40.862033,350.000000,true,1040.809964,2950.000000,2108.724770,1972.067818,-931.257854
aether_net_zero_2050_25pct_rebound,"AETHER, net-zero 2050, 25% rebound",optimistic_active_management,Optimistic active management,2066,0.000000,3.581684,3.581684,100.000000,16.055887,0.856525,13.752267,-10.170583,350.000000,307.834047,42.165953,350.000000,true,1044.391649,3050.000000,2124.780656,1985.820086,-941.428437
aether_net_zero_2050_25pct_rebound,"AETHER, net-zero 2050, 25% rebound",optimistic_active_management,Optimistic active management,2067,0.000000,3.429283,3.429283,100.000000,15.374571,0.856314,13.165465,-9.736182,350.000000,306.585818,43.414182,350.000000,true,1047.820932,3150.000000,2140.155228,1998.985551,-951.164619
aether_net_zero_2050_25pct_rebound,"AETHER, net-zero 2050, 25% rebound",optimistic_active_management,Optimistic active management,2068,0.000000,3.295142,3.295142,100.000000,14.774962,0.856114,12.649051,-9.353909,350.000000,305.386599,44.613401,350.000000,true,1051.116074,3250.000000,2154.930189,2011.634602,-960.518528
aether_net_zero_2050_25pct_rebound,"AETHER, net-zero 2050, 25% rebound",optimistic_active_management,Optimistic active management,2069,0.000000,3.176540,3.176540,100.000000,14.244911,0.855923,12.192542,-9.016001,350.000000,304.230701,45.769299,350.000000,true,1054.292614,3350.000000,2169.175100,2023.827144,-969.534530
aether_net_zero_2050_25pct_rebound,"AETHER, net-zero 2050, 25% rebound",optimistic_active_management,Optimistic active management,2070,0.000000,3.071177,3.071177,100.000000,13.774125,0.855739,11.787059,-8.715882,350.000000,303.113281,46.886719,350.000000,true,1057.363791,3450.000000,2182.949225,2035.614203,-978.250412
aether_net_zero_2050_25pct_rebound,"AETHER, net-zero 2050, 25% rebound",optimistic_active_management,Optimistic active management,2071,0.000000,2.977100,2.977100,100.000000,13.353876,0.855563,11.425082,-8.447982,350.000000,302.030206,47.969794,350.000000,true,1060.340891,3550.000000,2196.303101,2047.039285,-986.698394
aether_net_zero_2050_25pct_rebound,"AETHER, net-zero 2050, 25% rebound",optimistic_active_management,Optimistic active management,2072,0.000000,2.892658,2.892658,100.000000,12.976770,0.855393,11.100239,-8.207581,350.000000,300.977952,49.022048,350.000000,true,1063.233549,3650.000000,2209.279871,2058.139524,-994.905975
aether_net_zero_2050_25pct_rebound,"AETHER, net-zero 2050, 25% rebound",optimistic_active_management,Optimistic active management,2073,0.000000,2.816449,2.816449,100.000000,12.636537,0.855229,10.807131,-7.990681,350.000000,299.953506,50.046494,350.000000,true,1066.049998,3750.000000,2221.916409,2068.946655,-1002.896656
aether_net_zero_2050_25pct_rebound,"AETHER, net-zero 2050, 25% rebound",optimistic_active_management,Optimistic active management,2074,0.000000,2.747288,2.747288,100.000000,12.327862,0.855070,10.541181,-7.793893,350.000000,298.954288,51.045712,350.000000,true,1068.797286,3850.000000,2234.244271,2079.487836,-1010.690550
aether_net_zero_2050_25pct_rebound,"AETHER, net-zero 2050, 25% rebound",optimistic_active_management,Optimistic active management,2075,0.000000,2.684168,2.684168,100.000000,12.046239,0.854915,10.298514,-7.614346,350.000000,297.978090,52.021910,350.000000,true,1071.481454,3950.000000,2246.290510,2089.786350,-1018.304896
aether_net_zero_2050_25pct_rebound,"AETHER, net-zero 2050, 25% rebound",optimistic_active_management,Optimistic active management,2076,0.000000,2.626237,2.626237,100.000000,11.787846,0.854765,10.075840,-7.449603,350.000000,297.023013,52.976987,350.000000,true,1074.107691,4050.000000,2258.078356,2099.862190,-1025.754499
aether_net_zero_2050_25pct_rebound,"AETHER, net-zero 2050, 25% rebound",optimistic_active_management,Optimistic active management,2077,0.000000,2.572771,2.572771,100.000000,11.549443,0.854619,9.870372,-7.297601,350.000000,296.087423,53.912577,350.000000,true,1076.680462,4150.000000,2269.627798,2109.732562,-1033.052100
aether_net_zero_2050_25pct_rebound,"AETHER, net-zero 2050, 25% rebound",optimistic_active_management,Optimistic active management,2078,0.000000,2.523157,2.523157,100.000000,11.328278,0.854476,9.679746,-7.156589,350.000000,295.169912,54.830088,350.000000,true,1079.203619,4250.000000,2280.956077,2119.412308,-1040.208689
aether_net_zero_2050_25pct_rebound,"AETHER, net-zero 2050, 25% rebound",optimistic_active_management,Optimistic active management,2079,0.000000,2.476875,2.476875,100.000000,11.122020,0.854337,9.501955,-7.025080,350.000000,294.269260,55.730740,350.000000,true,1081.680494,4350.000000,2292.078097,2128.914263,-1047.233769
aether_net_zero_2050_25pct_rebound,"AETHER, net-zero 2050, 25% rebound",optimistic_active_management,Optimistic active management,2080,0.000000,2.433483,2.433483,100.000000,10.928688,0.854201,9.335297,-6.901813,350.000000,293.384413,56.615587,350.000000,true,1084.113977,4450.000000,2303.006785,2138.249559,-1054.135582
aether_net_zero_2050_25pct_rebound,"AETHER, net-zero 2050, 25% rebound",optimistic_active_management,Optimistic active management,2081,0.000000,2.392607,2.392607,100.000000,10.746598,0.854068,9.178325,-6.785718,350.000000,292.514449,57.485551,350.000000,true,1086.506584,4550.000000,2313.753382,2147.427884,-1060.921300
aether_net_zero_2050_25pct_rebound,"AETHER, net-zero 2050, 25% rebound",optimistic_active_management,Optimistic active management,2082,0.000000,2.353926,2.353926,100.000000,10.574321,0.853938,9.029811,-6.675885,350.000000,291.658566,58.341434,350.000000,true,1088.860510,4650.000000,2324.327704,2156.457695,-1067.597185
aether_net_zero_2050_25pct_rebound,"AETHER, net-zero 2050, 25% rebound",optimistic_active_management,Optimistic active management,2083,0.000000,2.317172,2.317172,100.000000,10.410644,0.853810,8.888712,-6.571540,350.000000,290.816061,59.183939,350.000000,true,1091.177682,4750.000000,2334.738348,2165.346407,-1074.168725
aether_net_zero_2050_25pct_rebound,"AETHER, net-zero 2050, 25% rebound",optimistic_active_management,Optimistic active management,2084,0.000000,2.282112,2.282112,100.000000,10.254532,0.853685,8.754138,-6.472026,350.000000,289.986314,60.013686,350.000000,true,1093.459794,4850.000000,2344.992880,2174.100545,-1080.640750
aether_net_zero_2050_25pct_rebound,"AETHER, net-zero 2050, 25% rebound",optimistic_active_management,Optimistic active management,2085,0.000000,2.248552,2.248552,100.000000,10.105107,0.853562,8.625335,-6.376783,350.000000,289.168778,60.831222,350.000000,true,1095.708346,4950.000000,2355.097987,2182.725879,-1087.017533
aether_net_zero_2050_25pct_rebound,"AETHER, net-zero 2050, 25% rebound",optimistic_active_management,Optimistic active management,2086,0.000000,2.216324,2.216324,100.000000,9.961618,0.853441,8.501657,-6.285334,350.000000,288.362966,61.637034,350.000000,true,1097.924670,5050.000000,2365.059605,2191.227536,-1093.302867
aether_net_zero_2050_25pct_rebound,"AETHER, net-zero 2050, 25% rebound",optimistic_active_management,Optimistic active management,2087,0.000000,2.185285,2.185285,100.000000,9.823427,0.853323,8.382557,-6.197272,350.000000,287.568444,62.431556,350.000000,true,1100.109954,5150.000000,2374.883032,2199.610093,-1099.500139
aether_net_zero_2050_25pct_rebound,"AETHER, net-zero 2050, 25% rebound",optimistic_active_management,Optimistic active management,2088,0.000000,2.155314,2.155314,100.000000,9.689989,0.853207,8.267564,-6.112250,350.000000,286.784822,63.215178,350.000000,true,1102.265268,5250.000000,2384.573021,2207.877657,-1105.612389
aether_net_zero_2050_25pct_rebound,"AETHER, net-zero 2050, 25% rebound",optimistic_active_management,Optimistic active management,2089,0.000000,2.126307,2.126307,100.000000,9.560837,0.853093,8.156279,-6.029972,350.000000,286.011749,63.988251,350.000000,true,1104.391575,5350.000000,2394.133858,2216.033936,-1111.642361
aether_net_zero_2050_25pct_rebound,"AETHER, net-zero 2050, 25% rebound",optimistic_active_management,Optimistic active management,2090,0.000000,2.098175,2.098175,100.000000,9.435574,0.852980,8.048358,-5.950183,350.000000,285.248905,64.751095,350.000000,true,1106.489749,5450.000000,2403.569432,2224.082294,-1117.592545
aether_net_zero_2050_25pct_rebound,"AETHER, net-zero 2050, 25% rebound",optimistic_active_management,Optimistic active management,2091,0.000000,2.070841,2.070841,100.000000,9.313856,0.852870,7.943507,-5.872666,350.000000,284.495999,65.504001,350.000000,true,1108.560590,5550.000000,2412.883288,2232.025801,-1123.465211
aether_net_zero_2050_25pct_rebound,"AETHER, net-zero 2050, 25% rebound",optimistic_active_management,Optimistic active management,2092,0.000000,2.044240,2.044240,100.000000,9.195391,0.852761,7.841473,-5.797233,350.000000,283.752764,66.247236,350.000000,true,1110.604831,5650.000000,2422.078680,2239.867274,-1129.262443
aether_net_zero_2050_25pct_rebound,"AETHER, net-zero 2050, 25% rebound",optimistic_active_management,Optimistic active management,2093,0.000000,2.018316,2.018316,100.000000,9.079926,0.852654,7.742039,-5.723723,350.000000,283.018953,66.981047,350.000000,true,1112.623147,5750.000000,2431.158606,2247.609313,-1134.986166
aether_net_zero_2050_25pct_rebound,"AETHER, net-zero 2050, 25% rebound",optimistic_active_management,Optimistic active management,2094,0.000000,1.993020,1.993020,100.000000,8.967243,0.852549,7.645017,-5.651997,350.000000,282.294338,67.705662,350.000000,true,1114.616167,5850.000000,2440.125849,2255.254330,-1140.638163
aether_net_zero_2050_25pct_rebound,"AETHER, net-zero 2050, 25% rebound",optimistic_active_management,Optimistic active management,2095,0.000000,1.968309,1.968309,100.000000,8.857154,0.852446,7.550244,-5.581935,350.000000,281.578705,68.421295,350.000000,true,1116.584476,5950.000000,2448.983003,2262.804574,-1146.220097
aether_net_zero_2050_25pct_rebound,"AETHER, net-zero 2050, 25% rebound",optimistic_active_management,Optimistic active management,2096,0.000000,1.944147,1.944147,100.000000,8.749495,0.852344,7.457580,-5.513432,350.000000,280.871855,69.128145,350.000000,true,1118.528624,6050.000000,2457.732498,2270.262153,-1151.733530
aether_net_zero_2050_25pct_rebound,"AETHER, net-zero 2050, 25% rebound",optimistic_active_management,Optimistic active management,2097,0.000000,1.920503,1.920503,100.000000,8.644124,0.852244,7.366901,-5.446398,350.000000,280.173599,69.826401,350.000000,true,1120.449126,6150.000000,2466.376623,2277.629054,-1157.179928
aether_net_zero_2050_25pct_rebound,"AETHER, net-zero 2050, 25% rebound",optimistic_active_management,Optimistic active management,2098,0.000000,1.897347,1.897347,100.000000,8.540918,0.852145,7.278101,-5.380753,350.000000,279.483759,70.516241,350.000000,true,1122.346473,6250.000000,2474.917541,2284.907155,-1162.560681
aether_net_zero_2050_25pct_rebound,"AETHER, net-zero 2050, 25% rebound",optimistic_active_management,Optimistic active management,2099,0.000000,1.874657,1.874657,100.000000,8.439767,0.852048,7.191085,-5.316428,350.000000,278.802165,71.197835,350.000000,true,1124.221130,6350.000000,2483.357308,2292.098240,-1167.877110
aether_net_zero_2050_25pct_rebound,"AETHER, net-zero 2050, 25% rebound",optimistic_active_management,Optimistic active management,2100,0.000000,1.852409,1.852409,100.000000,8.340576,0.851952,7.105771,-5.253361,350.000000,278.128658,71.871342,350.000000,true,1126.073539,6450.000000,2491.697884,2299.204010,-1173.130471
aether_net_zero_2050_25pct_rebound,"AETHER, net-zero 2050, 25% rebound",conservative_state_dependent,Conservative state-dependent,2026,42.200000,0.000000,42.200000,0.000000,0.000000,0.920000,0.000000,42.200000,433.940256,433.940256,0.000000,350.000000,false,42.200000,0.000000,0.000000,0.000000,42.200000
aether_net_zero_2050_25pct_rebound,"AETHER, net-zero 2050, 25% rebound",conservative_state_dependent,Conservative state-dependent,2027,40.441667,1.250000,41.691667,5.000000,5.000000,0.920000,4.600000,37.091667,438.341363,438.695598,-0.354236,350.000000,false,83.891667,5.000000,5.000000,4.600000,79.291667
aether_net_zero_2050_25pct_rebound,"AETHER, net-zero 2050, 25% rebound",conservative_state_dependent,Conservative state-dependent,2028,38.683333,2.500000,41.183333,10.000000,10.000000,0.920000,9.200000,31.983333,441.841574,442.796026,-0.954451,350.000000,false,125.075000,15.000000,15.000000,13.800000,111.275000
aether_net_zero_2050_25pct_rebound,"AETHER, net-zero 2050, 25% rebound",conservative_state_dependent,Conservative state-dependent,2029,36.925000,3.750000,40.675000,15.000000,15.000000,0.920000,13.800000,26.875000,444.527883,446.241538,-1.713656,350.000000,false,165.750000,30.000000,30.000000,27.600000,138.150000
aether_net_zero_2050_25pct_rebound,"AETHER, net-zero 2050, 25% rebound",conservative_state_dependent,Conservative state-dependent,2030,35.166667,5.000000,40.166667,20.000000,20.000000,0.920000,18.400000,21.766667,446.470391,449.032137,-2.561746,350.000000,false,205.916667,50.000000,50.000000,46.000000,159.916667
aether_net_zero_2050_25pct_rebound,"AETHER, net-zero 2050, 25% rebound",conservative_state_dependent,Conservative state-dependent,2031,33.408333,6.250000,39.658333,25.000000,25.000000,0.920000,23.000000,16.658333,447.725790,451.167821,-3.442030,350.000000,false,245.575000,75.000000,75.000000,69.000000,176.575000
aether_net_zero_2050_25pct_rebound,"AETHER, net-zero 2050, 25% rebound",conservative_state_dependent,Conservative state-dependent,2032,31.650000,7.500000,39.150000,30.000000,30.000000,0.920000,27.600000,11.550000,448.340107,452.648590,-4.308483,350.000000,false,284.725000,105.000000,105.000000,96.600000,188.125000
aether_net_zero_2050_25pct_rebound,"AETHER, net-zero 2050, 25% rebound",conservative_state_dependent,Conservative state-dependent,2033,29.891667,8.750000,38.641667,35.000000,35.000000,0.920000,32.200000,6.441667,448.350891,453.474444,-5.123553,350.000000,false,323.366667,140.000000,140.000000,128.800000,194.566667
aether_net_zero_2050_25pct_rebound,"AETHER, net-zero 2050, 25% rebound",conservative_state_dependent,Conservative state-dependent,2034,28.133333,10.000000,38.133333,40.000000,40.000000,0.920000,36.800000,1.333333,447.788944,453.645385,-5.856441,350.000000,false,361.500000,180.000000,180.000000,165.600000,195.900000
aether_net_zero_2050_25pct_rebound,"AETHER, net-zero 2050, 25% rebound",conservative_state_dependent,Conservative state-dependent,2035,26.375000,11.250000,37.625000,45.000000,45.000000,0.920000,41.400000,-3.775000,446.679691,453.161410,-6.481720,350.000000,false,399.125000,225.000000,225.000000,207.000000,192.125000
aether_net_zero_2050_25pct_rebound,"AETHER, net-zero 2050, 25% rebound",conservative_state_dependent,Conservative state-dependent,2036,24.616667,12.500000,37.116667,50.000000,50.000000,0.920000,46.000000,-8.883333,445.044272,452.022521,-6.978249,350.000000,false,436.241667,275.000000,275.000000,253.000000,183.241667
aether_net_zero_2050_25pct_rebound,"AETHER, net-zero 2050, 25% rebound",conservative_state_dependent,Conservative state-dependent,2037,22.858333,13.750000,36.608333,55.000000,55.000000,0.920000,50.600000,-13.991667,442.900407,450.228718,-7.328311,350.000000,false,472.850000,330.000000,330.000000,303.600000,169.250000
aether_net_zero_2050_25pct_rebound,"AETHER, net-zero 2050, 25% rebound",conservative_state_dependent,Conservative state-dependent,2038,21.100000,15.000000,36.100000,60.000000,60.000000,0.920000,55.200000,-19.100000,440.263076,447.780000,-7.516924,350.000000,false,508.950000,390.000000,390.000000,358.800000,150.150000
aether_net_zero_2050_25pct_rebound,"AETHER, net-zero 2050, 25% rebound",conservative_state_dependent,Conservative state-dependent,2039,19.341667,16.250000,35.591667,65.000000,65.000000,0.920000,59.800000,-24.208333,437.145067,444.676368,-7.531300,350.000000,false,544.541667,455.000000,455.000000,418.600000,125.941667
aether_net_zero_2050_25pct_rebound,"AETHER, net-zero 2050, 25% rebound",conservative_state_dependent,Conservative state-dependent,2040,17.583333,17.500000,35.083333,70.000000,70.000000,0.920000,64.400000,-29.316667,433.557409,440.917821,-7.360411,350.000000,false,579.625000,525.000000,525.000000,483.000000,96.625000
aether_net_zero_2050_25pct_rebound,"AETHER, net-zero 2050, 25% rebound",conservative_state_dependent,Conservative state-dependent,2041,15.825000,18.750000,34.575000,75.000000,75.000000,0.920000,69.000000,-34.425000,429.509711,436.504359,-6.994648,350.000000,false,614.200000,600.000000,600.000000,552.000000,62.200000
aether_net_zero_2050_25pct_rebound,"AETHER, net-zero 2050, 25% rebound",conservative_state_dependent,Conservative state-dependent,2042,14.066667,20.000000,34.066667,80.000000,80.000000,0.920000,73.600000,-39.533333,425.010437,431.435983,-6.425546,350.000000,false,648.266667,680.000000,680.000000,625.600000,22.666667
aether_net_zero_2050_25pct_rebound,"AETHER, net-zero 2050, 25% rebound",conservative_state_dependent,Conservative state-dependent,2043,12.308333,21.250000,33.558333,85.000000,85.000000,0.910728,77.411857,-43.853523,420.168166,425.813736,-5.645570,350.000000,false,681.825000,765.000000,765.000000,703.011857,-21.186857
aether_net_zero_2050_25pct_rebound,"AETHER, net-zero 2050, 25% rebound",conservative_state_dependent,Conservative state-dependent,2044,10.550000,22.500000,33.050000,90.000000,90.000000,0.897629,80.786643,-47.736643,415.039094,419.693654,-4.654560,350.000000,false,714.875000,855.000000,855.000000,783.798500,-68.923500
aether_net_zero_2050_25pct_rebound,"AETHER, net-zero 2050, 25% rebound",conservative_state_dependent,Conservative state-dependent,2045,8.791667,23.750000,32.541667,95.000000,95.000000,0.883956,83.975779,-51.434113,409.644117,413.099537,-3.455420,350.000000,false,747.416667,950.000000,950.000000,867.774279,-120.357613
aether_net_zero_2050_25pct_rebound,"AETHER, net-zero 2050, 25% rebound",conservative_state_dependent,Conservative state-dependent,2046,7.033333,25.000000,32.033333,100.000000,100.000000,0.869743,86.974273,-54.940939,404.004350,406.055827,-2.051477,350.000000,false,779.450000,1050.000000,1050.000000,954.748552,-175.298552
aether_net_zero_2050_25pct_rebound,"AETHER, net-zero 2050, 25% rebound",conservative_state_dependent,Conservative state-dependent,2047,5.275000,25.000000,30.275000,100.000000,100.000000,0.855028,85.502761,-55.227761,398.528863,398.975345,-0.446481,350.000000,false,809.725000,1150.000000,1150.000000,1040.251313,-230.526313
aether_net_zero_2050_25pct_rebound,"AETHER, net-zero 2050, 25% rebound",conservative_state_dependent,Conservative state-dependent,2048,3.516667,25.000000,28.516667,100.000000,100.000000,0.840784,84.078384,-55.561717,393.182052,391.852047,1.330004,350.000000,false,838.241667,1250.000000,1250.000000,1124.329697,-286.088030
aether_net_zero_2050_25pct_rebound,"AETHER, net-zero 2050, 25% rebound",conservative_state_dependent,Conservative state-dependent,2049,1.758333,25.000000,26.758333,100.000000,100.000000,0.826901,82.690069,-55.931736,387.936066,384.681312,3.254754,350.000000,false,865.000000,1350.000000,1350.000000,1207.019765,-342.019765
aether_net_zero_2050_25pct_rebound,"AETHER, net-zero 2050, 25% rebound",conservative_state_dependent,Conservative state-dependent,2050,0.000000,25.000000,25.000000,100.000000,100.000000,0.809161,80.916143,-55.916143,382.822061,377.512576,5.309486,350.000000,false,890.000000,1450.000000,1450.000000,1287.935909,-397.935909
aether_net_zero_2050_25pct_rebound,"AETHER, net-zero 2050, 25% rebound",conservative_state_dependent,Conservative state-dependent,2051,0.000000,25.000000,25.000000,100.000000,100.000000,0.785617,78.561702,-53.561702,378.122001,370.645691,7.476310,350.000000,false,915.000000,1550.000000,1550.000000,1366.497611,-451.497611
aether_net_zero_2050_25pct_rebound,"AETHER, net-zero 2050, 25% rebound",conservative_state_dependent,Conservative state-dependent,2052,0.000000,25.000000,25.000000,100.000000,100.000000,0.763870,76.387026,-51.387026,373.778794,364.057611,9.721183,350.000000,false,940.000000,1650.000000,1650.000000,1442.884637,-502.884637
aether_net_zero_2050_25pct_rebound,"AETHER, net-zero 2050, 25% rebound",conservative_state_dependent,Conservative state-dependent,2053,0.000000,25.000000,25.000000,100.000000,100.000000,0.743686,74.368627,-49.368627,369.746255,357.728299,12.017956,350.000000,false,965.000000,1750.000000,1750.000000,1517.253264,-552.253264
aether_net_zero_2050_25pct_rebound,"AETHER, net-zero 2050, 25% rebound",conservative_state_dependent,Conservative state-dependent,2054,0.000000,16.362710,16.362710,100.000000,100.000000,0.724873,72.487348,-56.124638,364.879424,350.532833,14.346591,350.000000,false,981.362710,1850.000000,1850.000000,1589.740612,-608.377902
aether_net_zero_2050_25pct_rebound,"AETHER, net-zero 2050, 25% rebound",conservative_state_dependent,Conservative state-dependent,2055,0.000000,7.971137,7.971137,100.000000,100.000000,0.702080,70.207978,-62.236842,359.318038,342.553751,16.764287,350.000000,false,989.333847,1950.000000,1950.000000,1659.948590,-670.614744
aether_net_zero_2050_25pct_rebound,"AETHER, net-zero 2050, 25% rebound",conservative_state_dependent,Conservative state-dependent,2056,0.000000,7.207423,7.207423,100.000000,100.000000,0.700000,70.000000,-62.792577,353.815517,334.503420,19.312097,350.000000,false,996.541269,2050.000000,2050.000000,1729.948590,-733.407321
aether_net_zero_2050_25pct_rebound,"AETHER, net-zero 2050, 25% rebound",conservative_state_dependent,Conservative state-dependent,2057,0.000000,6.554776,6.554776,100.000000,81.573078,0.700000,57.101155,-50.546379,350.000000,328.023115,21.976885,350.000000,true,1003.096045,2150.000000,2131.573078,1787.049745,-783.953700
aether_net_zero_2050_25pct_rebound,"AETHER, net-zero 2050, 25% rebound",conservative_state_dependent,Conservative state-dependent,2058,0.000000,5.996249,5.996249,100.000000,38.248124,0.700000,26.773686,-20.777437,350.000000,325.359341,24.640659,350.000000,true,1009.092294,2250.000000,2169.821202,1813.823432,-804.731137
aether_net_zero_2050_25pct_rebound,"AETHER, net-zero 2050, 25% rebound",conservative_state_dependent,Conservative state-dependent,2059,0.000000,5.517496,5.517496,100.000000,34.843141,0.700000,24.390198,-18.872703,350.000000,322.939764,27.060236,350.000000,true,1014.609790,2350.000000,2204.664343,1838.213630,-823.603840
aether_net_zero_2050_25pct_rebound,"AETHER, net-zero 2050, 25% rebound",conservative_state_dependent,Conservative state-dependent,2060,0.000000,5.106369,5.106369,100.000000,31.927948,0.700000,22.349563,-17.243195,350.000000,320.729098,29.270902,350.000000,true,1019.716159,2450.000000,2236.592290,1860.563194,-840.847035
aether_net_zero_2050_25pct_rebound,"AETHER, net-zero 2050, 25% rebound",conservative_state_dependent,Conservative state-dependent,2061,0.000000,4.752584,4.752584,100.000000,29.427906,0.700000,20.599534,-15.846950,350.000000,318.697438,31.302562,350.000000,true,1024.468743,2550.000000,2266.020197,1881.162728,-856.693985
aether_net_zero_2050_25pct_rebound,"AETHER, net-zero 2050, 25% rebound",conservative_state_dependent,Conservative state-dependent,2062,0.000000,4.447435,4.447435,100.000000,27.279824,0.700000,19.095877,-14.648442,350.000000,316.819432,33.180568,350.000000,true,1028.916177,2650.000000,2293.300021,1900.258605,-871.342428
aether_net_zero_2050_25pct_rebound,"AETHER, net-zero 2050, 25% rebound",conservative_state_dependent,Conservative state-dependent,2063,0.000000,4.183549,4.183549,100.000000,25.430200,0.700000,17.801140,-13.617591,350.000000,315.073587,34.926413,350.000000,true,1033.099726,2750.000000,2318.730221,1918.059745,-884.960019
aether_net_zero_2050_25pct_rebound,"AETHER, net-zero 2050, 25% rebound",conservative_state_dependent,Conservative state-dependent,2064,0.000000,3.954684,3.954684,100.000000,23.833735,0.700000,16.683615,-12.728931,350.000000,313.441673,36.558327,350.000000,true,1037.054410,2850.000000,2342.563956,1934.743359,-897.688949
aether_net_zero_2050_25pct_rebound,"AETHER, net-zero 2050, 25% rebound",conservative_state_dependent,Conservative state-dependent,2065,0.000000,3.755554,3.755554,100.000000,22.452076,0.700000,15.716453,-11.960899,350.000000,311.908225,38.091775,350.000000,true,1040.809964,2950.000000,2365.016032,1950.459813,-909.649848
aether_net_zero_2050_25pct_rebound,"AETHER, net-zero 2050, 25% rebound",conservative_state_dependent,Conservative state-dependent,2066,0.000000,3.581684,3.581684,100.000000,21.252747,0.700000,14.876923,-11.295239,350.000000,310.460117,39.539883,350.000000,true,1044.391649,3050.000000,2386.268779,1965.336736,-920.945087
aether_net_zero_2050_25pct_rebound,"AETHER, net-zero 2050, 25% rebound",conservative_state_dependent,Conservative state-dependent,2067,0.000000,3.429283,3.429283,100.000000,20.208249,0.700000,14.145774,-10.716491,350.000000,309.086208,40.913792,350.000000,true,1047.820932,3150.000000,2406.477029,1979.482510,-931.661578
aether_net_zero_2050_25pct_rebound,"AETHER, net-zero 2050, 25% rebound",conservative_state_dependent,Conservative state-dependent,2068,0.000000,3.295142,3.295142,100.000000,19.295296,0.700000,13.506707,-10.211565,350.000000,307.777033,42.222967,350.000000,true,1051.116074,3250.000000,2425.772324,1992.989217,-941.873144
aether_net_zero_2050_25pct_rebound,"AETHER, net-zero 2050, 25% rebound",conservative_state_dependent,Conservative state-dependent,2069,0.000000,3.176540,3.176540,100.000000,18.494166,0.700000,12.945916,-9.769376,350.000000,306.524549,43.475451,350.000000,true,1054.292614,3350.000000,2444.266491,2005.935134,-951.642520
aether_net_zero_2050_25pct_rebound,"AETHER, net-zero 2050, 25% rebound",conservative_state_dependent,Conservative state-dependent,2070,0.000000,3.071177,3.071177,100.000000,17.788160,0.700000,12.451712,-9.380535,350.000000,305.321916,44.678084,350.000000,true,1057.363791,3450.000000,2462.054650,2018.386846,-961.023055
aether_net_zero_2050_25pct_rebound,"AETHER, net-zero 2050, 25% rebound",conservative_state_dependent,Conservative state-dependent,2071,0.000000,2.977100,2.977100,100.000000,17.163131,0.700000,12.014192,-9.037091,350.000000,304.163315,45.836685,350.000000,true,1060.340891,3550.000000,2479.217781,2030.401037,-970.060146
aether_net_zero_2050_25pct_rebound,"AETHER, net-zero 2050, 25% rebound",conservative_state_dependent,Conservative state-dependent,2072,0.000000,2.892658,2.892658,100.000000,16.607098,0.700000,11.624968,-8.732310,350.000000,303.043788,46.956212,350.000000,true,1063.233549,3650.000000,2495.824879,2042.026006,-978.792456
aether_net_zero_2050_25pct_rebound,"AETHER, net-zero 2050, 25% rebound",conservative_state_dependent,Conservative state-dependent,2073,0.000000,2.816449,2.816449,100.000000,16.109909,0.700000,11.276936,-8.460487,350.000000,301.959110,48.040890,350.000000,true,1066.049998,3750.000000,2511.934788,2053.302942,-987.252944
aether_net_zero_2050_25pct_rebound,"AETHER, net-zero 2050, 25% rebound",conservative_state_dependent,Conservative state-dependent,2074,0.000000,2.747288,2.747288,100.000000,15.662967,0.700000,10.964077,-8.216789,350.000000,300.905675,49.094325,350.000000,true,1068.797286,3850.000000,2527.597755,2064.267019,-995.469732
aether_net_zero_2050_25pct_rebound,"AETHER, net-zero 2050, 25% rebound",conservative_state_dependent,Conservative state-dependent,2075,0.000000,2.684168,2.684168,100.000000,15.258983,0.700000,10.681288,-7.997120,350.000000,299.880404,50.119596,350.000000,true,1071.481454,3950.000000,2542.856737,2074.948307,-1003.466852
aether_net_zero_2050_25pct_rebound,"AETHER, net-zero 2050, 25% rebound",conservative_state_dependent,Conservative state-dependent,2076,0.000000,2.626237,2.626237,100.000000,14.891782,0.700000,10.424247,-7.798011,350.000000,298.880659,51.119341,350.000000,true,1074.107691,4050.000000,2557.748519,2085.372554,-1011.264863
aether_net_zero_2050_25pct_rebound,"AETHER, net-zero 2050, 25% rebound",conservative_state_dependent,Conservative state-dependent,2077,0.000000,2.572771,2.572771,100.000000,14.556129,0.700000,10.189290,-7.616520,350.000000,297.904182,52.095818,350.000000,true,1076.680462,4150.000000,2572.304648,2095.561844,-1018.881383
aether_net_zero_2050_25pct_rebound,"AETHER, net-zero 2050, 25% rebound",conservative_state_dependent,Conservative state-dependent,2078,0.000000,2.523157,2.523157,100.000000,14.247587,0.700000,9.973311,-7.450154,350.000000,296.949034,53.050966,350.000000,true,1079.203619,4250.000000,2586.552236,2105.535155,-1026.331537
aether_net_zero_2050_25pct_rebound,"AETHER, net-zero 2050, 25% rebound",conservative_state_dependent,Conservative state-dependent,2079,0.000000,2.476875,2.476875,100.000000,13.962392,0.700000,9.773674,-7.296799,350.000000,296.013547,53.986453,350.000000,true,1081.680494,4350.000000,2600.514628,2115.308830,-1033.628336
aether_net_zero_2050_25pct_rebound,"AETHER, net-zero 2050, 25% rebound",conservative_state_dependent,Conservative state-dependent,2080,0.000000,2.433483,2.433483,100.000000,13.697351,0.700000,9.588146,-7.154662,350.000000,295.096282,54.903718,350.000000,true,1084.113977,4450.000000,2614.211979,2124.896975,-1040.782998
aether_net_zero_2050_25pct_rebound,"AETHER, net-zero 2050, 25% rebound",conservative_state_dependent,Conservative state-dependent,2081,0.000000,2.392607,2.392607,100.000000,13.449755,0.700000,9.414829,-7.022222,350.000000,294.195997,55.804003,350.000000,true,1086.506584,4550.000000,2627.661734,2134.311804,-1047.805220
aether_net_zero_2050_25pct_rebound,"AETHER, net-zero 2050, 25% rebound",conservative_state_dependent,Conservative state-dependent,2082,0.000000,2.353926,2.353926,100.000000,13.217305,0.700000,9.252114,-6.898187,350.000000,293.311614,56.688386,350.000000,true,1088.860510,4650.000000,2640.879040,2143.563918,-1054.703408
aether_net_zero_2050_25pct_rebound,"AETHER, net-zero 2050, 25% rebound",conservative_state_dependent,Conservative state-dependent,2083,0.000000,2.317172,2.317172,100.000000,12.998048,0.700000,9.098634,-6.781462,350.000000,292.442196,57.557804,350.000000,true,1091.177682,4750.000000,2653.877088,2152.662552,-1061.484870
aether_net_zero_2050_25pct_rebound,"AETHER, net-zero 2050, 25% rebound",conservative_state_dependent,Conservative state-dependent,2084,0.000000,2.282112,2.282112,100.000000,12.790324,0.700000,8.953227,-6.671115,350.000000,291.586925,58.413075,350.000000,true,1093.459794,4850.000000,2666.667412,2161.615779,-1068.155984
aether_net_zero_2050_25pct_rebound,"AETHER, net-zero 2050, 25% rebound",conservative_state_dependent,Conservative state-dependent,2085,0.000000,2.248552,2.248552,100.000000,12.592722,0.700000,8.814906,-6.566354,350.000000,290.745085,59.254915,350.000000,true,1095.708346,4950.000000,2679.260134,2170.430684,-1074.722338
aether_net_zero_2050_25pct_rebound,"AETHER, net-zero 2050, 25% rebound",conservative_state_dependent,Conservative state-dependent,2086,0.000000,2.216324,2.216324,100.000000,12.404043,0.700000,8.682830,-6.466507,350.000000,289.916046,60.083954,350.000000,true,1097.924670,5050.000000,2691.664177,2179.113514,-1081.188845
aether_net_zero_2050_25pct_rebound,"AETHER, net-zero 2050, 25% rebound",conservative_state_dependent,Conservative state-dependent,2087,0.000000,2.185285,2.185285,100.000000,12.223264,0.700000,8.556285,-6.371000,350.000000,289.099251,60.900749,350.000000,true,1100.109954,5150.000000,2703.887441,2187.669799,-1087.559845
aether_net_zero_2050_25pct_rebound,"AETHER, net-zero 2050, 25% rebound",conservative_state_dependent,Conservative state-dependent,2088,0.000000,2.155314,2.155314,100.000000,12.049514,0.700000,8.434660,-6.279346,350.000000,288.294206,61.705794,350.000000,true,1102.265268,5250.000000,2715.936956,2196.104459,-1093.839191
aether_net_zero_2050_25pct_rebound,"AETHER, net-zero 2050, 25% rebound",conservative_state_dependent,Conservative state-dependent,2089,0.000000,2.126307,2.126307,100.000000,11.882052,0.700000,8.317436,-6.191129,350.000000,287.500472,62.499528,350.000000,true,1104.391575,5350.000000,2727.819007,2204.421895,-1100.030321
aether_net_zero_2050_25pct_rebound,"AETHER, net-zero 2050, 25% rebound",conservative_state_dependent,Conservative state-dependent,2090,0.000000,2.098175,2.098175,100.000000,11.720241,0.700000,8.204169,-6.105994,350.000000,286.717652,63.282348,350.000000,true,1106.489749,5450.000000,2739.539248,2212.626064,-1106.136315
aether_net_zero_2050_25pct_rebound,"AETHER, net-zero 2050, 25% rebound",conservative_state_dependent,Conservative state-dependent,2091,0.000000,2.070841,2.070841,100.000000,11.563540,0.700000,8.094478,-6.023637,350.000000,285.945391,64.054609,350.000000,true,1108.560590,5550.000000,2751.102788,2220.720542,-1112.159951
aether_net_zero_2050_25pct_rebound,"AETHER, net-zero 2050, 25% rebound",conservative_state_dependent,Conservative state-dependent,2092,0.000000,2.044240,2.044240,100.000000,11.411484,0.700000,7.988039,-5.943798,350.000000,285.183365,64.816635,350.000000,true,1110.604831,5650.000000,2762.514272,2228.708580,-1118.103750
aether_net_zero_2050_25pct_rebound,"AETHER, net-zero 2050, 25% rebound",conservative_state_dependent,Conservative state-dependent,2093,0.000000,2.018316,2.018316,100.000000,11.263674,0.700000,7.884572,-5.866255,350.000000,284.431281,65.568719,350.000000,true,1112.623147,5750.000000,2773.777945,2236.593152,-1123.970005
aether_net_zero_2050_25pct_rebound,"AETHER, net-zero 2050, 25% rebound",conservative_state_dependent,Conservative state-dependent,2094,0.000000,1.993020,1.993020,100.000000,11.119767,0.700000,7.783837,-5.790817,350.000000,283.688869,66.311131,350.000000,true,1114.616167,5850.000000,2784.897713,2244.376989,-1129.760822
aether_net_zero_2050_25pct_rebound,"AETHER, net-zero 2050, 25% rebound",conservative_state_dependent,Conservative state-dependent,2095,0.000000,1.968309,1.968309,100.000000,10.979469,0.700000,7.685628,-5.717319,350.000000,282.955879,67.044121,350.000000,true,1116.584476,5950.000000,2795.877182,2252.062618,-1135.478141
aether_net_zero_2050_25pct_rebound,"AETHER, net-zero 2050, 25% rebound",conservative_state_dependent,Conservative state-dependent,2096,0.000000,1.944147,1.944147,100.000000,10.842524,0.700000,7.589767,-5.645620,350.000000,282.232082,67.767918,350.000000,true,1118.528624,6050.000000,2806.719706,2259.652384,-1141.123761
aether_net_zero_2050_25pct_rebound,"AETHER, net-zero 2050, 25% rebound",conservative_state_dependent,Conservative state-dependent,2097,0.000000,1.920503,1.920503,100.000000,10.708712,0.700000,7.496098,-5.575595,350.000000,281.517262,68.482738,350.000000,true,1120.449126,6150.000000,2817.428418,2267.148483,-1146.699356
aether_net_zero_2050_25pct_rebound,"AETHER, net-zero 2050, 25% rebound",conservative_state_dependent,Conservative state-dependent,2098,0.000000,1.897347,1.897347,100.000000,10.577839,0.700000,7.404488,-5.507140,350.000000,280.811218,69.188782,350.000000,true,1122.346473,6250.000000,2828.006257,2274.552970,-1152.206497
aether_net_zero_2050_25pct_rebound,"AETHER, net-zero 2050, 25% rebound",conservative_state_dependent,Conservative state-dependent,2099,0.000000,1.874657,1.874657,100.000000,10.449741,0.700000,7.314818,-5.440162,350.000000,280.113762,69.886238,350.000000,true,1124.221130,6350.000000,2838.455998,2281.867789,-1157.646659
aether_net_zero_2050_25pct_rebound,"AETHER, net-zero 2050, 25% rebound",conservative_state_dependent,Conservative state-dependent,2100,0.000000,1.852409,1.852409,100.000000,10.324269,0.700000,7.226988,-5.374579,350.000000,279.424713,70.575287,350.000000,true,1126.073539,6450.000000,2848.780267,2289.094777,-1163.021238
aether_net_zero_2050_25pct_rebound,"AETHER, net-zero 2050, 25% rebound",asymmetry_stress,Asymmetry stress,2026,42.200000,0.000000,42.200000,0.000000,0.000000,0.850000,0.000000,42.200000,433.940256,433.940256,0.000000,350.000000,false,42.200000,0.000000,0.000000,0.000000,42.200000
aether_net_zero_2050_25pct_rebound,"AETHER, net-zero 2050, 25% rebound",asymmetry_stress,Asymmetry stress,2027,40.441667,1.250000,41.691667,5.000000,5.000000,0.850000,4.250000,37.441667,438.386234,438.740470,-0.354236,350.000000,false,83.891667,5.000000,5.000000,4.250000,79.641667
aether_net_zero_2050_25pct_rebound,"AETHER, net-zero 2050, 25% rebound",asymmetry_stress,Asymmetry stress,2028,38.683333,2.500000,41.183333,10.000000,10.000000,0.850000,8.500000,32.683333,441.973252,442.930641,-0.957389,350.000000,false,125.075000,15.000000,15.000000,12.750000,112.325000
aether_net_zero_2050_25pct_rebound,"AETHER, net-zero 2050, 25% rebound",asymmetry_stress,Asymmetry stress,2029,36.925000,3.750000,40.675000,15.000000,15.000000,0.850000,12.750000,27.925000,444.785904,446.510769,-1.724866,350.000000,false,165.750000,30.000000,30.000000,25.500000,140.250000
aether_net_zero_2050_25pct_rebound,"AETHER, net-zero 2050, 25% rebound",asymmetry_stress,Asymmetry stress,2030,35.166667,5.000000,40.166667,20.000000,20.000000,0.850000,17.000000,23.166667,446.892330,449.480855,-2.588525,350.000000,false,205.916667,50.000000,50.000000,42.500000,163.416667
aether_net_zero_2050_25pct_rebound,"AETHER, net-zero 2050, 25% rebound",asymmetry_stress,Asymmetry stress,2031,33.408333,6.250000,39.658333,25.000000,25.000000,0.850000,21.250000,18.408333,448.347599,451.840897,-3.493298,350.000000,false,245.575000,75.000000,75.000000,63.750000,181.825000
aether_net_zero_2050_25pct_rebound,"AETHER, net-zero 2050, 25% rebound",asymmetry_stress,Asymmetry stress,2032,31.650000,7.500000,39.150000,30.000000,30.000000,0.850000,25.500000,13.650000,449.196393,453.590897,-4.394504,350.000000,false,284.725000,105.000000,105.000000,89.250000,195.475000
aether_net_zero_2050_25pct_rebound,"AETHER, net-zero 2050, 25% rebound",asymmetry_stress,Asymmetry stress,2033,29.891667,8.750000,38.641667,35.000000,35.000000,0.850000,29.750000,8.891667,449.475133,454.730855,-5.255721,350.000000,false,323.366667,140.000000,140.000000,119.000000,204.366667
aether_net_zero_2050_25pct_rebound,"AETHER, net-zero 2050, 25% rebound",asymmetry_stress,Asymmetry stress,2034,28.133333,10.000000,38.133333,40.000000,40.000000,0.850000,34.000000,4.133333,449.213667,455.260769,-6.047102,350.000000,false,361.500000,180.000000,180.000000,153.000000,208.500000
aether_net_zero_2050_25pct_rebound,"AETHER, net-zero 2050, 25% rebound",asymmetry_stress,Asymmetry stress,2035,26.375000,11.250000,37.625000,45.000000,45.000000,0.850000,38.250000,-0.625000,448.436608,455.180641,-6.744033,350.000000,false,399.125000,225.000000,225.000000,191.250000,207.875000
aether_net_zero_2050_25pct_rebound,"AETHER, net-zero 2050, 25% rebound",asymmetry_stress,Asymmetry stress,2036,24.616667,12.500000,37.116667,50.000000,50.000000,0.850000,42.500000,-5.383333,447.164396,454.490470,-7.326074,350.000000,false,436.241667,275.000000,275.000000,233.750000,202.491667
aether_net_zero_2050_25pct_rebound,"AETHER, net-zero 2050, 25% rebound",asymmetry_stress,Asymmetry stress,2037,22.858333,13.750000,36.608333,55.000000,55.000000,0.850000,46.750000,-10.141667,445.414140,453.190256,-7.776116,350.000000,false,472.850000,330.000000,330.000000,280.500000,192.350000
aether_net_zero_2050_25pct_rebound,"AETHER, net-zero 2050, 25% rebound",asymmetry_stress,Asymmetry stress,2038,21.100000,15.000000,36.100000,60.000000,60.000000,0.850000,51.000000,-14.900000,443.200283,451.280000,-8.079717,350.000000,false,508.950000,390.000000,390.000000,331.500000,177.450000
aether_net_zero_2050_25pct_rebound,"AETHER, net-zero 2050, 25% rebound",asymmetry_stress,Asymmetry stress,2039,19.341667,16.250000,35.591667,65.000000,65.000000,0.850000,55.250000,-19.658333,440.535138,448.759701,-8.224563,350.000000,false,544.541667,455.000000,455.000000,386.750000,157.791667
aether_net_zero_2050_25pct_rebound,"AETHER, net-zero 2050, 25% rebound",asymmetry_stress,Asymmetry stress,2040,17.583333,17.500000,35.083333,70.000000,70.000000,0.850000,59.500000,-24.416667,437.429302,445.629359,-8.200057,350.000000,false,579.625000,525.000000,525.000000,446.250000,133.375000
aether_net_zero_2050_25pct_rebound,"AETHER, net-zero 2050, 25% rebound",asymmetry_stress,Asymmetry stress,2041,15.825000,18.750000,34.575000,75.000000,75.000000,0.850000,63.750000,-29.175000,433.891995,441.888974,-7.996979,350.000000,false,614.200000,600.000000,600.000000,510.000000,104.200000
aether_net_zero_2050_25pct_rebound,"AETHER, net-zero 2050, 25% rebound",asymmetry_stress,Asymmetry stress,2042,14.066667,20.000000,34.066667,80.000000,80.000000,0.850000,68.000000,-33.933333,429.931324,437.538547,-7.607223,350.000000,false,648.266667,680.000000,680.000000,578.000000,70.266667
aether_net_zero_2050_25pct_rebound,"AETHER, net-zero 2050, 25% rebound",asymmetry_stress,Asymmetry stress,2043,12.308333,21.250000,33.558333,85.000000,85.000000,0.845350,71.854720,-38.296387,425.605171,432.628754,-7.023583,350.000000,false,681.825000,765.000000,765.000000,649.854720,31.970280
aether_net_zero_2050_25pct_rebound,"AETHER, net-zero 2050, 25% rebound",asymmetry_stress,Asymmetry stress,2044,10.550000,22.500000,33.050000,90.000000,90.000000,0.830222,74.719939,-41.669939,421.043547,427.286454,-6.242907,350.000000,false,714.875000,855.000000,855.000000,724.574659,-9.699659
aether_net_zero_2050_25pct_rebound,"AETHER, net-zero 2050, 25% rebound",asymmetry_stress,Asymmetry stress,2045,8.791667,23.750000,32.541667,95.000000,95.000000,0.810417,76.989584,-44.447917,416.317665,421.588003,-5.270338,350.000000,false,747.416667,950.000000,950.000000,801.564243,-54.147576
aether_net_zero_2050_25pct_rebound,"AETHER, net-zero 2050, 25% rebound",asymmetry_stress,Asymmetry stress,2046,7.033333,25.000000,32.033333,100.000000,100.000000,0.790056,79.005621,-46.972288,411.451421,415.565915,-4.114493,350.000000,false,779.450000,1050.000000,1050.000000,880.569864,-101.119864
aether_net_zero_2050_25pct_rebound,"AETHER, net-zero 2050, 25% rebound",asymmetry_stress,Asymmetry stress,2047,5.275000,25.000000,30.275000,100.000000,100.000000,0.769205,76.920513,-46.645513,406.801724,409.585721,-2.783997,350.000000,false,809.725000,1150.000000,1150.000000,957.490377,-147.765377
aether_net_zero_2050_25pct_rebound,"AETHER, net-zero 2050, 25% rebound",asymmetry_stress,Asymmetry stress,2048,3.516667,25.000000,28.516667,100.000000,100.000000,0.749238,74.923848,-46.407181,402.326743,403.636082,-1.309340,350.000000,false,838.241667,1250.000000,1250.000000,1032.414225,-194.172558
aether_net_zero_2050_25pct_rebound,"AETHER, net-zero 2050, 25% rebound",asymmetry_stress,Asymmetry stress,2049,1.758333,25.000000,26.758333,100.000000,100.000000,0.729965,72.996529,-46.238196,397.993885,397.708109,0.285776,350.000000,false,865.000000,1350.000000,1350.000000,1105.410754,-240.410754
aether_net_zero_2050_25pct_rebound,"AETHER, net-zero 2050, 25% rebound",asymmetry_stress,Asymmetry stress,2050,0.000000,25.000000,25.000000,100.000000,100.000000,0.711233,71.123298,-46.123298,393.777760,391.794865,1.982895,350.000000,false,890.000000,1450.000000,1450.000000,1176.534052,-286.534052
aether_net_zero_2050_25pct_rebound,"AETHER, net-zero 2050, 25% rebound",asymmetry_stress,Asymmetry stress,2051,0.000000,25.000000,25.000000,100.000000,100.000000,0.692918,69.291845,-44.291845,389.884037,386.116424,3.767613,350.000000,false,915.000000,1550.000000,1550.000000,1245.825897,-330.825897
aether_net_zero_2050_25pct_rebound,"AETHER, net-zero 2050, 25% rebound",asymmetry_stress,Asymmetry stress,2052,0.000000,25.000000,25.000000,100.000000,100.000000,0.675514,67.551445,-42.551445,386.274999,380.661110,5.613889,350.000000,false,940.000000,1650.000000,1650.000000,1313.377342,-373.377342
aether_net_zero_2050_25pct_rebound,"AETHER, net-zero 2050, 25% rebound",asymmetry_stress,Asymmetry stress,2053,0.000000,25.000000,25.000000,100.000000,100.000000,0.648756,64.875568,-39.875568,383.050167,375.548858,7.501310,350.000000,false,965.000000,1750.000000,1750.000000,1378.252909,-413.252909
aether_net_zero_2050_25pct_rebound,"AETHER, net-zero 2050, 25% rebound",asymmetry_stress,Asymmetry stress,2054,0.000000,16.362710,16.362710,100.000000,100.000000,0.624527,62.452718,-46.090008,379.045219,369.639882,9.405336,350.000000,false,981.362710,1850.000000,1850.000000,1440.705627,-459.342917
aether_net_zero_2050_25pct_rebound,"AETHER, net-zero 2050, 25% rebound",asymmetry_stress,Asymmetry stress,2055,0.000000,7.971137,7.971137,100.000000,100.000000,0.600000,60.000000,-52.028863,374.349990,362.969515,11.380475,350.000000,false,989.333847,1950.000000,1950.000000,1500.705627,-511.371780
aether_net_zero_2050_25pct_rebound,"AETHER, net-zero 2050, 25% rebound",asymmetry_stress,Asymmetry stress,2056,0.000000,7.207423,7.207423,100.000000,100.000000,0.600000,60.000000,-52.792577,369.669900,356.201236,13.468663,350.000000,false,996.541269,2050.000000,2050.000000,1560.705627,-564.164358
aether_net_zero_2050_25pct_rebound,"AETHER, net-zero 2050, 25% rebound",asymmetry_stress,Asymmetry stress,2057,0.000000,6.554776,6.554776,100.000000,100.000000,0.600000,60.000000,-53.445224,365.009955,349.349284,15.660671,350.000000,false,1003.096045,2150.000000,2150.000000,1620.705627,-617.609582
aether_net_zero_2050_25pct_rebound,"AETHER, net-zero 2050, 25% rebound",asymmetry_stress,Asymmetry stress,2058,0.000000,5.996249,5.996249,100.000000,100.000000,0.600000,60.000000,-54.003751,360.373928,342.425727,17.948202,350.000000,false,1009.092294,2250.000000,2250.000000,1680.705627,-671.613333
aether_net_zero_2050_25pct_rebound,"AETHER, net-zero 2050, 25% rebound",asymmetry_stress,Asymmetry stress,2059,0.000000,5.517496,5.517496,100.000000,100.000000,0.600000,60.000000,-54.482504,355.764615,335.440790,20.323825,350.000000,false,1014.609790,2350.000000,2350.000000,1740.705627,-726.095837
aether_net_zero_2050_25pct_rebound,"AETHER, net-zero 2050, 25% rebound",asymmetry_stress,Asymmetry stress,2060,0.000000,5.106369,5.106369,100.000000,100.000000,0.600000,60.000000,-54.893631,351.184044,328.403145,22.780899,350.000000,false,1019.716159,2450.000000,2450.000000,1800.705627,-780.989469
aether_net_zero_2050_25pct_rebound,"AETHER, net-zero 2050, 25% rebound",asymmetry_stress,Asymmetry stress,2061,0.000000,4.752584,4.752584,100.000000,56.237304,0.600000,33.742382,-28.989798,350.000000,324.686504,25.313496,350.000000,true,1024.468743,2550.000000,2506.237304,1834.448009,-809.979267
aether_net_zero_2050_25pct_rebound,"AETHER, net-zero 2050, 25% rebound",asymmetry_stress,Asymmetry stress,2062,0.000000,4.447435,4.447435,100.000000,38.383894,0.600000,23.030336,-18.582902,350.000000,322.304081,27.695919,350.000000,true,1028.916177,2650.000000,2544.621198,1857.478346,-828.562168
aether_net_zero_2050_25pct_rebound,"AETHER, net-zero 2050, 25% rebound",asymmetry_stress,Asymmetry stress,2063,0.000000,4.183549,4.183549,100.000000,35.290460,0.600000,21.174276,-16.990727,350.000000,320.125783,29.874217,350.000000,true,1033.099726,2750.000000,2579.911658,1878.652622,-845.552895
aether_net_zero_2050_25pct_rebound,"AETHER, net-zero 2050, 25% rebound",asymmetry_stress,Asymmetry stress,2064,0.000000,3.954684,3.954684,100.000000,32.634812,0.600000,19.580887,-15.626203,350.000000,318.122423,31.877577,350.000000,true,1037.054410,2850.000000,2612.546469,1898.233509,-861.179098
aether_net_zero_2050_25pct_rebound,"AETHER, net-zero 2050, 25% rebound",asymmetry_stress,Asymmetry stress,2065,0.000000,3.755554,3.755554,100.000000,30.350361,0.600000,18.210216,-14.454662,350.000000,316.269261,33.730739,350.000000,true,1040.809964,2950.000000,2642.896830,1916.443725,-875.633760
aether_net_zero_2050_25pct_rebound,"AETHER, net-zero 2050, 25% rebound",asymmetry_stress,Asymmetry stress,2066,0.000000,3.581684,3.581684,100.000000,28.380728,0.600000,17.028437,-13.446753,350.000000,314.545319,35.454681,350.000000,true,1044.391649,3050.000000,2671.277558,1933.472162,-889.080513
aether_net_zero_2050_25pct_rebound,"AETHER, net-zero 2050, 25% rebound",asymmetry_stress,Asymmetry stress,2067,0.000000,3.429283,3.429283,100.000000,26.678180,0.600000,16.006908,-12.577625,350.000000,312.932803,37.067197,350.000000,true,1047.820932,3150.000000,2697.955738,1949.479070,-901.658138
aether_net_zero_2050_25pct_rebound,"AETHER, net-zero 2050, 25% rebound",asymmetry_stress,Asymmetry stress,2068,0.000000,3.295142,3.295142,100.000000,25.202298,0.600000,15.121379,-11.826237,350.000000,311.416619,38.583381,350.000000,true,1051.116074,3250.000000,2723.158037,1964.600449,-913.484375
aether_net_zero_2050_25pct_rebound,"AETHER, net-zero 2050, 25% rebound",asymmetry_stress,Asymmetry stress,2069,0.000000,3.176540,3.176540,100.000000,23.918859,0.600000,14.351315,-11.174775,350.000000,309.983955,40.016045,350.000000,true,1054.292614,3350.000000,2747.076895,1978.951764,-924.659150
aether_net_zero_2050_25pct_rebound,"AETHER, net-zero 2050, 25% rebound",asymmetry_stress,Asymmetry stress,2070,0.000000,3.071177,3.071177,100.000000,22.798881,0.600000,13.679329,-10.608152,350.000000,308.623936,41.376064,350.000000,true,1057.363791,3450.000000,2769.875776,1992.631093,-935.267302
aether_net_zero_2050_25pct_rebound,"AETHER, net-zero 2050, 25% rebound",asymmetry_stress,Asymmetry stress,2071,0.000000,2.977100,2.977100,100.000000,21.817824,0.600000,13.090694,-10.113594,350.000000,307.327321,42.672679,350.000000,true,1060.340891,3550.000000,2791.693600,2005.721787,-945.380896
aether_net_zero_2050_25pct_rebound,"AETHER, net-zero 2050, 25% rebound",asymmetry_stress,Asymmetry stress,2072,0.000000,2.892658,2.892658,100.000000,20.954903,0.600000,12.572942,-9.680284,350.000000,306.086259,43.913741,350.000000,true,1063.233549,3650.000000,2812.648503,2018.294729,-955.061180
aether_net_zero_2050_25pct_rebound,"AETHER, net-zero 2050, 25% rebound",asymmetry_stress,Asymmetry stress,2073,0.000000,2.816449,2.816449,100.000000,20.192517,0.600000,12.115510,-9.299061,350.000000,304.894072,45.105928,350.000000,true,1066.049998,3750.000000,2832.841020,2030.410239,-964.360241
aether_net_zero_2050_25pct_rebound,"AETHER, net-zero 2050, 25% rebound",asymmetry_stress,Asymmetry stress,2074,0.000000,2.747288,2.747288,100.000000,19.515755,0.600000,11.709453,-8.962165,350.000000,303.745076,46.254924,350.000000,true,1068.797286,3850.000000,2852.356775,2042.119692,-973.322405
aether_net_zero_2050_25pct_rebound,"AETHER, net-zero 2050, 25% rebound",asymmetry_stress,Asymmetry stress,2075,0.000000,2.684168,2.684168,100.000000,18.911987,0.600000,11.347192,-8.663024,350.000000,302.634432,47.365568,350.000000,true,1071.481454,3950.000000,2871.268762,2053.466884,-981.985430
aether_net_zero_2050_25pct_rebound,"AETHER, net-zero 2050, 25% rebound",asymmetry_stress,Asymmetry stress,2076,0.000000,2.626237,2.626237,100.000000,18.370514,0.600000,11.022308,-8.396072,350.000000,301.558013,48.441987,350.000000,true,1074.107691,4050.000000,2889.639276,2064.489193,-990.381502
aether_net_zero_2050_25pct_rebound,"AETHER, net-zero 2050, 25% rebound",asymmetry_stress,Asymmetry stress,2077,0.000000,2.572771,2.572771,100.000000,17.882270,0.600000,10.729362,-8.156591,350.000000,300.512296,49.487704,350.000000,true,1076.680462,4150.000000,2907.521546,2075.218554,-998.538093
aether_net_zero_2050_25pct_rebound,"AETHER, net-zero 2050, 25% rebound",asymmetry_stress,Asymmetry stress,2078,0.000000,2.523157,2.523157,100.000000,17.439571,0.600000,10.463742,-7.940585,350.000000,299.494272,50.505728,350.000000,true,1079.203619,4250.000000,2924.961116,2085.682297,-1006.478678
aether_net_zero_2050_25pct_rebound,"AETHER, net-zero 2050, 25% rebound",asymmetry_stress,Asymmetry stress,2079,0.000000,2.476875,2.476875,100.000000,17.035906,0.600000,10.221544,-7.744668,350.000000,298.501366,51.498634,350.000000,true,1081.680494,4350.000000,2941.997022,2095.903840,-1014.223347
aether_net_zero_2050_25pct_rebound,"AETHER, net-zero 2050, 25% rebound",asymmetry_stress,Asymmetry stress,2080,0.000000,2.433483,2.433483,100.000000,16.665755,0.600000,9.999453,-7.565970,350.000000,297.531370,52.468630,350.000000,true,1084.113977,4450.000000,2958.662777,2105.903293,-1021.789316
aether_net_zero_2050_25pct_rebound,"AETHER, net-zero 2050, 25% rebound",asymmetry_stress,Asymmetry stress,2081,0.000000,2.392607,2.392607,100.000000,16.324437,0.600000,9.794662,-7.402056,350.000000,296.582388,53.417612,350.000000,true,1086.506584,4550.000000,2974.987215,2115.697956,-1029.191372
aether_net_zero_2050_25pct_rebound,"AETHER, net-zero 2050, 25% rebound",asymmetry_stress,Asymmetry stress,2082,0.000000,2.353926,2.353926,100.000000,16.007983,0.600000,9.604790,-7.250863,350.000000,295.652790,54.347210,350.000000,true,1088.860510,4650.000000,2990.995198,2125.302746,-1036.442235
aether_net_zero_2050_25pct_rebound,"AETHER, net-zero 2050, 25% rebound",asymmetry_stress,Asymmetry stress,2083,0.000000,2.317172,2.317172,100.000000,15.713023,0.600000,9.427814,-7.110642,350.000000,294.741170,55.258830,350.000000,true,1091.177682,4750.000000,3006.708221,2134.730560,-1043.552878
aether_net_zero_2050_25pct_rebound,"AETHER, net-zero 2050, 25% rebound",asymmetry_stress,Asymmetry stress,2084,0.000000,2.282112,2.282112,100.000000,15.436700,0.600000,9.262020,-6.979908,350.000000,293.846310,56.153690,350.000000,true,1093.459794,4850.000000,3022.144921,2143.992580,-1050.532786
aether_net_zero_2050_25pct_rebound,"AETHER, net-zero 2050, 25% rebound",asymmetry_stress,Asymmetry stress,2085,0.000000,2.248552,2.248552,100.000000,15.176586,0.600000,9.105952,-6.857400,350.000000,292.967156,57.032844,350.000000,true,1095.708346,4950.000000,3037.321507,2153.098531,-1057.390185
aether_net_zero_2050_25pct_rebound,"AETHER, net-zero 2050, 25% rebound",asymmetry_stress,Asymmetry stress,2086,0.000000,2.216324,2.216324,100.000000,14.930619,0.600000,8.958371,-6.742048,350.000000,292.102791,57.897209,350.000000,true,1097.924670,5050.000000,3052.252126,2162.056902,-1064.132233
aether_net_zero_2050_25pct_rebound,"AETHER, net-zero 2050, 25% rebound",asymmetry_stress,Asymmetry stress,2087,0.000000,2.185285,2.185285,100.000000,14.697046,0.600000,8.818227,-6.632943,350.000000,291.252413,58.747587,350.000000,true,1100.109954,5150.000000,3066.949171,2170.875130,-1070.765176
aether_net_zero_2050_25pct_rebound,"AETHER, net-zero 2050, 25% rebound",asymmetry_stress,Asymmetry stress,2088,0.000000,2.155314,2.155314,100.000000,14.474377,0.600000,8.684626,-6.529312,350.000000,290.415322,59.584678,350.000000,true,1102.265268,5250.000000,3081.423548,2179.559756,-1077.294488
aether_net_zero_2050_25pct_rebound,"AETHER, net-zero 2050, 25% rebound",asymmetry_stress,Asymmetry stress,2089,0.000000,2.126307,2.126307,100.000000,14.261343,0.600000,8.556806,-6.430499,350.000000,289.590899,60.409101,350.000000,true,1104.391575,5350.000000,3095.684891,2188.116562,-1083.724987
aether_net_zero_2050_25pct_rebound,"AETHER, net-zero 2050, 25% rebound",asymmetry_stress,Asymmetry stress,2090,0.000000,2.098175,2.098175,100.000000,14.056864,0.600000,8.434118,-6.335944,350.000000,288.778599,61.221401,350.000000,true,1106.489749,5450.000000,3109.741755,2196.550680,-1090.060931
aether_net_zero_2050_25pct_rebound,"AETHER, net-zero 2050, 25% rebound",asymmetry_stress,Asymmetry stress,2091,0.000000,2.070841,2.070841,100.000000,13.860018,0.600000,8.316011,-6.245170,350.000000,287.977936,62.022064,350.000000,true,1108.560590,5550.000000,3123.601774,2204.866691,-1096.306101
aether_net_zero_2050_25pct_rebound,"AETHER, net-zero 2050, 25% rebound",asymmetry_stress,Asymmetry stress,2092,0.000000,2.044240,2.044240,100.000000,13.670019,0.600000,8.202012,-6.157771,350.000000,287.188478,62.811522,350.000000,true,1110.604831,5650.000000,3137.271793,2213.068703,-1102.463872
aether_net_zero_2050_25pct_rebound,"AETHER, net-zero 2050, 25% rebound",asymmetry_stress,Asymmetry stress,2093,0.000000,2.018316,2.018316,100.000000,13.486195,0.600000,8.091717,-6.073401,350.000000,286.409837,63.590163,350.000000,true,1112.623147,5750.000000,3150.757988,2221.160420,-1108.537273
aether_net_zero_2050_25pct_rebound,"AETHER, net-zero 2050, 25% rebound",asymmetry_stress,Asymmetry stress,2094,0.000000,1.993020,1.993020,100.000000,13.307970,0.600000,7.984782,-5.991762,350.000000,285.641662,64.358338,350.000000,true,1114.616167,5850.000000,3164.065958,2229.145202,-1114.529035
aether_net_zero_2050_25pct_rebound,"AETHER, net-zero 2050, 25% rebound",asymmetry_stress,Asymmetry stress,2095,0.000000,1.968309,1.968309,100.000000,13.134851,0.600000,7.880910,-5.912601,350.000000,284.883636,65.116364,350.000000,true,1116.584476,5950.000000,3177.200809,2237.026112,-1120.441636
aether_net_zero_2050_25pct_rebound,"AETHER, net-zero 2050, 25% rebound",asymmetry_stress,Asymmetry stress,2096,0.000000,1.944147,1.944147,100.000000,12.966414,0.600000,7.779848,-5.835701,350.000000,284.135470,65.864530,350.000000,true,1118.528624,6050.000000,3190.167223,2244.805961,-1126.277337
aether_net_zero_2050_25pct_rebound,"AETHER, net-zero 2050, 25% rebound",asymmetry_stress,Asymmetry stress,2097,0.000000,1.920503,1.920503,100.000000,12.802295,0.600000,7.681377,-5.760874,350.000000,283.396896,66.603104,350.000000,true,1120.449126,6150.000000,3202.969518,2252.487338,-1132.038211
aether_net_zero_2050_25pct_rebound,"AETHER, net-zero 2050, 25% rebound",asymmetry_stress,Asymmetry stress,2098,0.000000,1.897347,1.897347,100.000000,12.642179,0.600000,7.585308,-5.687960,350.000000,282.667670,67.332330,350.000000,true,1122.346473,6250.000000,3215.611697,2260.072645,-1137.726172
aether_net_zero_2050_25pct_rebound,"AETHER, net-zero 2050, 25% rebound",asymmetry_stress,Asymmetry stress,2099,0.000000,1.874657,1.874657,100.000000,12.485795,0.600000,7.491477,-5.616820,350.000000,281.947565,68.052435,350.000000,true,1124.221130,6350.000000,3228.097492,2267.564122,-1143.342992
aether_net_zero_2050_25pct_rebound,"AETHER, net-zero 2050, 25% rebound",asymmetry_stress,Asymmetry stress,2100,0.000000,1.852409,1.852409,100.000000,12.332905,0.600000,7.399743,-5.547334,350.000000,281.236368,68.763632,350.000000,true,1126.073539,6450.000000,3240.430397,2274.963865,-1148.890326
baseline_constant_emissions_no_aether,"No AETHER, constant emissions",fixed_0p96_current,Fixed 0.96 current screen,2026,42.200000,0.000000,42.200000,0.000000,0.000000,0.960000,0.000000,42.200000,433.940256,433.940256,0.000000,350.000000,false,42.200000,0.000000,0.000000,0.000000,42.200000
baseline_constant_emissions_no_aether,"No AETHER, constant emissions",fixed_0p96_current,Fixed 0.96 current screen,2027,42.200000,0.000000,42.200000,0.000000,0.000000,0.960000,0.000000,42.200000,438.996277,439.350513,-0.354236,350.000000,false,84.400000,0.000000,0.000000,0.000000,84.400000
baseline_constant_emissions_no_aether,"No AETHER, constant emissions",fixed_0p96_current,Fixed 0.96 current screen,2028,42.200000,0.000000,42.200000,0.000000,0.000000,0.960000,0.000000,42.200000,443.763438,444.760769,-0.997332,350.000000,false,126.600000,0.000000,0.000000,0.000000,126.600000
baseline_constant_emissions_no_aether,"No AETHER, constant emissions",fixed_0p96_current,Fixed 0.96 current screen,2029,42.200000,0.000000,42.200000,0.000000,0.000000,0.960000,0.000000,42.200000,448.293762,450.171026,-1.877264,350.000000,false,168.800000,0.000000,0.000000,0.000000,168.800000
baseline_constant_emissions_no_aether,"No AETHER, constant emissions",fixed_0p96_current,Fixed 0.96 current screen,2030,42.200000,0.000000,42.200000,0.000000,0.000000,0.960000,0.000000,42.200000,452.628685,455.581282,-2.952597,350.000000,false,211.000000,0.000000,0.000000,0.000000,211.000000
baseline_constant_emissions_no_aether,"No AETHER, constant emissions",fixed_0p96_current,Fixed 0.96 current screen,2031,42.200000,0.000000,42.200000,0.000000,0.000000,0.960000,0.000000,42.200000,456.801243,460.991538,-4.190296,350.000000,false,253.200000,0.000000,0.000000,0.000000,253.200000
baseline_constant_emissions_no_aether,"No AETHER, constant emissions",fixed_0p96_current,Fixed 0.96 current screen,2032,42.200000,0.000000,42.200000,0.000000,0.000000,0.960000,0.000000,42.200000,460.837809,466.401795,-5.563986,350.000000,false,295.400000,0.000000,0.000000,0.000000,295.400000
baseline_constant_emissions_no_aether,"No AETHER, constant emissions",fixed_0p96_current,Fixed 0.96 current screen,2033,42.200000,0.000000,42.200000,0.000000,0.000000,0.960000,0.000000,42.200000,464.759472,471.812051,-7.052580,350.000000,false,337.600000,0.000000,0.000000,0.000000,337.600000
baseline_constant_emissions_no_aether,"No AETHER, constant emissions",fixed_0p96_current,Fixed 0.96 current screen,2034,42.200000,0.000000,42.200000,0.000000,0.000000,0.960000,0.000000,42.200000,468.583122,477.222308,-8.639186,350.000000,false,379.800000,0.000000,0.000000,0.000000,379.800000
baseline_constant_emissions_no_aether,"No AETHER, constant emissions",fixed_0p96_current,Fixed 0.96 current screen,2035,42.200000,0.000000,42.200000,0.000000,0.000000,0.960000,0.000000,42.200000,472.322321,482.632564,-10.310243,350.000000,false,422.000000,0.000000,0.000000,0.000000,422.000000
baseline_constant_emissions_no_aether,"No AETHER, constant emissions",fixed_0p96_current,Fixed 0.96 current screen,2036,42.200000,0.000000,42.200000,0.000000,0.000000,0.960000,0.000000,42.200000,475.987987,488.042821,-12.054833,350.000000,false,464.200000,0.000000,0.000000,0.000000,464.200000
baseline_constant_emissions_no_aether,"No AETHER, constant emissions",fixed_0p96_current,Fixed 0.96 current screen,2037,42.200000,0.000000,42.200000,0.000000,0.000000,0.960000,0.000000,42.200000,479.588938,493.453077,-13.864139,350.000000,false,506.400000,0.000000,0.000000,0.000000,506.400000
baseline_constant_emissions_no_aether,"No AETHER, constant emissions",fixed_0p96_current,Fixed 0.96 current screen,2038,42.200000,0.000000,42.200000,0.000000,0.000000,0.960000,0.000000,42.200000,483.132319,498.863333,-15.731014,350.000000,false,548.600000,0.000000,0.000000,0.000000,548.600000
baseline_constant_emissions_no_aether,"No AETHER, constant emissions",fixed_0p96_current,Fixed 0.96 current screen,2039,42.200000,0.000000,42.200000,0.000000,0.000000,0.960000,0.000000,42.200000,486.623952,504.273590,-17.649638,350.000000,false,590.800000,0.000000,0.000000,0.000000,590.800000
baseline_constant_emissions_no_aether,"No AETHER, constant emissions",fixed_0p96_current,Fixed 0.96 current screen,2040,42.200000,0.000000,42.200000,0.000000,0.000000,0.960000,0.000000,42.200000,490.068599,509.683846,-19.615248,350.000000,false,633.000000,0.000000,0.000000,0.000000,633.000000
baseline_constant_emissions_no_aether,"No AETHER, constant emissions",fixed_0p96_current,Fixed 0.96 current screen,2041,42.200000,0.000000,42.200000,0.000000,0.000000,0.960000,0.000000,42.200000,493.470182,515.094103,-21.623921,350.000000,false,675.200000,0.000000,0.000000,0.000000,675.200000
baseline_constant_emissions_no_aether,"No AETHER, constant emissions",fixed_0p96_current,Fixed 0.96 current screen,2042,42.200000,0.000000,42.200000,0.000000,0.000000,0.960000,0.000000,42.200000,496.831953,520.504359,-23.672406,350.000000,false,717.400000,0.000000,0.000000,0.000000,717.400000
baseline_constant_emissions_no_aether,"No AETHER, constant emissions",fixed_0p96_current,Fixed 0.96 current screen,2043,42.200000,0.000000,42.200000,0.000000,0.000000,0.960000,0.000000,42.200000,500.156627,525.914615,-25.757989,350.000000,false,759.600000,0.000000,0.000000,0.000000,759.600000
baseline_constant_emissions_no_aether,"No AETHER, constant emissions",fixed_0p96_current,Fixed 0.96 current screen,2044,42.200000,0.000000,42.200000,0.000000,0.000000,0.960000,0.000000,42.200000,503.446491,531.324872,-27.878381,350.000000,false,801.800000,0.000000,0.000000,0.000000,801.800000
baseline_constant_emissions_no_aether,"No AETHER, constant emissions",fixed_0p96_current,Fixed 0.96 current screen,2045,42.200000,0.000000,42.200000,0.000000,0.000000,0.960000,0.000000,42.200000,506.703489,536.735128,-30.031639,350.000000,false,844.000000,0.000000,0.000000,0.000000,844.000000
baseline_constant_emissions_no_aether,"No AETHER, constant emissions",fixed_0p96_current,Fixed 0.96 current screen,2046,42.200000,0.000000,42.200000,0.000000,0.000000,0.960000,0.000000,42.200000,509.929290,542.145385,-32.216095,350.000000,false,886.200000,0.000000,0.000000,0.000000,886.200000
baseline_constant_emissions_no_aether,"No AETHER, constant emissions",fixed_0p96_current,Fixed 0.96 current screen,2047,42.200000,0.000000,42.200000,0.000000,0.000000,0.960000,0.000000,42.200000,513.125341,547.555641,-34.430300,350.000000,false,928.400000,0.000000,0.000000,0.000000,928.400000
baseline_constant_emissions_no_aether,"No AETHER, constant emissions",fixed_0p96_current,Fixed 0.96 current screen,2048,42.200000,0.000000,42.200000,0.000000,0.000000,0.960000,0.000000,42.200000,516.292910,552.965897,-36.672988,350.000000,false,970.600000,0.000000,0.000000,0.000000,970.600000
baseline_constant_emissions_no_aether,"No AETHER, constant emissions",fixed_0p96_current,Fixed 0.96 current screen,2049,42.200000,0.000000,42.200000,0.000000,0.000000,0.960000,0.000000,42.200000,519.433119,558.376154,-38.943035,350.000000,false,1012.800000,0.000000,0.000000,0.000000,1012.800000
baseline_constant_emissions_no_aether,"No AETHER, constant emissions",fixed_0p96_current,Fixed 0.96 current screen,2050,42.200000,0.000000,42.200000,0.000000,0.000000,0.960000,0.000000,42.200000,522.546973,563.786410,-41.239437,350.000000,false,1055.000000,0.000000,0.000000,0.000000,1055.000000
baseline_constant_emissions_no_aether,"No AETHER, constant emissions",fixed_0p96_current,Fixed 0.96 current screen,2051,42.200000,0.000000,42.200000,0.000000,0.000000,0.960000,0.000000,42.200000,525.635379,569.196667,-43.561288,350.000000,false,1097.200000,0.000000,0.000000,0.000000,1097.200000
baseline_constant_emissions_no_aether,"No AETHER, constant emissions",fixed_0p96_current,Fixed 0.96 current screen,2052,42.200000,0.000000,42.200000,0.000000,0.000000,0.960000,0.000000,42.200000,528.699166,574.606923,-45.907757,350.000000,false,1139.400000,0.000000,0.000000,0.000000,1139.400000
baseline_constant_emissions_no_aether,"No AETHER, constant emissions",fixed_0p96_current,Fixed 0.96 current screen,2053,42.200000,0.000000,42.200000,0.000000,0.000000,0.960000,0.000000,42.200000,531.739095,580.017179,-48.278084,350.000000,false,1181.600000,0.000000,0.000000,0.000000,1181.600000
baseline_constant_emissions_no_aether,"No AETHER, constant emissions",fixed_0p96_current,Fixed 0.96 current screen,2054,42.200000,0.000000,42.200000,0.000000,0.000000,0.960000,0.000000,42.200000,534.755873,585.427436,-50.671563,350.000000,false,1223.800000,0.000000,0.000000,0.000000,1223.800000
baseline_constant_emissions_no_aether,"No AETHER, constant emissions",fixed_0p96_current,Fixed 0.96 current screen,2055,42.200000,0.000000,42.200000,0.000000,0.000000,0.960000,0.000000,42.200000,537.750161,590.837692,-53.087531,350.000000,false,1266.000000,0.000000,0.000000,0.000000,1266.000000
baseline_constant_emissions_no_aether,"No AETHER, constant emissions",fixed_0p96_current,Fixed 0.96 current screen,2056,42.200000,0.000000,42.200000,0.000000,0.000000,0.960000,0.000000,42.200000,540.722579,596.247949,-55.525370,350.000000,false,1308.200000,0.000000,0.000000,0.000000,1308.200000
baseline_constant_emissions_no_aether,"No AETHER, constant emissions",fixed_0p96_current,Fixed 0.96 current screen,2057,42.200000,0.000000,42.200000,0.000000,0.000000,0.960000,0.000000,42.200000,543.673714,601.658205,-57.984491,350.000000,false,1350.400000,0.000000,0.000000,0.000000,1350.400000
baseline_constant_emissions_no_aether,"No AETHER, constant emissions",fixed_0p96_current,Fixed 0.96 current screen,2058,42.200000,0.000000,42.200000,0.000000,0.000000,0.960000,0.000000,42.200000,546.604123,607.068462,-60.464338,350.000000,false,1392.600000,0.000000,0.000000,0.000000,1392.600000
baseline_constant_emissions_no_aether,"No AETHER, constant emissions",fixed_0p96_current,Fixed 0.96 current screen,2059,42.200000,0.000000,42.200000,0.000000,0.000000,0.960000,0.000000,42.200000,549.514339,612.478718,-62.964379,350.000000,false,1434.800000,0.000000,0.000000,0.000000,1434.800000
baseline_constant_emissions_no_aether,"No AETHER, constant emissions",fixed_0p96_current,Fixed 0.96 current screen,2060,42.200000,0.000000,42.200000,0.000000,0.000000,0.960000,0.000000,42.200000,552.404870,617.888974,-65.484104,350.000000,false,1477.000000,0.000000,0.000000,0.000000,1477.000000
baseline_constant_emissions_no_aether,"No AETHER, constant emissions",fixed_0p96_current,Fixed 0.96 current screen,2061,42.200000,0.000000,42.200000,0.000000,0.000000,0.960000,0.000000,42.200000,555.276205,623.299231,-68.023026,350.000000,false,1519.200000,0.000000,0.000000,0.000000,1519.200000
baseline_constant_emissions_no_aether,"No AETHER, constant emissions",fixed_0p96_current,Fixed 0.96 current screen,2062,42.200000,0.000000,42.200000,0.000000,0.000000,0.960000,0.000000,42.200000,558.128813,628.709487,-70.580674,350.000000,false,1561.400000,0.000000,0.000000,0.000000,1561.400000
baseline_constant_emissions_no_aether,"No AETHER, constant emissions",fixed_0p96_current,Fixed 0.96 current screen,2063,42.200000,0.000000,42.200000,0.000000,0.000000,0.960000,0.000000,42.200000,560.963149,634.119744,-73.156595,350.000000,false,1603.600000,0.000000,0.000000,0.000000,1603.600000
baseline_constant_emissions_no_aether,"No AETHER, constant emissions",fixed_0p96_current,Fixed 0.96 current screen,2064,42.200000,0.000000,42.200000,0.000000,0.000000,0.960000,0.000000,42.200000,563.779649,639.530000,-75.750351,350.000000,false,1645.800000,0.000000,0.000000,0.000000,1645.800000
baseline_constant_emissions_no_aether,"No AETHER, constant emissions",fixed_0p96_current,Fixed 0.96 current screen,2065,42.200000,0.000000,42.200000,0.000000,0.000000,0.960000,0.000000,42.200000,566.578738,644.940256,-78.361518,350.000000,false,1688.000000,0.000000,0.000000,0.000000,1688.000000
baseline_constant_emissions_no_aether,"No AETHER, constant emissions",fixed_0p96_current,Fixed 0.96 current screen,2066,42.200000,0.000000,42.200000,0.000000,0.000000,0.960000,0.000000,42.200000,569.360825,650.350513,-80.989688,350.000000,false,1730.200000,0.000000,0.000000,0.000000,1730.200000
baseline_constant_emissions_no_aether,"No AETHER, constant emissions",fixed_0p96_current,Fixed 0.96 current screen,2067,42.200000,0.000000,42.200000,0.000000,0.000000,0.960000,0.000000,42.200000,572.126308,655.760769,-83.634461,350.000000,false,1772.400000,0.000000,0.000000,0.000000,1772.400000
baseline_constant_emissions_no_aether,"No AETHER, constant emissions",fixed_0p96_current,Fixed 0.96 current screen,2068,42.200000,0.000000,42.200000,0.000000,0.000000,0.960000,0.000000,42.200000,574.875572,661.171026,-86.295453,350.000000,false,1814.600000,0.000000,0.000000,0.000000,1814.600000
baseline_constant_emissions_no_aether,"No AETHER, constant emissions",fixed_0p96_current,Fixed 0.96 current screen,2069,42.200000,0.000000,42.200000,0.000000,0.000000,0.960000,0.000000,42.200000,577.608992,666.581282,-88.972290,350.000000,false,1856.800000,0.000000,0.000000,0.000000,1856.800000
baseline_constant_emissions_no_aether,"No AETHER, constant emissions",fixed_0p96_current,Fixed 0.96 current screen,2070,42.200000,0.000000,42.200000,0.000000,0.000000,0.960000,0.000000,42.200000,580.326931,671.991538,-91.664607,350.000000,false,1899.000000,0.000000,0.000000,0.000000,1899.000000
baseline_constant_emissions_no_aether,"No AETHER, constant emissions",fixed_0p96_current,Fixed 0.96 current screen,2071,42.200000,0.000000,42.200000,0.000000,0.000000,0.960000,0.000000,42.200000,583.029742,677.401795,-94.372052,350.000000,false,1941.200000,0.000000,0.000000,0.000000,1941.200000
baseline_constant_emissions_no_aether,"No AETHER, constant emissions",fixed_0p96_current,Fixed 0.96 current screen,2072,42.200000,0.000000,42.200000,0.000000,0.000000,0.960000,0.000000,42.200000,585.717769,682.812051,-97.094282,350.000000,false,1983.400000,0.000000,0.000000,0.000000,1983.400000
baseline_constant_emissions_no_aether,"No AETHER, constant emissions",fixed_0p96_current,Fixed 0.96 current screen,2073,42.200000,0.000000,42.200000,0.000000,0.000000,0.960000,0.000000,42.200000,588.391345,688.222308,-99.830962,350.000000,false,2025.600000,0.000000,0.000000,0.000000,2025.600000
baseline_constant_emissions_no_aether,"No AETHER, constant emissions",fixed_0p96_current,Fixed 0.96 current screen,2074,42.200000,0.000000,42.200000,0.000000,0.000000,0.960000,0.000000,42.200000,591.050795,693.632564,-102.581769,350.000000,false,2067.800000,0.000000,0.000000,0.000000,2067.800000
baseline_constant_emissions_no_aether,"No AETHER, constant emissions",fixed_0p96_current,Fixed 0.96 current screen,2075,42.200000,0.000000,42.200000,0.000000,0.000000,0.960000,0.000000,42.200000,593.696435,699.042821,-105.346386,350.000000,false,2110.000000,0.000000,0.000000,0.000000,2110.000000
baseline_constant_emissions_no_aether,"No AETHER, constant emissions",fixed_0p96_current,Fixed 0.96 current screen,2076,42.200000,0.000000,42.200000,0.000000,0.000000,0.960000,0.000000,42.200000,596.328571,704.453077,-108.124506,350.000000,false,2152.200000,0.000000,0.000000,0.000000,2152.200000
baseline_constant_emissions_no_aether,"No AETHER, constant emissions",fixed_0p96_current,Fixed 0.96 current screen,2077,42.200000,0.000000,42.200000,0.000000,0.000000,0.960000,0.000000,42.200000,598.947503,709.863333,-110.915830,350.000000,false,2194.400000,0.000000,0.000000,0.000000,2194.400000
baseline_constant_emissions_no_aether,"No AETHER, constant emissions",fixed_0p96_current,Fixed 0.96 current screen,2078,42.200000,0.000000,42.200000,0.000000,0.000000,0.960000,0.000000,42.200000,601.553521,715.273590,-113.720069,350.000000,false,2236.600000,0.000000,0.000000,0.000000,2236.600000
baseline_constant_emissions_no_aether,"No AETHER, constant emissions",fixed_0p96_current,Fixed 0.96 current screen,2079,42.200000,0.000000,42.200000,0.000000,0.000000,0.960000,0.000000,42.200000,604.146909,720.683846,-116.536937,350.000000,false,2278.800000,0.000000,0.000000,0.000000,2278.800000
baseline_constant_emissions_no_aether,"No AETHER, constant emissions",fixed_0p96_current,Fixed 0.96 current screen,2080,42.200000,0.000000,42.200000,0.000000,0.000000,0.960000,0.000000,42.200000,606.727942,726.094103,-119.366161,350.000000,false,2321.000000,0.000000,0.000000,0.000000,2321.000000
baseline_constant_emissions_no_aether,"No AETHER, constant emissions",fixed_0p96_current,Fixed 0.96 current screen,2081,42.200000,0.000000,42.200000,0.000000,0.000000,0.960000,0.000000,42.200000,609.296888,731.504359,-122.207471,350.000000,false,2363.200000,0.000000,0.000000,0.000000,2363.200000
baseline_constant_emissions_no_aether,"No AETHER, constant emissions",fixed_0p96_current,Fixed 0.96 current screen,2082,42.200000,0.000000,42.200000,0.000000,0.000000,0.960000,0.000000,42.200000,611.854008,736.914615,-125.060608,350.000000,false,2405.400000,0.000000,0.000000,0.000000,2405.400000
baseline_constant_emissions_no_aether,"No AETHER, constant emissions",fixed_0p96_current,Fixed 0.96 current screen,2083,42.200000,0.000000,42.200000,0.000000,0.000000,0.960000,0.000000,42.200000,614.399556,742.324872,-127.925316,350.000000,false,2447.600000,0.000000,0.000000,0.000000,2447.600000
baseline_constant_emissions_no_aether,"No AETHER, constant emissions",fixed_0p96_current,Fixed 0.96 current screen,2084,42.200000,0.000000,42.200000,0.000000,0.000000,0.960000,0.000000,42.200000,616.933780,747.735128,-130.801348,350.000000,false,2489.800000,0.000000,0.000000,0.000000,2489.800000
baseline_constant_emissions_no_aether,"No AETHER, constant emissions",fixed_0p96_current,Fixed 0.96 current screen,2085,42.200000,0.000000,42.200000,0.000000,0.000000,0.960000,0.000000,42.200000,619.456920,753.145385,-133.688464,350.000000,false,2532.000000,0.000000,0.000000,0.000000,2532.000000
baseline_constant_emissions_no_aether,"No AETHER, constant emissions",fixed_0p96_current,Fixed 0.96 current screen,2086,42.200000,0.000000,42.200000,0.000000,0.000000,0.960000,0.000000,42.200000,621.969212,758.555641,-136.586429,350.000000,false,2574.200000,0.000000,0.000000,0.000000,2574.200000
baseline_constant_emissions_no_aether,"No AETHER, constant emissions",fixed_0p96_current,Fixed 0.96 current screen,2087,42.200000,0.000000,42.200000,0.000000,0.000000,0.960000,0.000000,42.200000,624.470882,763.965897,-139.495015,350.000000,false,2616.400000,0.000000,0.000000,0.000000,2616.400000
baseline_constant_emissions_no_aether,"No AETHER, constant emissions",fixed_0p96_current,Fixed 0.96 current screen,2088,42.200000,0.000000,42.200000,0.000000,0.000000,0.960000,0.000000,42.200000,626.962155,769.376154,-142.413999,350.000000,false,2658.600000,0.000000,0.000000,0.000000,2658.600000
baseline_constant_emissions_no_aether,"No AETHER, constant emissions",fixed_0p96_current,Fixed 0.96 current screen,2089,42.200000,0.000000,42.200000,0.000000,0.000000,0.960000,0.000000,42.200000,629.443245,774.786410,-145.343165,350.000000,false,2700.800000,0.000000,0.000000,0.000000,2700.800000
baseline_constant_emissions_no_aether,"No AETHER, constant emissions",fixed_0p96_current,Fixed 0.96 current screen,2090,42.200000,0.000000,42.200000,0.000000,0.000000,0.960000,0.000000,42.200000,631.914364,780.196667,-148.282303,350.000000,false,2743.000000,0.000000,0.000000,0.000000,2743.000000
baseline_constant_emissions_no_aether,"No AETHER, constant emissions",fixed_0p96_current,Fixed 0.96 current screen,2091,42.200000,0.000000,42.200000,0.000000,0.000000,0.960000,0.000000,42.200000,634.375717,785.606923,-151.231206,350.000000,false,2785.200000,0.000000,0.000000,0.000000,2785.200000
baseline_constant_emissions_no_aether,"No AETHER, constant emissions",fixed_0p96_current,Fixed 0.96 current screen,2092,42.200000,0.000000,42.200000,0.000000,0.000000,0.960000,0.000000,42.200000,636.827504,791.017179,-154.189676,350.000000,false,2827.400000,0.000000,0.000000,0.000000,2827.400000
baseline_constant_emissions_no_aether,"No AETHER, constant emissions",fixed_0p96_current,Fixed 0.96 current screen,2093,42.200000,0.000000,42.200000,0.000000,0.000000,0.960000,0.000000,42.200000,639.269919,796.427436,-157.157517,350.000000,false,2869.600000,0.000000,0.000000,0.000000,2869.600000
baseline_constant_emissions_no_aether,"No AETHER, constant emissions",fixed_0p96_current,Fixed 0.96 current screen,2094,42.200000,0.000000,42.200000,0.000000,0.000000,0.960000,0.000000,42.200000,641.703152,801.837692,-160.134541,350.000000,false,2911.800000,0.000000,0.000000,0.000000,2911.800000
baseline_constant_emissions_no_aether,"No AETHER, constant emissions",fixed_0p96_current,Fixed 0.96 current screen,2095,42.200000,0.000000,42.200000,0.000000,0.000000,0.960000,0.000000,42.200000,644.127387,807.247949,-163.120562,350.000000,false,2954.000000,0.000000,0.000000,0.000000,2954.000000
baseline_constant_emissions_no_aether,"No AETHER, constant emissions",fixed_0p96_current,Fixed 0.96 current screen,2096,42.200000,0.000000,42.200000,0.000000,0.000000,0.960000,0.000000,42.200000,646.542805,812.658205,-166.115401,350.000000,false,2996.200000,0.000000,0.000000,0.000000,2996.200000
baseline_constant_emissions_no_aether,"No AETHER, constant emissions",fixed_0p96_current,Fixed 0.96 current screen,2097,42.200000,0.000000,42.200000,0.000000,0.000000,0.960000,0.000000,42.200000,648.949579,818.068462,-169.118882,350.000000,false,3038.400000,0.000000,0.000000,0.000000,3038.400000
baseline_constant_emissions_no_aether,"No AETHER, constant emissions",fixed_0p96_current,Fixed 0.96 current screen,2098,42.200000,0.000000,42.200000,0.000000,0.000000,0.960000,0.000000,42.200000,651.347882,823.478718,-172.130836,350.000000,false,3080.600000,0.000000,0.000000,0.000000,3080.600000
baseline_constant_emissions_no_aether,"No AETHER, constant emissions",fixed_0p96_current,Fixed 0.96 current screen,2099,42.200000,0.000000,42.200000,0.000000,0.000000,0.960000,0.000000,42.200000,653.737878,828.888974,-175.151096,350.000000,false,3122.800000,0.000000,0.000000,0.000000,3122.800000
baseline_constant_emissions_no_aether,"No AETHER, constant emissions",fixed_0p96_current,Fixed 0.96 current screen,2100,42.200000,0.000000,42.200000,0.000000,0.000000,0.960000,0.000000,42.200000,656.119729,834.299231,-178.179501,350.000000,false,3165.000000,0.000000,0.000000,0.000000,3165.000000
baseline_constant_emissions_no_aether,"No AETHER, constant emissions",optimistic_active_management,Optimistic active management,2026,42.200000,0.000000,42.200000,0.000000,0.000000,0.980000,0.000000,42.200000,433.940256,433.940256,0.000000,350.000000,false,42.200000,0.000000,0.000000,0.000000,42.200000
baseline_constant_emissions_no_aether,"No AETHER, constant emissions",optimistic_active_management,Optimistic active management,2027,42.200000,0.000000,42.200000,0.000000,0.000000,0.980000,0.000000,42.200000,438.996277,439.350513,-0.354236,350.000000,false,84.400000,0.000000,0.000000,0.000000,84.400000
baseline_constant_emissions_no_aether,"No AETHER, constant emissions",optimistic_active_management,Optimistic active management,2028,42.200000,0.000000,42.200000,0.000000,0.000000,0.980000,0.000000,42.200000,443.763438,444.760769,-0.997332,350.000000,false,126.600000,0.000000,0.000000,0.000000,126.600000
baseline_constant_emissions_no_aether,"No AETHER, constant emissions",optimistic_active_management,Optimistic active management,2029,42.200000,0.000000,42.200000,0.000000,0.000000,0.980000,0.000000,42.200000,448.293762,450.171026,-1.877264,350.000000,false,168.800000,0.000000,0.000000,0.000000,168.800000
baseline_constant_emissions_no_aether,"No AETHER, constant emissions",optimistic_active_management,Optimistic active management,2030,42.200000,0.000000,42.200000,0.000000,0.000000,0.980000,0.000000,42.200000,452.628685,455.581282,-2.952597,350.000000,false,211.000000,0.000000,0.000000,0.000000,211.000000
baseline_constant_emissions_no_aether,"No AETHER, constant emissions",optimistic_active_management,Optimistic active management,2031,42.200000,0.000000,42.200000,0.000000,0.000000,0.980000,0.000000,42.200000,456.801243,460.991538,-4.190296,350.000000,false,253.200000,0.000000,0.000000,0.000000,253.200000
baseline_constant_emissions_no_aether,"No AETHER, constant emissions",optimistic_active_management,Optimistic active management,2032,42.200000,0.000000,42.200000,0.000000,0.000000,0.980000,0.000000,42.200000,460.837809,466.401795,-5.563986,350.000000,false,295.400000,0.000000,0.000000,0.000000,295.400000
baseline_constant_emissions_no_aether,"No AETHER, constant emissions",optimistic_active_management,Optimistic active management,2033,42.200000,0.000000,42.200000,0.000000,0.000000,0.980000,0.000000,42.200000,464.759472,471.812051,-7.052580,350.000000,false,337.600000,0.000000,0.000000,0.000000,337.600000
baseline_constant_emissions_no_aether,"No AETHER, constant emissions",optimistic_active_management,Optimistic active management,2034,42.200000,0.000000,42.200000,0.000000,0.000000,0.980000,0.000000,42.200000,468.583122,477.222308,-8.639186,350.000000,false,379.800000,0.000000,0.000000,0.000000,379.800000
baseline_constant_emissions_no_aether,"No AETHER, constant emissions",optimistic_active_management,Optimistic active management,2035,42.200000,0.000000,42.200000,0.000000,0.000000,0.980000,0.000000,42.200000,472.322321,482.632564,-10.310243,350.000000,false,422.000000,0.000000,0.000000,0.000000,422.000000
baseline_constant_emissions_no_aether,"No AETHER, constant emissions",optimistic_active_management,Optimistic active management,2036,42.200000,0.000000,42.200000,0.000000,0.000000,0.980000,0.000000,42.200000,475.987987,488.042821,-12.054833,350.000000,false,464.200000,0.000000,0.000000,0.000000,464.200000
baseline_constant_emissions_no_aether,"No AETHER, constant emissions",optimistic_active_management,Optimistic active management,2037,42.200000,0.000000,42.200000,0.000000,0.000000,0.980000,0.000000,42.200000,479.588938,493.453077,-13.864139,350.000000,false,506.400000,0.000000,0.000000,0.000000,506.400000
baseline_constant_emissions_no_aether,"No AETHER, constant emissions",optimistic_active_management,Optimistic active management,2038,42.200000,0.000000,42.200000,0.000000,0.000000,0.980000,0.000000,42.200000,483.132319,498.863333,-15.731014,350.000000,false,548.600000,0.000000,0.000000,0.000000,548.600000
baseline_constant_emissions_no_aether,"No AETHER, constant emissions",optimistic_active_management,Optimistic active management,2039,42.200000,0.000000,42.200000,0.000000,0.000000,0.980000,0.000000,42.200000,486.623952,504.273590,-17.649638,350.000000,false,590.800000,0.000000,0.000000,0.000000,590.800000
baseline_constant_emissions_no_aether,"No AETHER, constant emissions",optimistic_active_management,Optimistic active management,2040,42.200000,0.000000,42.200000,0.000000,0.000000,0.980000,0.000000,42.200000,490.068599,509.683846,-19.615248,350.000000,false,633.000000,0.000000,0.000000,0.000000,633.000000
baseline_constant_emissions_no_aether,"No AETHER, constant emissions",optimistic_active_management,Optimistic active management,2041,42.200000,0.000000,42.200000,0.000000,0.000000,0.980000,0.000000,42.200000,493.470182,515.094103,-21.623921,350.000000,false,675.200000,0.000000,0.000000,0.000000,675.200000
baseline_constant_emissions_no_aether,"No AETHER, constant emissions",optimistic_active_management,Optimistic active management,2042,42.200000,0.000000,42.200000,0.000000,0.000000,0.980000,0.000000,42.200000,496.831953,520.504359,-23.672406,350.000000,false,717.400000,0.000000,0.000000,0.000000,717.400000
baseline_constant_emissions_no_aether,"No AETHER, constant emissions",optimistic_active_management,Optimistic active management,2043,42.200000,0.000000,42.200000,0.000000,0.000000,0.980000,0.000000,42.200000,500.156627,525.914615,-25.757989,350.000000,false,759.600000,0.000000,0.000000,0.000000,759.600000
baseline_constant_emissions_no_aether,"No AETHER, constant emissions",optimistic_active_management,Optimistic active management,2044,42.200000,0.000000,42.200000,0.000000,0.000000,0.980000,0.000000,42.200000,503.446491,531.324872,-27.878381,350.000000,false,801.800000,0.000000,0.000000,0.000000,801.800000
baseline_constant_emissions_no_aether,"No AETHER, constant emissions",optimistic_active_management,Optimistic active management,2045,42.200000,0.000000,42.200000,0.000000,0.000000,0.980000,0.000000,42.200000,506.703489,536.735128,-30.031639,350.000000,false,844.000000,0.000000,0.000000,0.000000,844.000000
baseline_constant_emissions_no_aether,"No AETHER, constant emissions",optimistic_active_management,Optimistic active management,2046,42.200000,0.000000,42.200000,0.000000,0.000000,0.980000,0.000000,42.200000,509.929290,542.145385,-32.216095,350.000000,false,886.200000,0.000000,0.000000,0.000000,886.200000
baseline_constant_emissions_no_aether,"No AETHER, constant emissions",optimistic_active_management,Optimistic active management,2047,42.200000,0.000000,42.200000,0.000000,0.000000,0.980000,0.000000,42.200000,513.125341,547.555641,-34.430300,350.000000,false,928.400000,0.000000,0.000000,0.000000,928.400000
baseline_constant_emissions_no_aether,"No AETHER, constant emissions",optimistic_active_management,Optimistic active management,2048,42.200000,0.000000,42.200000,0.000000,0.000000,0.980000,0.000000,42.200000,516.292910,552.965897,-36.672988,350.000000,false,970.600000,0.000000,0.000000,0.000000,970.600000
baseline_constant_emissions_no_aether,"No AETHER, constant emissions",optimistic_active_management,Optimistic active management,2049,42.200000,0.000000,42.200000,0.000000,0.000000,0.980000,0.000000,42.200000,519.433119,558.376154,-38.943035,350.000000,false,1012.800000,0.000000,0.000000,0.000000,1012.800000
baseline_constant_emissions_no_aether,"No AETHER, constant emissions",optimistic_active_management,Optimistic active management,2050,42.200000,0.000000,42.200000,0.000000,0.000000,0.980000,0.000000,42.200000,522.546973,563.786410,-41.239437,350.000000,false,1055.000000,0.000000,0.000000,0.000000,1055.000000
baseline_constant_emissions_no_aether,"No AETHER, constant emissions",optimistic_active_management,Optimistic active management,2051,42.200000,0.000000,42.200000,0.000000,0.000000,0.980000,0.000000,42.200000,525.635379,569.196667,-43.561288,350.000000,false,1097.200000,0.000000,0.000000,0.000000,1097.200000
baseline_constant_emissions_no_aether,"No AETHER, constant emissions",optimistic_active_management,Optimistic active management,2052,42.200000,0.000000,42.200000,0.000000,0.000000,0.980000,0.000000,42.200000,528.699166,574.606923,-45.907757,350.000000,false,1139.400000,0.000000,0.000000,0.000000,1139.400000
baseline_constant_emissions_no_aether,"No AETHER, constant emissions",optimistic_active_management,Optimistic active management,2053,42.200000,0.000000,42.200000,0.000000,0.000000,0.980000,0.000000,42.200000,531.739095,580.017179,-48.278084,350.000000,false,1181.600000,0.000000,0.000000,0.000000,1181.600000
baseline_constant_emissions_no_aether,"No AETHER, constant emissions",optimistic_active_management,Optimistic active management,2054,42.200000,0.000000,42.200000,0.000000,0.000000,0.980000,0.000000,42.200000,534.755873,585.427436,-50.671563,350.000000,false,1223.800000,0.000000,0.000000,0.000000,1223.800000
baseline_constant_emissions_no_aether,"No AETHER, constant emissions",optimistic_active_management,Optimistic active management,2055,42.200000,0.000000,42.200000,0.000000,0.000000,0.980000,0.000000,42.200000,537.750161,590.837692,-53.087531,350.000000,false,1266.000000,0.000000,0.000000,0.000000,1266.000000
baseline_constant_emissions_no_aether,"No AETHER, constant emissions",optimistic_active_management,Optimistic active management,2056,42.200000,0.000000,42.200000,0.000000,0.000000,0.980000,0.000000,42.200000,540.722579,596.247949,-55.525370,350.000000,false,1308.200000,0.000000,0.000000,0.000000,1308.200000
baseline_constant_emissions_no_aether,"No AETHER, constant emissions",optimistic_active_management,Optimistic active management,2057,42.200000,0.000000,42.200000,0.000000,0.000000,0.980000,0.000000,42.200000,543.673714,601.658205,-57.984491,350.000000,false,1350.400000,0.000000,0.000000,0.000000,1350.400000
baseline_constant_emissions_no_aether,"No AETHER, constant emissions",optimistic_active_management,Optimistic active management,2058,42.200000,0.000000,42.200000,0.000000,0.000000,0.980000,0.000000,42.200000,546.604123,607.068462,-60.464338,350.000000,false,1392.600000,0.000000,0.000000,0.000000,1392.600000
baseline_constant_emissions_no_aether,"No AETHER, constant emissions",optimistic_active_management,Optimistic active management,2059,42.200000,0.000000,42.200000,0.000000,0.000000,0.980000,0.000000,42.200000,549.514339,612.478718,-62.964379,350.000000,false,1434.800000,0.000000,0.000000,0.000000,1434.800000
baseline_constant_emissions_no_aether,"No AETHER, constant emissions",optimistic_active_management,Optimistic active management,2060,42.200000,0.000000,42.200000,0.000000,0.000000,0.980000,0.000000,42.200000,552.404870,617.888974,-65.484104,350.000000,false,1477.000000,0.000000,0.000000,0.000000,1477.000000
baseline_constant_emissions_no_aether,"No AETHER, constant emissions",optimistic_active_management,Optimistic active management,2061,42.200000,0.000000,42.200000,0.000000,0.000000,0.980000,0.000000,42.200000,555.276205,623.299231,-68.023026,350.000000,false,1519.200000,0.000000,0.000000,0.000000,1519.200000
baseline_constant_emissions_no_aether,"No AETHER, constant emissions",optimistic_active_management,Optimistic active management,2062,42.200000,0.000000,42.200000,0.000000,0.000000,0.980000,0.000000,42.200000,558.128813,628.709487,-70.580674,350.000000,false,1561.400000,0.000000,0.000000,0.000000,1561.400000
baseline_constant_emissions_no_aether,"No AETHER, constant emissions",optimistic_active_management,Optimistic active management,2063,42.200000,0.000000,42.200000,0.000000,0.000000,0.980000,0.000000,42.200000,560.963149,634.119744,-73.156595,350.000000,false,1603.600000,0.000000,0.000000,0.000000,1603.600000
baseline_constant_emissions_no_aether,"No AETHER, constant emissions",optimistic_active_management,Optimistic active management,2064,42.200000,0.000000,42.200000,0.000000,0.000000,0.980000,0.000000,42.200000,563.779649,639.530000,-75.750351,350.000000,false,1645.800000,0.000000,0.000000,0.000000,1645.800000
baseline_constant_emissions_no_aether,"No AETHER, constant emissions",optimistic_active_management,Optimistic active management,2065,42.200000,0.000000,42.200000,0.000000,0.000000,0.980000,0.000000,42.200000,566.578738,644.940256,-78.361518,350.000000,false,1688.000000,0.000000,0.000000,0.000000,1688.000000
baseline_constant_emissions_no_aether,"No AETHER, constant emissions",optimistic_active_management,Optimistic active management,2066,42.200000,0.000000,42.200000,0.000000,0.000000,0.980000,0.000000,42.200000,569.360825,650.350513,-80.989688,350.000000,false,1730.200000,0.000000,0.000000,0.000000,1730.200000
baseline_constant_emissions_no_aether,"No AETHER, constant emissions",optimistic_active_management,Optimistic active management,2067,42.200000,0.000000,42.200000,0.000000,0.000000,0.980000,0.000000,42.200000,572.126308,655.760769,-83.634461,350.000000,false,1772.400000,0.000000,0.000000,0.000000,1772.400000
baseline_constant_emissions_no_aether,"No AETHER, constant emissions",optimistic_active_management,Optimistic active management,2068,42.200000,0.000000,42.200000,0.000000,0.000000,0.980000,0.000000,42.200000,574.875572,661.171026,-86.295453,350.000000,false,1814.600000,0.000000,0.000000,0.000000,1814.600000
baseline_constant_emissions_no_aether,"No AETHER, constant emissions",optimistic_active_management,Optimistic active management,2069,42.200000,0.000000,42.200000,0.000000,0.000000,0.980000,0.000000,42.200000,577.608992,666.581282,-88.972290,350.000000,false,1856.800000,0.000000,0.000000,0.000000,1856.800000
baseline_constant_emissions_no_aether,"No AETHER, constant emissions",optimistic_active_management,Optimistic active management,2070,42.200000,0.000000,42.200000,0.000000,0.000000,0.980000,0.000000,42.200000,580.326931,671.991538,-91.664607,350.000000,false,1899.000000,0.000000,0.000000,0.000000,1899.000000
baseline_constant_emissions_no_aether,"No AETHER, constant emissions",optimistic_active_management,Optimistic active management,2071,42.200000,0.000000,42.200000,0.000000,0.000000,0.980000,0.000000,42.200000,583.029742,677.401795,-94.372052,350.000000,false,1941.200000,0.000000,0.000000,0.000000,1941.200000
baseline_constant_emissions_no_aether,"No AETHER, constant emissions",optimistic_active_management,Optimistic active management,2072,42.200000,0.000000,42.200000,0.000000,0.000000,0.980000,0.000000,42.200000,585.717769,682.812051,-97.094282,350.000000,false,1983.400000,0.000000,0.000000,0.000000,1983.400000
baseline_constant_emissions_no_aether,"No AETHER, constant emissions",optimistic_active_management,Optimistic active management,2073,42.200000,0.000000,42.200000,0.000000,0.000000,0.980000,0.000000,42.200000,588.391345,688.222308,-99.830962,350.000000,false,2025.600000,0.000000,0.000000,0.000000,2025.600000
baseline_constant_emissions_no_aether,"No AETHER, constant emissions",optimistic_active_management,Optimistic active management,2074,42.200000,0.000000,42.200000,0.000000,0.000000,0.980000,0.000000,42.200000,591.050795,693.632564,-102.581769,350.000000,false,2067.800000,0.000000,0.000000,0.000000,2067.800000
baseline_constant_emissions_no_aether,"No AETHER, constant emissions",optimistic_active_management,Optimistic active management,2075,42.200000,0.000000,42.200000,0.000000,0.000000,0.980000,0.000000,42.200000,593.696435,699.042821,-105.346386,350.000000,false,2110.000000,0.000000,0.000000,0.000000,2110.000000
baseline_constant_emissions_no_aether,"No AETHER, constant emissions",optimistic_active_management,Optimistic active management,2076,42.200000,0.000000,42.200000,0.000000,0.000000,0.980000,0.000000,42.200000,596.328571,704.453077,-108.124506,350.000000,false,2152.200000,0.000000,0.000000,0.000000,2152.200000
baseline_constant_emissions_no_aether,"No AETHER, constant emissions",optimistic_active_management,Optimistic active management,2077,42.200000,0.000000,42.200000,0.000000,0.000000,0.980000,0.000000,42.200000,598.947503,709.863333,-110.915830,350.000000,false,2194.400000,0.000000,0.000000,0.000000,2194.400000
baseline_constant_emissions_no_aether,"No AETHER, constant emissions",optimistic_active_management,Optimistic active management,2078,42.200000,0.000000,42.200000,0.000000,0.000000,0.980000,0.000000,42.200000,601.553521,715.273590,-113.720069,350.000000,false,2236.600000,0.000000,0.000000,0.000000,2236.600000
baseline_constant_emissions_no_aether,"No AETHER, constant emissions",optimistic_active_management,Optimistic active management,2079,42.200000,0.000000,42.200000,0.000000,0.000000,0.980000,0.000000,42.200000,604.146909,720.683846,-116.536937,350.000000,false,2278.800000,0.000000,0.000000,0.000000,2278.800000
baseline_constant_emissions_no_aether,"No AETHER, constant emissions",optimistic_active_management,Optimistic active management,2080,42.200000,0.000000,42.200000,0.000000,0.000000,0.980000,0.000000,42.200000,606.727942,726.094103,-119.366161,350.000000,false,2321.000000,0.000000,0.000000,0.000000,2321.000000
baseline_constant_emissions_no_aether,"No AETHER, constant emissions",optimistic_active_management,Optimistic active management,2081,42.200000,0.000000,42.200000,0.000000,0.000000,0.980000,0.000000,42.200000,609.296888,731.504359,-122.207471,350.000000,false,2363.200000,0.000000,0.000000,0.000000,2363.200000
baseline_constant_emissions_no_aether,"No AETHER, constant emissions",optimistic_active_management,Optimistic active management,2082,42.200000,0.000000,42.200000,0.000000,0.000000,0.980000,0.000000,42.200000,611.854008,736.914615,-125.060608,350.000000,false,2405.400000,0.000000,0.000000,0.000000,2405.400000
baseline_constant_emissions_no_aether,"No AETHER, constant emissions",optimistic_active_management,Optimistic active management,2083,42.200000,0.000000,42.200000,0.000000,0.000000,0.980000,0.000000,42.200000,614.399556,742.324872,-127.925316,350.000000,false,2447.600000,0.000000,0.000000,0.000000,2447.600000
baseline_constant_emissions_no_aether,"No AETHER, constant emissions",optimistic_active_management,Optimistic active management,2084,42.200000,0.000000,42.200000,0.000000,0.000000,0.980000,0.000000,42.200000,616.933780,747.735128,-130.801348,350.000000,false,2489.800000,0.000000,0.000000,0.000000,2489.800000
baseline_constant_emissions_no_aether,"No AETHER, constant emissions",optimistic_active_management,Optimistic active management,2085,42.200000,0.000000,42.200000,0.000000,0.000000,0.980000,0.000000,42.200000,619.456920,753.145385,-133.688464,350.000000,false,2532.000000,0.000000,0.000000,0.000000,2532.000000
baseline_constant_emissions_no_aether,"No AETHER, constant emissions",optimistic_active_management,Optimistic active management,2086,42.200000,0.000000,42.200000,0.000000,0.000000,0.980000,0.000000,42.200000,621.969212,758.555641,-136.586429,350.000000,false,2574.200000,0.000000,0.000000,0.000000,2574.200000
baseline_constant_emissions_no_aether,"No AETHER, constant emissions",optimistic_active_management,Optimistic active management,2087,42.200000,0.000000,42.200000,0.000000,0.000000,0.980000,0.000000,42.200000,624.470882,763.965897,-139.495015,350.000000,false,2616.400000,0.000000,0.000000,0.000000,2616.400000
baseline_constant_emissions_no_aether,"No AETHER, constant emissions",optimistic_active_management,Optimistic active management,2088,42.200000,0.000000,42.200000,0.000000,0.000000,0.980000,0.000000,42.200000,626.962155,769.376154,-142.413999,350.000000,false,2658.600000,0.000000,0.000000,0.000000,2658.600000
baseline_constant_emissions_no_aether,"No AETHER, constant emissions",optimistic_active_management,Optimistic active management,2089,42.200000,0.000000,42.200000,0.000000,0.000000,0.980000,0.000000,42.200000,629.443245,774.786410,-145.343165,350.000000,false,2700.800000,0.000000,0.000000,0.000000,2700.800000
baseline_constant_emissions_no_aether,"No AETHER, constant emissions",optimistic_active_management,Optimistic active management,2090,42.200000,0.000000,42.200000,0.000000,0.000000,0.980000,0.000000,42.200000,631.914364,780.196667,-148.282303,350.000000,false,2743.000000,0.000000,0.000000,0.000000,2743.000000
baseline_constant_emissions_no_aether,"No AETHER, constant emissions",optimistic_active_management,Optimistic active management,2091,42.200000,0.000000,42.200000,0.000000,0.000000,0.980000,0.000000,42.200000,634.375717,785.606923,-151.231206,350.000000,false,2785.200000,0.000000,0.000000,0.000000,2785.200000
baseline_constant_emissions_no_aether,"No AETHER, constant emissions",optimistic_active_management,Optimistic active management,2092,42.200000,0.000000,42.200000,0.000000,0.000000,0.980000,0.000000,42.200000,636.827504,791.017179,-154.189676,350.000000,false,2827.400000,0.000000,0.000000,0.000000,2827.400000
baseline_constant_emissions_no_aether,"No AETHER, constant emissions",optimistic_active_management,Optimistic active management,2093,42.200000,0.000000,42.200000,0.000000,0.000000,0.980000,0.000000,42.200000,639.269919,796.427436,-157.157517,350.000000,false,2869.600000,0.000000,0.000000,0.000000,2869.600000
baseline_constant_emissions_no_aether,"No AETHER, constant emissions",optimistic_active_management,Optimistic active management,2094,42.200000,0.000000,42.200000,0.000000,0.000000,0.980000,0.000000,42.200000,641.703152,801.837692,-160.134541,350.000000,false,2911.800000,0.000000,0.000000,0.000000,2911.800000
baseline_constant_emissions_no_aether,"No AETHER, constant emissions",optimistic_active_management,Optimistic active management,2095,42.200000,0.000000,42.200000,0.000000,0.000000,0.980000,0.000000,42.200000,644.127387,807.247949,-163.120562,350.000000,false,2954.000000,0.000000,0.000000,0.000000,2954.000000
baseline_constant_emissions_no_aether,"No AETHER, constant emissions",optimistic_active_management,Optimistic active management,2096,42.200000,0.000000,42.200000,0.000000,0.000000,0.980000,0.000000,42.200000,646.542805,812.658205,-166.115401,350.000000,false,2996.200000,0.000000,0.000000,0.000000,2996.200000
baseline_constant_emissions_no_aether,"No AETHER, constant emissions",optimistic_active_management,Optimistic active management,2097,42.200000,0.000000,42.200000,0.000000,0.000000,0.980000,0.000000,42.200000,648.949579,818.068462,-169.118882,350.000000,false,3038.400000,0.000000,0.000000,0.000000,3038.400000
baseline_constant_emissions_no_aether,"No AETHER, constant emissions",optimistic_active_management,Optimistic active management,2098,42.200000,0.000000,42.200000,0.000000,0.000000,0.980000,0.000000,42.200000,651.347882,823.478718,-172.130836,350.000000,false,3080.600000,0.000000,0.000000,0.000000,3080.600000
baseline_constant_emissions_no_aether,"No AETHER, constant emissions",optimistic_active_management,Optimistic active management,2099,42.200000,0.000000,42.200000,0.000000,0.000000,0.980000,0.000000,42.200000,653.737878,828.888974,-175.151096,350.000000,false,3122.800000,0.000000,0.000000,0.000000,3122.800000
baseline_constant_emissions_no_aether,"No AETHER, constant emissions",optimistic_active_management,Optimistic active management,2100,42.200000,0.000000,42.200000,0.000000,0.000000,0.980000,0.000000,42.200000,656.119729,834.299231,-178.179501,350.000000,false,3165.000000,0.000000,0.000000,0.000000,3165.000000
baseline_constant_emissions_no_aether,"No AETHER, constant emissions",conservative_state_dependent,Conservative state-dependent,2026,42.200000,0.000000,42.200000,0.000000,0.000000,0.920000,0.000000,42.200000,433.940256,433.940256,0.000000,350.000000,false,42.200000,0.000000,0.000000,0.000000,42.200000
baseline_constant_emissions_no_aether,"No AETHER, constant emissions",conservative_state_dependent,Conservative state-dependent,2027,42.200000,0.000000,42.200000,0.000000,0.000000,0.920000,0.000000,42.200000,438.996277,439.350513,-0.354236,350.000000,false,84.400000,0.000000,0.000000,0.000000,84.400000
baseline_constant_emissions_no_aether,"No AETHER, constant emissions",conservative_state_dependent,Conservative state-dependent,2028,42.200000,0.000000,42.200000,0.000000,0.000000,0.920000,0.000000,42.200000,443.763438,444.760769,-0.997332,350.000000,false,126.600000,0.000000,0.000000,0.000000,126.600000
baseline_constant_emissions_no_aether,"No AETHER, constant emissions",conservative_state_dependent,Conservative state-dependent,2029,42.200000,0.000000,42.200000,0.000000,0.000000,0.920000,0.000000,42.200000,448.293762,450.171026,-1.877264,350.000000,false,168.800000,0.000000,0.000000,0.000000,168.800000
baseline_constant_emissions_no_aether,"No AETHER, constant emissions",conservative_state_dependent,Conservative state-dependent,2030,42.200000,0.000000,42.200000,0.000000,0.000000,0.920000,0.000000,42.200000,452.628685,455.581282,-2.952597,350.000000,false,211.000000,0.000000,0.000000,0.000000,211.000000
baseline_constant_emissions_no_aether,"No AETHER, constant emissions",conservative_state_dependent,Conservative state-dependent,2031,42.200000,0.000000,42.200000,0.000000,0.000000,0.920000,0.000000,42.200000,456.801243,460.991538,-4.190296,350.000000,false,253.200000,0.000000,0.000000,0.000000,253.200000
baseline_constant_emissions_no_aether,"No AETHER, constant emissions",conservative_state_dependent,Conservative state-dependent,2032,42.200000,0.000000,42.200000,0.000000,0.000000,0.920000,0.000000,42.200000,460.837809,466.401795,-5.563986,350.000000,false,295.400000,0.000000,0.000000,0.000000,295.400000
baseline_constant_emissions_no_aether,"No AETHER, constant emissions",conservative_state_dependent,Conservative state-dependent,2033,42.200000,0.000000,42.200000,0.000000,0.000000,0.920000,0.000000,42.200000,464.759472,471.812051,-7.052580,350.000000,false,337.600000,0.000000,0.000000,0.000000,337.600000
baseline_constant_emissions_no_aether,"No AETHER, constant emissions",conservative_state_dependent,Conservative state-dependent,2034,42.200000,0.000000,42.200000,0.000000,0.000000,0.920000,0.000000,42.200000,468.583122,477.222308,-8.639186,350.000000,false,379.800000,0.000000,0.000000,0.000000,379.800000
baseline_constant_emissions_no_aether,"No AETHER, constant emissions",conservative_state_dependent,Conservative state-dependent,2035,42.200000,0.000000,42.200000,0.000000,0.000000,0.920000,0.000000,42.200000,472.322321,482.632564,-10.310243,350.000000,false,422.000000,0.000000,0.000000,0.000000,422.000000
baseline_constant_emissions_no_aether,"No AETHER, constant emissions",conservative_state_dependent,Conservative state-dependent,2036,42.200000,0.000000,42.200000,0.000000,0.000000,0.920000,0.000000,42.200000,475.987987,488.042821,-12.054833,350.000000,false,464.200000,0.000000,0.000000,0.000000,464.200000
baseline_constant_emissions_no_aether,"No AETHER, constant emissions",conservative_state_dependent,Conservative state-dependent,2037,42.200000,0.000000,42.200000,0.000000,0.000000,0.920000,0.000000,42.200000,479.588938,493.453077,-13.864139,350.000000,false,506.400000,0.000000,0.000000,0.000000,506.400000
baseline_constant_emissions_no_aether,"No AETHER, constant emissions",conservative_state_dependent,Conservative state-dependent,2038,42.200000,0.000000,42.200000,0.000000,0.000000,0.920000,0.000000,42.200000,483.132319,498.863333,-15.731014,350.000000,false,548.600000,0.000000,0.000000,0.000000,548.600000
baseline_constant_emissions_no_aether,"No AETHER, constant emissions",conservative_state_dependent,Conservative state-dependent,2039,42.200000,0.000000,42.200000,0.000000,0.000000,0.920000,0.000000,42.200000,486.623952,504.273590,-17.649638,350.000000,false,590.800000,0.000000,0.000000,0.000000,590.800000
baseline_constant_emissions_no_aether,"No AETHER, constant emissions",conservative_state_dependent,Conservative state-dependent,2040,42.200000,0.000000,42.200000,0.000000,0.000000,0.920000,0.000000,42.200000,490.068599,509.683846,-19.615248,350.000000,false,633.000000,0.000000,0.000000,0.000000,633.000000
baseline_constant_emissions_no_aether,"No AETHER, constant emissions",conservative_state_dependent,Conservative state-dependent,2041,42.200000,0.000000,42.200000,0.000000,0.000000,0.920000,0.000000,42.200000,493.470182,515.094103,-21.623921,350.000000,false,675.200000,0.000000,0.000000,0.000000,675.200000
baseline_constant_emissions_no_aether,"No AETHER, constant emissions",conservative_state_dependent,Conservative state-dependent,2042,42.200000,0.000000,42.200000,0.000000,0.000000,0.920000,0.000000,42.200000,496.831953,520.504359,-23.672406,350.000000,false,717.400000,0.000000,0.000000,0.000000,717.400000
baseline_constant_emissions_no_aether,"No AETHER, constant emissions",conservative_state_dependent,Conservative state-dependent,2043,42.200000,0.000000,42.200000,0.000000,0.000000,0.920000,0.000000,42.200000,500.156627,525.914615,-25.757989,350.000000,false,759.600000,0.000000,0.000000,0.000000,759.600000
baseline_constant_emissions_no_aether,"No AETHER, constant emissions",conservative_state_dependent,Conservative state-dependent,2044,42.200000,0.000000,42.200000,0.000000,0.000000,0.920000,0.000000,42.200000,503.446491,531.324872,-27.878381,350.000000,false,801.800000,0.000000,0.000000,0.000000,801.800000
baseline_constant_emissions_no_aether,"No AETHER, constant emissions",conservative_state_dependent,Conservative state-dependent,2045,42.200000,0.000000,42.200000,0.000000,0.000000,0.920000,0.000000,42.200000,506.703489,536.735128,-30.031639,350.000000,false,844.000000,0.000000,0.000000,0.000000,844.000000
baseline_constant_emissions_no_aether,"No AETHER, constant emissions",conservative_state_dependent,Conservative state-dependent,2046,42.200000,0.000000,42.200000,0.000000,0.000000,0.920000,0.000000,42.200000,509.929290,542.145385,-32.216095,350.000000,false,886.200000,0.000000,0.000000,0.000000,886.200000
baseline_constant_emissions_no_aether,"No AETHER, constant emissions",conservative_state_dependent,Conservative state-dependent,2047,42.200000,0.000000,42.200000,0.000000,0.000000,0.920000,0.000000,42.200000,513.125341,547.555641,-34.430300,350.000000,false,928.400000,0.000000,0.000000,0.000000,928.400000
baseline_constant_emissions_no_aether,"No AETHER, constant emissions",conservative_state_dependent,Conservative state-dependent,2048,42.200000,0.000000,42.200000,0.000000,0.000000,0.920000,0.000000,42.200000,516.292910,552.965897,-36.672988,350.000000,false,970.600000,0.000000,0.000000,0.000000,970.600000
baseline_constant_emissions_no_aether,"No AETHER, constant emissions",conservative_state_dependent,Conservative state-dependent,2049,42.200000,0.000000,42.200000,0.000000,0.000000,0.920000,0.000000,42.200000,519.433119,558.376154,-38.943035,350.000000,false,1012.800000,0.000000,0.000000,0.000000,1012.800000
baseline_constant_emissions_no_aether,"No AETHER, constant emissions",conservative_state_dependent,Conservative state-dependent,2050,42.200000,0.000000,42.200000,0.000000,0.000000,0.920000,0.000000,42.200000,522.546973,563.786410,-41.239437,350.000000,false,1055.000000,0.000000,0.000000,0.000000,1055.000000
baseline_constant_emissions_no_aether,"No AETHER, constant emissions",conservative_state_dependent,Conservative state-dependent,2051,42.200000,0.000000,42.200000,0.000000,0.000000,0.920000,0.000000,42.200000,525.635379,569.196667,-43.561288,350.000000,false,1097.200000,0.000000,0.000000,0.000000,1097.200000
baseline_constant_emissions_no_aether,"No AETHER, constant emissions",conservative_state_dependent,Conservative state-dependent,2052,42.200000,0.000000,42.200000,0.000000,0.000000,0.920000,0.000000,42.200000,528.699166,574.606923,-45.907757,350.000000,false,1139.400000,0.000000,0.000000,0.000000,1139.400000
baseline_constant_emissions_no_aether,"No AETHER, constant emissions",conservative_state_dependent,Conservative state-dependent,2053,42.200000,0.000000,42.200000,0.000000,0.000000,0.920000,0.000000,42.200000,531.739095,580.017179,-48.278084,350.000000,false,1181.600000,0.000000,0.000000,0.000000,1181.600000
baseline_constant_emissions_no_aether,"No AETHER, constant emissions",conservative_state_dependent,Conservative state-dependent,2054,42.200000,0.000000,42.200000,0.000000,0.000000,0.920000,0.000000,42.200000,534.755873,585.427436,-50.671563,350.000000,false,1223.800000,0.000000,0.000000,0.000000,1223.800000
baseline_constant_emissions_no_aether,"No AETHER, constant emissions",conservative_state_dependent,Conservative state-dependent,2055,42.200000,0.000000,42.200000,0.000000,0.000000,0.920000,0.000000,42.200000,537.750161,590.837692,-53.087531,350.000000,false,1266.000000,0.000000,0.000000,0.000000,1266.000000
baseline_constant_emissions_no_aether,"No AETHER, constant emissions",conservative_state_dependent,Conservative state-dependent,2056,42.200000,0.000000,42.200000,0.000000,0.000000,0.920000,0.000000,42.200000,540.722579,596.247949,-55.525370,350.000000,false,1308.200000,0.000000,0.000000,0.000000,1308.200000
baseline_constant_emissions_no_aether,"No AETHER, constant emissions",conservative_state_dependent,Conservative state-dependent,2057,42.200000,0.000000,42.200000,0.000000,0.000000,0.920000,0.000000,42.200000,543.673714,601.658205,-57.984491,350.000000,false,1350.400000,0.000000,0.000000,0.000000,1350.400000
baseline_constant_emissions_no_aether,"No AETHER, constant emissions",conservative_state_dependent,Conservative state-dependent,2058,42.200000,0.000000,42.200000,0.000000,0.000000,0.920000,0.000000,42.200000,546.604123,607.068462,-60.464338,350.000000,false,1392.600000,0.000000,0.000000,0.000000,1392.600000
baseline_constant_emissions_no_aether,"No AETHER, constant emissions",conservative_state_dependent,Conservative state-dependent,2059,42.200000,0.000000,42.200000,0.000000,0.000000,0.920000,0.000000,42.200000,549.514339,612.478718,-62.964379,350.000000,false,1434.800000,0.000000,0.000000,0.000000,1434.800000
baseline_constant_emissions_no_aether,"No AETHER, constant emissions",conservative_state_dependent,Conservative state-dependent,2060,42.200000,0.000000,42.200000,0.000000,0.000000,0.920000,0.000000,42.200000,552.404870,617.888974,-65.484104,350.000000,false,1477.000000,0.000000,0.000000,0.000000,1477.000000
baseline_constant_emissions_no_aether,"No AETHER, constant emissions",conservative_state_dependent,Conservative state-dependent,2061,42.200000,0.000000,42.200000,0.000000,0.000000,0.920000,0.000000,42.200000,555.276205,623.299231,-68.023026,350.000000,false,1519.200000,0.000000,0.000000,0.000000,1519.200000
baseline_constant_emissions_no_aether,"No AETHER, constant emissions",conservative_state_dependent,Conservative state-dependent,2062,42.200000,0.000000,42.200000,0.000000,0.000000,0.920000,0.000000,42.200000,558.128813,628.709487,-70.580674,350.000000,false,1561.400000,0.000000,0.000000,0.000000,1561.400000
baseline_constant_emissions_no_aether,"No AETHER, constant emissions",conservative_state_dependent,Conservative state-dependent,2063,42.200000,0.000000,42.200000,0.000000,0.000000,0.920000,0.000000,42.200000,560.963149,634.119744,-73.156595,350.000000,false,1603.600000,0.000000,0.000000,0.000000,1603.600000
baseline_constant_emissions_no_aether,"No AETHER, constant emissions",conservative_state_dependent,Conservative state-dependent,2064,42.200000,0.000000,42.200000,0.000000,0.000000,0.920000,0.000000,42.200000,563.779649,639.530000,-75.750351,350.000000,false,1645.800000,0.000000,0.000000,0.000000,1645.800000
baseline_constant_emissions_no_aether,"No AETHER, constant emissions",conservative_state_dependent,Conservative state-dependent,2065,42.200000,0.000000,42.200000,0.000000,0.000000,0.920000,0.000000,42.200000,566.578738,644.940256,-78.361518,350.000000,false,1688.000000,0.000000,0.000000,0.000000,1688.000000
baseline_constant_emissions_no_aether,"No AETHER, constant emissions",conservative_state_dependent,Conservative state-dependent,2066,42.200000,0.000000,42.200000,0.000000,0.000000,0.920000,0.000000,42.200000,569.360825,650.350513,-80.989688,350.000000,false,1730.200000,0.000000,0.000000,0.000000,1730.200000
baseline_constant_emissions_no_aether,"No AETHER, constant emissions",conservative_state_dependent,Conservative state-dependent,2067,42.200000,0.000000,42.200000,0.000000,0.000000,0.920000,0.000000,42.200000,572.126308,655.760769,-83.634461,350.000000,false,1772.400000,0.000000,0.000000,0.000000,1772.400000
baseline_constant_emissions_no_aether,"No AETHER, constant emissions",conservative_state_dependent,Conservative state-dependent,2068,42.200000,0.000000,42.200000,0.000000,0.000000,0.920000,0.000000,42.200000,574.875572,661.171026,-86.295453,350.000000,false,1814.600000,0.000000,0.000000,0.000000,1814.600000
baseline_constant_emissions_no_aether,"No AETHER, constant emissions",conservative_state_dependent,Conservative state-dependent,2069,42.200000,0.000000,42.200000,0.000000,0.000000,0.920000,0.000000,42.200000,577.608992,666.581282,-88.972290,350.000000,false,1856.800000,0.000000,0.000000,0.000000,1856.800000
baseline_constant_emissions_no_aether,"No AETHER, constant emissions",conservative_state_dependent,Conservative state-dependent,2070,42.200000,0.000000,42.200000,0.000000,0.000000,0.920000,0.000000,42.200000,580.326931,671.991538,-91.664607,350.000000,false,1899.000000,0.000000,0.000000,0.000000,1899.000000
baseline_constant_emissions_no_aether,"No AETHER, constant emissions",conservative_state_dependent,Conservative state-dependent,2071,42.200000,0.000000,42.200000,0.000000,0.000000,0.920000,0.000000,42.200000,583.029742,677.401795,-94.372052,350.000000,false,1941.200000,0.000000,0.000000,0.000000,1941.200000
baseline_constant_emissions_no_aether,"No AETHER, constant emissions",conservative_state_dependent,Conservative state-dependent,2072,42.200000,0.000000,42.200000,0.000000,0.000000,0.920000,0.000000,42.200000,585.717769,682.812051,-97.094282,350.000000,false,1983.400000,0.000000,0.000000,0.000000,1983.400000
baseline_constant_emissions_no_aether,"No AETHER, constant emissions",conservative_state_dependent,Conservative state-dependent,2073,42.200000,0.000000,42.200000,0.000000,0.000000,0.920000,0.000000,42.200000,588.391345,688.222308,-99.830962,350.000000,false,2025.600000,0.000000,0.000000,0.000000,2025.600000
baseline_constant_emissions_no_aether,"No AETHER, constant emissions",conservative_state_dependent,Conservative state-dependent,2074,42.200000,0.000000,42.200000,0.000000,0.000000,0.920000,0.000000,42.200000,591.050795,693.632564,-102.581769,350.000000,false,2067.800000,0.000000,0.000000,0.000000,2067.800000
baseline_constant_emissions_no_aether,"No AETHER, constant emissions",conservative_state_dependent,Conservative state-dependent,2075,42.200000,0.000000,42.200000,0.000000,0.000000,0.920000,0.000000,42.200000,593.696435,699.042821,-105.346386,350.000000,false,2110.000000,0.000000,0.000000,0.000000,2110.000000
baseline_constant_emissions_no_aether,"No AETHER, constant emissions",conservative_state_dependent,Conservative state-dependent,2076,42.200000,0.000000,42.200000,0.000000,0.000000,0.920000,0.000000,42.200000,596.328571,704.453077,-108.124506,350.000000,false,2152.200000,0.000000,0.000000,0.000000,2152.200000
baseline_constant_emissions_no_aether,"No AETHER, constant emissions",conservative_state_dependent,Conservative state-dependent,2077,42.200000,0.000000,42.200000,0.000000,0.000000,0.920000,0.000000,42.200000,598.947503,709.863333,-110.915830,350.000000,false,2194.400000,0.000000,0.000000,0.000000,2194.400000
baseline_constant_emissions_no_aether,"No AETHER, constant emissions",conservative_state_dependent,Conservative state-dependent,2078,42.200000,0.000000,42.200000,0.000000,0.000000,0.920000,0.000000,42.200000,601.553521,715.273590,-113.720069,350.000000,false,2236.600000,0.000000,0.000000,0.000000,2236.600000
baseline_constant_emissions_no_aether,"No AETHER, constant emissions",conservative_state_dependent,Conservative state-dependent,2079,42.200000,0.000000,42.200000,0.000000,0.000000,0.920000,0.000000,42.200000,604.146909,720.683846,-116.536937,350.000000,false,2278.800000,0.000000,0.000000,0.000000,2278.800000
baseline_constant_emissions_no_aether,"No AETHER, constant emissions",conservative_state_dependent,Conservative state-dependent,2080,42.200000,0.000000,42.200000,0.000000,0.000000,0.920000,0.000000,42.200000,606.727942,726.094103,-119.366161,350.000000,false,2321.000000,0.000000,0.000000,0.000000,2321.000000
baseline_constant_emissions_no_aether,"No AETHER, constant emissions",conservative_state_dependent,Conservative state-dependent,2081,42.200000,0.000000,42.200000,0.000000,0.000000,0.920000,0.000000,42.200000,609.296888,731.504359,-122.207471,350.000000,false,2363.200000,0.000000,0.000000,0.000000,2363.200000
baseline_constant_emissions_no_aether,"No AETHER, constant emissions",conservative_state_dependent,Conservative state-dependent,2082,42.200000,0.000000,42.200000,0.000000,0.000000,0.920000,0.000000,42.200000,611.854008,736.914615,-125.060608,350.000000,false,2405.400000,0.000000,0.000000,0.000000,2405.400000
baseline_constant_emissions_no_aether,"No AETHER, constant emissions",conservative_state_dependent,Conservative state-dependent,2083,42.200000,0.000000,42.200000,0.000000,0.000000,0.920000,0.000000,42.200000,614.399556,742.324872,-127.925316,350.000000,false,2447.600000,0.000000,0.000000,0.000000,2447.600000
baseline_constant_emissions_no_aether,"No AETHER, constant emissions",conservative_state_dependent,Conservative state-dependent,2084,42.200000,0.000000,42.200000,0.000000,0.000000,0.920000,0.000000,42.200000,616.933780,747.735128,-130.801348,350.000000,false,2489.800000,0.000000,0.000000,0.000000,2489.800000
baseline_constant_emissions_no_aether,"No AETHER, constant emissions",conservative_state_dependent,Conservative state-dependent,2085,42.200000,0.000000,42.200000,0.000000,0.000000,0.920000,0.000000,42.200000,619.456920,753.145385,-133.688464,350.000000,false,2532.000000,0.000000,0.000000,0.000000,2532.000000
baseline_constant_emissions_no_aether,"No AETHER, constant emissions",conservative_state_dependent,Conservative state-dependent,2086,42.200000,0.000000,42.200000,0.000000,0.000000,0.920000,0.000000,42.200000,621.969212,758.555641,-136.586429,350.000000,false,2574.200000,0.000000,0.000000,0.000000,2574.200000
baseline_constant_emissions_no_aether,"No AETHER, constant emissions",conservative_state_dependent,Conservative state-dependent,2087,42.200000,0.000000,42.200000,0.000000,0.000000,0.920000,0.000000,42.200000,624.470882,763.965897,-139.495015,350.000000,false,2616.400000,0.000000,0.000000,0.000000,2616.400000
baseline_constant_emissions_no_aether,"No AETHER, constant emissions",conservative_state_dependent,Conservative state-dependent,2088,42.200000,0.000000,42.200000,0.000000,0.000000,0.920000,0.000000,42.200000,626.962155,769.376154,-142.413999,350.000000,false,2658.600000,0.000000,0.000000,0.000000,2658.600000
baseline_constant_emissions_no_aether,"No AETHER, constant emissions",conservative_state_dependent,Conservative state-dependent,2089,42.200000,0.000000,42.200000,0.000000,0.000000,0.920000,0.000000,42.200000,629.443245,774.786410,-145.343165,350.000000,false,2700.800000,0.000000,0.000000,0.000000,2700.800000
baseline_constant_emissions_no_aether,"No AETHER, constant emissions",conservative_state_dependent,Conservative state-dependent,2090,42.200000,0.000000,42.200000,0.000000,0.000000,0.920000,0.000000,42.200000,631.914364,780.196667,-148.282303,350.000000,false,2743.000000,0.000000,0.000000,0.000000,2743.000000
baseline_constant_emissions_no_aether,"No AETHER, constant emissions",conservative_state_dependent,Conservative state-dependent,2091,42.200000,0.000000,42.200000,0.000000,0.000000,0.920000,0.000000,42.200000,634.375717,785.606923,-151.231206,350.000000,false,2785.200000,0.000000,0.000000,0.000000,2785.200000
baseline_constant_emissions_no_aether,"No AETHER, constant emissions",conservative_state_dependent,Conservative state-dependent,2092,42.200000,0.000000,42.200000,0.000000,0.000000,0.920000,0.000000,42.200000,636.827504,791.017179,-154.189676,350.000000,false,2827.400000,0.000000,0.000000,0.000000,2827.400000
baseline_constant_emissions_no_aether,"No AETHER, constant emissions",conservative_state_dependent,Conservative state-dependent,2093,42.200000,0.000000,42.200000,0.000000,0.000000,0.920000,0.000000,42.200000,639.269919,796.427436,-157.157517,350.000000,false,2869.600000,0.000000,0.000000,0.000000,2869.600000
baseline_constant_emissions_no_aether,"No AETHER, constant emissions",conservative_state_dependent,Conservative state-dependent,2094,42.200000,0.000000,42.200000,0.000000,0.000000,0.920000,0.000000,42.200000,641.703152,801.837692,-160.134541,350.000000,false,2911.800000,0.000000,0.000000,0.000000,2911.800000
baseline_constant_emissions_no_aether,"No AETHER, constant emissions",conservative_state_dependent,Conservative state-dependent,2095,42.200000,0.000000,42.200000,0.000000,0.000000,0.920000,0.000000,42.200000,644.127387,807.247949,-163.120562,350.000000,false,2954.000000,0.000000,0.000000,0.000000,2954.000000
baseline_constant_emissions_no_aether,"No AETHER, constant emissions",conservative_state_dependent,Conservative state-dependent,2096,42.200000,0.000000,42.200000,0.000000,0.000000,0.920000,0.000000,42.200000,646.542805,812.658205,-166.115401,350.000000,false,2996.200000,0.000000,0.000000,0.000000,2996.200000
baseline_constant_emissions_no_aether,"No AETHER, constant emissions",conservative_state_dependent,Conservative state-dependent,2097,42.200000,0.000000,42.200000,0.000000,0.000000,0.920000,0.000000,42.200000,648.949579,818.068462,-169.118882,350.000000,false,3038.400000,0.000000,0.000000,0.000000,3038.400000
baseline_constant_emissions_no_aether,"No AETHER, constant emissions",conservative_state_dependent,Conservative state-dependent,2098,42.200000,0.000000,42.200000,0.000000,0.000000,0.920000,0.000000,42.200000,651.347882,823.478718,-172.130836,350.000000,false,3080.600000,0.000000,0.000000,0.000000,3080.600000
baseline_constant_emissions_no_aether,"No AETHER, constant emissions",conservative_state_dependent,Conservative state-dependent,2099,42.200000,0.000000,42.200000,0.000000,0.000000,0.920000,0.000000,42.200000,653.737878,828.888974,-175.151096,350.000000,false,3122.800000,0.000000,0.000000,0.000000,3122.800000
baseline_constant_emissions_no_aether,"No AETHER, constant emissions",conservative_state_dependent,Conservative state-dependent,2100,42.200000,0.000000,42.200000,0.000000,0.000000,0.920000,0.000000,42.200000,656.119729,834.299231,-178.179501,350.000000,false,3165.000000,0.000000,0.000000,0.000000,3165.000000
baseline_constant_emissions_no_aether,"No AETHER, constant emissions",asymmetry_stress,Asymmetry stress,2026,42.200000,0.000000,42.200000,0.000000,0.000000,0.850000,0.000000,42.200000,433.940256,433.940256,0.000000,350.000000,false,42.200000,0.000000,0.000000,0.000000,42.200000
baseline_constant_emissions_no_aether,"No AETHER, constant emissions",asymmetry_stress,Asymmetry stress,2027,42.200000,0.000000,42.200000,0.000000,0.000000,0.850000,0.000000,42.200000,438.996277,439.350513,-0.354236,350.000000,false,84.400000,0.000000,0.000000,0.000000,84.400000
baseline_constant_emissions_no_aether,"No AETHER, constant emissions",asymmetry_stress,Asymmetry stress,2028,42.200000,0.000000,42.200000,0.000000,0.000000,0.850000,0.000000,42.200000,443.763438,444.760769,-0.997332,350.000000,false,126.600000,0.000000,0.000000,0.000000,126.600000
baseline_constant_emissions_no_aether,"No AETHER, constant emissions",asymmetry_stress,Asymmetry stress,2029,42.200000,0.000000,42.200000,0.000000,0.000000,0.850000,0.000000,42.200000,448.293762,450.171026,-1.877264,350.000000,false,168.800000,0.000000,0.000000,0.000000,168.800000
baseline_constant_emissions_no_aether,"No AETHER, constant emissions",asymmetry_stress,Asymmetry stress,2030,42.200000,0.000000,42.200000,0.000000,0.000000,0.850000,0.000000,42.200000,452.628685,455.581282,-2.952597,350.000000,false,211.000000,0.000000,0.000000,0.000000,211.000000
baseline_constant_emissions_no_aether,"No AETHER, constant emissions",asymmetry_stress,Asymmetry stress,2031,42.200000,0.000000,42.200000,0.000000,0.000000,0.850000,0.000000,42.200000,456.801243,460.991538,-4.190296,350.000000,false,253.200000,0.000000,0.000000,0.000000,253.200000
baseline_constant_emissions_no_aether,"No AETHER, constant emissions",asymmetry_stress,Asymmetry stress,2032,42.200000,0.000000,42.200000,0.000000,0.000000,0.850000,0.000000,42.200000,460.837809,466.401795,-5.563986,350.000000,false,295.400000,0.000000,0.000000,0.000000,295.400000
baseline_constant_emissions_no_aether,"No AETHER, constant emissions",asymmetry_stress,Asymmetry stress,2033,42.200000,0.000000,42.200000,0.000000,0.000000,0.850000,0.000000,42.200000,464.759472,471.812051,-7.052580,350.000000,false,337.600000,0.000000,0.000000,0.000000,337.600000
baseline_constant_emissions_no_aether,"No AETHER, constant emissions",asymmetry_stress,Asymmetry stress,2034,42.200000,0.000000,42.200000,0.000000,0.000000,0.850000,0.000000,42.200000,468.583122,477.222308,-8.639186,350.000000,false,379.800000,0.000000,0.000000,0.000000,379.800000
baseline_constant_emissions_no_aether,"No AETHER, constant emissions",asymmetry_stress,Asymmetry stress,2035,42.200000,0.000000,42.200000,0.000000,0.000000,0.850000,0.000000,42.200000,472.322321,482.632564,-10.310243,350.000000,false,422.000000,0.000000,0.000000,0.000000,422.000000
baseline_constant_emissions_no_aether,"No AETHER, constant emissions",asymmetry_stress,Asymmetry stress,2036,42.200000,0.000000,42.200000,0.000000,0.000000,0.850000,0.000000,42.200000,475.987987,488.042821,-12.054833,350.000000,false,464.200000,0.000000,0.000000,0.000000,464.200000
baseline_constant_emissions_no_aether,"No AETHER, constant emissions",asymmetry_stress,Asymmetry stress,2037,42.200000,0.000000,42.200000,0.000000,0.000000,0.850000,0.000000,42.200000,479.588938,493.453077,-13.864139,350.000000,false,506.400000,0.000000,0.000000,0.000000,506.400000
baseline_constant_emissions_no_aether,"No AETHER, constant emissions",asymmetry_stress,Asymmetry stress,2038,42.200000,0.000000,42.200000,0.000000,0.000000,0.850000,0.000000,42.200000,483.132319,498.863333,-15.731014,350.000000,false,548.600000,0.000000,0.000000,0.000000,548.600000
baseline_constant_emissions_no_aether,"No AETHER, constant emissions",asymmetry_stress,Asymmetry stress,2039,42.200000,0.000000,42.200000,0.000000,0.000000,0.850000,0.000000,42.200000,486.623952,504.273590,-17.649638,350.000000,false,590.800000,0.000000,0.000000,0.000000,590.800000
baseline_constant_emissions_no_aether,"No AETHER, constant emissions",asymmetry_stress,Asymmetry stress,2040,42.200000,0.000000,42.200000,0.000000,0.000000,0.850000,0.000000,42.200000,490.068599,509.683846,-19.615248,350.000000,false,633.000000,0.000000,0.000000,0.000000,633.000000
baseline_constant_emissions_no_aether,"No AETHER, constant emissions",asymmetry_stress,Asymmetry stress,2041,42.200000,0.000000,42.200000,0.000000,0.000000,0.850000,0.000000,42.200000,493.470182,515.094103,-21.623921,350.000000,false,675.200000,0.000000,0.000000,0.000000,675.200000
baseline_constant_emissions_no_aether,"No AETHER, constant emissions",asymmetry_stress,Asymmetry stress,2042,42.200000,0.000000,42.200000,0.000000,0.000000,0.850000,0.000000,42.200000,496.831953,520.504359,-23.672406,350.000000,false,717.400000,0.000000,0.000000,0.000000,717.400000
baseline_constant_emissions_no_aether,"No AETHER, constant emissions",asymmetry_stress,Asymmetry stress,2043,42.200000,0.000000,42.200000,0.000000,0.000000,0.850000,0.000000,42.200000,500.156627,525.914615,-25.757989,350.000000,false,759.600000,0.000000,0.000000,0.000000,759.600000
baseline_constant_emissions_no_aether,"No AETHER, constant emissions",asymmetry_stress,Asymmetry stress,2044,42.200000,0.000000,42.200000,0.000000,0.000000,0.850000,0.000000,42.200000,503.446491,531.324872,-27.878381,350.000000,false,801.800000,0.000000,0.000000,0.000000,801.800000
baseline_constant_emissions_no_aether,"No AETHER, constant emissions",asymmetry_stress,Asymmetry stress,2045,42.200000,0.000000,42.200000,0.000000,0.000000,0.850000,0.000000,42.200000,506.703489,536.735128,-30.031639,350.000000,false,844.000000,0.000000,0.000000,0.000000,844.000000
baseline_constant_emissions_no_aether,"No AETHER, constant emissions",asymmetry_stress,Asymmetry stress,2046,42.200000,0.000000,42.200000,0.000000,0.000000,0.850000,0.000000,42.200000,509.929290,542.145385,-32.216095,350.000000,false,886.200000,0.000000,0.000000,0.000000,886.200000
baseline_constant_emissions_no_aether,"No AETHER, constant emissions",asymmetry_stress,Asymmetry stress,2047,42.200000,0.000000,42.200000,0.000000,0.000000,0.850000,0.000000,42.200000,513.125341,547.555641,-34.430300,350.000000,false,928.400000,0.000000,0.000000,0.000000,928.400000
baseline_constant_emissions_no_aether,"No AETHER, constant emissions",asymmetry_stress,Asymmetry stress,2048,42.200000,0.000000,42.200000,0.000000,0.000000,0.850000,0.000000,42.200000,516.292910,552.965897,-36.672988,350.000000,false,970.600000,0.000000,0.000000,0.000000,970.600000
baseline_constant_emissions_no_aether,"No AETHER, constant emissions",asymmetry_stress,Asymmetry stress,2049,42.200000,0.000000,42.200000,0.000000,0.000000,0.850000,0.000000,42.200000,519.433119,558.376154,-38.943035,350.000000,false,1012.800000,0.000000,0.000000,0.000000,1012.800000
baseline_constant_emissions_no_aether,"No AETHER, constant emissions",asymmetry_stress,Asymmetry stress,2050,42.200000,0.000000,42.200000,0.000000,0.000000,0.850000,0.000000,42.200000,522.546973,563.786410,-41.239437,350.000000,false,1055.000000,0.000000,0.000000,0.000000,1055.000000
baseline_constant_emissions_no_aether,"No AETHER, constant emissions",asymmetry_stress,Asymmetry stress,2051,42.200000,0.000000,42.200000,0.000000,0.000000,0.850000,0.000000,42.200000,525.635379,569.196667,-43.561288,350.000000,false,1097.200000,0.000000,0.000000,0.000000,1097.200000
baseline_constant_emissions_no_aether,"No AETHER, constant emissions",asymmetry_stress,Asymmetry stress,2052,42.200000,0.000000,42.200000,0.000000,0.000000,0.850000,0.000000,42.200000,528.699166,574.606923,-45.907757,350.000000,false,1139.400000,0.000000,0.000000,0.000000,1139.400000
baseline_constant_emissions_no_aether,"No AETHER, constant emissions",asymmetry_stress,Asymmetry stress,2053,42.200000,0.000000,42.200000,0.000000,0.000000,0.850000,0.000000,42.200000,531.739095,580.017179,-48.278084,350.000000,false,1181.600000,0.000000,0.000000,0.000000,1181.600000
baseline_constant_emissions_no_aether,"No AETHER, constant emissions",asymmetry_stress,Asymmetry stress,2054,42.200000,0.000000,42.200000,0.000000,0.000000,0.850000,0.000000,42.200000,534.755873,585.427436,-50.671563,350.000000,false,1223.800000,0.000000,0.000000,0.000000,1223.800000
baseline_constant_emissions_no_aether,"No AETHER, constant emissions",asymmetry_stress,Asymmetry stress,2055,42.200000,0.000000,42.200000,0.000000,0.000000,0.850000,0.000000,42.200000,537.750161,590.837692,-53.087531,350.000000,false,1266.000000,0.000000,0.000000,0.000000,1266.000000
baseline_constant_emissions_no_aether,"No AETHER, constant emissions",asymmetry_stress,Asymmetry stress,2056,42.200000,0.000000,42.200000,0.000000,0.000000,0.850000,0.000000,42.200000,540.722579,596.247949,-55.525370,350.000000,false,1308.200000,0.000000,0.000000,0.000000,1308.200000
baseline_constant_emissions_no_aether,"No AETHER, constant emissions",asymmetry_stress,Asymmetry stress,2057,42.200000,0.000000,42.200000,0.000000,0.000000,0.850000,0.000000,42.200000,543.673714,601.658205,-57.984491,350.000000,false,1350.400000,0.000000,0.000000,0.000000,1350.400000
baseline_constant_emissions_no_aether,"No AETHER, constant emissions",asymmetry_stress,Asymmetry stress,2058,42.200000,0.000000,42.200000,0.000000,0.000000,0.850000,0.000000,42.200000,546.604123,607.068462,-60.464338,350.000000,false,1392.600000,0.000000,0.000000,0.000000,1392.600000
baseline_constant_emissions_no_aether,"No AETHER, constant emissions",asymmetry_stress,Asymmetry stress,2059,42.200000,0.000000,42.200000,0.000000,0.000000,0.850000,0.000000,42.200000,549.514339,612.478718,-62.964379,350.000000,false,1434.800000,0.000000,0.000000,0.000000,1434.800000
baseline_constant_emissions_no_aether,"No AETHER, constant emissions",asymmetry_stress,Asymmetry stress,2060,42.200000,0.000000,42.200000,0.000000,0.000000,0.850000,0.000000,42.200000,552.404870,617.888974,-65.484104,350.000000,false,1477.000000,0.000000,0.000000,0.000000,1477.000000
baseline_constant_emissions_no_aether,"No AETHER, constant emissions",asymmetry_stress,Asymmetry stress,2061,42.200000,0.000000,42.200000,0.000000,0.000000,0.850000,0.000000,42.200000,555.276205,623.299231,-68.023026,350.000000,false,1519.200000,0.000000,0.000000,0.000000,1519.200000
baseline_constant_emissions_no_aether,"No AETHER, constant emissions",asymmetry_stress,Asymmetry stress,2062,42.200000,0.000000,42.200000,0.000000,0.000000,0.850000,0.000000,42.200000,558.128813,628.709487,-70.580674,350.000000,false,1561.400000,0.000000,0.000000,0.000000,1561.400000
baseline_constant_emissions_no_aether,"No AETHER, constant emissions",asymmetry_stress,Asymmetry stress,2063,42.200000,0.000000,42.200000,0.000000,0.000000,0.850000,0.000000,42.200000,560.963149,634.119744,-73.156595,350.000000,false,1603.600000,0.000000,0.000000,0.000000,1603.600000
baseline_constant_emissions_no_aether,"No AETHER, constant emissions",asymmetry_stress,Asymmetry stress,2064,42.200000,0.000000,42.200000,0.000000,0.000000,0.850000,0.000000,42.200000,563.779649,639.530000,-75.750351,350.000000,false,1645.800000,0.000000,0.000000,0.000000,1645.800000
baseline_constant_emissions_no_aether,"No AETHER, constant emissions",asymmetry_stress,Asymmetry stress,2065,42.200000,0.000000,42.200000,0.000000,0.000000,0.850000,0.000000,42.200000,566.578738,644.940256,-78.361518,350.000000,false,1688.000000,0.000000,0.000000,0.000000,1688.000000
baseline_constant_emissions_no_aether,"No AETHER, constant emissions",asymmetry_stress,Asymmetry stress,2066,42.200000,0.000000,42.200000,0.000000,0.000000,0.850000,0.000000,42.200000,569.360825,650.350513,-80.989688,350.000000,false,1730.200000,0.000000,0.000000,0.000000,1730.200000
baseline_constant_emissions_no_aether,"No AETHER, constant emissions",asymmetry_stress,Asymmetry stress,2067,42.200000,0.000000,42.200000,0.000000,0.000000,0.850000,0.000000,42.200000,572.126308,655.760769,-83.634461,350.000000,false,1772.400000,0.000000,0.000000,0.000000,1772.400000
baseline_constant_emissions_no_aether,"No AETHER, constant emissions",asymmetry_stress,Asymmetry stress,2068,42.200000,0.000000,42.200000,0.000000,0.000000,0.850000,0.000000,42.200000,574.875572,661.171026,-86.295453,350.000000,false,1814.600000,0.000000,0.000000,0.000000,1814.600000
baseline_constant_emissions_no_aether,"No AETHER, constant emissions",asymmetry_stress,Asymmetry stress,2069,42.200000,0.000000,42.200000,0.000000,0.000000,0.850000,0.000000,42.200000,577.608992,666.581282,-88.972290,350.000000,false,1856.800000,0.000000,0.000000,0.000000,1856.800000
baseline_constant_emissions_no_aether,"No AETHER, constant emissions",asymmetry_stress,Asymmetry stress,2070,42.200000,0.000000,42.200000,0.000000,0.000000,0.850000,0.000000,42.200000,580.326931,671.991538,-91.664607,350.000000,false,1899.000000,0.000000,0.000000,0.000000,1899.000000
baseline_constant_emissions_no_aether,"No AETHER, constant emissions",asymmetry_stress,Asymmetry stress,2071,42.200000,0.000000,42.200000,0.000000,0.000000,0.850000,0.000000,42.200000,583.029742,677.401795,-94.372052,350.000000,false,1941.200000,0.000000,0.000000,0.000000,1941.200000
baseline_constant_emissions_no_aether,"No AETHER, constant emissions",asymmetry_stress,Asymmetry stress,2072,42.200000,0.000000,42.200000,0.000000,0.000000,0.850000,0.000000,42.200000,585.717769,682.812051,-97.094282,350.000000,false,1983.400000,0.000000,0.000000,0.000000,1983.400000
baseline_constant_emissions_no_aether,"No AETHER, constant emissions",asymmetry_stress,Asymmetry stress,2073,42.200000,0.000000,42.200000,0.000000,0.000000,0.850000,0.000000,42.200000,588.391345,688.222308,-99.830962,350.000000,false,2025.600000,0.000000,0.000000,0.000000,2025.600000
baseline_constant_emissions_no_aether,"No AETHER, constant emissions",asymmetry_stress,Asymmetry stress,2074,42.200000,0.000000,42.200000,0.000000,0.000000,0.850000,0.000000,42.200000,591.050795,693.632564,-102.581769,350.000000,false,2067.800000,0.000000,0.000000,0.000000,2067.800000
baseline_constant_emissions_no_aether,"No AETHER, constant emissions",asymmetry_stress,Asymmetry stress,2075,42.200000,0.000000,42.200000,0.000000,0.000000,0.850000,0.000000,42.200000,593.696435,699.042821,-105.346386,350.000000,false,2110.000000,0.000000,0.000000,0.000000,2110.000000
baseline_constant_emissions_no_aether,"No AETHER, constant emissions",asymmetry_stress,Asymmetry stress,2076,42.200000,0.000000,42.200000,0.000000,0.000000,0.850000,0.000000,42.200000,596.328571,704.453077,-108.124506,350.000000,false,2152.200000,0.000000,0.000000,0.000000,2152.200000
baseline_constant_emissions_no_aether,"No AETHER, constant emissions",asymmetry_stress,Asymmetry stress,2077,42.200000,0.000000,42.200000,0.000000,0.000000,0.850000,0.000000,42.200000,598.947503,709.863333,-110.915830,350.000000,false,2194.400000,0.000000,0.000000,0.000000,2194.400000
baseline_constant_emissions_no_aether,"No AETHER, constant emissions",asymmetry_stress,Asymmetry stress,2078,42.200000,0.000000,42.200000,0.000000,0.000000,0.850000,0.000000,42.200000,601.553521,715.273590,-113.720069,350.000000,false,2236.600000,0.000000,0.000000,0.000000,2236.600000
baseline_constant_emissions_no_aether,"No AETHER, constant emissions",asymmetry_stress,Asymmetry stress,2079,42.200000,0.000000,42.200000,0.000000,0.000000,0.850000,0.000000,42.200000,604.146909,720.683846,-116.536937,350.000000,false,2278.800000,0.000000,0.000000,0.000000,2278.800000
baseline_constant_emissions_no_aether,"No AETHER, constant emissions",asymmetry_stress,Asymmetry stress,2080,42.200000,0.000000,42.200000,0.000000,0.000000,0.850000,0.000000,42.200000,606.727942,726.094103,-119.366161,350.000000,false,2321.000000,0.000000,0.000000,0.000000,2321.000000
baseline_constant_emissions_no_aether,"No AETHER, constant emissions",asymmetry_stress,Asymmetry stress,2081,42.200000,0.000000,42.200000,0.000000,0.000000,0.850000,0.000000,42.200000,609.296888,731.504359,-122.207471,350.000000,false,2363.200000,0.000000,0.000000,0.000000,2363.200000
baseline_constant_emissions_no_aether,"No AETHER, constant emissions",asymmetry_stress,Asymmetry stress,2082,42.200000,0.000000,42.200000,0.000000,0.000000,0.850000,0.000000,42.200000,611.854008,736.914615,-125.060608,350.000000,false,2405.400000,0.000000,0.000000,0.000000,2405.400000
baseline_constant_emissions_no_aether,"No AETHER, constant emissions",asymmetry_stress,Asymmetry stress,2083,42.200000,0.000000,42.200000,0.000000,0.000000,0.850000,0.000000,42.200000,614.399556,742.324872,-127.925316,350.000000,false,2447.600000,0.000000,0.000000,0.000000,2447.600000
baseline_constant_emissions_no_aether,"No AETHER, constant emissions",asymmetry_stress,Asymmetry stress,2084,42.200000,0.000000,42.200000,0.000000,0.000000,0.850000,0.000000,42.200000,616.933780,747.735128,-130.801348,350.000000,false,2489.800000,0.000000,0.000000,0.000000,2489.800000
baseline_constant_emissions_no_aether,"No AETHER, constant emissions",asymmetry_stress,Asymmetry stress,2085,42.200000,0.000000,42.200000,0.000000,0.000000,0.850000,0.000000,42.200000,619.456920,753.145385,-133.688464,350.000000,false,2532.000000,0.000000,0.000000,0.000000,2532.000000
baseline_constant_emissions_no_aether,"No AETHER, constant emissions",asymmetry_stress,Asymmetry stress,2086,42.200000,0.000000,42.200000,0.000000,0.000000,0.850000,0.000000,42.200000,621.969212,758.555641,-136.586429,350.000000,false,2574.200000,0.000000,0.000000,0.000000,2574.200000
baseline_constant_emissions_no_aether,"No AETHER, constant emissions",asymmetry_stress,Asymmetry stress,2087,42.200000,0.000000,42.200000,0.000000,0.000000,0.850000,0.000000,42.200000,624.470882,763.965897,-139.495015,350.000000,false,2616.400000,0.000000,0.000000,0.000000,2616.400000
baseline_constant_emissions_no_aether,"No AETHER, constant emissions",asymmetry_stress,Asymmetry stress,2088,42.200000,0.000000,42.200000,0.000000,0.000000,0.850000,0.000000,42.200000,626.962155,769.376154,-142.413999,350.000000,false,2658.600000,0.000000,0.000000,0.000000,2658.600000
baseline_constant_emissions_no_aether,"No AETHER, constant emissions",asymmetry_stress,Asymmetry stress,2089,42.200000,0.000000,42.200000,0.000000,0.000000,0.850000,0.000000,42.200000,629.443245,774.786410,-145.343165,350.000000,false,2700.800000,0.000000,0.000000,0.000000,2700.800000
baseline_constant_emissions_no_aether,"No AETHER, constant emissions",asymmetry_stress,Asymmetry stress,2090,42.200000,0.000000,42.200000,0.000000,0.000000,0.850000,0.000000,42.200000,631.914364,780.196667,-148.282303,350.000000,false,2743.000000,0.000000,0.000000,0.000000,2743.000000
baseline_constant_emissions_no_aether,"No AETHER, constant emissions",asymmetry_stress,Asymmetry stress,2091,42.200000,0.000000,42.200000,0.000000,0.000000,0.850000,0.000000,42.200000,634.375717,785.606923,-151.231206,350.000000,false,2785.200000,0.000000,0.000000,0.000000,2785.200000
baseline_constant_emissions_no_aether,"No AETHER, constant emissions",asymmetry_stress,Asymmetry stress,2092,42.200000,0.000000,42.200000,0.000000,0.000000,0.850000,0.000000,42.200000,636.827504,791.017179,-154.189676,350.000000,false,2827.400000,0.000000,0.000000,0.000000,2827.400000
baseline_constant_emissions_no_aether,"No AETHER, constant emissions",asymmetry_stress,Asymmetry stress,2093,42.200000,0.000000,42.200000,0.000000,0.000000,0.850000,0.000000,42.200000,639.269919,796.427436,-157.157517,350.000000,false,2869.600000,0.000000,0.000000,0.000000,2869.600000
baseline_constant_emissions_no_aether,"No AETHER, constant emissions",asymmetry_stress,Asymmetry stress,2094,42.200000,0.000000,42.200000,0.000000,0.000000,0.850000,0.000000,42.200000,641.703152,801.837692,-160.134541,350.000000,false,2911.800000,0.000000,0.000000,0.000000,2911.800000
baseline_constant_emissions_no_aether,"No AETHER, constant emissions",asymmetry_stress,Asymmetry stress,2095,42.200000,0.000000,42.200000,0.000000,0.000000,0.850000,0.000000,42.200000,644.127387,807.247949,-163.120562,350.000000,false,2954.000000,0.000000,0.000000,0.000000,2954.000000
baseline_constant_emissions_no_aether,"No AETHER, constant emissions",asymmetry_stress,Asymmetry stress,2096,42.200000,0.000000,42.200000,0.000000,0.000000,0.850000,0.000000,42.200000,646.542805,812.658205,-166.115401,350.000000,false,2996.200000,0.000000,0.000000,0.000000,2996.200000
baseline_constant_emissions_no_aether,"No AETHER, constant emissions",asymmetry_stress,Asymmetry stress,2097,42.200000,0.000000,42.200000,0.000000,0.000000,0.850000,0.000000,42.200000,648.949579,818.068462,-169.118882,350.000000,false,3038.400000,0.000000,0.000000,0.000000,3038.400000
baseline_constant_emissions_no_aether,"No AETHER, constant emissions",asymmetry_stress,Asymmetry stress,2098,42.200000,0.000000,42.200000,0.000000,0.000000,0.850000,0.000000,42.200000,651.347882,823.478718,-172.130836,350.000000,false,3080.600000,0.000000,0.000000,0.000000,3080.600000
baseline_constant_emissions_no_aether,"No AETHER, constant emissions",asymmetry_stress,Asymmetry stress,2099,42.200000,0.000000,42.200000,0.000000,0.000000,0.850000,0.000000,42.200000,653.737878,828.888974,-175.151096,350.000000,false,3122.800000,0.000000,0.000000,0.000000,3122.800000
baseline_constant_emissions_no_aether,"No AETHER, constant emissions",asymmetry_stress,Asymmetry stress,2100,42.200000,0.000000,42.200000,0.000000,0.000000,0.850000,0.000000,42.200000,656.119729,834.299231,-178.179501,350.000000,false,3165.000000,0.000000,0.000000,0.000000,3165.000000
