scenario,sample_id,weighted_effective_task_hour_multiplier,adjusted_robot_stock_million,adjusted_annual_production_robots,production_multiple_of_ifr_2024,adjusted_annual_operating_cost_billion_usd,stock_multiplier_vs_baseline,production_multiplier_vs_baseline,cost_multiplier_vs_baseline,passes_ifr_installation_count_basis
aether_automation_push,1,0.303083,4.700068,872474.8292,1.609506,328.126630,3.890559,3.731716,5.476452,false
aether_automation_push,2,0.383631,4.510064,790955.8904,1.459124,399.332713,3.733280,3.383047,6.664885,false
aether_automation_push,3,0.322102,4.477827,835411.7916,1.541134,309.144461,3.706596,3.573192,5.159638,false
aether_automation_push,4,0.291218,5.222949,964444.6230,1.779169,386.293181,4.323383,4.125086,6.447255,false
aether_automation_push,5,0.328990,4.241097,795513.2798,1.467531,281.809397,3.510638,3.402539,4.703415,false
aether_automation_push,6,0.322445,4.155306,773050.8977,1.426093,279.322910,3.439623,3.306464,4.661915,false
aether_automation_push,7,0.313818,4.686360,866985.6058,1.599380,337.959824,3.879212,3.708238,5.640568,false
aether_automation_push,8,0.309073,4.753825,875587.2168,1.615248,345.401031,3.935057,3.745029,5.764763,false
aether_automation_push,9,0.318245,4.696824,864302.0434,1.594430,344.160205,3.887874,3.696760,5.744053,false
aether_automation_push,10,0.294394,4.834544,905598.0383,1.670611,324.939297,4.001873,3.873390,5.423255,false
aether_automation_push,11,0.308513,4.934403,895528.2283,1.652034,380.171021,4.084534,3.830320,6.345076,false
aether_automation_push,12,0.314457,4.489709,837415.0078,1.544830,309.419061,3.716431,3.581760,5.164221,false
aether_automation_push,13,0.323926,4.197883,788244.8013,1.454122,271.250794,3.474867,3.371451,4.527191,false
aether_automation_push,14,0.309049,4.990105,921758.3939,1.700423,365.710409,4.130642,3.942510,6.103727,false
aether_automation_push,15,0.342387,4.033370,759441.2433,1.400987,256.193435,3.338688,3.248253,4.275883,false
aether_automation_push,16,0.330170,4.536511,828719.9866,1.528789,333.698219,3.755172,3.544570,5.569442,false
aether_automation_push,17,0.340615,4.063358,781769.7345,1.442177,231.121068,3.363512,3.343756,3.857424,false
aether_automation_push,18,0.302530,4.815081,890976.4423,1.643638,346.001287,3.985763,3.810851,5.774781,false
aether_automation_push,19,0.354556,3.829915,722969.2575,1.333705,241.154245,3.170276,3.092257,4.024878,false
aether_automation_push,20,0.348501,4.540410,812733.6970,1.499298,363.140234,3.758399,3.476194,6.060831,false
aether_automation_push,21,0.298596,5.120811,964159.1037,1.778642,342.645898,4.238836,4.123865,5.718779,false
aether_automation_push,22,0.329380,4.596044,864759.5834,1.595274,299.902219,3.804451,3.698717,5.005385,false
aether_automation_push,23,0.349373,4.049699,763173.7571,1.407872,262.661568,3.352205,3.264218,4.383836,false
aether_automation_push,24,0.321323,4.684148,884288.1955,1.631299,298.956986,3.877381,3.782244,4.989609,false
aether_automation_push,25,0.297674,4.864844,897516.0720,1.655702,350.203751,4.026955,3.838822,5.844920,false
aether_automation_push,26,0.333819,4.737144,864421.3723,1.594650,362.270783,3.921249,3.697270,6.046320,false
aether_automation_push,27,0.350087,4.378314,793031.1290,1.462952,344.200839,3.624222,3.391923,5.744731,false
aether_automation_push,28,0.321456,4.499339,821299.1871,1.515100,327.889664,3.724403,3.512830,5.472497,false
aether_automation_push,29,0.339992,4.122687,789514.8448,1.456465,244.354779,3.412622,3.376883,4.078295,false
aether_automation_push,30,0.307091,4.661660,877949.8068,1.619606,302.135126,3.858766,3.755134,5.042652,false
aether_automation_push,31,0.350297,4.168592,775429.9934,1.430482,286.951499,3.450621,3.316640,4.789237,false
aether_automation_push,32,0.352707,3.894028,717079.0731,1.322839,275.096868,3.223346,3.067064,4.591382,false
aether_automation_push,33,0.294312,5.265609,960790.2227,1.772427,394.490200,4.358695,4.109456,6.584064,false
aether_automation_push,34,0.331893,4.350828,797412.0544,1.471034,316.190703,3.601470,3.410661,5.277241,false
aether_automation_push,35,0.306069,4.895363,892755.9666,1.646920,372.858416,4.052217,3.818462,6.223028,false
aether_automation_push,36,0.333570,4.162208,778118.4972,1.435442,283.688831,3.445337,3.328139,4.734783,false
aether_automation_push,37,0.368646,4.060770,754709.9132,1.392258,288.705733,3.361369,3.228017,4.818515,false
aether_automation_push,38,0.321910,4.229311,796783.8788,1.469875,264.953102,3.500882,3.407974,4.422082,false
aether_automation_push,39,0.325262,5.234956,941829.3124,1.737449,425.478465,4.333322,4.028357,7.101259,false
aether_automation_push,40,0.278778,6.573149,1192799.8716,2.200429,525.988569,5.441032,5.101799,8.778779,false
aether_automation_push,41,0.319394,4.619583,853409.9409,1.574336,333.775205,3.823936,3.650173,5.570727,false
aether_automation_push,42,0.311728,4.648081,853865.2052,1.575176,344.074494,3.847526,3.652120,5.742623,false
aether_automation_push,43,0.303545,4.563969,849841.6509,1.567754,313.683093,3.777901,3.634911,5.235388,false
aether_automation_push,44,0.342887,4.027492,757231.6940,1.396911,265.510352,3.333823,3.238803,4.431383,false
aether_automation_push,45,0.343550,4.446069,821438.4584,1.515357,319.238949,3.680307,3.513426,5.328116,false
aether_automation_push,46,0.291612,5.126885,955262.2128,1.762229,359.630815,4.243864,4.085811,6.002258,false
aether_automation_push,47,0.337910,5.106257,908419.6675,1.675816,438.261449,4.226789,3.885458,7.314608,false
aether_automation_push,48,0.320369,4.639719,843451.0113,1.555964,354.449211,3.840604,3.607577,5.915777,false
aether_automation_push,49,0.362451,3.939376,739150.0510,1.363554,260.838261,3.260883,3.161465,4.353405,false
aether_automation_push,50,0.309828,5.425618,990947.4668,1.828060,420.805821,4.491145,4.238443,7.023273,false
aether_automation_push,51,0.310057,4.969760,925666.5615,1.707632,354.672713,4.113801,3.959226,5.919507,false
aether_automation_push,52,0.337476,4.162882,788277.9466,1.454183,260.472182,3.445895,3.371593,4.347295,false
aether_automation_push,53,0.309485,4.433097,834834.1896,1.540069,284.045316,3.669569,3.570721,4.740732,false
aether_automation_push,54,0.298057,4.947610,923660.2900,1.703931,325.639900,4.095466,3.950645,5.434948,false
aether_automation_push,55,0.328379,4.631174,844464.7368,1.557835,355.171264,3.833531,3.611913,5.927828,false
aether_automation_push,56,0.343561,3.952217,738759.9408,1.362835,265.706557,3.271513,3.159796,4.434657,false
aether_automation_push,57,0.336939,4.421842,805141.8877,1.485293,338.482026,3.660253,3.443722,5.649284,false
aether_automation_push,58,0.324200,4.317060,802471.7143,1.480368,295.627842,3.573518,3.432302,4.934045,false
aether_automation_push,59,0.345700,4.342022,794962.7923,1.466515,325.042295,3.594180,3.400185,5.424974,false
aether_automation_push,60,0.342112,4.170179,786677.2960,1.451231,266.767400,3.451934,3.364746,4.452363,false
aether_automation_push,61,0.343203,4.749942,845039.9721,1.558896,400.783419,3.931843,3.614373,6.689098,false
aether_automation_push,62,0.297669,5.407301,1007719.7263,1.859001,372.728107,4.475983,4.310181,6.220853,false
aether_automation_push,63,0.323951,4.049620,765761.8987,1.412647,251.382358,3.352140,3.275288,4.195586,false
aether_automation_push,64,0.338682,4.199278,785849.6232,1.449704,278.673624,3.476022,3.361206,4.651078,false
aether_automation_push,65,0.326062,4.329865,819232.6427,1.511287,279.849238,3.584117,3.503991,4.670699,false
aether_automation_push,66,0.339562,4.330433,799163.5138,1.474265,312.208750,3.584587,3.418152,5.210782,false
aether_automation_push,67,0.293548,5.172109,964187.2664,1.778694,358.591048,4.281299,4.123985,5.984905,false
aether_automation_push,68,0.346937,4.307053,781225.6122,1.441174,329.693266,3.565234,3.341429,5.502599,false
aether_automation_push,69,0.336910,4.270059,797260.4934,1.470754,293.416022,3.534612,3.410012,4.897130,false
aether_automation_push,70,0.339510,4.411199,811078.9197,1.496246,318.323326,3.651443,3.469116,5.312834,false
aether_automation_push,71,0.287117,4.965487,923859.3785,1.704299,339.532136,4.110264,3.951496,5.666810,false
aether_automation_push,72,0.333757,3.962330,744517.9496,1.373457,253.988538,3.279884,3.184424,4.239083,false
aether_automation_push,73,0.376319,3.668981,672782.6534,1.241122,258.473767,3.037059,2.877601,4.313942,false
aether_automation_push,74,0.332664,4.164043,772183.7397,1.424494,292.562331,3.446856,3.302755,4.882882,false
aether_automation_push,75,0.278872,6.401570,1172651.0398,2.163259,488.995501,5.299005,5.015619,8.161362,false
aether_automation_push,76,0.344894,3.963445,742751.7273,1.370199,264.704089,3.280807,3.176870,4.417926,false
aether_automation_push,77,0.306647,4.723826,881358.6355,1.625895,335.339247,3.910225,3.769714,5.596831,false
aether_automation_push,78,0.298561,5.258194,966111.6609,1.782244,388.773183,4.352557,4.132216,6.488646,false
aether_automation_push,79,0.283470,5.297144,1014698.7906,1.871876,320.577426,4.384799,4.340031,5.350455,false
aether_automation_push,80,0.311403,5.101787,918823.2543,1.695008,411.741598,4.223089,3.929956,6.871990,false
aether_automation_push,81,0.343432,4.128359,759749.5972,1.401555,297.139735,3.417317,3.249572,4.959279,false
aether_automation_push,82,0.314112,4.499802,846951.9603,1.562423,292.389165,3.724785,3.622551,4.879992,false
aether_automation_push,83,0.327892,4.763006,857092.8009,1.581130,385.244214,3.942657,3.665925,6.429748,false
aether_automation_push,84,0.278319,4.825629,917772.6589,1.693070,294.743175,3.994494,3.925463,4.919280,false
aether_automation_push,85,0.341948,4.148329,778691.0268,1.436498,277.899874,3.433848,3.330588,4.638164,false
aether_automation_push,86,0.341102,4.519452,832750.3956,1.536224,333.002270,3.741052,3.561809,5.557827,false
aether_automation_push,87,0.320348,4.551794,855207.4356,1.577652,308.240088,3.767822,3.657861,5.144544,false
aether_automation_push,88,0.297848,4.715886,902318.3729,1.664561,274.646002,3.903653,3.859362,4.583857,false
aether_automation_push,89,0.324303,4.985417,894822.1064,1.650732,407.406547,4.126761,3.827299,6.799638,false
aether_automation_push,90,0.351718,4.069316,753365.2493,1.389778,286.062639,3.368444,3.222265,4.774402,false
aether_automation_push,91,0.337638,4.036236,754999.6044,1.392793,262.198442,3.341061,3.229256,4.376107,false
aether_automation_push,92,0.331360,4.318129,802407.6031,1.480249,301.900526,3.574403,3.432027,5.038737,false
aether_automation_push,93,0.314042,4.637861,856329.8823,1.579723,329.163981,3.839066,3.662662,5.493765,false
aether_automation_push,94,0.303688,4.875339,918127.4399,1.693725,322.742019,4.035642,3.926980,5.386582,false
aether_automation_push,95,0.326242,4.396092,805922.6347,1.486734,315.781942,3.638938,3.447062,5.270418,false
aether_automation_push,96,0.329651,4.276331,801818.4385,1.479162,285.452645,3.539804,3.429508,4.764221,false
aether_automation_push,97,0.365684,3.897837,722161.4915,1.332214,279.041118,3.226499,3.088802,4.657212,false
aether_automation_push,98,0.334396,3.862634,743551.1109,1.371673,215.065501,3.197359,3.180289,3.589455,false
aether_automation_push,99,0.303439,4.612076,880721.3205,1.624719,280.735611,3.817722,3.766988,4.685493,false
aether_automation_push,100,0.327029,4.432570,826034.5394,1.523835,312.607600,3.669133,3.533084,5.217438,false
aether_automation_push,101,0.314528,4.657169,883536.0665,1.629912,292.290322,3.855048,3.779027,4.878342,false
aether_automation_push,102,0.351906,4.572353,833990.0101,1.538511,343.748670,3.784841,3.567111,5.737185,false
aether_automation_push,103,0.320696,4.410052,828148.6810,1.527735,286.831405,3.650493,3.542126,4.787232,false
aether_automation_push,104,0.342123,4.261950,786532.8577,1.450964,307.630132,3.527900,3.364129,5.134364,false
aether_automation_push,105,0.310111,4.936752,900154.7838,1.660569,377.382846,4.086478,3.850108,6.298541,false
aether_automation_push,106,0.313424,5.139212,959524.4042,1.770092,359.181683,4.254068,4.104042,5.994762,false
aether_automation_push,107,0.320293,4.558484,873009.6956,1.610493,269.069941,3.773361,3.734004,4.490792,false
aether_automation_push,108,0.293998,4.861866,926128.2226,1.708484,296.698317,4.024490,3.961201,4.951912,false
aether_automation_push,109,0.311301,4.404686,825380.6181,1.522629,294.092693,3.646051,3.530287,4.908424,false
aether_automation_push,110,0.319923,4.606340,850560.5980,1.569080,327.783599,3.812974,3.637986,5.470727,false
aether_automation_push,111,0.348747,3.959018,751388.5418,1.386131,239.380086,3.277142,3.213811,3.995267,false
aether_automation_push,112,0.348971,4.290993,789332.0495,1.456128,312.576311,3.551941,3.376101,5.216916,false
aether_automation_push,113,0.317362,4.849533,869456.4775,1.603938,386.649124,4.014281,3.718806,6.453196,false
aether_automation_push,114,0.314183,4.508901,826737.6620,1.525132,329.998003,3.732317,3.536091,5.507685,false
aether_automation_push,115,0.341371,4.168727,769126.2090,1.418853,299.382793,3.450733,3.289678,4.996716,false
aether_automation_push,116,0.336296,4.859159,862078.4755,1.590328,409.240195,4.022249,3.687249,6.830242,false
aether_automation_push,117,0.284439,5.467850,1014345.7643,1.871224,385.844255,4.526103,4.338521,6.439762,false
aether_automation_push,118,0.293821,4.931407,901234.0640,1.662560,363.820790,4.082053,3.854724,6.072189,false
aether_automation_push,119,0.306283,4.892039,900015.4642,1.660312,348.897937,4.049466,3.849512,5.823126,false
aether_automation_push,120,0.354938,3.747042,703533.8437,1.297851,240.358483,3.101676,3.009128,4.011597,false
aether_automation_push,121,0.341080,4.005493,756375.7182,1.395331,262.084837,3.315613,3.235142,4.374211,false
aether_automation_push,122,0.305970,4.588546,855080.7023,1.577418,311.760721,3.798245,3.657319,5.203304,false
aether_automation_push,123,0.325814,4.821558,885439.0412,1.633422,363.478189,3.991124,3.787166,6.066471,false
aether_automation_push,124,0.359831,3.846752,728708.7559,1.344293,233.059443,3.184213,3.116806,3.889775,false
aether_automation_push,125,0.341542,4.274187,799530.0285,1.474941,294.232455,3.538029,3.419720,4.910756,false
aether_automation_push,126,0.336629,4.333302,810161.8666,1.494554,291.830055,3.586962,3.465194,4.870660,false
aether_automation_push,127,0.316975,4.455618,816478.4058,1.506207,329.135400,3.688212,3.492211,5.493288,false
aether_automation_push,128,0.333496,4.049896,757882.7474,1.398112,266.137213,3.352368,3.241587,4.441845,false
aether_automation_push,129,0.343770,4.317713,787377.7155,1.452523,324.890166,3.574058,3.367742,5.422435,false
aether_automation_push,130,0.336559,4.214467,817996.8213,1.509008,229.168266,3.488595,3.498705,3.824831,false
aether_automation_push,131,0.344770,4.838256,872392.5628,1.609355,381.082814,4.004947,3.731365,6.360294,false
aether_automation_push,132,0.328603,4.749474,869054.8332,1.603197,362.006936,3.931456,3.717089,6.041916,false
aether_automation_push,133,0.328561,4.811812,900477.6580,1.661165,329.695001,3.983057,3.851489,5.502628,false
aether_automation_push,134,0.304465,4.855538,922604.9982,1.701985,292.949110,4.019251,3.946131,4.889337,false
aether_automation_push,135,0.322553,4.372098,831959.2470,1.534765,273.300617,3.619077,3.558425,4.561403,false
aether_automation_push,136,0.328237,5.128873,934565.0765,1.724048,393.048821,4.245509,3.997286,6.560007,false
aether_automation_push,137,0.297407,5.283078,965079.8495,1.780340,408.072497,4.373155,4.127803,6.810753,false
aether_automation_push,138,0.309097,4.698356,881058.7804,1.625342,308.032530,3.889142,3.768431,5.141080,false
aether_automation_push,139,0.337097,4.327561,798161.7956,1.472417,306.485674,3.582210,3.413867,5.115263,false
aether_automation_push,140,0.354126,4.162793,761531.6212,1.404843,309.383691,3.445820,3.257194,5.163631,false
aether_automation_push,141,0.300574,4.963183,907315.7591,1.673780,372.421357,4.108357,3.880737,6.215733,false
aether_automation_push,142,0.314389,5.254354,957899.8875,1.767095,411.596523,4.349378,4.097093,6.869569,false
aether_automation_push,143,0.297765,4.994369,924203.5235,1.704933,358.307803,4.134172,3.952968,5.980177,false
aether_automation_push,144,0.338029,4.107888,792155.9866,1.461337,240.361133,3.400372,3.388180,4.011641,false
aether_automation_push,145,0.320191,4.769482,888279.7615,1.638663,333.465534,3.948017,3.799317,5.565558,false
aether_automation_push,146,0.348915,4.010299,740494.9834,1.366035,283.000530,3.319592,3.167217,4.723295,false
aether_automation_push,147,0.316990,4.490138,849468.1835,1.567065,289.338975,3.716786,3.633313,4.829084,false
aether_automation_push,148,0.318145,4.637965,858269.2199,1.583301,331.011872,3.839152,3.670957,5.524607,false
aether_automation_push,149,0.293622,5.223049,1008973.0340,1.861313,300.538672,4.323465,4.315541,5.016007,false
aether_automation_push,150,0.287434,4.935924,920426.7161,1.697966,342.257358,4.085793,3.936814,5.712295,false
aether_automation_push,151,0.337784,4.121465,769121.9404,1.418845,275.348555,3.411611,3.289659,4.595583,false
aether_automation_push,152,0.337463,4.134883,776789.3945,1.432990,266.864942,3.422718,3.322454,4.453991,false
aether_automation_push,153,0.320551,4.529269,834222.6243,1.538940,318.387613,3.749177,3.568105,5.313907,false
aether_automation_push,154,0.338290,4.185886,788419.9192,1.454445,267.025414,3.464936,3.372200,4.456669,false
aether_automation_push,155,0.333599,4.354516,823245.1995,1.518690,276.438624,3.604523,3.521153,4.613776,false
aether_automation_push,156,0.340182,4.706889,856036.8414,1.579182,359.739099,3.896205,3.661408,6.004066,false
aether_automation_push,157,0.312255,5.259132,982149.6660,1.811830,362.393241,4.353333,4.200813,6.048364,false
aether_automation_push,158,0.360124,4.077946,751756.6210,1.386810,290.995473,3.375588,3.215385,4.856731,false
aether_automation_push,159,0.278750,4.909923,915891.2615,1.689599,333.227482,4.064270,3.917416,5.561585,false
aether_automation_push,160,0.336125,4.916153,877821.0009,1.619369,413.152333,4.069427,3.754583,6.895536,false
aether_automation_push,161,0.332088,4.242570,786891.9376,1.451627,298.257183,3.511857,3.365664,4.977929,false
aether_automation_push,162,0.301278,4.636430,879851.5235,1.623115,287.357627,3.837881,3.763268,4.796015,false
aether_automation_push,163,0.275333,6.019243,1107437.9699,2.042957,445.783985,4.982528,4.736692,7.440160,false
aether_automation_push,164,0.335163,4.314718,791958.3542,1.460973,318.824073,3.571580,3.387334,5.321192,false
aether_automation_push,165,0.319316,4.772064,890276.4786,1.642346,331.549103,3.950155,3.807857,5.533573,false
aether_automation_push,166,0.314548,4.681291,859394.6809,1.585377,348.393722,3.875016,3.675770,5.814711,false
aether_automation_push,167,0.331627,4.435190,815181.7215,1.503814,322.473794,3.671302,3.486664,5.382106,false
aether_automation_push,168,0.335179,4.397188,817909.6491,1.508847,304.930304,3.639845,3.498332,5.089304,false
aether_automation_push,169,0.299526,4.598376,859837.4680,1.586194,303.322287,3.806382,3.677664,5.062466,false
aether_automation_push,170,0.319107,4.947124,893408.8301,1.648125,395.863751,4.095064,3.821254,6.606988,false
aether_automation_push,171,0.338240,4.887205,922480.7466,1.701755,326.320546,4.045465,3.945600,5.446308,false
aether_automation_push,172,0.381218,3.725197,684277.7182,1.262328,270.382469,3.083593,2.926767,4.512699,false
aether_automation_push,173,0.310512,4.875122,908793.4144,1.676506,341.009977,4.035463,3.887057,5.691476,false
aether_automation_push,174,0.311122,5.354958,980074.2408,1.808002,404.761400,4.432655,4.191937,6.755490,false
aether_automation_push,175,0.336525,4.200680,763424.0076,1.408334,303.856479,3.477182,3.265288,5.071382,false
aether_automation_push,176,0.294064,5.627802,1014352.4220,1.871237,451.628550,4.658506,4.338550,7.537706,false
aether_automation_push,177,0.344094,4.358149,807397.4126,1.489454,312.800764,3.607530,3.453370,5.220662,false
aether_automation_push,178,0.306404,5.425463,997166.8416,1.839533,409.267204,4.491017,4.265044,6.830693,false
aether_automation_push,179,0.307479,4.824932,908655.7549,1.676252,321.780559,3.993917,3.886468,5.370536,false
aether_automation_push,180,0.315338,4.505828,836462.5428,1.543072,317.878173,3.729774,3.577686,5.305405,false
aether_automation_push,181,0.364113,3.806441,698353.0207,1.288294,274.689459,3.150845,2.986969,4.584582,false
aether_automation_push,182,0.338772,4.312326,791758.8300,1.460605,306.478864,3.569599,3.386481,5.115149,false
aether_automation_push,183,0.315033,4.585958,863249.6632,1.592488,300.649312,3.796103,3.692259,5.017854,false
aether_automation_push,184,0.340817,4.379091,817887.1470,1.508805,295.702791,3.624865,3.498236,4.935296,false
aether_automation_push,185,0.306982,4.994386,913775.5105,1.685696,375.742927,4.134185,3.908366,6.271171,false
aether_automation_push,186,0.345016,4.117293,775445.0556,1.430510,262.509429,3.408158,3.316704,4.381297,false
aether_automation_push,187,0.331632,4.239671,806732.5034,1.488228,257.311422,3.509458,3.450526,4.294542,false
aether_automation_push,188,0.321463,4.663175,843261.5188,1.555615,360.623778,3.860020,3.606766,6.018831,false
aether_automation_push,189,0.366788,4.072854,739694.1457,1.364558,312.270478,3.371372,3.163792,5.211812,false
aether_automation_push,190,0.365512,3.797659,710335.5599,1.310398,249.928233,3.143575,3.038220,4.171316,false
aether_automation_push,191,0.309092,5.261021,984913.5558,1.816929,364.782440,4.354897,4.212635,6.088239,false
aether_automation_push,192,0.329519,4.413500,821014.0201,1.514574,302.211067,3.653348,3.511610,5.043920,false
aether_automation_push,193,0.328837,4.431343,836341.0329,1.542848,287.421870,3.668117,3.577166,4.797087,false
aether_automation_push,194,0.287602,4.804096,916298.2691,1.690350,293.679858,3.976670,3.919156,4.901533,false
aether_automation_push,195,0.326915,4.714472,852231.5841,1.572163,373.154261,3.902482,3.645133,6.227966,false
aether_automation_push,196,0.304755,4.661867,886192.3881,1.634812,288.585586,3.858937,3.790389,4.816510,false
aether_automation_push,197,0.301162,4.955461,919575.7586,1.696396,352.523222,4.101965,3.933175,5.883632,false
aether_automation_push,198,0.301491,4.480083,842027.2285,1.553338,290.572648,3.708463,3.601487,4.849674,false
aether_automation_push,199,0.315252,5.146632,923262.8600,1.703198,416.648385,4.260210,3.948945,6.953885,false
aether_automation_push,200,0.329626,4.344667,804573.9224,1.484246,310.368789,3.596370,3.441293,5.180073,false
aether_automation_push,201,0.338464,4.395130,819516.1341,1.511810,294.460765,3.638141,3.505203,4.914567,false
aether_automation_push,202,0.333231,3.991434,762086.2931,1.405866,243.228967,3.303975,3.259567,4.059505,false
aether_automation_push,203,0.347747,4.104888,751436.5218,1.386220,304.454674,3.397889,3.214016,5.081366,false
aether_automation_push,204,0.349584,4.013288,750411.9909,1.384330,269.729377,3.322066,3.209634,4.501798,false
aether_automation_push,205,0.309999,5.141104,954479.2757,1.760785,370.929956,4.255634,4.082463,6.190842,false
aether_automation_push,206,0.330964,4.182014,784909.1319,1.447969,273.622409,3.461731,3.357184,4.566773,false
aether_automation_push,207,0.358930,3.846565,716678.2403,1.322099,261.178685,3.184058,3.065349,4.359087,false
aether_automation_push,208,0.319360,4.354234,829024.5155,1.529351,264.624594,3.604289,3.545872,4.416599,false
aether_automation_push,209,0.325517,4.770859,870480.2147,1.605827,366.586684,3.949157,3.723185,6.118352,false
aether_automation_push,210,0.335997,4.096298,766535.0289,1.414073,276.836299,3.390778,3.278595,4.620413,false
aether_automation_push,211,0.354832,3.771626,709752.4676,1.309323,242.201125,3.122026,3.035726,4.042350,false
aether_automation_push,212,0.331939,4.343315,818661.2848,1.510233,282.283903,3.595250,3.501547,4.711334,false
aether_automation_push,213,0.367513,4.033224,742711.6103,1.370125,292.831402,3.338568,3.176698,4.887373,false
aether_automation_push,214,0.321579,4.393384,830452.8546,1.531986,279.913848,3.636696,3.551982,4.671778,false
aether_automation_push,215,0.346258,3.993653,735114.5596,1.356110,278.846940,3.305812,3.144204,4.653971,false
aether_automation_push,216,0.361379,3.909555,718683.0317,1.325798,279.518879,3.236199,3.073924,4.665186,false
aether_automation_push,217,0.318662,4.829190,885860.1394,1.634199,358.037426,3.997442,3.788968,5.975665,false
aether_automation_push,218,0.349667,4.283839,792577.7072,1.462115,305.873962,3.546019,3.389983,5.105054,false
aether_automation_push,219,0.325234,4.463414,830488.3246,1.532051,311.960413,3.694665,3.552133,5.206637,false
aether_automation_push,220,0.314974,4.470091,849262.3464,1.566685,279.799471,3.700192,3.632433,4.669869,false
aether_automation_push,221,0.347040,4.114134,758929.9244,1.400043,294.447760,3.405543,3.246066,4.914350,false
aether_automation_push,222,0.322301,4.643913,858837.6769,1.584349,323.951043,3.844076,3.673388,5.406761,false
aether_automation_push,223,0.343098,5.236116,932122.0591,1.719541,443.972093,4.334282,3.986837,7.409919,false
aether_automation_push,224,0.314950,4.781984,868097.2739,1.601431,370.224890,3.958366,3.712993,6.179074,false
aether_automation_push,225,0.330781,4.133736,780837.1562,1.440457,257.523175,3.421768,3.339767,4.298076,false
aether_automation_push,226,0.352176,4.363823,810201.6548,1.494627,309.990820,3.612226,3.465364,5.173764,false
aether_automation_push,227,0.308199,4.932966,905427.8487,1.670297,365.611764,4.083344,3.872662,6.102081,false
aether_automation_push,228,0.344817,4.036837,746261.0854,1.376672,284.889352,3.341558,3.191880,4.754819,false
aether_automation_push,229,0.305665,5.069766,924994.3847,1.706392,384.627994,4.196583,3.956351,6.419463,false
aether_automation_push,230,0.307432,4.681657,853937.5907,1.575310,344.596860,3.875319,3.652430,5.751341,false
aether_automation_push,231,0.365001,3.764189,701311.5088,1.293751,253.145421,3.115869,2.999623,4.225011,false
aether_automation_push,232,0.317810,4.431738,819831.1112,1.512391,307.193009,3.668445,3.506551,5.127069,false
aether_automation_push,233,0.318973,4.580691,860367.6744,1.587172,307.519129,3.791743,3.679932,5.132512,false
aether_automation_push,234,0.334284,4.731527,879390.3152,1.622264,333.772670,3.916599,3.761295,5.570685,false
aether_automation_push,235,0.303603,4.754754,895046.6326,1.651146,316.878448,3.935826,3.828260,5.288719,false
aether_automation_push,236,0.307318,4.642451,859726.0053,1.585988,333.685833,3.842866,3.677188,5.569235,false
aether_automation_push,237,0.337961,4.071370,758437.5306,1.399135,276.425208,3.370143,3.243960,4.613552,false
aether_automation_push,238,0.341841,4.289864,799575.0259,1.475024,290.860948,3.551006,3.419912,4.854486,false
aether_automation_push,239,0.332854,4.094155,781223.3040,1.441169,247.727374,3.389005,3.341419,4.134584,false
aether_automation_push,240,0.332154,4.532242,874967.7062,1.614105,266.043511,3.751638,3.742379,4.440281,false
aether_automation_push,241,0.345352,4.203401,782291.8427,1.443141,292.401373,3.479435,3.345989,4.880195,false
aether_automation_push,242,0.341260,3.973196,741373.1239,1.367655,269.104000,3.288879,3.170973,4.491361,false
aether_automation_push,243,0.272859,5.239604,979001.3588,1.806022,356.827604,4.337169,4.187348,5.955473,false
aether_automation_push,244,0.316055,4.577709,871608.5232,1.607908,282.764620,3.789274,3.728011,4.719357,false
aether_automation_push,245,0.327354,4.983569,891754.7933,1.645073,407.153316,4.125232,3.814180,6.795412,false
aether_automation_push,246,0.325607,4.681438,851351.7422,1.570539,358.987361,3.875138,3.641370,5.991519,false
aether_automation_push,247,0.337548,4.252585,805104.1300,1.485224,262.498951,3.520147,3.443561,4.381122,false
aether_automation_push,248,0.325281,4.563111,855539.1523,1.578264,299.001649,3.777190,3.659280,4.990354,false
aether_automation_push,249,0.293660,5.498732,1018985.0968,1.879783,397.192351,4.551666,4.358365,6.629163,false
aether_automation_push,250,0.335520,4.609965,823302.1861,1.518795,374.870273,3.815975,3.521397,6.256606,false
aether_automation_push,251,0.340385,4.437184,846935.6054,1.562393,276.096784,3.672952,3.622481,4.608071,false
aether_automation_push,252,0.307141,4.521313,848340.1813,1.564984,299.020017,3.742591,3.628489,4.990661,false
aether_automation_push,253,0.340073,4.265366,778145.4898,1.435491,321.982361,3.530728,3.328254,5.373904,false
aether_automation_push,254,0.329107,4.871697,888568.2140,1.639195,373.237529,4.032628,3.800550,6.229355,false
aether_automation_push,255,0.306900,4.965200,901040.0333,1.662202,381.095751,4.110026,3.853894,6.360509,false
aether_automation_push,256,0.330517,4.634311,846277.5327,1.561179,339.383284,3.836127,3.619666,5.664326,false
aether_automation_push,257,0.329554,4.485491,825321.6573,1.522520,328.352949,3.712940,3.530035,5.480229,false
aether_automation_push,258,0.339751,4.632761,831588.7307,1.534081,375.430537,3.834845,3.556840,6.265957,false
aether_automation_push,259,0.320911,4.563710,843850.4673,1.556701,330.729621,3.777686,3.609285,5.519896,false
aether_automation_push,260,0.319302,4.388807,829999.8703,1.531150,285.237050,3.632908,3.550044,4.760622,false
aether_automation_push,261,0.322612,4.709546,859716.6130,1.585971,356.253936,3.898404,3.677147,5.945898,false
aether_automation_push,262,0.329822,4.591069,865168.8108,1.596029,294.375881,3.800334,3.700467,4.913150,false
aether_automation_push,263,0.285701,5.278268,978713.9863,1.805492,376.965414,4.369173,4.186118,6.291574,false
aether_automation_push,264,0.297951,4.554494,854637.8661,1.576602,295.602543,3.770058,3.655425,4.933623,false
aether_automation_push,265,0.394262,3.448670,642334.9022,1.184954,232.144100,2.854694,2.747371,3.874498,false
aether_automation_push,266,0.317762,4.504440,845251.2633,1.559286,303.117455,3.728625,3.615277,5.059047,false
aether_automation_push,267,0.319944,4.152636,776273.5112,1.432038,275.354380,3.437413,3.320248,4.595680,false
aether_automation_push,268,0.362328,3.715191,701219.2880,1.293581,238.793512,3.075311,2.999229,3.985477,false
aether_automation_push,269,0.294645,4.950549,923684.8560,1.703977,333.382956,4.097899,3.950750,5.564180,false
aether_automation_push,270,0.292549,4.549274,879776.8427,1.622977,248.858444,3.765737,3.762948,4.153461,false
aether_automation_push,271,0.329038,4.717098,853535.0936,1.574567,372.985615,3.904656,3.650708,6.225151,false
aether_automation_push,272,0.320663,4.478936,822414.4376,1.517157,326.746545,3.707514,3.517600,5.453418,false
aether_automation_push,273,0.336939,4.405291,803837.5857,1.482887,333.282631,3.646553,3.438144,5.562506,false
aether_automation_push,274,0.357507,3.895746,726732.5332,1.340647,265.379936,3.224768,3.108353,4.429206,false
aether_automation_push,275,0.342813,4.579324,841407.6052,1.552195,337.756668,3.790611,3.598837,5.637178,false
aether_automation_push,276,0.279877,5.935763,1095127.2952,2.020247,441.218794,4.913426,4.684037,7.363966,false
aether_automation_push,277,0.333423,4.460196,820605.9664,1.513821,323.294434,3.692001,3.509865,5.395802,false
aether_automation_push,278,0.340648,4.399813,821347.7227,1.515189,304.415283,3.642018,3.513037,5.080708,false
aether_automation_push,279,0.393935,3.577747,664798.4982,1.226394,245.672542,2.961540,2.843451,4.100289,false
aether_automation_push,280,0.300176,4.780023,886198.2752,1.634823,332.740310,3.956743,3.790414,5.553454,false
aether_automation_push,281,0.322062,4.417093,822517.4433,1.517347,310.138463,3.656322,3.518041,5.176228,false
aether_automation_push,282,0.339289,4.146236,779168.2647,1.437378,268.057037,3.432115,3.332629,4.473887,false
aether_automation_push,283,0.325888,4.334661,816863.5909,1.506917,288.639287,3.588088,3.493858,4.817406,false
aether_automation_push,284,0.339794,4.423404,833195.6855,1.537046,292.984950,3.661546,3.563713,4.889935,false
aether_automation_push,285,0.334538,4.570216,829929.4077,1.531020,351.192969,3.783072,3.549743,5.861430,false
aether_automation_push,286,0.358986,3.885891,734890.0494,1.355696,241.874919,3.216611,3.143244,4.036906,false
aether_automation_push,287,0.326373,4.281695,822685.3531,1.517657,246.196735,3.544244,3.518759,4.109037,false
aether_automation_push,288,0.306365,5.041503,937232.8465,1.728969,353.276333,4.173187,4.008697,5.896202,false
aether_automation_push,289,0.321272,4.416791,822951.7629,1.518148,304.385189,3.656072,3.519898,5.080206,false
aether_automation_push,290,0.346960,3.959918,758503.6580,1.399257,235.700835,3.277888,3.244243,3.933860,false
aether_automation_push,291,0.313814,4.862685,898422.5086,1.657374,355.129679,4.025168,3.842699,5.927134,false
aether_automation_push,292,0.330970,4.260322,795972.8396,1.468379,290.854047,3.526552,3.404505,4.854370,false
aether_automation_push,293,0.336355,4.613447,826766.5183,1.525186,374.980559,3.818857,3.536215,6.258447,false
aether_automation_push,294,0.296280,4.778681,913662.3899,1.685488,290.643695,3.955632,3.907882,4.850860,false
aether_automation_push,295,0.352827,3.879507,731913.2139,1.350204,254.677081,3.211326,3.130512,4.250575,false
aether_automation_push,296,0.286645,5.616686,1044440.5138,1.926742,407.195677,4.649305,4.467242,6.796119,false
aether_automation_push,297,0.317841,4.854626,910842.0836,1.680285,323.050389,4.018497,3.895819,5.391729,false
aether_automation_push,298,0.300811,4.852036,912281.0526,1.682939,324.290106,4.016353,3.901974,5.412420,false
aether_automation_push,299,0.328937,4.713652,868698.0441,1.602539,340.973011,3.901803,3.715562,5.690859,false
aether_automation_push,300,0.325331,4.409794,832350.5619,1.535487,288.861295,3.650280,3.560098,4.821111,false
aether_automation_push,301,0.303034,4.836371,894660.5446,1.650434,348.103270,4.003386,3.826608,5.809863,false
aether_automation_push,302,0.291096,5.066670,947691.5943,1.748263,343.850854,4.194020,4.053431,5.738890,false
aether_automation_push,303,0.319945,4.405100,829521.8127,1.530268,283.293820,3.646395,3.547999,4.728190,false
aether_automation_push,304,0.348674,4.307123,783093.5805,1.444620,332.756996,3.565292,3.349418,5.553733,false
aether_automation_push,305,0.360490,4.434764,806535.1654,1.487864,339.643881,3.670949,3.449682,5.668675,false
aether_automation_push,306,0.323372,4.441936,822376.9074,1.517088,316.482344,3.676886,3.517439,5.282108,false
aether_automation_push,307,0.359050,3.830652,718637.8615,1.325714,251.858040,3.170885,3.073731,4.203525,false
aether_automation_push,308,0.295064,5.019719,945483.2069,1.744189,333.140274,4.155155,4.043985,5.560130,false
aether_automation_push,309,0.318386,4.909806,896136.4716,1.653157,377.287171,4.064173,3.832921,6.296944,false
aether_automation_push,310,0.309122,4.656170,881949.5064,1.626985,300.433583,3.854221,3.772241,5.014253,false
aether_automation_push,311,0.302170,4.895632,918261.6589,1.693972,329.051073,4.052440,3.927554,5.491881,false
aether_automation_push,312,0.350808,4.888268,871739.5958,1.608150,413.591399,4.046345,3.728572,6.902864,false
aether_automation_push,313,0.343105,4.219720,780256.6379,1.439386,299.484069,3.492943,3.337284,4.998406,false
aether_automation_push,314,0.323567,4.346709,839665.4697,1.548981,242.516117,3.598060,3.591385,4.047608,false
aether_automation_push,315,0.333140,4.300682,789353.8282,1.456168,307.542489,3.559961,3.376194,5.132901,false
aether_automation_push,316,0.364866,3.775812,701923.1805,1.294880,259.201641,3.125491,3.002239,4.326090,false
aether_automation_push,317,0.340050,4.054053,745186.7566,1.374691,288.156158,3.355809,3.187285,4.809342,false
aether_automation_push,318,0.340676,4.853145,879795.3782,1.623011,384.344304,4.017271,3.763028,6.414728,false
aether_automation_push,319,0.342021,4.394495,843029.8278,1.555188,253.234965,3.637616,3.605775,4.226506,false
aether_automation_push,320,0.348823,3.772949,711716.9005,1.312947,229.704987,3.123121,3.044129,3.833789,false
aether_automation_push,321,0.374813,4.132395,743212.0879,1.371048,327.122338,3.420658,3.178839,5.459690,false
aether_automation_push,322,0.321031,4.620047,852757.0186,1.573132,332.287757,3.824320,3.647380,5.545901,false
aether_automation_push,323,0.283935,5.389626,1016334.9514,1.874894,345.473211,4.461352,4.347029,5.765967,false
aether_automation_push,324,0.338968,4.305377,786241.7149,1.450427,323.062083,3.563847,3.362883,5.391924,false
aether_automation_push,325,0.329504,4.098109,765842.4862,1.412795,271.143703,3.392277,3.275633,4.525404,false
aether_automation_push,326,0.350748,4.048152,746721.0859,1.377521,283.390564,3.350925,3.193847,4.729804,false
aether_automation_push,327,0.364433,4.231393,767481.0673,1.415818,328.811686,3.502605,3.282641,5.487885,false
aether_automation_push,328,0.315920,4.417471,841321.9870,1.552037,276.895382,3.656635,3.598471,4.621399,false
aether_automation_push,329,0.324464,4.439444,844675.5657,1.558224,273.860141,3.674823,3.612814,4.570741,false
aether_automation_push,330,0.377810,3.624754,684867.9604,1.263417,230.907387,3.000450,2.929291,3.853857,false
aether_automation_push,331,0.333610,5.049335,918918.7542,1.695184,390.266114,4.179671,3.930365,6.513563,false
aether_automation_push,332,0.311423,4.752433,874569.5185,1.613371,340.277717,3.933905,3.740676,5.679254,false
aether_automation_push,333,0.361579,3.909890,747772.7950,1.379461,232.997339,3.236476,3.198346,3.888739,false
aether_automation_push,334,0.325173,4.692401,873950.5571,1.612229,331.116286,3.884212,3.738028,5.526349,false
aether_automation_push,335,0.301449,5.344982,989201.8888,1.824840,386.734469,4.424397,4.230977,6.454620,false
aether_automation_push,336,0.344955,4.188438,790733.1258,1.458713,270.680143,3.467049,3.382094,4.517667,false
aether_automation_push,337,0.302664,4.815731,893653.2193,1.648576,337.981020,3.986301,3.822300,5.640922,false
aether_automation_push,338,0.320176,4.781501,872190.5331,1.608982,364.685642,3.957967,3.730500,6.086624,false
aether_automation_push,339,0.326560,4.686532,871926.4355,1.608495,324.536713,3.879354,3.729371,5.416536,false
aether_automation_push,340,0.316337,4.796286,895594.2907,1.652156,330.664973,3.970205,3.830602,5.518817,false
aether_automation_push,341,0.288099,6.011052,1066537.8283,1.967506,512.313547,4.975748,4.561755,8.550542,false
aether_automation_push,342,0.322914,4.567751,850551.3606,1.569063,317.615961,3.781031,3.637946,5.301028,false
aether_automation_push,343,0.313279,5.014179,902322.4854,1.664568,404.281574,4.150570,3.859380,6.747482,false
aether_automation_push,344,0.340899,4.527478,830080.1370,1.531298,338.466610,3.747695,3.550387,5.649027,false
aether_automation_push,345,0.340974,4.434931,825690.8019,1.523201,309.695791,3.671087,3.531614,5.168840,false
aether_automation_push,346,0.340894,4.705700,897872.9777,1.656360,289.343000,3.895221,3.840348,4.829151,false
aether_automation_push,347,0.347982,4.089392,755551.5272,1.393811,289.978970,3.385062,3.231616,4.839765,false
aether_automation_push,348,0.334749,4.699897,880759.5711,1.624790,316.381373,3.890417,3.767152,5.280423,false
aether_automation_push,349,0.314232,4.378040,815047.7011,1.503567,301.735829,3.623995,3.486091,5.035988,false
aether_automation_push,350,0.330843,4.344935,803883.6028,1.482972,302.921974,3.596592,3.438341,5.055785,false
aether_automation_push,351,0.292758,5.311774,986029.3896,1.818987,381.266540,4.396909,4.217408,6.363360,false
aether_automation_push,352,0.288156,5.189923,965284.6574,1.780718,366.701195,4.296044,4.128679,6.120264,false
aether_automation_push,353,0.285623,5.009078,960977.5105,1.772773,296.164710,4.146347,4.110257,4.943006,false
aether_automation_push,354,0.378940,3.636741,690223.2618,1.273296,226.636193,3.010373,2.952197,3.782571,false
aether_automation_push,355,0.306654,4.721682,875625.9496,1.615320,329.217536,3.908451,3.745194,5.494659,false
aether_automation_push,356,0.292452,4.847126,933378.2047,1.721859,283.021998,4.012289,3.992210,4.723653,false
aether_automation_push,357,0.401437,3.984857,718918.0734,1.326231,314.584093,3.298531,3.074929,5.250426,false
aether_automation_push,358,0.292948,5.115736,980999.5841,1.809709,305.549553,4.234635,4.195894,5.099639,false
aether_automation_push,359,0.325817,4.817008,879031.2415,1.621601,365.241819,3.987358,3.759759,6.095906,false
aether_automation_push,360,0.315983,4.560262,835774.8827,1.541804,335.875562,3.774833,3.574745,5.605782,false
aether_automation_push,361,0.379146,3.811261,702445.4736,1.295843,271.750359,3.154834,3.004473,4.535529,false
aether_automation_push,362,0.298536,4.588190,863281.4158,1.592547,293.049373,3.797951,3.692395,4.891010,false
aether_automation_push,363,0.334994,5.007859,897035.0627,1.654814,412.487386,4.145338,3.836764,6.884438,false
aether_automation_push,364,0.337553,4.535257,832281.4786,1.535359,338.046019,3.754134,3.559803,5.642007,false
aether_automation_push,365,0.321828,5.207532,947833.3471,1.748525,408.425613,4.310620,4.054037,6.816646,false
aether_automation_push,366,0.323853,4.410360,817933.4088,1.508891,308.133748,3.650749,3.498434,5.142770,false
aether_automation_push,367,0.313277,4.725756,866185.1045,1.597903,341.972765,3.911823,3.704814,5.707545,false
aether_automation_push,368,0.339920,4.190328,776797.7282,1.433005,293.889823,3.468613,3.322490,4.905038,false
aether_automation_push,369,0.296833,4.831978,925235.5610,1.706837,289.096808,3.999750,3.957383,4.825042,false
aether_automation_push,370,0.347374,5.308762,924768.5526,1.705976,489.654347,4.394416,3.955385,8.172359,false
aether_automation_push,371,0.291394,5.452660,1007493.4695,1.858583,397.522634,4.513529,4.309213,6.634675,false
aether_automation_push,372,0.292104,5.373310,990896.2574,1.827966,398.814083,4.447846,4.238224,6.656229,false
aether_automation_push,373,0.348129,4.363307,797259.2348,1.470752,324.270574,3.611799,3.410007,5.412094,false
aether_automation_push,374,0.359944,4.367900,789480.9462,1.456403,346.669305,3.615602,3.376738,5.785930,false
aether_automation_push,375,0.314141,4.471086,830256.4045,1.531624,314.261805,3.701015,3.551141,5.245047,false
aether_automation_push,376,0.325291,4.765058,888881.9833,1.639774,320.643383,3.944355,3.801892,5.351556,false
aether_automation_push,377,0.335181,4.769682,851943.2767,1.571631,395.046549,3.948183,3.643900,6.593349,false
aether_automation_push,378,0.334321,4.744919,875899.2567,1.615824,345.852540,3.927685,3.746363,5.772298,false
aether_automation_push,379,0.330029,4.275098,793221.6228,1.463303,294.690931,3.538783,3.392738,4.918408,false
aether_automation_push,380,0.353626,4.110649,742459.6114,1.369660,314.648242,3.402658,3.175620,5.251497,false
aether_automation_push,381,0.323250,4.768705,884376.3463,1.631462,339.411205,3.947374,3.782621,5.664792,false
aether_automation_push,382,0.326205,4.348352,822750.0904,1.517776,285.182433,3.599420,3.519036,4.759711,false
aether_automation_push,383,0.283106,5.541822,1027891.2537,1.896212,390.474475,4.587335,4.396458,6.517041,false
aether_automation_push,384,0.294362,5.109929,957683.6477,1.766696,350.741056,4.229828,4.096168,5.853888,false
aether_automation_push,385,0.322841,4.437198,826473.8379,1.524646,307.435501,3.672964,3.534963,5.131116,false
aether_automation_push,386,0.334488,4.574057,844319.8387,1.557567,328.426411,3.786251,3.611293,5.481455,false
aether_automation_push,387,0.308043,4.507711,849050.4933,1.566294,285.650963,3.731332,3.631527,4.767531,false
aether_automation_push,388,0.323873,4.740652,856771.0608,1.580537,374.685253,3.924153,3.664549,6.253518,false
aether_automation_push,389,0.342325,3.879715,726316.5956,1.339880,254.246587,3.211499,3.106574,4.243390,false
aether_automation_push,390,0.341914,4.348227,784161.9950,1.446591,341.213623,3.599317,3.353988,5.694875,false
aether_automation_push,391,0.318000,4.485404,855233.6652,1.577701,275.919494,3.712868,3.657973,4.605112,false
aether_automation_push,392,0.350653,4.006338,741219.2544,1.367371,282.746254,3.316313,3.170315,4.719051,false
aether_automation_push,393,0.332557,4.503503,866343.3711,1.598195,269.278377,3.727849,3.705491,4.494271,false
aether_automation_push,394,0.343414,4.432271,820171.0433,1.513019,317.160729,3.668885,3.508005,5.293430,false
aether_automation_push,395,0.331672,4.513211,829183.2262,1.529644,339.556829,3.735885,3.546551,5.667223,false
aether_automation_push,396,0.364060,3.722502,686121.2927,1.265729,261.094828,3.081362,2.934652,4.357687,false
aether_automation_push,397,0.336963,4.187903,782128.1734,1.442839,288.053131,3.466606,3.345289,4.807623,false
aether_automation_push,398,0.312565,4.554107,869824.5709,1.604617,270.896266,3.769737,3.720381,4.521274,false
aether_automation_push,399,0.300507,4.610547,863164.5377,1.592331,308.832191,3.816456,3.691895,5.154427,false
aether_automation_push,400,0.318022,4.803672,902197.6491,1.664338,320.256511,3.976319,3.858846,5.345099,false
aether_automation_push,401,0.298043,4.989854,930174.2354,1.715948,347.728547,4.130434,3.978506,5.803609,false
aether_automation_push,402,0.275345,5.210100,966617.7728,1.783178,366.545364,4.312746,4.134381,6.117663,false
aether_automation_push,403,0.297041,5.234463,947096.2126,1.747165,406.393451,4.332913,4.050884,6.782730,false
aether_automation_push,404,0.359467,4.042159,746481.0351,1.377078,294.152380,3.345964,3.192820,4.909420,false
aether_automation_push,405,0.322242,4.144986,786668.5222,1.451214,254.719047,3.431081,3.364709,4.251275,false
aether_automation_push,406,0.358644,4.182879,769477.9278,1.419502,308.394897,3.462447,3.291182,5.147128,false
aether_automation_push,407,0.348977,3.910638,737482.0137,1.360477,251.981866,3.237096,3.154330,4.205591,false
aether_automation_push,408,0.335461,4.097869,761056.3580,1.403966,275.646230,3.392079,3.255162,4.600551,false
aether_automation_push,409,0.314774,5.197874,976852.1580,1.802058,350.123784,4.302626,4.178155,5.843586,false
aether_automation_push,410,0.332612,4.531335,841929.6473,1.553158,316.396489,3.750888,3.601070,5.280675,false
aether_automation_push,411,0.336557,4.230764,771121.3872,1.422534,315.436490,3.502085,3.298211,5.264653,false
aether_automation_push,412,0.317487,4.466896,837028.6515,1.544117,301.696657,3.697547,3.580107,5.035334,false
aether_automation_push,413,0.350331,4.823775,873127.1431,1.610710,384.078428,3.992959,3.734506,6.410291,false
aether_automation_push,414,0.334361,4.132641,774106.8685,1.428041,282.506328,3.420862,3.310981,4.715046,false
aether_automation_push,415,0.323667,4.594224,849650.7816,1.567402,327.457861,3.802945,3.634094,5.465290,false
aether_automation_push,416,0.333278,5.259076,943997.8193,1.741449,438.254259,4.353287,4.037632,7.314488,false
aether_automation_push,417,0.327229,4.373667,820957.7726,1.514470,293.823627,3.620375,3.511370,4.903933,false
aether_automation_push,418,0.340092,4.500799,818194.6888,1.509373,345.297527,3.725611,3.499551,5.763035,false
aether_automation_push,419,0.340702,4.332081,802488.0711,1.480398,303.875021,3.585951,3.432372,5.071691,false
aether_automation_push,420,0.383099,3.676574,687042.4799,1.267428,249.922929,3.043345,2.938592,4.171228,false
aether_automation_push,421,0.334359,4.003532,756026.4589,1.394687,254.296712,3.313990,3.233648,4.244226,false
aether_automation_push,422,0.321805,4.402989,822365.6428,1.517067,300.414714,3.644647,3.517391,5.013938,false
aether_automation_push,423,0.318634,4.212108,795296.0374,1.467130,270.474849,3.486642,3.401610,4.514240,false
aether_automation_push,424,0.347918,4.242795,777409.7351,1.434134,317.007315,3.512044,3.325108,5.290870,false
aether_automation_push,425,0.326520,4.803198,860672.3679,1.587734,392.531134,3.975927,3.681235,6.551367,false
aether_automation_push,426,0.337611,4.266204,790373.4637,1.458049,303.317311,3.531421,3.380556,5.062383,false
aether_automation_push,427,0.295300,5.072432,946689.0713,1.746414,344.179227,4.198790,4.049143,5.744371,false
aether_automation_push,428,0.316430,4.870028,911903.7823,1.682243,332.365698,4.031246,3.900360,5.547202,false
aether_automation_push,429,0.378082,3.817462,693861.5440,1.280008,288.233769,3.159967,2.967758,4.810638,false
aether_automation_push,430,0.310688,4.985896,926422.8650,1.709028,354.124345,4.127158,3.962461,5.910355,false
aether_automation_push,431,0.334983,4.848796,920666.3766,1.698408,311.999094,4.013671,3.937839,5.207282,false
aether_automation_push,432,0.334728,4.738214,868618.8430,1.602393,357.111290,3.922135,3.715224,5.960207,false
aether_automation_push,433,0.330260,4.598494,852160.3666,1.572031,327.785774,3.806479,3.644828,5.470763,false
aether_automation_push,434,0.343317,4.201281,784799.6277,1.447767,290.002677,3.477680,3.356715,4.840161,false
aether_automation_push,435,0.320406,5.511303,993847.3740,1.833410,445.133877,4.562073,4.250846,7.429309,false
aether_automation_push,436,0.353482,3.717426,700505.5268,1.292264,237.100965,3.077161,2.996176,3.957228,false
aether_automation_push,437,0.348285,4.613193,819452.0077,1.511692,385.642087,3.818647,3.504929,6.436388,false
aether_automation_push,438,0.335671,4.703961,867542.2096,1.600407,341.091090,3.893781,3.710619,5.692829,false
aether_automation_push,439,0.336657,4.137753,771410.3599,1.423067,274.862214,3.425094,3.299447,4.587466,false
aether_automation_push,440,0.310203,4.753949,878079.8617,1.619846,337.882658,3.935160,3.755690,5.639281,false
aether_automation_push,441,0.342360,4.258473,802405.7643,1.480246,288.305081,3.525022,3.432020,4.811828,false
aether_automation_push,442,0.296200,5.671138,1031635.5714,1.903120,446.973294,4.694378,4.412473,7.460009,false
aether_automation_push,443,0.294235,5.383264,993951.9796,1.833603,396.134897,4.456086,4.251294,6.611514,false
aether_automation_push,444,0.309266,4.753130,881086.3210,1.625393,335.230680,3.934482,3.768549,5.595019,false
aether_automation_push,445,0.348245,4.155362,770759.1733,1.421866,280.954990,3.439670,3.296662,4.689155,false
aether_automation_push,446,0.336219,4.784345,869272.1357,1.603598,372.672478,3.960320,3.718018,6.219925,false
aether_automation_push,447,0.339204,5.088658,915347.4348,1.688596,413.599664,4.212221,3.915089,6.903002,false
aether_automation_push,448,0.361300,3.946749,723475.6028,1.334639,293.120715,3.266987,3.094423,4.892201,false
aether_automation_push,449,0.367281,4.032558,747830.9311,1.379568,287.632681,3.338016,3.198594,4.800606,false
aether_automation_push,450,0.318450,4.558240,857858.5920,1.582543,293.197018,3.773158,3.669200,4.893475,false
aether_automation_push,451,0.322641,4.434892,823198.6052,1.518604,302.795923,3.671055,3.520954,5.053681,false
aether_automation_push,452,0.330089,4.323169,807926.7308,1.490431,294.038957,3.578575,3.455634,4.907527,false
aether_automation_push,453,0.314925,4.576850,849082.7104,1.566354,324.598284,3.788564,3.631664,5.417564,false
aether_automation_push,454,0.370584,4.908911,856675.9561,1.580361,443.981669,4.063432,3.664142,7.410079,false
aether_automation_push,455,0.323673,4.538774,844884.1700,1.558608,313.953318,3.757045,3.613707,5.239898,false
aether_automation_push,456,0.305143,5.059421,958450.3251,1.768111,325.910539,4.188019,4.099448,5.439465,false
aether_automation_push,457,0.318485,4.640538,884243.7747,1.631217,293.409748,3.841282,3.782054,4.897025,false
aether_automation_push,458,0.348100,3.943669,743139.1692,1.370913,247.189065,3.264438,3.178527,4.125599,false
aether_automation_push,459,0.339688,4.226207,778328.4152,1.435829,302.253715,3.498313,3.329037,5.044631,false
aether_automation_push,460,0.325210,4.853190,875545.7839,1.615172,385.254933,4.017308,3.744851,6.429926,false
aether_automation_push,461,0.350885,4.111448,758957.2261,1.400094,297.997850,3.403319,3.246183,4.973601,false
aether_automation_push,462,0.285192,5.922443,1067413.6440,1.969122,475.454270,4.902400,4.565501,7.935358,false
aether_automation_push,463,0.328875,4.552960,824266.5511,1.520574,353.467055,3.768788,3.525522,5.899385,false
aether_automation_push,464,0.338297,4.700876,846792.0096,1.562128,372.248298,3.891228,3.621867,6.212845,false
aether_automation_push,465,0.331010,5.005043,933451.4585,1.721994,348.499107,4.143007,3.992523,5.816470,false
aether_automation_push,466,0.295705,5.517322,1035185.1272,1.909668,369.793024,4.567054,4.427655,6.171866,false
aether_automation_push,467,0.338033,4.794595,854793.6904,1.576889,402.018294,3.968806,3.656091,6.709708,false
aether_automation_push,468,0.339608,4.182400,773826.7363,1.427524,289.388872,3.462051,3.309782,4.829917,false
aether_automation_push,469,0.286391,4.941169,905610.9869,1.670635,362.151006,4.090134,3.873445,6.044321,false
aether_automation_push,470,0.287886,5.723880,1057041.4775,1.949988,414.617859,4.738036,4.521138,6.919995,false
aether_automation_push,471,0.310757,4.393971,836800.0448,1.543695,267.299999,3.637182,3.579130,4.461252,false
aether_automation_push,472,0.347226,4.116144,767515.5450,1.415882,283.683085,3.407207,3.282788,4.734687,false
aether_automation_push,473,0.321621,4.767303,885197.6275,1.632977,338.217213,3.946214,3.786134,5.644864,false
aether_automation_push,474,0.306426,5.016783,929429.9080,1.714575,346.670821,4.152725,3.975322,5.785955,false
aether_automation_push,475,0.344997,3.993009,729673.5268,1.346072,281.512664,3.305279,3.120932,4.698462,false
aether_automation_push,476,0.348538,4.270157,827018.8701,1.525651,240.399648,3.534693,3.537294,4.012284,false
aether_automation_push,477,0.312913,4.385933,833857.2310,1.538266,273.375082,3.630529,3.566543,4.562645,false
aether_automation_push,478,0.296355,5.087407,955769.0382,1.763164,337.629007,4.211186,4.087979,5.635047,false
aether_automation_push,479,0.323380,4.350998,818063.4540,1.509131,280.115905,3.601610,3.498990,4.675150,false
aether_automation_push,480,0.339007,4.215345,772927.7109,1.425866,304.269961,3.489322,3.305937,5.078283,false
aether_automation_push,481,0.331949,4.179003,791399.0777,1.459941,266.648969,3.459239,3.384942,4.450386,false
aether_automation_push,482,0.327291,4.950822,893008.2530,1.647386,402.837263,4.098125,3.819541,6.723377,false
aether_automation_push,483,0.331025,4.994288,894360.0840,1.649880,413.438971,4.134105,3.825323,6.900320,false
aether_automation_push,484,0.333281,4.255499,799352.3454,1.474613,283.193950,3.522560,3.418960,4.726523,false
aether_automation_push,485,0.363477,4.109018,764953.6179,1.411156,281.187154,3.401308,3.271831,4.693029,false
aether_automation_push,486,0.374969,3.681394,696529.5448,1.284930,238.278753,3.047335,2.979170,3.976886,false
aether_automation_push,487,0.324405,4.552361,841445.9156,1.552266,330.059839,3.768292,3.599001,5.508717,false
aether_automation_push,488,0.335573,4.551385,822441.7205,1.517207,362.452514,3.767484,3.517717,6.049353,false
aether_automation_push,489,0.319274,4.599224,863849.9297,1.593596,300.880528,3.807084,3.694826,5.021713,false
aether_automation_push,490,0.270953,5.860145,1087740.6610,2.006620,419.900454,4.850832,4.652443,7.008162,false
aether_automation_push,491,0.352131,4.082309,752781.4657,1.388701,290.224386,3.379199,3.219768,4.843861,false
aether_automation_push,492,0.312191,4.550385,834999.9303,1.540374,335.947964,3.766657,3.571430,5.606990,false
aether_automation_push,493,0.310888,4.607823,846052.2259,1.560763,331.264445,3.814202,3.618703,5.528822,false
aether_automation_push,494,0.278299,5.025110,969565.1992,1.788615,290.553751,4.159618,4.146988,4.849358,false
aether_automation_push,495,0.345317,4.285346,774604.9483,1.428960,333.937510,3.547266,3.313111,5.573436,false
aether_automation_push,496,0.293691,4.870312,938108.2737,1.730584,277.375655,4.031481,4.012441,4.629415,false
aether_automation_push,497,0.368599,3.833961,713640.9355,1.316496,263.929290,3.173625,3.052358,4.404995,false
aether_automation_push,498,0.329107,4.851898,876655.9396,1.617220,384.036084,4.016239,3.749600,6.409584,false
aether_automation_push,499,0.335136,5.016184,897801.1409,1.656227,414.725720,4.152229,3.840041,6.921796,false
aether_automation_push,500,0.320981,4.539495,846850.4503,1.562236,313.954412,3.757642,3.622117,5.239917,false
aether_automation_push,501,0.332806,4.137970,782313.0350,1.443180,259.016392,3.425273,3.346080,4.322998,false
aether_automation_push,502,0.306539,4.541493,848484.6629,1.565250,304.814107,3.759296,3.629107,5.087365,false
aether_automation_push,503,0.319864,4.222449,794953.3332,1.466498,275.521003,3.495202,3.400144,4.598461,false
aether_automation_push,504,0.302051,4.431672,819933.1187,1.512580,300.679759,3.668390,3.506987,5.018362,false
aether_automation_push,505,0.321974,4.344529,822489.3544,1.517295,273.819702,3.596256,3.517920,4.570066,false
aether_automation_push,506,0.345924,4.153388,797508.1887,1.471211,236.343835,3.438036,3.411072,3.944592,false
aether_automation_push,507,0.331531,4.552919,828998.8640,1.529304,349.132023,3.768754,3.545763,5.827033,false
aether_automation_push,508,0.341719,4.556868,820213.5351,1.513097,366.545220,3.772023,3.508186,6.117660,false
aether_automation_push,509,0.294798,4.816459,904271.5542,1.668164,322.520806,3.986904,3.867716,5.382890,false
aether_automation_push,510,0.314758,5.001029,954253.4926,1.760368,302.744276,4.139684,4.081497,5.052819,false
aether_automation_push,511,0.313898,4.499664,826086.7318,1.523932,329.113654,3.724671,3.533307,5.492925,false
aether_automation_push,512,0.299479,5.308187,993036.9144,1.831915,364.662661,4.393940,4.247380,6.086240,false
aether_automation_push,513,0.337442,4.404299,806464.1811,1.487733,328.256690,3.645732,3.449378,5.478623,false
aether_automation_push,514,0.373732,3.949063,715374.2398,1.319694,304.071672,3.268902,3.059772,5.074973,false
aether_automation_push,515,0.344003,4.077658,766534.7664,1.414073,264.099903,3.375349,3.278594,4.407842,false
aether_automation_push,516,0.321063,5.038753,928402.2787,1.712679,372.076550,4.170911,3.970927,6.209978,false
aether_automation_push,517,0.309948,4.813951,877415.9390,1.618622,355.999892,3.984828,3.752850,5.941658,false
aether_automation_push,518,0.319873,5.316256,936490.0638,1.727599,463.145868,4.400619,4.005520,7.729931,false
aether_automation_push,519,0.290169,4.723964,890480.9170,1.642723,308.858492,3.910339,3.808731,5.154866,false
aether_automation_push,520,0.334854,4.386672,797033.1093,1.470335,330.179408,3.631140,3.409040,5.510713,false
aether_automation_push,521,0.334588,4.525538,829812.4141,1.530805,340.812796,3.746089,3.549242,5.688185,false
aether_automation_push,522,0.286521,5.159230,998319.7533,1.841660,299.012035,4.270638,4.269976,4.990528,false
aether_automation_push,523,0.308650,4.565406,852985.4503,1.573553,315.731408,3.779091,3.648357,5.269575,false
aether_automation_push,524,0.302782,5.278587,977439.1861,1.803140,386.171519,4.369438,4.180666,6.445224,false
aether_automation_push,525,0.387419,3.518428,666865.5239,1.230207,216.532372,2.912437,2.852292,3.613937,false
aether_automation_push,526,0.319827,4.622038,838587.6231,1.546993,352.873608,3.825968,3.586775,5.889480,false
aether_automation_push,527,0.318389,4.610579,850105.5717,1.568241,334.208574,3.816483,3.636039,5.577960,false
aether_automation_push,528,0.325987,4.658085,860623.4627,1.587644,329.909771,3.855807,3.681026,5.506213,false
aether_automation_push,529,0.308651,4.663022,886731.5248,1.635807,292.590917,3.859893,3.792695,4.883359,false
aether_automation_push,530,0.340596,4.516416,829405.1503,1.530053,334.058606,3.738538,3.547500,5.575457,false
aether_automation_push,531,0.355300,4.533264,811784.2752,1.497547,370.829768,3.752485,3.472133,6.189170,false
aether_automation_push,532,0.318136,4.574899,861309.4669,1.588909,301.544288,3.786948,3.683960,5.032791,false
aether_automation_push,533,0.285171,5.929383,1106632.2498,2.041471,413.514843,4.908145,4.733246,6.901586,false
aether_automation_push,534,0.360616,4.448771,806050.0197,1.486969,345.019786,3.682544,3.447607,5.758400,false
aether_automation_push,535,0.311065,4.712458,875454.2336,1.615003,333.063473,3.900815,3.744460,5.558848,false
aether_automation_push,536,0.309623,4.412191,835878.7619,1.541996,278.613316,3.652264,3.575189,4.650072,false
aether_automation_push,537,0.323029,4.653684,873538.7864,1.611469,313.927521,3.852164,3.736267,5.239468,false
aether_automation_push,538,0.302996,4.774750,907001.5001,1.673200,297.842099,3.952378,3.879393,4.971001,false
aether_automation_push,539,0.308890,4.186972,790185.4575,1.457702,254.378535,3.465835,3.379751,4.245592,false
aether_automation_push,540,0.341259,4.692934,844880.3764,1.558601,377.659630,3.884654,3.613690,6.303160,false
aether_automation_push,541,0.336735,4.492445,842032.7383,1.553348,301.390629,3.718696,3.601511,5.030227,false
aether_automation_push,542,0.297371,5.375422,1006420.8966,1.856605,369.397563,4.449594,4.304625,6.165266,false
aether_automation_push,543,0.357880,4.055428,761425.7153,1.404648,271.279578,3.356948,3.256741,4.527671,false
aether_automation_push,544,0.311852,4.951611,914573.6232,1.687169,358.666907,4.098778,3.911780,5.986171,false
aether_automation_push,545,0.326645,4.640377,835559.3205,1.541406,364.924273,3.841149,3.573823,6.090607,false
aether_automation_push,546,0.337122,4.825280,864356.7823,1.594531,391.376961,3.994205,3.696994,6.532103,false
aether_automation_push,547,0.329001,4.181064,792315.8110,1.461632,260.517705,3.460945,3.388863,4.348055,false
aether_automation_push,548,0.308864,4.679551,871287.3630,1.607316,321.662234,3.873576,3.726637,5.368561,false
aether_automation_push,549,0.316168,4.789097,882671.3508,1.628317,353.726521,3.964254,3.775329,5.903715,false
aether_automation_push,550,0.343318,4.055691,766006.7028,1.413098,256.892379,3.357166,3.276335,4.287548,false
aether_automation_push,551,0.346625,4.221137,769377.3541,1.419316,314.349118,3.494116,3.290752,5.246504,false
aether_automation_push,552,0.315860,4.725764,878373.8428,1.620389,329.689906,3.911829,3.756947,5.502543,false
aether_automation_push,553,0.349368,3.911466,748316.0449,1.380463,235.931955,3.237781,3.200669,3.937718,false
aether_automation_push,554,0.335955,4.277564,787991.6944,1.453655,303.043088,3.540824,3.370368,5.057806,false
aether_automation_push,555,0.308712,4.361463,816704.7667,1.506624,283.783270,3.610273,3.493179,4.736359,false
aether_automation_push,556,0.327863,4.517438,819872.0718,1.512467,343.356380,3.739384,3.506726,5.730637,false
aether_automation_push,557,0.335487,4.154365,762779.5390,1.407145,298.048963,3.438844,3.262532,4.974454,false
aether_automation_push,558,0.316350,5.266704,962276.2399,1.775169,408.097313,4.359601,4.115812,6.811167,false
aether_automation_push,559,0.341865,4.217833,795039.8534,1.466658,280.452781,3.491381,3.400514,4.680773,false
aether_automation_push,560,0.354173,4.027816,745544.8242,1.375351,285.467480,3.334091,3.188816,4.764468,false
aether_automation_push,561,0.310584,4.898845,922612.1002,1.701998,322.505099,4.055100,3.946162,5.382628,false
aether_automation_push,562,0.348031,4.331225,797884.3290,1.471905,320.812592,3.585243,3.412681,5.354380,false
aether_automation_push,563,0.325574,4.691057,854964.7574,1.577205,363.113848,3.883100,3.656823,6.060390,false
aether_automation_push,564,0.349966,4.429141,802716.7821,1.480820,349.438915,3.666295,3.433350,5.832155,false
aether_automation_push,565,0.349701,3.987546,737951.7781,1.361344,274.605624,3.300757,3.156339,4.583183,false
aether_automation_push,566,0.325027,5.063743,934303.1789,1.723565,370.641426,4.191597,3.996166,6.186026,false
aether_automation_push,567,0.308329,4.706927,874520.7178,1.613281,331.466157,3.896237,3.740467,5.532189,false
aether_automation_push,568,0.284416,5.319230,998398.4458,1.841805,362.912177,4.403081,4.270312,6.057025,false
aether_automation_push,569,0.337850,4.157659,779882.9767,1.438697,273.596470,3.441571,3.335686,4.566340,false
aether_automation_push,570,0.301230,4.815690,936861.9382,1.728285,263.329713,3.986267,4.007110,4.394988,false
aether_automation_push,571,0.322294,4.553898,851010.4263,1.569910,307.262604,3.769564,3.639910,5.128230,false
aether_automation_push,572,0.350020,4.192883,779884.5999,1.438700,292.779464,3.470729,3.335693,4.886506,false
aether_automation_push,573,0.340969,4.239929,780258.2108,1.439389,304.459810,3.509672,3.337291,5.081451,false
aether_automation_push,574,0.318066,4.992003,936393.1870,1.727420,338.588945,4.132213,4.005106,5.651068,false
aether_automation_push,575,0.304568,4.643525,891933.7806,1.645404,272.824419,3.843755,3.814945,4.553455,false
aether_automation_push,576,0.331263,4.424911,809598.0684,1.493514,323.755573,3.662794,3.462782,5.403499,false
aether_automation_push,577,0.379782,3.604251,677375.7882,1.249596,232.190030,2.983479,2.897246,3.875265,false
aether_automation_push,578,0.313268,4.462617,833733.4467,1.538038,309.113216,3.694005,3.566013,5.159117,false
aether_automation_push,579,0.317335,5.372338,964864.9859,1.779944,440.464450,4.447042,4.126884,7.351376,false
aether_automation_push,580,0.342805,4.287413,782429.5441,1.443395,318.898847,3.548977,3.346578,5.322440,false
aether_automation_push,581,0.372825,4.032193,734107.9597,1.354253,310.238492,3.337714,3.139899,5.177898,false
aether_automation_push,582,0.343868,4.311404,818413.3071,1.509776,270.218707,3.568836,3.500486,4.509965,false
aether_automation_push,583,0.289871,5.203422,980984.6504,1.809681,348.344899,4.307219,4.195830,5.813896,false
aether_automation_push,584,0.368547,3.816182,723600.2008,1.334869,243.043338,3.158908,3.094955,4.056407,false
aether_automation_push,585,0.319242,4.589898,851703.3344,1.571188,312.859239,3.799364,3.642873,5.221638,false
aether_automation_push,586,0.331903,4.359779,796430.1355,1.469222,322.165377,3.608880,3.406461,5.376958,false
aether_automation_push,587,0.347868,3.811817,706534.2470,1.303386,256.287937,3.155294,3.021962,4.277460,false
aether_automation_push,588,0.338934,4.526665,819469.8045,1.511725,354.480551,3.747022,3.505005,5.916300,false
aether_automation_push,589,0.308302,4.515575,852429.0618,1.572527,285.197406,3.737842,3.645977,4.759961,false
aether_automation_push,590,0.333160,4.109818,787936.2134,1.453553,242.013966,3.401970,3.370131,4.039227,false
aether_automation_push,591,0.310579,4.834210,900775.3965,1.661714,328.369569,4.001598,3.852762,5.480507,false
aether_automation_push,592,0.330754,4.742423,877624.8948,1.619007,332.993175,3.925619,3.753744,5.557675,false
aether_automation_push,593,0.299920,5.415977,995305.6013,1.836100,410.148771,4.483164,4.257084,6.845406,false
aether_automation_push,594,0.328243,4.625525,868956.0580,1.603015,310.155506,3.828855,3.716666,5.176513,false
aether_automation_push,595,0.312237,4.613421,846072.6397,1.560801,335.430697,3.818836,3.618790,5.598357,false
aether_automation_push,596,0.385516,3.783029,719422.0975,1.327161,239.019526,3.131465,3.077085,3.989249,false
aether_automation_push,597,0.314853,4.700845,857582.8013,1.582034,356.260923,3.891202,3.668021,5.946015,false
aether_automation_push,598,0.320204,4.179611,781771.3286,1.442180,273.398955,3.459742,3.343763,4.563044,false
aether_automation_push,599,0.375942,3.772040,696111.8762,1.284159,267.874359,3.122369,2.977383,4.470838,false
aether_automation_push,600,0.304544,4.793687,892244.9596,1.645978,331.729475,3.968054,3.816276,5.536584,false
aether_automation_push,601,0.329348,4.478953,816469.7934,1.506191,338.023495,3.707527,3.492174,5.641631,false
aether_automation_push,602,0.375929,3.896176,711091.2819,1.311793,290.280750,3.225124,3.041453,4.844802,false
aether_automation_push,603,0.314772,4.992677,925574.6448,1.707463,356.579938,4.132771,3.958833,5.951339,false
aether_automation_push,604,0.353526,4.331798,781290.4051,1.441293,343.256172,3.585718,3.341706,5.728965,false
aether_automation_push,605,0.340123,4.843542,876956.8853,1.617775,386.037127,4.009322,3.750887,6.442981,false
aether_automation_push,606,0.323534,4.700585,876709.7406,1.617319,322.784823,3.890987,3.749830,5.387297,false
aether_automation_push,607,0.340843,4.144620,777837.4399,1.434923,275.321184,3.430777,3.326937,4.595126,false
aether_automation_push,608,0.326088,4.313765,829689.2565,1.530577,251.252770,3.570790,3.548716,4.193423,false
aether_automation_push,609,0.334036,4.405605,837268.3486,1.544559,280.723856,3.646813,3.581133,4.685297,false
aether_automation_push,610,0.317588,4.414168,840016.7675,1.549629,273.618460,3.653900,3.592888,4.566707,false
aether_automation_push,611,0.321498,4.380188,804858.0217,1.484770,315.696902,3.625773,3.442508,5.268999,false
aether_automation_push,612,0.293672,4.740271,891529.0912,1.644657,307.246326,3.923838,3.813215,5.127958,false
aether_automation_push,613,0.340922,4.369890,830770.7430,1.532572,274.330539,3.617249,3.553341,4.578592,false
aether_automation_push,614,0.366757,4.295801,784134.6814,1.446540,329.624700,3.555920,3.353871,5.501455,false
aether_automation_push,615,0.308807,4.880252,931460.4118,1.718321,293.570034,4.039709,3.984007,4.899700,false
aether_automation_push,616,0.296496,5.631864,1046124.8206,1.929849,400.443603,4.661869,4.474446,6.683426,false
aether_automation_push,617,0.325110,4.652808,852958.6642,1.573504,350.039577,3.851439,3.648243,5.842180,false
aether_automation_push,618,0.352077,3.980796,740423.9149,1.365904,272.606928,3.295170,3.166913,4.549825,false
aether_automation_push,619,0.323667,4.938137,896230.5386,1.653330,384.751527,4.087625,3.833323,6.421525,false
aether_automation_push,620,0.320209,4.481985,835301.4471,1.540931,306.659001,3.710037,3.572720,5.118156,false
aether_automation_push,621,0.331847,4.381663,818139.2150,1.509270,300.125596,3.626994,3.499314,5.009113,false
aether_automation_push,622,0.329065,4.200176,785007.8313,1.448151,277.663641,3.476765,3.357606,4.634222,false
aether_automation_push,623,0.309813,4.302567,822938.8910,1.518125,254.070999,3.561521,3.519843,4.240459,false
aether_automation_push,624,0.312579,4.795364,881103.2710,1.625424,352.190297,3.969442,3.768622,5.878076,false
aether_automation_push,625,0.307586,5.553601,1005726.2902,1.855323,444.573242,4.597085,4.301654,7.419952,false
aether_automation_push,626,0.342542,3.791117,714269.6782,1.317656,237.795572,3.138160,3.055047,3.968821,false
aether_automation_push,627,0.313038,4.696156,855370.8374,1.577954,355.026523,3.887321,3.658560,5.925413,false
aether_automation_push,628,0.345934,4.948460,895054.4943,1.651161,388.051636,4.096169,3.828293,6.476604,false
aether_automation_push,629,0.327640,4.767494,918838.5485,1.695036,287.051287,3.946372,3.930022,4.790902,false
aether_automation_push,630,0.319972,4.526325,845036.1440,1.558889,307.211946,3.746740,3.614357,5.127385,false
aether_automation_push,631,0.341638,4.086949,761264.0264,1.404349,275.695515,3.383039,3.256050,4.601374,false
aether_automation_push,632,0.307093,4.945552,904462.8379,1.668517,370.474952,4.093763,3.868534,6.183248,false
aether_automation_push,633,0.327100,4.341335,820514.9130,1.513653,282.636079,3.593612,3.509475,4.717212,false
aether_automation_push,634,0.371621,3.806496,695267.5036,1.282602,279.045182,3.150890,2.973772,4.657280,false
aether_automation_push,635,0.327946,4.586530,860792.4829,1.587955,301.049919,3.796576,3.681749,5.024540,false
aether_automation_push,636,0.314428,4.673481,874744.8965,1.613694,314.124911,3.868551,3.741426,5.242762,false
aether_automation_push,637,0.340531,4.236678,793911.2371,1.464576,286.291249,3.506980,3.395687,4.778217,false
aether_automation_push,638,0.330216,5.724743,991968.1155,1.829943,528.587693,4.738751,4.242809,8.822158,false
aether_automation_push,639,0.362651,4.105815,765669.7959,1.412477,281.384963,3.398656,3.274894,4.696331,false
aether_automation_push,640,0.312805,4.569072,849692.7897,1.567479,313.456565,3.782125,3.634274,5.231608,false
aether_automation_push,641,0.317285,4.792929,886599.7997,1.635564,345.316967,3.967427,3.792131,5.763360,false
aether_automation_push,642,0.326627,4.445590,836804.6560,1.543704,289.958298,3.679910,3.579149,4.839420,false
aether_automation_push,643,0.333007,4.615145,853210.0149,1.573968,334.351337,3.820262,3.649318,5.580343,false
aether_automation_push,644,0.344462,4.126629,759321.7448,1.400766,299.000417,3.415886,3.247742,4.990334,false
aether_automation_push,645,0.288542,5.263314,984492.3337,1.816152,359.595817,4.356795,4.210833,6.001674,false
aether_automation_push,646,0.289542,4.862739,928352.4651,1.712587,301.336432,4.025213,3.970714,5.029322,false
aether_automation_push,647,0.340212,3.981405,743309.7800,1.371228,264.442313,3.295674,3.179257,4.413557,false
aether_automation_push,648,0.311163,4.804576,884267.8735,1.631262,351.952626,3.977067,3.782157,5.874109,false
aether_automation_push,649,0.294521,4.639947,881464.6385,1.626091,289.390673,3.840793,3.770167,4.829947,false
aether_automation_push,650,0.345722,4.104788,756709.7992,1.395948,289.646776,3.397806,3.236571,4.834221,false
aether_automation_push,651,0.332693,4.461227,817230.2883,1.507594,332.438885,3.692855,3.495427,5.548424,false
aether_automation_push,652,0.286754,5.148132,968770.4821,1.787149,333.386914,4.261451,4.143589,5.564246,false
aether_automation_push,653,0.322499,4.510962,842978.9416,1.555094,306.747472,3.734023,3.605558,5.119633,false
aether_automation_push,654,0.309229,4.341488,831253.3853,1.533463,258.580130,3.593739,3.555406,4.315717,false
aether_automation_push,655,0.307106,4.914457,902402.5892,1.664716,360.685925,4.068023,3.859722,6.019868,false
aether_automation_push,656,0.330081,4.955271,896034.2109,1.652968,392.116909,4.101807,3.832484,6.544453,false
aether_automation_push,657,0.309463,4.769269,896075.6007,1.653044,314.667482,3.947841,3.832661,5.251818,false
aether_automation_push,658,0.305890,4.755225,878438.5410,1.620508,337.101681,3.936216,3.757224,5.626246,false
aether_automation_push,659,0.354581,4.107067,752894.5153,1.388910,301.605545,3.399693,3.220252,5.033813,false
aether_automation_push,660,0.327839,4.492386,834037.7004,1.538599,320.111602,3.718647,3.567315,5.342681,false
aether_automation_push,661,0.311233,5.067129,926797.1708,1.709718,382.297098,4.194400,3.964062,6.380560,false
aether_automation_push,662,0.330255,4.822741,867119.0288,1.599626,389.592354,3.992103,3.708809,6.502318,false
aether_automation_push,663,0.334430,4.599941,834327.1285,1.539133,359.082346,3.807677,3.568552,5.993105,false
aether_automation_push,664,0.317723,4.437722,822325.7800,1.516994,307.663623,3.673398,3.517221,5.134923,false
aether_automation_push,665,0.319895,4.688645,866107.7814,1.597761,338.022294,3.881103,3.704483,5.641611,false
aether_automation_push,666,0.307579,5.257309,959089.9293,1.769291,402.936985,4.351824,4.102183,6.725041,false
aether_automation_push,667,0.328288,4.366326,816131.1674,1.505566,291.724542,3.614299,3.490725,4.868899,false
aether_automation_push,668,0.305748,4.766223,898667.8990,1.657826,309.885365,3.945320,3.843748,5.172004,false
aether_automation_push,669,0.326719,4.821610,895018.5838,1.651094,340.893903,3.991167,3.828140,5.689538,false
aether_automation_push,670,0.352502,4.086931,747273.6731,1.378540,299.185243,3.383025,3.196211,4.993418,false
aether_automation_push,671,0.325307,4.125171,780958.9559,1.440682,261.141965,3.414678,3.340288,4.358474,false
aether_automation_push,672,0.336190,4.060281,758279.7491,1.398844,274.783623,3.360965,3.243285,4.586154,false
aether_automation_push,673,0.301307,4.923433,914594.2337,1.687207,343.378647,4.075453,3.911868,5.731009,false
aether_automation_push,674,0.289774,4.815940,903590.4586,1.666907,319.656870,3.986474,3.864803,5.335091,false
aether_automation_push,675,0.342484,4.390902,791815.7461,1.460710,342.063646,3.634642,3.386724,5.709061,false
aether_automation_push,676,0.289674,5.470446,997389.4222,1.839944,421.177855,4.528252,4.265996,7.029482,false
aether_automation_push,677,0.339734,4.217236,776405.7148,1.432282,301.716995,3.490887,3.320813,5.035674,false
aether_automation_push,678,0.316009,5.021419,920559.1157,1.698210,374.827005,4.156562,3.937381,6.255884,false
aether_automation_push,679,0.310436,4.445259,839834.4789,1.549293,279.047230,3.679637,3.592108,4.657314,false
aether_automation_push,680,0.341543,4.356507,802615.6506,1.480633,314.294785,3.606171,3.432917,5.245598,false
aether_automation_push,681,0.302232,4.901011,932498.6877,1.720236,300.239297,4.056893,3.988448,5.011011,false
aether_automation_push,682,0.332556,4.614938,833603.0911,1.537797,363.305245,3.820092,3.565456,6.063585,false
aether_automation_push,683,0.331813,4.139007,776641.5235,1.432717,270.294550,3.426131,3.321822,4.511231,false
aether_automation_push,684,0.321356,4.759989,861032.1677,1.588398,372.218976,3.940160,3.682774,6.212356,false
aether_automation_push,685,0.333285,4.048960,756711.4609,1.395951,274.847686,3.351593,3.236578,4.587223,false
aether_automation_push,686,0.316060,5.277754,982936.7693,1.813282,369.967253,4.368748,4.204180,6.174774,false
aether_automation_push,687,0.337705,4.301758,785308.4846,1.448706,316.812484,3.560851,3.358892,5.287618,false
aether_automation_push,688,0.326383,4.913622,918856.4908,1.695069,333.291880,4.067332,3.930098,5.562660,false
aether_automation_push,689,0.307766,4.854633,905165.4066,1.669813,342.566490,4.018503,3.871539,5.717454,false
aether_automation_push,690,0.353224,4.146731,757638.3175,1.397661,309.993618,3.432525,3.240542,5.173811,false
aether_automation_push,691,0.301249,4.966692,923527.0229,1.703686,348.292657,4.111261,3.950075,5.813024,false
aether_automation_push,692,0.310023,4.590326,875064.6701,1.614284,282.268670,3.799718,3.742794,4.711080,false
aether_automation_push,693,0.302513,4.958764,925895.9216,1.708056,340.287029,4.104699,3.960207,5.679410,false
aether_automation_push,694,0.331491,4.610551,855301.9488,1.577827,324.850129,3.816460,3.658265,5.421767,false
aether_automation_push,695,0.362818,3.697049,689888.8295,1.272679,244.385146,3.060293,2.950766,4.078802,false
aether_automation_push,696,0.335471,4.657812,863309.4077,1.592598,331.438166,3.855581,3.692514,5.531722,false
aether_automation_push,697,0.323964,4.581910,856452.4013,1.579949,316.886969,3.792752,3.663186,5.288861,false
aether_automation_push,698,0.298035,5.024851,973293.2610,1.795492,279.020316,4.159403,4.162933,4.656865,false
aether_automation_push,699,0.326860,4.535198,844778.0845,1.558413,307.796311,3.754085,3.613253,5.137138,false
aether_automation_push,700,0.316428,4.914323,927050.2759,1.710185,318.770232,4.067912,3.965144,5.320293,false
aether_automation_push,701,0.329154,4.540101,821326.6885,1.515150,352.408005,3.758144,3.512947,5.881709,false
aether_automation_push,702,0.287878,5.233608,976266.6771,1.800977,367.762238,4.332205,4.175651,6.137972,false
aether_automation_push,703,0.321998,4.248196,804820.4709,1.484700,267.286515,3.516515,3.442348,4.461027,false
aether_automation_push,704,0.302558,5.224409,958859.6420,1.768866,393.824737,4.324591,4.101198,6.572957,false
aether_automation_push,705,0.344242,4.105943,751333.3063,1.386029,297.389265,3.398762,3.213574,4.963444,false
aether_automation_push,706,0.328636,4.709619,890062.9195,1.641952,305.608114,3.898465,3.806943,5.100617,false
aether_automation_push,707,0.381869,4.060563,732327.2164,1.350968,322.303759,3.361198,3.132282,5.379268,false
aether_automation_push,708,0.322299,4.470230,829180.7422,1.529639,313.913812,3.700307,3.546541,5.239239,false
aether_automation_push,709,0.324542,4.428372,824101.5098,1.520269,306.387828,3.665658,3.524816,5.113630,false
aether_automation_push,710,0.343607,4.629865,839041.1457,1.547829,358.019585,3.832447,3.588715,5.975367,false
aether_automation_push,711,0.303438,4.566026,863023.6175,1.592071,288.371795,3.779603,3.691292,4.812941,false
aether_automation_push,712,0.325637,4.415601,827114.6725,1.525828,299.291088,3.655086,3.537704,4.995185,false
aether_automation_push,713,0.319545,4.442621,814174.2061,1.501956,326.484843,3.677453,3.482355,5.449050,false
aether_automation_push,714,0.286497,5.374535,991411.9697,1.828917,395.132051,4.448860,4.240430,6.594776,false
aether_automation_push,715,0.365113,3.897900,721097.9111,1.330252,269.943713,3.226551,3.084253,4.505376,false
aether_automation_push,716,0.330213,4.783078,862963.6730,1.591961,377.075712,3.959272,3.691036,6.293415,false
aether_automation_push,717,0.319099,4.578529,853810.4930,1.575075,312.334365,3.789953,3.651886,5.212878,false
aether_automation_push,718,0.323204,4.245103,791015.7529,1.459234,290.846017,3.513954,3.383303,4.854236,false
aether_automation_push,719,0.309012,4.948679,901674.6487,1.663373,382.693828,4.096351,3.856609,6.387181,false
aether_automation_push,720,0.313774,4.725961,875759.0652,1.615565,328.935378,3.911993,3.745764,5.489950,false
aether_automation_push,721,0.299986,5.359306,1009540.9682,1.862361,353.778942,4.436254,4.317970,5.904590,false
aether_automation_push,722,0.297336,4.868511,899545.6767,1.659446,346.481806,4.029990,3.847503,5.782801,false
aether_automation_push,723,0.341798,4.087518,778333.1856,1.435838,256.653220,3.383511,3.329057,4.283557,false
aether_automation_push,724,0.358064,4.149516,767046.6126,1.415017,292.779902,3.434830,3.280783,4.886513,false
aether_automation_push,725,0.341686,4.284493,787562.6020,1.452864,308.393616,3.546560,3.368533,5.147107,false
aether_automation_push,726,0.332365,4.254318,788321.3730,1.454264,302.951989,3.521582,3.371778,5.056286,false
aether_automation_push,727,0.299786,4.740453,898237.3761,1.657032,304.489929,3.923989,3.841907,5.081954,false
aether_automation_push,728,0.307439,4.688311,885444.5082,1.633432,305.599499,3.880827,3.787190,5.100473,false
aether_automation_push,729,0.297236,5.174076,950719.3745,1.753849,388.924240,4.282927,4.066381,6.491167,false
aether_automation_push,730,0.327448,4.678847,869883.8437,1.604727,333.597836,3.872993,3.720634,5.567767,false
aether_automation_push,731,0.342131,3.950187,743531.3849,1.371637,257.417074,3.269833,3.180204,4.296305,false
aether_automation_push,732,0.317030,4.796223,873179.2340,1.610806,366.416690,3.970153,3.734729,6.115515,false
aether_automation_push,733,0.302930,5.615654,1047768.5186,1.932881,388.879784,4.648451,4.481476,6.490425,false
aether_automation_push,734,0.295752,4.862034,890105.8755,1.642032,358.543282,4.024629,3.807127,5.984108,false
aether_automation_push,735,0.342421,4.452932,815980.7344,1.505288,328.706621,3.685988,3.490082,5.486132,false
aether_automation_push,736,0.319559,4.520980,857920.4296,1.582657,280.778034,3.742316,3.669465,4.686201,false
aether_automation_push,737,0.321585,4.689510,896077.8490,1.653048,292.496773,3.881819,3.832670,4.881788,false
aether_automation_push,738,0.354006,4.018161,751471.9236,1.386285,261.273116,3.326099,3.214167,4.360663,false
aether_automation_push,739,0.288070,5.252114,964848.8810,1.779914,389.827683,4.347524,4.126815,6.506246,false
aether_automation_push,740,0.327520,4.806139,877274.8150,1.618361,369.079247,3.978361,3.752247,6.159953,false
aether_automation_push,741,0.319315,4.454485,845130.9490,1.559064,270.072548,3.687273,3.614762,4.507526,false
aether_automation_push,742,0.351542,4.234163,775224.9709,1.430104,310.397955,3.504899,3.315763,5.180559,false
aether_automation_push,743,0.315921,4.683768,864921.8725,1.595573,335.265097,3.877066,3.699411,5.595593,false
aether_automation_push,744,0.289772,5.012177,947261.0144,1.747469,326.189739,4.148913,4.051589,5.444125,false
aether_automation_push,745,0.326708,4.756134,850806.3282,1.569533,388.531244,3.936968,3.639037,6.484608,false
aether_automation_push,746,0.317818,4.868196,894815.9238,1.650720,356.228997,4.029730,3.827273,5.945482,false
aether_automation_push,747,0.321920,4.501011,857003.5478,1.580966,286.279052,3.725786,3.665543,4.778013,false
aether_automation_push,748,0.314911,4.515716,836157.5553,1.542510,322.398196,3.737958,3.576382,5.380844,false
aether_automation_push,749,0.417789,3.380475,617027.4434,1.138267,247.139572,2.798244,2.639126,4.124773,false
aether_automation_push,750,0.313513,5.072086,918942.8246,1.695229,400.364625,4.198503,3.930468,6.682108,false
aether_automation_push,751,0.306580,4.561427,865997.9176,1.597558,284.821364,3.775797,3.704014,4.753685,false
aether_automation_push,752,0.320166,4.496134,829122.5473,1.529532,321.593837,3.721749,3.546292,5.367419,false
aether_automation_push,753,0.318607,4.636349,865775.5788,1.597148,315.739212,3.837815,3.703063,5.269705,false
aether_automation_push,754,0.357856,3.880109,721333.3348,1.330687,266.148938,3.211825,3.085260,4.442041,false
aether_automation_push,755,0.329069,4.180898,789557.8226,1.456545,269.184255,3.460808,3.377067,4.492700,false
aether_automation_push,756,0.299580,4.933000,928594.6306,1.713034,324.063114,4.083372,3.971750,5.408632,false
aether_automation_push,757,0.351132,4.121924,753099.8669,1.389288,309.579763,3.411991,3.221130,5.166904,false
aether_automation_push,758,0.338582,4.325052,792791.7613,1.462510,317.978079,3.580133,3.390899,5.307072,false
aether_automation_push,759,0.325018,5.020747,901346.8248,1.662768,405.417000,4.156007,3.855207,6.766432,false
aether_automation_push,760,0.320198,4.806657,872079.3097,1.608777,373.950661,3.978790,3.730025,6.241258,false
aether_automation_push,761,0.296048,5.027664,972686.0659,1.794372,281.767510,4.161732,4.160336,4.702716,false
aether_automation_push,762,0.311153,4.404442,835638.3941,1.541552,275.885882,3.645850,3.574161,4.604551,false
aether_automation_push,763,0.334905,4.761134,861450.3543,1.589169,381.680878,3.941107,3.684563,6.370275,false
aether_automation_push,764,0.335354,4.212697,795731.8597,1.467934,269.269473,3.487130,3.403474,4.494123,false
aether_automation_push,765,0.343630,4.194078,784885.8068,1.447926,277.222186,3.471718,3.357084,4.626854,false
aether_automation_push,766,0.341324,4.785994,883677.7337,1.630173,348.973228,3.961686,3.779633,5.824383,false
aether_automation_push,767,0.354086,3.963552,735315.6276,1.356481,273.250439,3.280895,3.145064,4.560565,false
aether_automation_push,768,0.317709,4.614263,847943.2979,1.564252,333.604357,3.819533,3.626791,5.567875,false
aether_automation_push,769,0.342137,4.656942,834196.3496,1.538892,380.560458,3.854861,3.567993,6.351575,false
aether_automation_push,770,0.348992,4.059995,751465.2106,1.386273,282.711611,3.360728,3.214139,4.718473,false
aether_automation_push,771,0.367974,3.936827,723504.0994,1.334691,289.581078,3.258773,3.094544,4.833124,false
aether_automation_push,772,0.297409,5.236418,965305.3286,1.780756,383.097386,4.334532,4.128767,6.393917,false
aether_automation_push,773,0.293202,5.042829,945462.5279,1.744151,333.036230,4.174285,4.043897,5.558393,false
aether_automation_push,774,0.328611,4.170619,786021.3967,1.450021,275.975792,3.452299,3.361941,4.606051,false
aether_automation_push,775,0.351864,3.809719,711380.9511,1.312327,253.980072,3.153558,3.042692,4.238942,false
aether_automation_push,776,0.321722,4.276809,809083.6689,1.492565,267.602214,3.540199,3.460582,4.466296,false
aether_automation_push,777,0.332198,4.345983,815228.8043,1.503901,283.223109,3.597459,3.486866,4.727010,false
aether_automation_push,778,0.349288,3.968620,760446.7049,1.402841,233.412165,3.285091,3.252554,3.895662,false
aether_automation_push,779,0.296945,5.279770,980178.3999,1.808194,372.056459,4.370417,4.192382,6.209643,false
aether_automation_push,780,0.302692,5.031012,956337.1782,1.764212,313.955775,4.164503,4.090409,5.239939,false
aether_automation_push,781,0.354583,3.921499,744492.0648,1.373409,244.639259,3.246086,3.184313,4.083043,false
aether_automation_push,782,0.339112,3.752999,714245.2674,1.317611,226.431921,3.106607,3.054943,3.779161,false
aether_automation_push,783,0.326636,4.890231,890962.7560,1.643612,376.880329,4.047970,3.810792,6.290154,false
aether_automation_push,784,0.349531,4.354982,782337.5748,1.443225,341.991127,3.604908,3.346185,5.707851,false
aether_automation_push,785,0.333793,4.443240,823980.7632,1.520047,313.341194,3.677965,3.524299,5.229682,false
aether_automation_push,786,0.310060,4.856269,891227.7424,1.644101,358.807874,4.019857,3.811926,5.988524,false
aether_automation_push,787,0.352540,4.535345,823789.4366,1.519694,352.727297,3.754207,3.523481,5.887038,false
aether_automation_push,788,0.336946,4.464209,826920.6090,1.525470,316.641774,3.695323,3.536874,5.284769,false
aether_automation_push,789,0.336708,4.309250,802570.4245,1.480550,297.007132,3.567053,3.432724,4.957066,false
aether_automation_push,790,0.302987,4.642788,880711.5399,1.624701,290.753748,3.843145,3.766946,4.852696,false
aether_automation_push,791,0.383440,3.667679,678453.9658,1.251585,252.045800,3.035982,2.901858,4.206659,false
aether_automation_push,792,0.336577,4.103411,766249.5584,1.413546,271.872937,3.396666,3.277374,4.537575,false
aether_automation_push,793,0.320709,4.555170,844553.4255,1.557998,318.243518,3.770618,3.612292,5.311502,false
aether_automation_push,794,0.315110,5.510914,1002829.8724,1.849980,428.607897,4.561751,4.289266,7.153490,false
aether_automation_push,795,0.355519,3.916333,722011.0541,1.331937,279.192988,3.241809,3.088158,4.659747,false
aether_automation_push,796,0.320457,4.309829,803797.9408,1.482814,288.795269,3.567532,3.437974,4.820009,false
aether_automation_push,797,0.344149,3.905069,738171.6943,1.361749,249.660025,3.232486,3.157280,4.166840,false
aether_automation_push,798,0.344805,4.134003,762453.0095,1.406543,297.432611,3.421989,3.261135,4.964167,false
aether_automation_push,799,0.313913,4.602234,851480.5856,1.570777,332.400120,3.809575,3.641921,5.547777,false
aether_automation_push,800,0.342607,3.969013,742728.2317,1.370155,259.722020,3.285416,3.176769,4.334775,false
aether_automation_push,801,0.291433,5.274875,970765.3960,1.790829,384.003081,4.366365,4.152121,6.409033,false
aether_automation_push,802,0.293145,5.083941,934453.2016,1.723842,369.768693,4.208316,3.996808,6.171460,false
aether_automation_push,803,0.341951,4.604662,836201.6273,1.542591,355.712686,3.811585,3.576570,5.936865,false
aether_automation_push,804,0.295861,5.114722,951354.1201,1.755020,366.437401,4.233796,4.069096,6.115861,false
aether_automation_push,805,0.340430,4.315472,800672.5865,1.477049,295.473172,3.572203,3.424607,4.931464,false
aether_automation_push,806,0.327184,4.403310,810394.8468,1.494984,318.856442,3.644913,3.466190,5.321732,false
aether_automation_push,807,0.303724,4.983488,923307.8879,1.703281,354.947054,4.125165,3.949138,5.924086,false
aether_automation_push,808,0.303877,4.901521,917072.9838,1.691779,330.376393,4.057315,3.922470,5.514001,false
aether_automation_push,809,0.317804,4.415352,816366.5473,1.506000,307.274787,3.654881,3.491732,5.128433,false
aether_automation_push,810,0.315198,4.532623,837037.4841,1.544133,325.344503,3.751954,3.580145,5.430018,false
aether_automation_push,811,0.337386,4.534372,830526.5574,1.532122,341.930193,3.753402,3.552297,5.706834,false
aether_automation_push,812,0.332361,4.783862,878712.9375,1.621014,355.286907,3.959921,3.758398,5.929758,false
aether_automation_push,813,0.323045,4.266749,792437.1367,1.461856,289.674941,3.531872,3.389382,4.834691,false
aether_automation_push,814,0.335911,4.134114,763420.5291,1.408327,292.223347,3.422081,3.265273,4.877224,false
aether_automation_push,815,0.302680,5.257369,967727.5718,1.785225,381.601830,4.351874,4.139128,6.368956,false
aether_automation_push,816,0.349813,4.204719,767860.7953,1.416519,319.500496,3.480526,3.284265,5.332481,false
aether_automation_push,817,0.309097,4.562471,861520.8827,1.589299,283.313497,3.776660,3.684865,4.728518,false
aether_automation_push,818,0.332252,4.283667,813858.8527,1.501374,257.219825,3.545876,3.481006,4.293013,false
aether_automation_push,819,0.304360,4.820890,908618.4714,1.676183,315.762863,3.990571,3.886309,5.270100,false
aether_automation_push,820,0.347023,4.307429,798591.1709,1.473209,301.265658,3.565546,3.415704,5.028141,false
aether_automation_push,821,0.335696,4.609024,849206.5422,1.566582,339.629356,3.815196,3.632194,5.668433,false
aether_automation_push,822,0.299776,5.448038,987579.8716,1.821848,431.252569,4.509703,4.224039,7.197630,false
aether_automation_push,823,0.366183,4.114086,737507.4264,1.360524,327.128965,3.405503,3.154439,5.459801,false
aether_automation_push,824,0.311591,4.707005,887484.0228,1.637195,309.195994,3.896301,3.795913,5.160498,false
aether_automation_push,825,0.308146,4.955312,921383.5326,1.699731,352.513226,4.101841,3.940907,5.883466,false
aether_automation_push,826,0.261386,6.456638,1175673.5231,2.168835,501.690952,5.344589,5.028546,8.373250,false
aether_automation_push,827,0.303267,5.016054,940312.1174,1.734650,345.184937,4.152122,4.021867,5.761156,false
aether_automation_push,828,0.331688,4.404116,831920.3958,1.534693,288.913239,3.645580,3.558258,4.821978,false
aether_automation_push,829,0.347446,3.971557,734788.6114,1.355508,280.783407,3.287522,3.142810,4.686291,false
aether_automation_push,830,0.340335,4.683022,855278.8703,1.577784,358.437403,3.876449,3.658166,5.982340,false
aether_automation_push,831,0.364316,3.837043,702361.7632,1.295689,278.186860,3.176176,3.004115,4.642954,false
aether_automation_push,832,0.324989,4.918084,903448.3802,1.666645,367.336584,4.071026,3.864195,6.130868,false
aether_automation_push,833,0.276142,5.453304,1017451.0818,1.876953,379.297981,4.514063,4.351803,6.330505,false
aether_automation_push,834,0.312760,4.405466,825346.6856,1.522566,283.976652,3.646697,3.530142,4.739586,false
aether_automation_push,835,0.321555,4.996348,925976.1499,1.708204,357.164783,4.135810,3.960550,5.961100,false
aether_automation_push,836,0.286169,5.221364,1007411.1709,1.858432,302.155003,4.322070,4.308861,5.042984,false
aether_automation_push,837,0.297110,4.930464,931891.1587,1.719115,320.653009,4.081273,3.985850,5.351717,false
aether_automation_push,838,0.297860,4.529600,851164.9849,1.570195,292.147252,3.749452,3.640571,4.875954,false
aether_automation_push,839,0.340592,4.159254,776443.2225,1.432351,283.148836,3.442891,3.320974,4.725770,false
aether_automation_push,840,0.342127,4.372217,810089.4553,1.494420,308.945240,3.619175,3.464884,5.156313,false
aether_automation_push,841,0.328613,4.456815,829317.9999,1.529892,308.506154,3.689203,3.547128,5.148985,false
aether_automation_push,842,0.369850,3.859476,717753.2381,1.324082,268.420024,3.194745,3.069947,4.479945,false
aether_automation_push,843,0.297405,4.814841,915388.0788,1.688671,297.327013,3.985564,3.915263,4.962405,false
aether_automation_push,844,0.327574,4.687522,844277.2219,1.557489,372.569345,3.880174,3.611111,6.218203,false
aether_automation_push,845,0.330416,4.297255,783056.9115,1.444552,321.250753,3.557124,3.349261,5.361693,false
aether_automation_push,846,0.349162,4.350159,794165.1634,1.465044,320.240893,3.600916,3.396773,5.344838,false
aether_automation_push,847,0.334719,4.341727,811408.1130,1.496853,296.530143,3.593937,3.470524,4.949105,false
aether_automation_push,848,0.323135,4.568263,844470.3739,1.557845,326.265479,3.781455,3.611937,5.445389,false
aether_automation_push,849,0.337705,4.218732,783636.5348,1.445621,288.257746,3.492125,3.351741,4.811038,false
aether_automation_push,850,0.311166,4.984702,910192.1307,1.679086,382.003451,4.126170,3.893039,6.375659,false
aether_automation_push,851,0.342443,4.016939,744721.2617,1.373832,276.037266,3.325088,3.185294,4.607077,false
aether_automation_push,852,0.358265,3.965926,735979.5262,1.357705,278.899287,3.282861,3.147904,4.654845,false
aether_automation_push,853,0.307400,4.841998,924521.8968,1.705521,298.129536,4.008044,3.954330,4.975799,false
aether_automation_push,854,0.343266,4.314253,788606.6791,1.454790,326.273120,3.571195,3.372999,5.445517,false
aether_automation_push,855,0.319485,4.518612,831968.6258,1.534782,322.812436,3.740356,3.558465,5.387758,false
aether_automation_push,856,0.334807,4.409174,824004.7957,1.520091,294.676917,3.649766,3.524402,4.918174,false
aether_automation_push,857,0.316577,4.510981,836304.4717,1.542781,312.445132,3.734039,3.577010,5.214727,false
aether_automation_push,858,0.304896,4.787279,891908.2573,1.645356,324.066716,3.962749,3.814836,5.408692,false
aether_automation_push,859,0.345277,4.467972,810761.6282,1.495660,348.336883,3.698438,3.467759,5.813762,false
aether_automation_push,860,0.334664,4.174551,773815.7629,1.427504,285.671577,3.455554,3.309736,4.767875,false
aether_automation_push,861,0.338864,4.977702,909868.1330,1.678488,386.949670,4.120375,3.891654,6.458212,false
aether_automation_push,862,0.341683,4.441273,822319.0429,1.516981,317.888543,3.676337,3.517192,5.305578,false
aether_automation_push,863,0.353143,4.056276,754697.9248,1.392236,278.856484,3.357649,3.227965,4.654130,false
aether_automation_push,864,0.301342,4.803870,898103.6187,1.656785,326.544881,3.976483,3.841335,5.450052,false
aether_automation_push,865,0.334766,4.755240,857517.4654,1.581914,381.177415,3.936228,3.667741,6.361872,false
aether_automation_push,866,0.329730,4.154220,783419.6352,1.445221,263.996178,3.438724,3.350813,4.406111,false
aether_automation_push,867,0.319122,4.879286,912819.4621,1.683933,333.217828,4.038910,3.904277,5.561424,false
aether_automation_push,868,0.356064,3.829389,713655.0571,1.316522,257.696952,3.169840,3.052418,4.300977,false
aether_automation_push,869,0.313408,4.492843,851309.5712,1.570462,287.740697,3.719025,3.641189,4.802408,false
aether_automation_push,870,0.298414,4.782617,902048.5341,1.664063,306.977633,3.958891,3.858208,5.123474,false
aether_automation_push,871,0.333454,4.337238,797298.0781,1.470823,316.349073,3.590221,3.410173,5.279884,false
aether_automation_push,872,0.328608,4.348740,810047.8922,1.494344,292.737071,3.599741,3.464706,4.885798,false
aether_automation_push,873,0.322111,4.204459,787186.3877,1.452170,272.719070,3.480310,3.366924,4.551697,false
aether_automation_push,874,0.338057,4.490738,841266.5995,1.551935,305.521067,3.717282,3.598234,5.099164,false
aether_automation_push,875,0.328304,4.431362,824863.2928,1.521675,307.181147,3.668133,3.528074,5.126871,false
aether_automation_push,876,0.321422,4.634635,883743.2896,1.630294,289.856301,3.836396,3.779913,4.837718,false
aether_automation_push,877,0.332640,4.192289,796340.3330,1.469057,263.588289,3.470237,3.406077,4.399303,false
aether_automation_push,878,0.322489,4.819723,908416.5017,1.675810,320.523719,3.989605,3.885445,5.349559,false
aether_automation_push,879,0.339916,4.518498,820285.0647,1.513229,352.700683,3.740261,3.508492,5.886594,false
aether_automation_push,880,0.387873,3.691519,686880.2232,1.267129,250.483947,3.055716,2.937898,4.180591,false
aether_automation_push,881,0.302836,5.117909,935375.4821,1.725543,393.272613,4.236433,4.000753,6.563742,false
aether_automation_push,882,0.324816,4.496884,848378.6864,1.565055,288.193271,3.722370,3.628653,4.809962,false
aether_automation_push,883,0.339454,4.364847,812673.7296,1.499188,298.578430,3.613074,3.475937,4.983291,false
aether_automation_push,884,0.364270,3.822344,713486.4228,1.316211,256.470063,3.164009,3.051697,4.280500,false
aether_automation_push,885,0.310677,5.226946,945223.0026,1.743709,413.112279,4.326691,4.042872,6.894867,false
aether_automation_push,886,0.326062,4.711808,871218.7399,1.607189,343.118358,3.900277,3.726344,5.726665,false
aether_automation_push,887,0.325278,4.401441,824645.0619,1.521272,289.780172,3.643365,3.527141,4.836447,false
aether_automation_push,888,0.300521,4.878687,921949.5104,1.700775,318.424909,4.038414,3.943328,5.314530,false
aether_automation_push,889,0.307525,4.908585,898870.3205,1.658200,366.836917,4.063162,3.844614,6.122529,false
aether_automation_push,890,0.327477,4.386649,820632.3759,1.513870,300.587740,3.631121,3.509978,5.016826,false
aether_automation_push,891,0.334174,4.580622,847266.4768,1.563003,333.343454,3.791686,3.623896,5.563521,false
aether_automation_push,892,0.311200,4.498139,856057.8723,1.579221,277.880645,3.723409,3.661498,4.637844,false
aether_automation_push,893,0.292388,5.921844,1101014.6591,2.031108,424.347580,4.901904,4.709218,7.082385,false
aether_automation_push,894,0.312560,5.419586,977645.8739,1.803522,438.918376,4.486152,4.181550,7.325572,false
aether_automation_push,895,0.346335,4.108215,776247.7066,1.431991,266.074198,3.400643,3.320137,4.440793,false
aether_automation_push,896,0.311561,4.802584,911728.7565,1.681921,305.380338,3.975419,3.899612,5.096815,false
aether_automation_push,897,0.343675,4.461062,829264.3057,1.529793,309.725561,3.692717,3.546898,5.169337,false
aether_automation_push,898,0.300658,4.999157,931669.9547,1.718707,349.654216,4.138135,3.984904,5.835748,false
aether_automation_push,899,0.328203,4.268094,798316.7996,1.472703,289.072707,3.532985,3.414530,4.824640,false
aether_automation_push,900,0.343223,4.077375,768302.5689,1.417334,263.450011,3.375115,3.286155,4.396995,false
aether_automation_push,901,0.340214,4.270509,782123.8814,1.442831,312.745657,3.534985,3.345271,5.219743,false
aether_automation_push,902,0.331851,4.806205,872853.3470,1.610205,370.272383,3.978415,3.733335,6.179867,false
aether_automation_push,903,0.333970,4.195438,780280.7459,1.439431,291.859853,3.472843,3.337387,4.871157,false
aether_automation_push,904,0.340338,4.468199,818970.6982,1.510804,326.847982,3.698625,3.502871,5.455111,false
aether_automation_push,905,0.363651,4.002638,733783.4419,1.353654,293.138234,3.313249,3.138511,4.892494,false
aether_automation_push,906,0.293013,5.608456,1014633.9214,1.871756,445.855949,4.642492,4.339754,7.441361,false
aether_automation_push,907,0.341424,4.207965,777420.3600,1.434154,298.199834,3.483213,3.325153,4.976972,false
aether_automation_push,908,0.332185,4.511572,830085.7375,1.531309,326.599570,3.734528,3.550411,5.450965,false
aether_automation_push,909,0.349619,3.854805,736001.1778,1.357745,232.756891,3.190879,3.147996,3.884726,false
aether_automation_push,910,0.316566,5.026954,926001.5753,1.708250,372.129555,4.161144,3.960659,6.210863,false
aether_automation_push,911,0.333382,4.232897,770072.5051,1.420599,311.717991,3.503851,3.293725,5.202591,false
aether_automation_push,912,0.362033,3.643541,689516.0624,1.271991,221.107143,3.016002,2.949172,3.690291,false
aether_automation_push,913,0.326626,4.355768,825370.3110,1.522610,276.627687,3.605559,3.530243,4.616932,false
aether_automation_push,914,0.291114,5.193764,973706.8622,1.796255,352.787318,4.299224,4.164702,5.888040,false
aether_automation_push,915,0.306407,4.799976,881624.1925,1.626385,351.643131,3.973260,3.770850,5.868944,false
aether_automation_push,916,0.303977,4.804842,912610.1615,1.683547,295.930953,3.977288,3.903382,4.939104,false
aether_automation_push,917,0.317806,4.518034,850906.9126,1.569719,297.267652,3.739877,3.639467,4.961414,false
aether_automation_push,918,0.305288,4.933899,907390.7703,1.673918,354.999810,4.084116,3.881058,5.924967,false
aether_automation_push,919,0.355068,4.355183,784009.2588,1.446309,350.455463,3.605075,3.353335,5.849121,false
aether_automation_push,920,0.320332,4.685542,869085.7341,1.603254,333.962411,3.878535,3.717221,5.573851,false
aether_automation_push,921,0.311140,5.419492,992267.2000,1.830495,409.364186,4.486074,4.244088,6.832311,false
aether_automation_push,922,0.366352,4.097205,743386.7385,1.371370,311.803873,3.391529,3.179586,5.204024,false
aether_automation_push,923,0.331399,4.380778,795728.2436,1.467927,333.852906,3.626261,3.403459,5.572024,false
aether_automation_push,924,0.319205,4.670210,875813.7918,1.615666,311.845788,3.865843,3.745998,5.204724,false
aether_automation_push,925,0.292501,5.165518,941739.9145,1.737284,393.240324,4.275843,4.027974,6.563203,false
aether_automation_push,926,0.294118,5.303976,969407.3462,1.788324,405.251838,4.390454,4.146312,6.763676,false
aether_automation_push,927,0.339851,4.009465,749709.4071,1.383034,267.177978,3.318901,3.206629,4.459215,false
aether_automation_push,928,0.303717,4.368650,832546.6168,1.535849,266.837855,3.616223,3.560937,4.453539,false
aether_automation_push,929,0.352018,4.708757,862740.8211,1.591550,349.492784,3.897752,3.690082,5.833054,false
aether_automation_push,930,0.311449,4.685169,875642.6593,1.615350,324.055870,3.878226,3.745266,5.408511,false
aether_automation_push,931,0.333764,4.121160,771695.9210,1.423594,275.430548,3.411358,3.300669,4.596951,false
aether_automation_push,932,0.329497,4.915240,885400.5873,1.633351,391.725360,4.068671,3.787002,6.537918,false
aether_automation_push,933,0.313618,4.997557,929222.6257,1.714193,354.460193,4.136810,3.974436,5.915961,false
aether_automation_push,934,0.327353,4.523785,833966.2542,1.538467,326.432285,3.744638,3.567009,5.448173,false
aether_automation_push,935,0.333268,4.211283,780747.1671,1.440291,295.443578,3.485959,3.339382,4.930970,false
aether_automation_push,936,0.344024,4.024634,758379.5779,1.399028,248.898668,3.331457,3.243712,4.154133,false
aether_automation_push,937,0.340749,4.128260,783333.4306,1.445062,249.256171,3.417235,3.350444,4.160099,false
aether_automation_push,938,0.329622,4.528298,827904.4077,1.527285,338.995150,3.748374,3.541081,5.657848,false
aether_automation_push,939,0.305196,5.062577,947408.6023,1.747741,330.889067,4.190632,4.052220,5.522557,false
aether_automation_push,940,0.309476,5.254267,987090.1057,1.820944,355.056077,4.349306,4.221945,5.925906,false
aether_automation_push,941,0.292806,4.746753,919901.9074,1.696998,267.009321,3.929203,3.934570,4.456401,false
aether_automation_push,942,0.310522,5.199184,942729.9414,1.739110,410.555489,4.303710,4.032209,6.852194,false
aether_automation_push,943,0.320768,4.278775,822854.3652,1.517969,252.684258,3.541827,3.519482,4.217314,false
aether_automation_push,944,0.341328,3.930852,738494.7461,1.362345,246.629931,3.253828,3.158662,4.116267,false
aether_automation_push,945,0.316592,5.460898,974764.6919,1.798207,456.900028,4.520349,4.169227,7.625687,false
aether_automation_push,946,0.320897,4.839238,888006.1271,1.638158,356.772413,4.005760,3.798146,5.954552,false
aether_automation_push,947,0.334840,4.859854,873863.5844,1.612068,396.902305,4.022824,3.737656,6.624322,false
aether_automation_push,948,0.301975,4.883229,926703.2051,1.709545,316.556990,4.042174,3.963660,5.283354,false
aether_automation_push,949,0.310607,4.793791,893620.9946,1.648516,331.795349,3.968139,3.822162,5.537683,false
aether_automation_push,950,0.372583,4.225854,784141.6282,1.446553,289.027120,3.498021,3.353901,4.823879,false
aether_automation_push,951,0.319079,4.613179,856667.1046,1.580345,325.276433,3.818635,3.664104,5.428882,false
aether_automation_push,952,0.311595,4.703170,889112.5281,1.640199,302.487967,3.893127,3.802879,5.048541,false
aether_automation_push,953,0.299633,4.789339,891271.7608,1.644182,326.974045,3.964455,3.812114,5.457215,false
aether_automation_push,954,0.337445,4.338126,800862.7103,1.477399,308.466438,3.590955,3.425420,5.148322,false
aether_automation_push,955,0.347215,4.210774,788105.2987,1.453865,281.796893,3.485538,3.370854,4.703206,false
aether_automation_push,956,0.345123,4.293119,799135.0513,1.474212,297.234759,3.553700,3.418030,4.960865,false
aether_automation_push,957,0.335967,4.151782,775296.0393,1.430235,281.962361,3.436707,3.316067,4.705968,false
aether_automation_push,958,0.354419,4.217107,771749.2550,1.423692,312.870429,3.490780,3.300897,5.221825,false
aether_automation_push,959,0.326873,4.685187,857521.9683,1.581922,351.416806,3.878241,3.667761,5.865166,false
aether_automation_push,960,0.302814,5.254920,961585.8871,1.773895,399.346500,4.349847,4.112859,6.665115,false
aether_automation_push,961,0.316852,4.966605,899672.6197,1.659680,387.233167,4.111189,3.848046,6.462943,false
aether_automation_push,962,0.331439,4.057944,750460.5045,1.384419,270.837901,3.359030,3.209841,4.520300,false
aether_automation_push,963,0.360336,3.947463,737281.9164,1.360108,263.974494,3.267578,3.153474,4.405749,false
aether_automation_push,964,0.371942,3.937087,748828.6815,1.381409,243.681183,3.258989,3.202862,4.067053,false
aether_automation_push,965,0.339470,4.147928,777208.0276,1.433762,281.814908,3.433516,3.324245,4.703507,false
aether_automation_push,966,0.288682,5.200904,953698.5830,1.759345,387.798033,4.305134,4.079124,6.472371,false
aether_automation_push,967,0.356941,4.120488,766376.9428,1.413781,284.720130,3.410802,3.277919,4.751995,false
aether_automation_push,968,0.310916,4.612210,864666.4559,1.595102,304.796555,3.817833,3.698319,5.087072,false
aether_automation_push,969,0.324040,4.744538,860216.1810,1.586892,365.470434,3.927370,3.679284,6.099722,false
aether_automation_push,970,0.322299,4.299503,804093.3753,1.483359,284.170641,3.558984,3.439238,4.742824,false
aether_automation_push,971,0.303076,4.582444,858762.6423,1.584211,306.589803,3.793194,3.673067,5.117001,false
aether_automation_push,972,0.314930,4.552537,851195.0479,1.570250,312.127643,3.768438,3.640699,5.209428,false
aether_automation_push,973,0.320706,4.281397,822902.0785,1.518057,246.007309,3.543997,3.519686,4.105876,false
aether_automation_push,974,0.301525,5.178487,963618.8595,1.777645,364.526961,4.286578,4.121554,6.083975,false
aether_automation_push,975,0.331644,4.181624,776990.5594,1.433361,287.161132,3.461409,3.323315,4.792735,false
aether_automation_push,976,0.342620,4.413422,814791.2936,1.503094,322.634400,3.653283,3.484995,5.384786,false
aether_automation_push,977,0.341290,4.069562,764623.8532,1.410547,266.052470,3.368647,3.270420,4.440431,false
aether_automation_push,978,0.332322,4.166637,784047.1418,1.446379,265.704451,3.449002,3.353497,4.434622,false
aether_automation_push,979,0.312119,4.835308,897619.6109,1.655893,340.000504,4.002506,3.839265,5.674627,false
aether_automation_push,980,0.326383,4.681079,846005.1038,1.560676,363.383476,3.874840,3.618501,6.064891,false
aether_automation_push,981,0.300059,4.709471,885546.1902,1.633620,316.138150,3.898343,3.787625,5.276363,false
aether_automation_push,982,0.323899,4.779666,882508.4721,1.628016,337.485444,3.956447,3.774632,5.632651,false
aether_automation_push,983,0.306219,4.940726,938849.0268,1.731951,312.434813,4.089767,4.015610,5.214555,false
aether_automation_push,984,0.312886,4.608416,859083.8541,1.584803,317.966019,3.814693,3.674441,5.306871,false
aether_automation_push,985,0.338497,4.677076,864415.8983,1.594640,336.186782,3.871527,3.697247,5.610976,false
aether_automation_push,986,0.301645,4.933230,918772.4541,1.694914,335.808919,4.083563,3.929739,5.604670,false
aether_automation_push,987,0.272508,5.177186,962509.3191,1.775598,353.099828,4.285502,4.116808,5.893256,false
aether_automation_push,988,0.297089,4.908179,933860.1360,1.722748,306.172538,4.062826,3.994271,5.110037,false
aether_automation_push,989,0.296213,5.365710,972091.5907,1.793275,421.238561,4.441555,4.157793,7.030495,false
aether_automation_push,990,0.313848,4.657719,863089.9592,1.592194,323.178133,3.855504,3.691576,5.393861,false
aether_automation_push,991,0.308198,4.592765,867321.2473,1.599999,295.354772,3.801737,3.709674,4.929488,false
aether_automation_push,992,0.343892,4.390956,796977.7735,1.470233,341.310913,3.634686,3.408803,5.696498,false
aether_automation_push,993,0.306141,4.646755,884325.3517,1.631368,282.925693,3.846428,3.782403,4.722046,false
aether_automation_push,994,0.356277,4.173571,761295.3661,1.404407,308.113875,3.454742,3.256184,5.142438,false
aether_automation_push,995,0.321909,4.972385,944950.6575,1.743207,311.389555,4.115974,4.041707,5.197109,false
aether_automation_push,996,0.336732,4.576992,843862.4829,1.556724,330.094504,3.788681,3.609337,5.509296,false
aether_automation_push,997,0.337802,4.184026,785560.3642,1.449170,282.807873,3.463397,3.359969,4.720079,false
aether_automation_push,998,0.330570,4.653992,853901.3117,1.575243,338.431968,3.852419,3.652274,5.648449,false
aether_automation_push,999,0.294059,4.593220,869541.1967,1.604095,288.367417,3.802114,3.719169,4.812868,false
aether_automation_push,1000,0.343833,4.081927,768855.9119,1.418354,264.062875,3.378883,3.288521,4.407224,false
aether_automation_push,1001,0.305536,4.946754,939490.3010,1.733134,314.211368,4.094757,4.018352,5.244205,false
aether_automation_push,1002,0.272974,4.955261,946026.5808,1.745192,293.884138,4.101799,4.046309,4.904943,false
aether_automation_push,1003,0.358278,4.429064,840075.5914,1.549738,282.520104,3.666231,3.593140,4.715276,false
aether_automation_push,1004,0.321609,4.745038,891572.2553,1.644737,312.883850,3.927783,3.813399,5.222049,false
aether_automation_push,1005,0.348610,3.959573,740740.0107,1.366487,261.735716,3.277602,3.168265,4.368384,false
aether_automation_push,1006,0.338373,4.254457,780452.6859,1.439748,311.554061,3.521697,3.338123,5.199855,false
aether_automation_push,1007,0.303645,5.402831,1026451.7144,1.893557,352.517461,4.472283,4.390300,5.883536,false
aether_automation_push,1008,0.349153,3.952041,739272.6789,1.363781,260.953305,3.271367,3.161989,4.355325,false
aether_automation_push,1009,0.313486,4.723887,888495.4815,1.639061,317.311019,3.910276,3.800239,5.295939,false
aether_automation_push,1010,0.322678,4.757610,873020.8761,1.610514,353.133000,3.938190,3.734052,5.893810,false
aether_automation_push,1011,0.347517,4.172445,779989.8016,1.438894,284.308983,3.453810,3.336143,4.745133,false
aether_automation_push,1012,0.342063,4.191635,777958.7761,1.435147,293.837700,3.469695,3.327456,4.904168,false
aether_automation_push,1013,0.332676,4.282805,804539.4975,1.484182,284.958793,3.545163,3.441146,4.755978,false
aether_automation_push,1014,0.327810,4.469485,826974.2397,1.525569,312.897838,3.699690,3.537103,5.222282,false
aether_automation_push,1015,0.306629,4.969880,922379.9794,1.701569,363.300778,4.113900,3.945169,6.063510,false
aether_automation_push,1016,0.369858,4.464748,799850.7630,1.475533,364.303020,3.695769,3.421091,6.080238,false
aether_automation_push,1017,0.322786,4.587591,849932.0091,1.567920,331.499597,3.797454,3.635297,5.532747,false
aether_automation_push,1018,0.294647,6.271567,1145527.5689,2.113223,485.476680,5.191393,4.899607,8.102633,false
aether_automation_push,1019,0.358921,3.829053,719295.2855,1.326927,245.040092,3.169562,3.076543,4.089733,false
aether_automation_push,1020,0.339864,4.244974,780011.0379,1.438933,305.659170,3.513847,3.336234,5.101469,false
aether_automation_push,1021,0.317457,4.039587,775382.3303,1.430394,231.518900,3.343835,3.316436,3.864063,false
aether_automation_push,1022,0.350029,4.231059,781321.1240,1.441350,303.472912,3.502329,3.341837,5.064980,false
aether_automation_push,1023,0.335268,4.523665,825052.3649,1.522023,345.036488,3.744539,3.528883,5.758678,false
aether_automation_push,1024,0.341004,4.303229,822115.8928,1.516606,257.132918,3.562069,3.516323,4.291563,false
aether_automation_push,1025,0.293799,5.385773,996176.8054,1.837707,394.678680,4.458162,4.260810,6.587209,false
aether_automation_push,1026,0.307667,4.855285,892663.6866,1.646750,362.077118,4.019042,3.818067,6.043087,false
aether_automation_push,1027,0.320719,4.511246,850747.4555,1.569425,299.820021,3.734259,3.638785,5.004013,false
aether_automation_push,1028,0.297185,4.735748,891638.8306,1.644859,296.968166,3.920093,3.813684,4.956415,false
aether_automation_push,1029,0.315190,4.834897,907792.3900,1.674659,326.491427,4.002166,3.882775,5.449160,false
aether_automation_push,1030,0.310063,5.059085,922694.7188,1.702150,388.948759,4.187742,3.946515,6.491577,false
aether_automation_push,1031,0.326525,4.930974,889406.1104,1.640741,399.201539,4.081695,3.804134,6.662696,false
aether_automation_push,1032,0.319084,4.829078,904771.5623,1.669086,325.221362,3.997350,3.869855,5.427963,false
aether_automation_push,1033,0.301194,5.101329,949374.4874,1.751368,351.692666,4.222709,4.060629,5.869770,false
aether_automation_push,1034,0.315508,4.893450,902098.0926,1.664154,354.160089,4.050634,3.858420,5.910952,false
aether_automation_push,1035,0.287494,5.216422,979278.4922,1.806534,350.934757,4.317979,4.188533,5.857121,false
aether_automation_push,1036,0.356511,3.969204,748925.8730,1.381588,252.931716,3.285574,3.203277,4.221445,false
aether_automation_push,1037,0.336441,4.015747,772958.3796,1.425923,223.140744,3.324101,3.306068,3.724232,false
aether_automation_push,1038,0.317282,4.520253,845144.8391,1.559089,307.076393,3.741714,3.614822,5.125122,false
aether_automation_push,1039,0.340187,3.987517,744660.5620,1.373720,265.055676,3.300733,3.185034,4.423794,false
aether_automation_push,1040,0.305579,4.659071,872115.9075,1.608844,310.599811,3.856623,3.730181,5.183928,false
aether_automation_push,1041,0.320841,5.016790,899238.0654,1.658878,404.784901,4.152730,3.846187,6.755883,false
aether_automation_push,1042,0.330031,4.343891,812996.5262,1.499783,295.999635,3.595727,3.477318,4.940251,false
aether_automation_push,1043,0.322399,4.548850,834659.5778,1.539746,334.752212,3.765385,3.569974,5.587033,false
aether_automation_push,1044,0.297740,4.788763,895603.3441,1.652173,318.787294,3.963978,3.830641,5.320578,false
aether_automation_push,1045,0.335130,4.359636,809694.4779,1.493692,307.270352,3.608761,3.463195,5.128359,false
aether_automation_push,1046,0.338836,4.163534,783163.9413,1.444749,273.515059,3.446434,3.349719,4.564982,false
aether_automation_push,1047,0.316867,4.702098,880682.8270,1.624648,323.900604,3.892239,3.766823,5.405919,false
aether_automation_push,1048,0.338449,4.521914,851939.6400,1.571624,298.836760,3.743089,3.643884,4.987602,false
aether_automation_push,1049,0.330111,4.498648,841507.0828,1.552378,311.303433,3.723830,3.599262,5.195672,false
aether_automation_push,1050,0.321633,4.512651,842270.5270,1.553787,305.630798,3.735421,3.602528,5.100995,false
aether_automation_push,1051,0.355746,4.079772,745753.8878,1.375737,302.533426,3.377099,3.189710,5.049300,false
aether_automation_push,1052,0.312335,4.432587,827532.9215,1.526599,299.824060,3.669147,3.539493,5.004080,false
aether_automation_push,1053,0.343575,4.515468,817604.4213,1.508284,351.924389,3.737753,3.497027,5.873638,false
aether_automation_push,1054,0.317688,4.728787,888181.3187,1.638481,315.738489,3.914331,3.798896,5.269693,false
aether_automation_push,1055,0.315212,4.443664,822526.9746,1.517365,310.211854,3.678316,3.518081,5.177453,false
aether_automation_push,1056,0.313949,4.281587,808497.4861,1.491484,265.452605,3.544154,3.458075,4.430419,false
aether_automation_push,1057,0.319415,4.837107,888870.0672,1.639752,361.588714,4.003995,3.801841,6.034936,false
aether_automation_push,1058,0.364646,4.435962,796702.2520,1.469724,364.979573,3.671941,3.407625,6.091530,false
aether_automation_push,1059,0.349725,4.000253,754885.8962,1.392583,259.665336,3.311276,3.228769,4.333829,false
aether_automation_push,1060,0.306306,4.786476,906077.1295,1.671495,308.826483,3.962085,3.875439,5.154331,false
aether_automation_push,1061,0.315944,4.805824,898342.9156,1.657227,322.386916,3.978100,3.842358,5.380656,false
aether_automation_push,1062,0.306151,4.855873,906501.5767,1.672278,334.441175,4.019529,3.877254,5.581842,false
aether_automation_push,1063,0.338684,3.944266,752728.5127,1.388603,227.834345,3.264931,3.219542,3.802568,false
aether_automation_push,1064,0.312259,4.818426,895778.4531,1.652496,337.189703,3.988532,3.831390,5.627715,false
aether_automation_push,1065,0.330039,4.299025,803404.4109,1.482088,288.395821,3.558589,3.436291,4.813342,false
aether_automation_push,1066,0.297525,5.118112,931534.4125,1.718457,396.194121,4.236602,3.984324,6.612502,false
aether_automation_push,1067,0.339615,3.964404,751871.4884,1.387022,241.304987,3.281601,3.215876,4.027394,false
aether_automation_push,1068,0.314202,4.404494,831522.2455,1.533959,287.284263,3.645893,3.556556,4.794790,false
aether_automation_push,1069,0.311119,4.363909,812682.8091,1.499205,298.935126,3.612298,3.475976,4.989244,false
aether_automation_push,1070,0.320741,4.612702,845233.5978,1.559253,341.044669,3.818240,3.615201,5.692055,false
aether_automation_push,1071,0.302978,4.985110,915596.4725,1.689056,369.662548,4.126507,3.916155,6.169689,false
aether_automation_push,1072,0.340936,4.201690,774304.8647,1.428406,303.636097,3.478018,3.311828,5.067704,false
aether_automation_push,1073,0.314935,4.924147,915754.8445,1.689348,348.443495,4.076044,3.916832,5.815541,false
aether_automation_push,1074,0.319047,5.056193,914722.4975,1.687443,406.803821,4.185348,3.912417,6.789579,false
aether_automation_push,1075,0.306531,5.162164,957889.9240,1.767077,372.287118,4.273067,4.097051,6.213493,false
aether_automation_push,1076,0.308864,4.785832,880687.1946,1.624656,351.527128,3.961551,3.766842,5.867007,false
aether_automation_push,1077,0.364011,4.307496,774287.6451,1.428375,346.050218,3.565601,3.311754,5.775598,false
aether_automation_push,1078,0.347556,3.979581,755616.3798,1.393931,247.441308,3.294164,3.231894,4.129809,false
aether_automation_push,1079,0.345895,4.233648,777419.7854,1.434153,306.233248,3.504472,3.325151,5.111050,false
aether_automation_push,1080,0.364331,3.781563,710550.3389,1.310795,245.822007,3.130251,3.039139,4.102783,false
aether_automation_push,1081,0.316177,4.556320,844405.8417,1.557726,322.553411,3.771569,3.611661,5.383435,false
aether_automation_push,1082,0.336100,4.056917,763394.0271,1.408279,263.105333,3.358180,3.265160,4.391243,false
aether_automation_push,1083,0.339129,4.489375,813686.3453,1.501056,344.404657,3.716155,3.480268,5.748133,false
aether_automation_push,1084,0.308707,4.707042,894205.5286,1.649594,299.330343,3.896332,3.824662,4.995840,false
aether_automation_push,1085,0.344181,4.143112,773618.3209,1.427140,281.363739,3.429530,3.308891,4.695977,false
aether_automation_push,1086,0.325641,4.186354,780522.5862,1.439877,285.557442,3.465323,3.338422,4.765970,false
aether_automation_push,1087,0.322769,4.598198,838864.0989,1.547503,348.895240,3.806234,3.587958,5.823081,false
aether_automation_push,1088,0.361650,4.368087,782762.9667,1.444010,353.802187,3.615756,3.348004,5.904978,false
aether_automation_push,1089,0.322172,4.425238,804098.9416,1.483369,329.395311,3.663064,3.439262,5.497626,false
aether_automation_push,1090,0.348764,3.996237,735220.0268,1.356304,284.413355,3.307951,3.144655,4.746875,false
aether_automation_push,1091,0.371187,3.797920,708253.5274,1.306558,252.752780,3.143791,3.029315,4.218458,false
aether_automation_push,1092,0.334164,4.042091,775849.0595,1.431255,239.363445,3.345907,3.318432,3.994989,false
aether_automation_push,1093,0.336089,4.570909,843547.3539,1.556142,330.965340,3.783645,3.607989,5.523830,false
aether_automation_push,1094,0.348515,4.602575,824215.3470,1.520479,378.980599,3.809858,3.525303,6.325207,false
aether_automation_push,1095,0.323635,4.421590,821267.4959,1.515041,300.859911,3.660044,3.512694,5.021369,false
aether_automation_push,1096,0.335476,4.377152,811872.7212,1.497710,309.924157,3.623260,3.472511,5.172652,false
aether_automation_push,1097,0.323761,4.663162,863897.1191,1.593683,329.869241,3.860009,3.695028,5.505536,false
aether_automation_push,1098,0.326394,4.863255,908290.6260,1.675578,331.283448,4.025640,3.884906,5.529139,false
aether_automation_push,1099,0.312939,4.744064,879659.2394,1.622760,332.689343,3.926977,3.762445,5.552604,false
aether_automation_push,1100,0.367301,3.940637,746119.9035,1.376412,247.009581,3.261927,3.191276,4.122604,false
aether_automation_push,1101,0.283379,4.763557,914262.2958,1.686594,284.069221,3.943113,3.910448,4.741131,false
aether_automation_push,1102,0.325027,4.786723,865313.2285,1.596295,376.285700,3.962289,3.701085,6.280229,false
aether_automation_push,1103,0.325247,4.721500,861037.9750,1.588408,368.090081,3.908300,3.682799,6.143444,false
aether_automation_push,1104,0.315285,4.502619,834840.6709,1.540080,308.851132,3.727118,3.570749,5.154743,false
aether_automation_push,1105,0.312630,4.818843,923378.3351,1.703411,286.942625,3.988877,3.949439,4.789089,false
aether_automation_push,1106,0.383935,4.050314,727347.3778,1.341781,323.363138,3.352715,3.110983,5.396949,false
aether_automation_push,1107,0.307619,5.008377,927906.8206,1.711765,363.490134,4.145767,3.968808,6.066671,false
aether_automation_push,1108,0.329604,4.455875,833649.3155,1.537883,299.699143,3.688424,3.565653,5.001996,false
aether_automation_push,1109,0.356933,4.482903,833903.0141,1.538351,309.713786,3.710797,3.566738,5.169140,false
aether_automation_push,1110,0.337727,4.709653,861788.7384,1.589793,361.574085,3.898493,3.686010,6.034692,false
aether_automation_push,1111,0.340035,4.199741,790743.0754,1.458731,270.344256,3.476405,3.382136,4.512061,false
aether_automation_push,1112,0.322772,4.588949,842162.4484,1.553587,340.260939,3.798578,3.602065,5.678974,false
aether_automation_push,1113,0.347661,4.380125,794111.3347,1.464945,342.861658,3.625721,3.396543,5.722380,false
aether_automation_push,1114,0.367983,3.791769,711759.1202,1.313025,250.989501,3.138699,3.044309,4.189029,false
aether_automation_push,1115,0.340559,4.014299,757821.2059,1.397998,254.742339,3.322903,3.241324,4.251664,false
aether_automation_push,1116,0.297167,5.446129,985338.7143,1.817713,424.874136,4.508124,4.214454,7.091173,false
aether_automation_push,1117,0.323092,4.895167,882188.6365,1.627426,384.045959,4.052056,3.773264,6.409749,false
aether_automation_push,1118,0.328379,4.623247,855830.2596,1.578801,332.334066,3.826969,3.660525,5.546674,false
aether_automation_push,1119,0.298490,5.051294,918880.6216,1.695114,382.009278,4.181292,3.930201,6.375756,false
aether_automation_push,1120,0.342142,5.046618,893799.0007,1.648844,433.455790,4.177422,3.822923,7.234401,false
aether_automation_push,1121,0.302684,4.930120,925527.0276,1.707375,333.805945,4.080989,3.958629,5.571240,false
aether_automation_push,1122,0.325701,5.121646,908019.0644,1.675077,436.470206,4.239527,3.883745,7.284712,false
aether_automation_push,1123,0.338535,4.843040,874687.4178,1.613588,386.124687,4.008907,3.741180,6.444443,false
aether_automation_push,1124,0.345506,4.336860,813038.9617,1.499862,285.491381,3.589908,3.477500,4.764867,false
aether_automation_push,1125,0.297013,4.949032,928063.3794,1.712054,324.140333,4.096643,3.969478,5.409920,false
aether_automation_push,1126,0.321199,4.158316,780585.7585,1.439993,271.489568,3.442115,3.338692,4.531176,false
aether_automation_push,1127,0.314790,4.474880,821481.1402,1.515435,326.648376,3.704156,3.513608,5.451780,false
aether_automation_push,1128,0.310308,4.827709,923398.9137,1.703449,288.391171,3.996216,3.949527,4.813265,false
aether_automation_push,1129,0.345021,4.308000,804792.8820,1.484650,294.078352,3.566018,3.442230,4.908184,false
aether_automation_push,1130,0.316987,4.597444,840762.5319,1.551005,344.876291,3.805610,3.596078,5.756005,false
aether_automation_push,1131,0.307528,4.923332,891994.7897,1.645516,378.702104,4.075369,3.815206,6.320559,false
aether_automation_push,1132,0.344966,4.051824,765261.0170,1.411723,260.276911,3.353964,3.273146,4.344036,false
aether_automation_push,1133,0.336892,4.143332,776918.3823,1.433228,270.483068,3.429712,3.323006,4.514378,false
aether_automation_push,1134,0.316554,4.603420,841905.7203,1.553114,340.168874,3.810557,3.600967,5.677438,false
aether_automation_push,1135,0.327964,4.124573,783164.1598,1.444750,258.329904,3.414184,3.349720,4.311541,false
aether_automation_push,1136,0.340179,4.047684,751880.9833,1.387040,284.149158,3.350538,3.215917,4.742465,false
aether_automation_push,1137,0.318260,4.447547,819306.7977,1.511424,309.742271,3.681531,3.504308,5.169616,false
aether_automation_push,1138,0.290257,4.974208,956932.4089,1.765310,286.085687,4.117483,4.092955,4.774786,false
aether_automation_push,1139,0.311607,4.708295,897070.0698,1.654879,287.355511,3.897369,3.836914,4.795980,false
aether_automation_push,1140,0.344905,4.159951,782255.4173,1.443073,269.991180,3.443468,3.345833,4.506168,false
aether_automation_push,1141,0.330385,4.411340,819175.8997,1.511183,310.984960,3.651560,3.503748,5.190356,false
aether_automation_push,1142,0.348554,4.727442,835251.4647,1.540838,404.038207,3.913218,3.572506,6.743420,false
aether_automation_push,1143,0.300801,4.927813,901514.3659,1.663077,366.594286,4.079079,3.855923,6.118479,false
aether_automation_push,1144,0.346516,4.322177,801122.5753,1.477879,302.060845,3.577754,3.426531,5.041412,false
aether_automation_push,1145,0.328976,4.958177,890996.2755,1.643674,405.777115,4.104213,3.810936,6.772443,false
aether_automation_push,1146,0.311019,5.501231,985374.4560,1.817779,458.605620,4.553735,4.214606,7.654154,false
aether_automation_push,1147,0.334784,4.750117,875956.5585,1.615929,348.693824,3.931988,3.746608,5.819719,false
aether_automation_push,1148,0.292871,4.870458,929767.4476,1.715198,297.073777,4.031602,3.976766,4.958178,false
aether_automation_push,1149,0.360099,4.006601,744734.0412,1.373855,280.080781,3.316530,3.185348,4.674564,false
aether_automation_push,1150,0.368465,3.813078,700489.5455,1.292235,272.769686,3.156339,2.996107,4.552541,false
aether_automation_push,1151,0.305204,4.818165,920774.2845,1.698607,295.240591,3.988315,3.938301,4.927582,false
aether_automation_push,1152,0.299523,4.813284,924049.7274,1.704650,289.665476,3.984275,3.952311,4.834533,false
aether_automation_push,1153,0.368741,3.959574,723553.3153,1.334782,293.204552,3.277603,3.094755,4.893600,false
aether_automation_push,1154,0.323853,4.395274,832297.2822,1.535389,272.622035,3.638261,3.559870,4.550077,false
aether_automation_push,1155,0.291869,5.612683,1022584.4949,1.886423,427.761594,4.645991,4.373760,7.139365,false
aether_automation_push,1156,0.321344,4.667880,875975.4572,1.615964,312.255134,3.863915,3.746689,5.211556,false
aether_automation_push,1157,0.320018,5.307183,982991.1849,1.813383,380.764902,4.393108,4.204413,6.354988,false
aether_automation_push,1158,0.311167,4.850997,892180.1507,1.645858,358.043600,4.015493,3.815999,5.975768,false
aether_automation_push,1159,0.294138,5.465018,1041319.8236,1.920985,340.816414,4.523759,4.453894,5.688245,false
aether_automation_push,1160,0.351280,4.472589,816974.4630,1.507122,341.240367,3.702259,3.494332,5.695321,false
aether_automation_push,1161,0.337472,4.439466,834358.2482,1.539191,287.806462,3.674841,3.568686,4.803506,false
aether_automation_push,1162,0.335353,4.449748,835324.0680,1.540972,297.521345,3.683353,3.572817,4.965648,false
aether_automation_push,1163,0.297207,5.379192,990685.1126,1.827576,395.892607,4.452715,4.237321,6.607470,false
aether_automation_push,1164,0.323406,5.457022,998523.6192,1.842036,414.135619,4.517140,4.270848,6.911947,false
aether_automation_push,1165,0.330015,4.218240,789070.7686,1.455646,282.727313,3.491718,3.374984,4.718735,false
aether_automation_push,1166,0.363513,4.068927,744153.4763,1.372784,302.959736,3.368122,3.182865,5.056415,false
aether_automation_push,1167,0.293320,4.654344,879976.3753,1.623345,301.176701,3.852710,3.763802,5.026656,false
aether_automation_push,1168,0.343039,4.348012,799350.8990,1.474610,315.053636,3.599139,3.418953,5.258263,false
aether_automation_push,1169,0.303107,4.795291,917253.6284,1.692113,291.864355,3.969381,3.923243,4.871232,false
aether_automation_push,1170,0.308985,4.623976,855191.1461,1.577622,320.413047,3.827573,3.657791,5.347712,false
aether_automation_push,1171,0.340165,4.253176,815533.7641,1.504464,253.189922,3.520637,3.488170,4.225754,false
aether_automation_push,1172,0.305715,4.717724,873477.5900,1.611356,338.539525,3.905174,3.736005,5.650244,false
aether_automation_push,1173,0.302014,4.513820,870365.9386,1.605616,259.057169,3.736389,3.722696,4.323679,false
aether_automation_push,1174,0.330443,4.388022,839084.4260,1.547909,267.958268,3.632258,3.588900,4.472239,false
aether_automation_push,1175,0.304722,4.753289,901984.7337,1.663945,299.579445,3.934614,3.857935,4.999998,false
aether_automation_push,1176,0.343443,3.939229,751797.4488,1.386886,236.683214,3.260762,3.215560,3.950256,false
aether_automation_push,1177,0.329884,4.478569,831552.2956,1.534014,301.653942,3.707209,3.556684,5.034621,false
aether_automation_push,1178,0.336429,4.363036,799193.0333,1.474319,324.049328,3.611575,3.418278,5.408401,false
aether_automation_push,1179,0.383390,3.725803,688061.2816,1.269308,266.227628,3.084095,2.942950,4.443354,false
aether_automation_push,1180,0.347187,4.200256,775842.2522,1.431243,305.395589,3.476831,3.318403,5.097070,false
aether_automation_push,1181,0.313019,4.921218,922717.7427,1.702193,335.001086,4.073620,3.946613,5.591187,false
aether_automation_push,1182,0.367358,4.149442,750944.5447,1.385312,324.508321,3.434769,3.211912,5.416062,false
aether_automation_push,1183,0.363851,3.688824,687513.3695,1.268297,247.786506,3.053485,2.940606,4.135571,false
aether_automation_push,1184,0.323582,4.339872,798702.7176,1.473415,311.543794,3.592401,3.416181,5.199683,false
aether_automation_push,1185,0.307201,4.500156,847836.0513,1.564054,289.874107,3.725079,3.626332,4.838015,false
aether_automation_push,1186,0.318685,4.465585,837425.9056,1.544850,298.943315,3.696461,3.581806,4.989381,false
aether_automation_push,1187,0.291358,5.648083,1024017.4496,1.889066,440.158986,4.675294,4.379889,7.346278,false
aether_automation_push,1188,0.366595,3.683837,694939.0523,1.281996,240.537581,3.049357,2.972367,4.014586,false
aether_automation_push,1189,0.357563,3.923746,719834.5359,1.327922,281.779370,3.247945,3.078849,4.702913,false
aether_automation_push,1190,0.306408,4.636546,896360.8548,1.653570,260.032631,3.837977,3.833881,4.339959,false
aether_automation_push,1191,0.316443,4.926780,889976.9044,1.641794,388.381475,4.078224,3.806576,6.482109,false
aether_automation_push,1192,0.333286,4.622874,847543.6208,1.563514,352.885881,3.826661,3.625082,5.889685,false
aether_automation_push,1193,0.337823,4.325742,790882.6489,1.458988,314.473522,3.580704,3.382733,5.248581,false
aether_automation_push,1194,0.343361,4.113092,758555.7048,1.399353,288.275252,3.404680,3.244466,4.811330,false
aether_automation_push,1195,0.294566,4.580359,862752.8608,1.591572,291.027561,3.791468,3.690134,4.857266,false
aether_automation_push,1196,0.329008,4.107099,786970.3599,1.451771,239.060502,3.399719,3.366000,3.989933,false
aether_automation_push,1197,0.337319,4.405548,828108.0702,1.527660,289.602493,3.646765,3.541953,4.833482,false
aether_automation_push,1198,0.316584,4.783649,885389.0391,1.633330,344.253063,3.959745,3.786953,5.745603,false
aether_automation_push,1199,0.325269,4.676945,855095.3076,1.577445,353.986629,3.871418,3.657381,5.908057,false
aether_automation_push,1200,0.339580,4.007394,752635.1659,1.388431,266.391811,3.317187,3.219143,4.446094,false
aether_automation_push,1201,0.321278,4.713854,860752.4957,1.587882,353.739568,3.901970,3.681578,5.903933,false
aether_automation_push,1202,0.328420,4.779583,868914.0681,1.602938,373.802035,3.956379,3.716486,6.238777,false
aether_automation_push,1203,0.294564,5.051341,941644.2364,1.737107,348.344580,4.181331,4.027565,5.813891,false
aether_automation_push,1204,0.313561,5.292688,948335.0665,1.749450,441.122965,4.381110,4.056183,7.362367,false
aether_automation_push,1205,0.352946,4.127938,746075.6568,1.376330,313.856590,3.416969,3.191087,5.238284,false
aether_automation_push,1206,0.300097,4.508972,863981.5156,1.593838,270.099816,3.732376,3.695389,4.507981,false
aether_automation_push,1207,0.353193,4.306632,807004.4063,1.488729,296.868141,3.564886,3.451689,4.954746,false
aether_automation_push,1208,0.324819,4.737149,886260.8702,1.634938,327.202705,3.921253,3.790682,5.461032,false
aether_automation_push,1209,0.315909,4.463736,843259.2385,1.555611,288.539361,3.694931,3.606757,4.815738,false
aether_automation_push,1210,0.326195,4.555438,830828.3183,1.532679,341.399060,3.770839,3.553587,5.697969,false
aether_automation_push,1211,0.327063,4.365714,802105.9512,1.479693,314.581533,3.613792,3.430737,5.250383,false
aether_automation_push,1212,0.320419,4.776079,870404.8331,1.605688,362.247876,3.953479,3.722863,6.045937,false
aether_automation_push,1213,0.320450,4.502251,825802.5715,1.523407,325.531130,3.726813,3.532092,5.433133,false
aether_automation_push,1214,0.316516,4.346439,816431.2799,1.506120,280.620380,3.597837,3.492009,4.683570,false
aether_automation_push,1215,0.322662,4.526176,834915.0312,1.540218,321.508694,3.746617,3.571067,5.365998,false
aether_automation_push,1216,0.351289,3.878607,734314.4465,1.354634,242.710427,3.210581,3.140782,4.050851,false
aether_automation_push,1217,0.285378,5.917137,1067003.3522,1.968365,478.631073,4.898008,4.563746,7.988379,false
aether_automation_push,1218,0.325673,4.663330,864817.5580,1.595381,326.198131,3.860149,3.698965,5.444265,false
aether_automation_push,1219,0.316576,5.099971,912809.5014,1.683914,418.187873,4.221585,3.904234,6.979579,false
aether_automation_push,1220,0.313611,4.766635,905699.3219,1.670798,296.536305,3.945661,3.873823,4.949208,false
aether_automation_push,1221,0.336360,4.281179,786427.4234,1.450770,317.845483,3.543817,3.363678,5.304859,false
aether_automation_push,1222,0.345903,4.019505,737664.4504,1.360814,287.723024,3.327211,3.155111,4.802113,false
aether_automation_push,1223,0.327962,4.388336,825421.5402,1.522704,295.478560,3.632517,3.530462,4.931554,false
aether_automation_push,1224,0.318478,4.574741,856063.3262,1.579231,306.327709,3.786818,3.661522,5.112627,false
aether_automation_push,1225,0.324629,4.290500,813842.5912,1.501344,266.810806,3.551532,3.480937,4.453087,false
aether_automation_push,1226,0.295524,5.054113,942271.0146,1.738264,355.722176,4.183626,4.030246,5.937023,false
aether_automation_push,1227,0.292894,5.540353,1055337.8746,1.946845,347.706249,4.586119,4.513851,5.803237,false
aether_automation_push,1228,0.322925,4.279591,798084.4548,1.472274,286.665012,3.542502,3.413537,4.784455,false
aether_automation_push,1229,0.295195,4.949681,946037.9096,1.745213,301.823190,4.097180,4.046358,5.037446,false
aether_automation_push,1230,0.300964,4.938645,902118.3793,1.664192,368.814278,4.088045,3.858507,6.155531,false
aether_automation_push,1231,0.340142,4.820866,864116.2238,1.594087,400.362740,3.990552,3.695965,6.682077,false
aether_automation_push,1232,0.330341,4.865643,884085.2914,1.630925,380.320697,4.027616,3.781376,6.347574,false
aether_automation_push,1233,0.379135,3.897773,703862.8803,1.298458,297.096364,3.226446,3.010536,4.958555,false
aether_automation_push,1234,0.320042,4.412629,819078.3846,1.511003,306.802839,3.652627,3.503331,5.120557,false
aether_automation_push,1235,0.343736,4.067950,759759.6948,1.401574,275.233134,3.367313,3.249615,4.593656,false
aether_automation_push,1236,0.281051,5.712433,1047599.9376,1.932570,424.910602,4.728561,4.480755,7.091782,false
aether_automation_push,1237,0.308419,4.966725,904450.8589,1.668495,382.857548,4.111289,3.868483,6.389914,false
aether_automation_push,1238,0.344928,4.275807,786589.6252,1.451069,309.843650,3.539370,3.364371,5.171308,false
aether_automation_push,1239,0.297966,5.064412,948147.3793,1.749104,334.187394,4.192151,4.055380,5.577606,false
aether_automation_push,1240,0.329331,4.265353,784896.4294,1.447945,303.316117,3.530716,3.357129,5.062363,false
aether_automation_push,1241,0.343525,4.185486,790213.9851,1.457755,272.602521,3.464605,3.379873,4.549751,false
aether_automation_push,1242,0.328442,4.283854,804553.0063,1.484207,285.825029,3.546031,3.441204,4.770436,false
aether_automation_push,1243,0.307540,4.833391,891307.9085,1.644249,352.476298,4.000920,3.812269,5.882849,false
aether_automation_push,1244,0.308599,4.923374,892247.0339,1.645981,386.076799,4.075404,3.816285,6.443643,false
aether_automation_push,1245,0.306702,4.308818,828627.4491,1.528619,245.374390,3.566695,3.544174,4.095312,false
aether_automation_push,1246,0.356713,4.085375,756762.7372,1.396045,292.132812,3.381737,3.236797,4.875713,false
aether_automation_push,1247,0.345332,4.586525,824449.7861,1.520912,369.634651,3.796572,3.526305,6.169223,false
aether_automation_push,1248,0.375778,3.778946,694555.4895,1.281288,275.630377,3.128085,2.970727,4.600286,false
aether_automation_push,1249,0.311896,5.050800,947305.5339,1.747551,337.240145,4.180884,4.051779,5.628557,false
aether_automation_push,1250,0.353615,4.015923,746009.4360,1.376208,283.142482,3.324247,3.190803,4.725664,false
aether_automation_push,1251,0.308880,4.849637,895401.3313,1.651800,345.713596,4.014367,3.829777,5.769979,false
aether_automation_push,1252,0.307179,4.802295,889182.2744,1.640328,343.669928,3.975179,3.803177,5.735870,false
aether_automation_push,1253,0.346711,3.872780,726904.1875,1.340964,254.087604,3.205758,3.109087,4.240736,false
aether_automation_push,1254,0.326655,4.390082,809210.6645,1.492799,314.819812,3.633963,3.461125,5.254360,false
aether_automation_push,1255,0.295883,4.861784,916540.8817,1.690798,319.536237,4.024422,3.920194,5.333078,false
aether_automation_push,1256,0.340948,4.193833,772162.0071,1.424453,299.983731,3.471515,3.302662,5.006745,false
aether_automation_push,1257,0.330397,4.982578,900052.4860,1.660381,398.029990,4.124411,3.849670,6.643143,false
aether_automation_push,1258,0.309153,4.786391,889924.6438,1.641697,330.713300,3.962014,3.806352,5.519624,false
aether_automation_push,1259,0.295749,5.559100,1041409.7389,1.921151,381.935139,4.601637,4.454278,6.374519,false
aether_automation_push,1260,0.313359,5.175085,946839.1961,1.746691,395.625654,4.283762,4.049785,6.603014,false
aether_automation_push,1261,0.320513,4.286964,801697.7839,1.478940,279.770581,3.548605,3.428991,4.669387,false
aether_automation_push,1262,0.303403,4.510055,852983.1503,1.573549,289.663224,3.733272,3.648347,4.834495,false
aether_automation_push,1263,0.316374,4.375927,831717.1893,1.534318,274.362018,3.622246,3.557389,4.579117,false
aether_automation_push,1264,0.310111,4.821562,918286.6444,1.694018,298.722255,3.991128,3.927661,4.985691,false
aether_automation_push,1265,0.327465,4.526266,832302.3051,1.535398,337.553230,3.746692,3.559892,5.633782,false
aether_automation_push,1266,0.303043,5.142373,935459.2428,1.725698,395.604484,4.256684,4.001111,6.602661,false
aether_automation_push,1267,0.335022,4.135556,778916.9517,1.436915,269.536633,3.423275,3.331554,4.498582,false
aether_automation_push,1268,0.318175,5.039688,960607.9708,1.772091,315.358944,4.171685,4.108676,5.263358,false
aether_automation_push,1269,0.309809,4.310388,820474.4845,1.513578,260.520558,3.567995,3.509302,4.348103,false
aether_automation_push,1270,0.359129,3.902412,726618.9896,1.340437,269.005839,3.230286,3.107867,4.489723,false
aether_automation_push,1271,0.307385,4.516754,838833.7300,1.547447,311.514842,3.738817,3.587828,5.199200,false
aether_automation_push,1272,0.321674,5.125940,936014.3425,1.726722,382.348208,4.243081,4.003485,6.381413,false
aether_automation_push,1273,0.292180,5.270007,987628.8473,1.821938,367.696007,4.362336,4.224249,6.136867,false
aether_automation_push,1274,0.322042,4.888044,886978.2232,1.636262,380.606082,4.046159,3.793750,6.352337,false
aether_automation_push,1275,0.370837,3.977320,729124.7364,1.345060,294.244911,3.292293,3.118585,4.910964,false
aether_automation_push,1276,0.308683,4.257998,795666.8227,1.467814,281.393531,3.524629,3.403196,4.696474,false
aether_automation_push,1277,0.317069,5.010822,930117.7579,1.715844,356.226174,4.147790,3.978265,5.945435,false
aether_automation_push,1278,0.320340,4.437745,825990.2079,1.523754,305.649124,3.673417,3.532894,5.101301,false
aether_automation_push,1279,0.303817,4.926233,902205.3495,1.664352,365.512742,4.077770,3.858879,6.100428,false
aether_automation_push,1280,0.319092,4.475645,824261.8113,1.520565,325.970275,3.704789,3.525501,5.440462,false
aether_automation_push,1281,0.313113,4.250019,810021.9795,1.494296,256.705521,3.518024,3.464595,4.284430,false
aether_automation_push,1282,0.326878,4.535472,830392.7534,1.531875,341.185415,3.754312,3.551725,5.694404,false
aether_automation_push,1283,0.303983,5.030898,925914.8969,1.708091,367.537269,4.164409,3.960288,6.134218,false
aether_automation_push,1284,0.336875,4.473110,819884.9034,1.512491,334.779733,3.702691,3.506781,5.587493,false
aether_automation_push,1285,0.330100,5.114198,930823.2280,1.717145,396.501235,4.233362,3.981282,6.617628,false
aether_automation_push,1286,0.302106,4.657678,866687.4521,1.598830,317.556794,3.855470,3.706963,5.300041,false
aether_automation_push,1287,0.292157,5.111097,948205.4055,1.749211,360.417987,4.230795,4.055628,6.015396,false
aether_automation_push,1288,0.345012,4.277251,785348.2368,1.448779,308.819182,3.540565,3.359062,5.154209,false
aether_automation_push,1289,0.364516,4.006544,736774.4453,1.359172,293.750543,3.316483,3.151304,4.902713,false
aether_automation_push,1290,0.341773,4.508571,822874.1497,1.518005,342.402714,3.732044,3.519566,5.714721,false
aether_automation_push,1291,0.326730,4.372903,811852.0541,1.497672,300.771616,3.619743,3.472423,5.019895,false
aether_automation_push,1292,0.305802,5.045607,930717.6057,1.716950,366.029261,4.176584,3.980830,6.109049,false
aether_automation_push,1293,0.298013,5.160282,963070.1572,1.776633,363.610107,4.271509,4.119207,6.068673,false
aether_automation_push,1294,0.338539,4.362693,801136.6483,1.477905,322.693058,3.611291,3.426591,5.385765,false
aether_automation_push,1295,0.294315,4.670449,872061.1018,1.608743,311.013950,3.866042,3.729947,5.190840,false
aether_automation_push,1296,0.317055,4.715229,875381.6133,1.614869,330.850347,3.903109,3.744149,5.521911,false
aether_automation_push,1297,0.307808,4.299396,803386.5863,1.482055,286.500356,3.558896,3.436215,4.781707,false
aether_automation_push,1298,0.384049,3.686663,699189.2109,1.289836,230.306546,3.051696,2.990546,3.843829,false
aether_automation_push,1299,0.298677,5.161656,962420.3960,1.775434,358.673475,4.272646,4.116428,5.986280,false
aether_automation_push,1300,0.343029,4.069790,754087.2307,1.391110,286.702592,3.368836,3.225353,4.785082,false
aether_automation_push,1301,0.306312,4.734352,932411.4820,1.720075,243.281264,3.918938,3.988075,4.060378,false
aether_automation_push,1302,0.340429,4.254359,794829.2299,1.466269,291.673728,3.521616,3.399614,4.868051,false
aether_automation_push,1303,0.369084,3.684528,682826.0708,1.259650,250.962944,3.049929,2.920558,4.188586,false
aether_automation_push,1304,0.326034,4.436022,820367.4157,1.513381,318.205505,3.671991,3.508845,5.310868,false
aether_automation_push,1305,0.343902,4.833186,865043.8364,1.595798,402.398580,4.000750,3.699933,6.716055,false
aether_automation_push,1306,0.310679,5.081395,947640.3622,1.748169,353.697327,4.206209,4.053212,5.903228,false
aether_automation_push,1307,0.296049,4.848095,913968.5264,1.686052,315.412771,4.013091,3.909192,5.264257,false
aether_automation_push,1308,0.318277,4.544371,859716.5902,1.585971,296.039173,3.761678,3.677147,4.940910,false
aether_automation_push,1309,0.305248,5.320270,967071.2955,1.784014,416.623978,4.403942,4.136321,6.953478,false
aether_automation_push,1310,0.331260,4.633835,848062.4188,1.564471,350.329337,3.835734,3.627301,5.847016,false
aether_automation_push,1311,0.347829,4.113240,753127.9712,1.389340,305.015882,3.404803,3.221251,5.090732,false
aether_automation_push,1312,0.291813,5.078618,943230.4214,1.740034,355.983496,4.203910,4.034350,5.941385,false
aether_automation_push,1313,0.362778,3.795983,706515.8746,1.303352,259.530631,3.142188,3.021883,4.331581,false
aether_automation_push,1314,0.355809,4.156010,794910.1580,1.466418,245.154949,3.440206,3.399960,4.091650,false
aether_automation_push,1315,0.379646,3.727975,694017.0380,1.280295,257.176232,3.085893,2.968423,4.292286,false
aether_automation_push,1316,0.314079,5.094690,915596.4492,1.689056,410.805872,4.217214,3.916155,6.856373,false
aether_automation_push,1317,0.318522,5.243877,957768.7633,1.766853,400.293451,4.340706,4.096532,6.680920,false
aether_automation_push,1318,0.369511,4.319610,767862.2151,1.416521,359.114802,3.575629,3.284271,5.993646,false
aether_automation_push,1319,0.332446,4.094734,766911.4939,1.414767,274.906234,3.389483,3.280205,4.588200,false
aether_automation_push,1320,0.338941,4.544683,825191.7227,1.522280,354.428114,3.761937,3.529479,5.915425,false
aether_automation_push,1321,0.348192,4.116236,777808.3908,1.434870,270.917753,3.407283,3.326813,4.521633,false
aether_automation_push,1322,0.298012,5.489677,994476.1774,1.834570,435.602575,4.544171,4.253536,7.270231,false
aether_automation_push,1323,0.339943,4.230410,787273.3599,1.452330,283.958821,3.501792,3.367296,4.739289,false
aether_automation_push,1324,0.319108,4.795746,890182.5856,1.642173,339.086780,3.969758,3.807455,5.659377,false
aether_automation_push,1325,0.340312,4.241350,792836.6552,1.462593,287.860717,3.510848,3.391091,4.804412,false
aether_automation_push,1326,0.327849,4.149780,783856.6192,1.446027,264.621801,3.435049,3.352682,4.416553,false
aether_automation_push,1327,0.307422,4.501111,851464.9904,1.570748,283.927103,3.725869,3.641854,4.738759,false
aether_automation_push,1328,0.303327,4.917647,919383.1751,1.696041,338.709047,4.070663,3.932351,5.653073,false
aether_automation_push,1329,0.347414,4.272857,778470.6414,1.436091,323.062475,3.536928,3.329645,5.391931,false
aether_automation_push,1330,0.341077,5.056382,901425.8577,1.662914,429.225923,4.185504,3.855545,7.163805,false
aether_automation_push,1331,0.326971,4.140544,780790.5111,1.440371,267.513905,3.427404,3.339568,4.464822,false
aether_automation_push,1332,0.342388,4.143777,778002.2719,1.435227,276.584139,3.430080,3.327642,4.616205,false
aether_automation_push,1333,0.346392,4.441401,811102.2790,1.496289,332.044210,3.676443,3.469216,5.541836,false
aether_automation_push,1334,0.315752,4.632025,879259.0235,1.622022,290.753467,3.834235,3.760733,4.852692,false
aether_automation_push,1335,0.320571,4.428197,836696.3988,1.543504,287.499792,3.665513,3.578686,4.798388,false
aether_automation_push,1336,0.389216,3.887776,709838.7515,1.309482,294.180389,3.218171,3.036095,4.909887,false
aether_automation_push,1337,0.392154,3.902701,709591.9582,1.309027,299.360041,3.230526,3.035040,4.996336,false
aether_automation_push,1338,0.317228,4.555991,851274.7329,1.570397,309.261116,3.771297,3.641040,5.161585,false
aether_automation_push,1339,0.334297,4.286827,797857.4570,1.471855,293.582293,3.548492,3.412566,4.899905,false
aether_automation_push,1340,0.286185,5.026460,925691.8853,1.707679,364.086846,4.160736,3.959334,6.076630,false
aether_automation_push,1341,0.349075,4.017785,741376.7603,1.367662,289.446076,3.325788,3.170989,4.830871,false
aether_automation_push,1342,0.313832,5.222922,950759.8672,1.753924,412.522431,4.323360,4.066554,6.885023,false
aether_automation_push,1343,0.324182,4.514825,856804.0421,1.580598,286.783231,3.737221,3.664690,4.786428,false
aether_automation_push,1344,0.279552,5.053463,948400.0022,1.749570,334.259031,4.183087,4.056461,5.578802,false
aether_automation_push,1345,0.341318,4.534872,827082.6824,1.525769,352.200495,3.753815,3.537567,5.878246,false
aether_automation_push,1346,0.292100,4.511853,860254.2585,1.586962,272.457762,3.734761,3.679447,4.547335,false
aether_automation_push,1347,0.321079,4.439102,824255.6135,1.520554,298.664649,3.674540,3.525475,4.984730,false
aether_automation_push,1348,0.309894,4.917626,901988.8485,1.663953,363.709790,4.070646,3.857953,6.070337,false
aether_automation_push,1349,0.307572,4.754893,878433.3525,1.620499,340.847360,3.935941,3.757202,5.688762,false
aether_automation_push,1350,0.327348,4.333886,804776.1910,1.484619,307.274597,3.587446,3.442158,5.128430,false
aether_automation_push,1351,0.322674,4.690348,880747.7288,1.624768,318.077226,3.882513,3.767101,5.308727,false
aether_automation_push,1352,0.322787,4.648087,874780.0326,1.613759,303.935194,3.847531,3.741576,5.072695,false
aether_automation_push,1353,0.306605,4.374315,825268.3915,1.522422,276.252029,3.620911,3.529807,4.610662,false
aether_automation_push,1354,0.332962,4.472077,828263.0938,1.527946,319.081227,3.701836,3.542616,5.325484,false
aether_automation_push,1355,0.302949,5.337253,984743.3332,1.816615,386.507988,4.418000,4.211907,6.450840,false
aether_automation_push,1356,0.301219,5.183206,967716.0285,1.785204,359.273788,4.290485,4.139078,5.996300,false
aether_automation_push,1357,0.302126,5.200708,952765.7534,1.757624,394.931807,4.304972,4.075134,6.591434,false
aether_automation_push,1358,0.307172,5.314761,974821.6604,1.798312,401.316617,4.399381,4.169470,6.697997,false
aether_automation_push,1359,0.287049,5.007064,954937.7873,1.761631,302.307600,4.144680,4.084424,5.045531,false
aether_automation_push,1360,0.321695,4.544128,836862.5764,1.543810,335.363618,3.761477,3.579397,5.597238,false
aether_automation_push,1361,0.361654,4.343657,823658.5608,1.519452,275.493924,3.595534,3.522921,4.598009,false
aether_automation_push,1362,0.343725,4.134318,764171.3862,1.409713,295.569835,3.422250,3.268485,4.933077,false
aether_automation_push,1363,0.327725,4.588203,837402.4243,1.544806,346.491579,3.797961,3.581706,5.782964,false
aether_automation_push,1364,0.339066,4.167151,775104.5468,1.429882,286.612203,3.449428,3.315248,4.783574,false
aether_automation_push,1365,0.349888,4.073601,762146.7725,1.405978,272.262386,3.371991,3.259825,4.544074,false
aether_automation_push,1366,0.331749,4.552504,828149.1422,1.527736,344.996109,3.768410,3.542128,5.758004,false
aether_automation_push,1367,0.295349,5.487988,1024131.4755,1.889277,388.508719,4.542773,4.380376,6.484232,false
aether_automation_push,1368,0.352691,3.793520,711203.9375,1.312000,249.159070,3.140149,3.041935,4.158479,false
aether_automation_push,1369,0.316310,4.285748,809969.7230,1.494200,274.884138,3.547599,3.464372,4.587832,false
aether_automation_push,1370,0.352575,4.063405,750234.7927,1.384003,287.732190,3.363551,3.208876,4.802266,false
aether_automation_push,1371,0.350578,4.458795,812408.8551,1.498699,345.859728,3.690841,3.474804,5.772418,false
aether_automation_push,1372,0.353165,4.128848,762195.2889,1.406067,290.643212,3.417722,3.260033,4.850852,false
aether_automation_push,1373,0.317336,4.862497,932783.3987,1.720761,287.178318,4.025012,3.989666,4.793022,false
aether_automation_push,1374,0.341915,3.851077,736000.1268,1.357743,227.992910,3.187793,3.147992,3.805214,false
aether_automation_push,1375,0.323507,4.833850,873799.5166,1.611950,387.137582,4.001299,3.737382,6.461348,false
aether_automation_push,1376,0.329024,4.286655,794891.9280,1.466385,298.171439,3.548349,3.399882,4.976498,false
aether_automation_push,1377,0.336253,4.554949,855278.3003,1.577783,300.699533,3.770434,3.658164,5.018692,false
aether_automation_push,1378,0.322678,4.493890,841300.9784,1.551998,302.541262,3.719892,3.598381,5.049431,false
aether_automation_push,1379,0.319006,4.312364,811233.8028,1.496531,282.448641,3.569631,3.469779,4.714084,false
aether_automation_push,1380,0.331994,4.092636,769109.6178,1.418822,269.771327,3.387747,3.289607,4.502499,false
aether_automation_push,1381,0.340612,4.603044,829793.5290,1.530770,365.750575,3.810246,3.549162,6.104398,false
aether_automation_push,1382,0.357774,4.287662,793862.8068,1.464486,306.074408,3.549183,3.395480,5.108399,false
aether_automation_push,1383,0.308767,4.760560,896591.8788,1.653997,320.457880,3.940633,3.834869,5.348460,false
aether_automation_push,1384,0.349732,3.979171,743748.7551,1.372038,266.722306,3.293825,3.181134,4.451610,false
aether_automation_push,1385,0.331393,4.492640,815752.1536,1.504867,339.816848,3.718857,3.489104,5.671562,false
aether_automation_push,1386,0.350419,4.139542,752116.7083,1.387475,314.018296,3.426575,3.216925,5.240983,false
aether_automation_push,1387,0.308856,4.504004,853363.2563,1.574250,284.847154,3.728264,3.649973,4.754115,false
aether_automation_push,1388,0.333947,4.556403,845405.6456,1.559570,320.678332,3.771638,3.615937,5.352139,false
aether_automation_push,1389,0.378934,3.839660,708494.2845,1.307002,276.696621,3.178342,3.030345,4.618082,false
aether_automation_push,1390,0.288954,5.861256,1051932.3157,1.940562,470.610491,4.851751,4.499285,7.854516,false
aether_automation_push,1391,0.340671,4.307843,781749.4164,1.442140,333.068904,3.565888,3.343669,5.558939,false
aether_automation_push,1392,0.341172,4.691823,848264.1411,1.564844,373.145600,3.883734,3.628163,6.227821,false
aether_automation_push,1393,0.364237,4.070671,757992.0506,1.398313,274.249537,3.369565,3.242055,4.577240,false
aether_automation_push,1394,0.371162,4.574396,808299.9956,1.491119,400.155005,3.786532,3.457230,6.678609,false
aether_automation_push,1395,0.316662,5.063178,912352.5506,1.683071,403.668079,4.191129,3.902280,6.737243,false
aether_automation_push,1396,0.346915,4.013187,749667.5798,1.382957,271.637925,3.321982,3.206450,4.533652,false
aether_automation_push,1397,0.318682,4.648413,868910.2169,1.602931,315.298774,3.847801,3.716470,5.262354,false
aether_automation_push,1398,0.370460,3.933887,719636.2857,1.327556,288.901025,3.256340,3.078001,4.821774,false
aether_automation_push,1399,0.308912,5.149281,927176.5022,1.710418,419.193132,4.262402,3.965684,6.996357,false
aether_automation_push,1400,0.339918,4.213466,777836.3079,1.434921,298.283901,3.487766,3.326932,4.978375,false
aether_automation_push,1401,0.313352,4.345677,809144.1783,1.492677,296.816395,3.597206,3.460841,4.953882,false
aether_automation_push,1402,0.323395,4.405544,807208.0645,1.489105,326.367970,3.646762,3.452560,5.447100,false
aether_automation_push,1403,0.319984,4.514803,834513.3686,1.539477,322.486171,3.737202,3.569349,5.382312,false
aether_automation_push,1404,0.346787,3.942582,737911.4425,1.361269,262.447195,3.263537,3.156167,4.380258,false
aether_automation_push,1405,0.322208,4.893509,879941.9976,1.623282,394.853167,4.050683,3.763655,6.590122,false
aether_automation_push,1406,0.310810,4.491534,849498.6933,1.567121,281.313190,3.717941,3.633444,4.695133,false
aether_automation_push,1407,0.364705,3.690983,694193.9793,1.280621,237.810253,3.055273,2.969180,3.969066,false
aether_automation_push,1408,0.346558,4.258804,766627.6073,1.414244,334.722471,3.525296,3.278991,5.586537,false
aether_automation_push,1409,0.307288,4.653672,883077.6647,1.629066,294.095500,3.852154,3.777066,4.908470,false
aether_automation_push,1410,0.343527,3.992292,755156.1423,1.393082,249.920222,3.304686,3.229925,4.171183,false
aether_automation_push,1411,0.330256,4.156877,777964.5634,1.435158,274.852724,3.440924,3.327481,4.587307,false
aether_automation_push,1412,0.299245,5.042165,956048.0447,1.763679,318.859541,4.173736,4.089173,5.321784,false
aether_automation_push,1413,0.342621,4.196579,783861.0389,1.446035,278.831752,3.473788,3.352701,4.653718,false
aether_automation_push,1414,0.320470,4.569777,873182.1841,1.610811,282.266825,3.782708,3.734742,4.711049,false
aether_automation_push,1415,0.313190,5.330441,954252.5843,1.760367,440.508896,4.412360,4.081493,7.352118,false
aether_automation_push,1416,0.303023,4.820502,917875.6977,1.693260,300.538033,3.990250,3.925903,5.015997,false
aether_automation_push,1417,0.351543,3.960763,747201.6049,1.378407,256.727308,3.278587,3.195902,4.284793,false
aether_automation_push,1418,0.357979,4.101647,776883.7095,1.433164,261.038265,3.395206,3.322858,4.356743,false
aether_automation_push,1419,0.340525,4.659076,854253.8827,1.575893,342.274133,3.856627,3.653782,5.712574,false
aether_automation_push,1420,0.305712,5.501232,1023108.7829,1.887390,391.282917,4.553735,4.376002,6.530534,false
aether_automation_push,1421,0.303680,4.979469,946754.5089,1.746535,315.240816,4.121838,4.049423,5.261387,false
aether_automation_push,1422,0.322997,4.941002,894220.8394,1.649623,380.885099,4.089996,3.824728,6.356994,false
aether_automation_push,1423,0.357516,4.343080,786078.8440,1.450127,339.539401,3.595056,3.362187,5.666932,false
aether_automation_push,1424,0.346341,4.012042,752880.5633,1.388884,271.196359,3.321034,3.220192,4.526282,false
aether_automation_push,1425,0.332675,4.102809,773746.5103,1.427376,264.270446,3.396168,3.309439,4.410689,false
aether_automation_push,1426,0.338409,4.253671,805098.9797,1.485214,276.529365,3.521047,3.443539,4.615291,false
aether_automation_push,1427,0.335607,4.782605,876701.2548,1.617303,362.810007,3.958881,3.749793,6.055319,false
aether_automation_push,1428,0.304973,5.174128,929111.4715,1.713987,416.041668,4.282970,3.973960,6.943759,false
aether_automation_push,1429,0.329901,4.090928,754006.5505,1.390961,281.928335,3.386333,3.225008,4.705400,false
aether_automation_push,1430,0.302215,4.683356,870096.2096,1.605118,323.680753,3.876726,3.721543,5.402250,false
aether_automation_push,1431,0.360245,4.067152,760779.2518,1.403455,275.742510,3.366653,3.253976,4.602158,false
aether_automation_push,1432,0.316636,4.335020,808499.2771,1.491487,295.700113,3.588384,3.458083,4.935251,false
aether_automation_push,1433,0.336108,4.735464,854486.2084,1.576322,378.200391,3.919859,3.654776,6.312186,false
aether_automation_push,1434,0.371987,3.777343,691887.4157,1.276366,275.304705,3.126758,2.959315,4.594851,false
aether_automation_push,1435,0.299376,5.057587,923687.8211,1.703982,383.835602,4.186501,3.950763,6.406238,false
aether_automation_push,1436,0.312788,4.858830,882896.2441,1.628731,371.950623,4.021977,3.776290,6.207877,false
aether_automation_push,1437,0.338413,4.155430,775781.5104,1.431131,279.234770,3.439726,3.318143,4.660444,false
aether_automation_push,1438,0.329515,4.709359,858593.5649,1.583899,357.710563,3.898250,3.672344,5.970209,false
aether_automation_push,1439,0.353273,3.986454,744506.4381,1.373436,273.668448,3.299854,3.184375,4.567542,false
aether_automation_push,1440,0.294377,5.201976,938501.8114,1.731310,407.730971,4.306021,4.014124,6.805053,false
aether_automation_push,1441,0.288478,5.205519,971583.2220,1.792338,361.015880,4.308955,4.155619,6.025375,false
aether_automation_push,1442,0.325245,4.322365,811410.4797,1.496857,284.701584,3.577909,3.470534,4.751685,false
aether_automation_push,1443,0.307411,5.215668,952000.7557,1.756213,394.745083,4.317356,4.071862,6.588318,false
aether_automation_push,1444,0.289445,5.267584,980063.0036,1.807981,369.007448,4.360330,4.191888,6.158755,false
aether_automation_push,1445,0.374628,4.191169,762091.4298,1.405876,322.491598,3.469310,3.259589,5.382403,false
aether_automation_push,1446,0.290117,4.904208,913096.0097,1.684443,339.116615,4.059539,3.905460,5.659875,false
aether_automation_push,1447,0.358820,3.997368,740477.2456,1.366003,282.034154,3.308887,3.167141,4.707166,false
aether_automation_push,1448,0.327550,4.373225,805030.7489,1.485088,318.224813,3.620009,3.443247,5.311190,false
aether_automation_push,1449,0.306010,4.972913,934068.0708,1.723131,339.435324,4.116411,3.995161,5.665195,false
aether_automation_push,1450,0.357175,3.995686,743548.2654,1.371668,275.290838,3.307496,3.180277,4.594620,false
aether_automation_push,1451,0.354128,3.993875,729084.2171,1.344985,296.682246,3.305996,3.118411,4.951643,false
aether_automation_push,1452,0.336051,4.793713,869315.0243,1.603677,372.415080,3.968075,3.718201,6.215629,false
aether_automation_push,1453,0.334141,4.568706,842180.7955,1.553621,325.856799,3.781822,3.602144,5.438568,false
aether_automation_push,1454,0.329278,4.322856,810203.2097,1.494630,287.282072,3.578315,3.465371,4.794754,false
aether_automation_push,1455,0.312639,4.440913,826787.0770,1.525224,299.856723,3.676039,3.536302,5.004626,false
aether_automation_push,1456,0.313453,4.777064,876799.1563,1.617484,356.943310,3.954294,3.750212,5.957404,false
aether_automation_push,1457,0.317540,4.631434,848293.2896,1.564897,342.296063,3.833746,3.628288,5.712940,false
aether_automation_push,1458,0.300029,4.932761,913434.1905,1.685067,351.527194,4.083175,3.906906,5.867009,false
aether_automation_push,1459,0.324071,4.586002,840433.6882,1.550398,333.402058,3.796139,3.594671,5.564499,false
aether_automation_push,1460,0.320471,4.517637,847904.5066,1.564180,300.159340,3.739548,3.626625,5.009676,false
aether_automation_push,1461,0.361602,4.030791,737507.9008,1.360525,299.372179,3.336554,3.154441,4.996538,false
aether_automation_push,1462,0.330407,5.022275,891485.4476,1.644576,426.797544,4.157271,3.813028,7.123275,false
aether_automation_push,1463,0.347382,4.666931,835193.3734,1.540731,387.987898,3.863130,3.572258,6.475540,false
aether_automation_push,1464,0.352093,4.510633,824143.7192,1.520347,340.670366,3.733751,3.524996,5.685808,false
aether_automation_push,1465,0.330159,4.417402,823254.6362,1.518707,306.546929,3.656577,3.521194,5.116285,false
aether_automation_push,1466,0.302934,4.964875,954956.1873,1.761665,285.483424,4.109757,4.084503,4.764734,false
aether_automation_push,1467,0.313067,4.886472,892425.4696,1.646311,366.277849,4.044858,3.817049,6.113198,false
aether_automation_push,1468,0.294981,4.871035,911482.7403,1.681467,325.008764,4.032080,3.898560,5.424415,false
aether_automation_push,1469,0.307651,4.788755,897717.2708,1.656073,314.986728,3.963971,3.839682,5.257146,false
aether_automation_push,1470,0.333106,4.771144,891293.4406,1.644222,326.114230,3.949393,3.812207,5.442865,false
aether_automation_push,1471,0.308083,5.398977,966453.5182,1.782875,454.111211,4.469093,4.133678,7.579142,false
aether_automation_push,1472,0.329570,4.045404,781864.4778,1.442352,224.128038,3.348650,3.344161,3.740710,false
aether_automation_push,1473,0.332158,4.509329,818929.9055,1.510729,350.545750,3.732671,3.502696,5.850628,false
aether_automation_push,1474,0.344390,4.181574,777984.3004,1.435194,290.977836,3.461367,3.327565,4.856436,false
aether_automation_push,1475,0.337207,4.712386,886540.0218,1.635453,308.754818,3.900755,3.791875,5.153135,false
aether_automation_push,1476,0.343702,4.008118,768130.1516,1.417016,241.564828,3.317786,3.285417,4.031731,false
aether_automation_push,1477,0.320709,4.442584,820341.3859,1.513333,318.424453,3.677422,3.508733,5.314522,false
aether_automation_push,1478,0.297532,5.163262,977934.7327,1.804055,330.983040,4.273975,4.182785,5.524126,false
aether_automation_push,1479,0.357685,4.505699,809067.8020,1.492536,367.797279,3.729667,3.460514,6.138557,false
aether_automation_push,1480,0.307969,4.996930,924172.4979,1.704876,358.795763,4.136292,3.952836,5.988321,false
aether_automation_push,1481,0.325954,4.462113,827695.7481,1.526900,309.124137,3.693588,3.540189,5.159299,false
aether_automation_push,1482,0.313046,4.676927,857922.1824,1.582660,345.456856,3.871404,3.669472,5.765694,false
aether_automation_push,1483,0.344895,4.033135,777948.5219,1.435128,223.606818,3.338494,3.327412,3.732010,false
aether_automation_push,1484,0.310988,4.929160,900524.8609,1.661252,372.082472,4.080194,3.851691,6.210077,false
aether_automation_push,1485,0.334268,3.978215,755742.6974,1.394164,245.410721,3.293034,3.232434,4.095919,false
aether_automation_push,1486,0.303514,4.665816,863278.9024,1.592542,328.699677,3.862206,3.692384,5.486016,false
aether_automation_push,1487,0.320173,4.678042,886926.1090,1.636166,295.994709,3.872327,3.793527,4.940168,false
aether_automation_push,1488,0.315627,4.759963,868167.8071,1.601561,360.481250,3.940138,3.713295,6.016452,false
aether_automation_push,1489,0.316641,4.558820,861575.8716,1.589401,293.315286,3.773638,3.685100,4.895449,false
aether_automation_push,1490,0.290686,5.078905,930314.7983,1.716207,377.899314,4.204148,3.979107,6.307161,false
aether_automation_push,1491,0.284707,5.813993,1073689.6026,1.980699,428.055902,4.812629,4.592345,7.144277,false
aether_automation_push,1492,0.295317,4.528511,863405.6448,1.592776,273.762732,3.748550,3.692926,4.569115,false
aether_automation_push,1493,0.344657,4.048391,750065.5609,1.383691,281.428745,3.351123,3.208152,4.697062,false
aether_automation_push,1494,0.329148,4.577153,842855.9679,1.554867,332.657685,3.788814,3.605032,5.552075,false
aether_automation_push,1495,0.319033,4.126780,786032.6992,1.450042,247.094975,3.416010,3.361989,4.124029,false
aether_automation_push,1496,0.373614,3.817421,712180.0888,1.313801,259.533193,3.159933,3.046110,4.331624,false
aether_automation_push,1497,0.345844,4.024862,786009.5941,1.449999,213.629222,3.331646,3.361891,3.565484,false
aether_automation_push,1498,0.351931,4.135333,756708.5390,1.395945,307.020924,3.423091,3.236565,5.124196,false
aether_automation_push,1499,0.333464,4.605202,855653.3985,1.578475,324.829038,3.812032,3.659768,5.421415,false
aether_automation_push,1500,0.362801,3.827267,735795.9854,1.357367,229.523607,3.168083,3.147119,3.830762,false
aether_automation_push,1501,0.322491,4.419781,816365.0939,1.505997,314.341427,3.658547,3.491726,5.246376,false
aether_automation_push,1502,0.299429,5.010736,938760.4647,1.731788,338.420348,4.147720,4.015231,5.648255,false
aether_automation_push,1503,0.297839,4.953375,935672.4664,1.726091,320.193351,4.100238,4.002023,5.344045,false
aether_automation_push,1504,0.334360,4.067482,757941.9800,1.398221,275.016288,3.366925,3.241841,4.590037,false
aether_automation_push,1505,0.340538,4.296030,817678.9115,1.508421,262.077959,3.556110,3.497345,4.374096,false
aether_automation_push,1506,0.304441,4.375078,824875.4352,1.521697,277.385645,3.621544,3.528126,4.629582,false
aether_automation_push,1507,0.319706,5.270488,946743.5295,1.746514,418.903004,4.362734,4.049376,6.991515,false
aether_automation_push,1508,0.302129,5.590081,1003365.5684,1.850968,461.189558,4.627282,4.291557,7.697280,false
aether_automation_push,1509,0.300170,4.972619,921323.8300,1.699621,355.711111,4.116167,3.940651,5.936838,false
aether_automation_push,1510,0.311292,5.114021,926420.9501,1.709024,402.623328,4.233216,3.962453,6.719806,false
aether_automation_push,1511,0.347168,4.507879,825154.7132,1.522212,338.748889,3.731472,3.529321,5.653738,false
aether_automation_push,1512,0.316929,4.724808,903591.7795,1.666910,288.155213,3.911038,3.864809,4.809327,false
aether_automation_push,1513,0.310373,4.779316,896280.1044,1.653421,318.255206,3.956158,3.833535,5.311697,false
aether_automation_push,1514,0.360364,3.818893,712979.1260,1.315275,258.138313,3.161152,3.049527,4.308343,false
aether_automation_push,1515,0.320297,4.889000,913879.8526,1.685889,336.283896,4.046951,3.908812,5.612597,false
aether_automation_push,1516,0.285208,5.489226,1008146.4427,1.859788,408.144426,4.543797,4.312006,6.811953,false
aether_automation_push,1517,0.333726,5.048346,923866.6825,1.704312,384.061230,4.178852,3.951528,6.410003,false
aether_automation_push,1518,0.343437,4.596520,833864.1629,1.538279,352.942124,3.804846,3.566572,5.890624,false
aether_automation_push,1519,0.329398,4.150567,783162.1911,1.444746,269.706251,3.435700,3.349712,4.501412,false
aether_automation_push,1520,0.294412,5.177514,959480.9658,1.770012,368.811270,4.285772,4.103856,6.155481,false
aether_automation_push,1521,0.320675,4.235085,810267.5011,1.494749,252.005827,3.505662,3.465646,4.205991,false
aether_automation_push,1522,0.324859,4.823220,875078.1833,1.614309,376.800563,3.992500,3.742851,6.288823,false
aether_automation_push,1523,0.341307,4.376671,793847.1666,1.464457,336.298613,3.622862,3.395413,5.612843,false
aether_automation_push,1524,0.308968,4.903679,924185.5078,1.704900,326.643766,4.059101,3.952891,5.451703,false
aether_automation_push,1525,0.361507,3.741009,716101.9447,1.321036,228.549775,3.096682,3.062884,3.814509,false
aether_automation_push,1526,0.322613,5.109278,922318.0738,1.701455,405.741858,4.229289,3.944904,6.771854,false
aether_automation_push,1527,0.329024,4.887757,878441.9201,1.620514,395.194290,4.045922,3.757239,6.595815,false
aether_automation_push,1528,0.335982,4.180706,778590.8484,1.436313,287.920814,3.460648,3.330159,4.805415,false
aether_automation_push,1529,0.381119,3.708966,688155.2113,1.269481,254.213861,3.070158,2.943351,4.242844,false
aether_automation_push,1530,0.363661,4.040181,739624.8530,1.364430,295.748757,3.344327,3.163495,4.936063,false
aether_automation_push,1531,0.313491,4.866949,938359.0983,1.731047,277.684352,4.028697,4.013514,4.634567,false
aether_automation_push,1532,0.320575,4.622216,851763.9300,1.571300,336.533233,3.826116,3.643133,5.616759,false
aether_automation_push,1533,0.292371,4.823468,909653.4228,1.678092,307.396298,3.992705,3.890735,5.130461,false
aether_automation_push,1534,0.331029,4.153305,775619.6512,1.430832,276.097715,3.437967,3.317451,4.608086,false
aether_automation_push,1535,0.358847,4.106703,753628.2150,1.390263,291.462220,3.399392,3.223390,4.864521,false
aether_automation_push,1536,0.335479,4.425383,812483.5697,1.498837,323.902351,3.663184,3.475124,5.405948,false
aether_automation_push,1537,0.346431,4.052522,752638.0434,1.388436,284.700434,3.354542,3.219155,4.751666,false
aether_automation_push,1538,0.319995,4.333064,802025.6130,1.479545,305.002594,3.586765,3.430394,5.090510,false
aether_automation_push,1539,0.313183,4.242124,814491.6532,1.502541,246.554247,3.511488,3.483713,4.115004,false
aether_automation_push,1540,0.366966,4.318637,795598.6587,1.467688,317.095848,3.574823,3.402905,5.292347,false
aether_automation_push,1541,0.321921,4.700161,868645.1472,1.602442,339.993777,3.890636,3.715336,5.674515,false
aether_automation_push,1542,0.358706,4.022628,753536.9617,1.390095,273.293129,3.329797,3.223000,4.561278,false
aether_automation_push,1543,0.361479,3.839108,709144.4661,1.308201,272.473775,3.177885,3.033126,4.547603,false
aether_automation_push,1544,0.361417,3.791543,703219.4927,1.297271,259.895243,3.138512,3.007784,4.337666,false
aether_automation_push,1545,0.328033,4.767056,875581.9783,1.615238,354.076528,3.946010,3.745006,5.909557,false
aether_automation_push,1546,0.318001,4.256045,796505.4891,1.469361,284.556454,3.523012,3.406783,4.749263,false
aether_automation_push,1547,0.319842,4.613748,889703.5914,1.641289,253.976173,3.819106,3.805407,4.238877,false
aether_automation_push,1548,0.307753,4.633999,862787.6652,1.591636,325.705265,3.835870,3.690283,5.436039,false
aether_automation_push,1549,0.312623,5.076961,923755.7408,1.704107,387.554276,4.202538,3.951053,6.468303,false
aether_automation_push,1550,0.334703,4.837709,904085.3536,1.667820,329.843501,4.004494,3.866920,5.505107,false
aether_automation_push,1551,0.294719,5.223378,983945.7069,1.815143,345.500473,4.323737,4.208495,5.766422,false
aether_automation_push,1552,0.270735,5.622354,1056814.6897,1.949569,383.194452,4.653997,4.520168,6.395537,false
aether_automation_push,1553,0.300779,5.017725,917078.3789,1.691789,381.223130,4.153505,3.922493,6.362635,false
aether_automation_push,1554,0.316692,4.330966,809991.0428,1.494239,295.514000,3.585029,3.464463,4.932145,false
aether_automation_push,1555,0.316954,4.584222,840208.8345,1.549983,342.209341,3.794666,3.593709,5.711493,false
aether_automation_push,1556,0.333466,4.048960,766092.7520,1.413257,253.904146,3.351594,3.276703,4.237674,false
aether_automation_push,1557,0.337945,3.928674,740476.5465,1.366001,249.595347,3.252025,3.167138,4.165760,false
aether_automation_push,1558,0.343874,4.132539,765184.5249,1.411582,283.768001,3.420778,3.272818,4.736104,false
aether_automation_push,1559,0.332736,5.013966,888210.3486,1.638535,428.869342,4.150393,3.799020,7.157853,false
aether_automation_push,1560,0.308512,5.000935,914198.1192,1.686476,382.861276,4.139607,3.910174,6.389976,false
aether_automation_push,1561,0.339545,4.488912,814732.3851,1.502986,341.384733,3.715771,3.484743,5.697730,false
aether_automation_push,1562,0.268573,5.451753,1056254.9312,1.948537,303.565050,4.512779,4.517774,5.066518,false
aether_automation_push,1563,0.286197,5.234276,983544.9007,1.814404,342.950220,4.332758,4.206781,5.723858,false
aether_automation_push,1564,0.301438,5.095730,967334.9921,1.784501,329.928416,4.218075,4.137449,5.506524,false
aether_automation_push,1565,0.327648,4.382075,834925.1184,1.540236,266.515212,3.627335,3.571110,4.448154,false
aether_automation_push,1566,0.300510,5.024637,953736.7389,1.759415,325.223744,4.159227,4.079287,5.428003,false
aether_automation_push,1567,0.308665,4.564836,852596.3336,1.572835,304.178384,3.778619,3.646693,5.076754,false
aether_automation_push,1568,0.366104,4.221385,760846.7975,1.403580,334.713577,3.494322,3.254265,5.586388,false
aether_automation_push,1569,0.347426,4.075219,758825.6508,1.399851,278.383716,3.373330,3.245620,4.646240,false
aether_automation_push,1570,0.295875,4.987178,931778.2808,1.718907,346.272150,4.128219,3.985367,5.779302,false
aether_automation_push,1571,0.320508,4.813972,880377.7442,1.624085,365.888966,3.984845,3.765518,6.106707,false
aether_automation_push,1572,0.328968,4.376999,823928.0576,1.519949,280.402824,3.623134,3.524074,4.679939,false
aether_automation_push,1573,0.324267,4.919974,893240.2446,1.647814,385.733512,4.072590,3.820533,6.437914,false
aether_automation_push,1574,0.334550,4.287623,795162.8990,1.466885,306.354242,3.549151,3.401041,5.113069,false
aether_automation_push,1575,0.326439,4.268899,792379.8800,1.461751,302.702417,3.533652,3.389137,5.052120,false
aether_automation_push,1576,0.288327,5.241732,971850.9223,1.792831,368.297565,4.338930,4.156764,6.146907,false
aether_automation_push,1577,0.320255,4.418484,844989.0164,1.558802,263.123979,3.657473,3.614155,4.391554,false
aether_automation_push,1578,0.304510,4.574699,866942.9775,1.599302,288.020152,3.786783,3.708056,4.807073,false
aether_automation_push,1579,0.338481,4.844199,866848.1156,1.599127,403.611937,4.009866,3.707650,6.736306,false
aether_automation_push,1580,0.330459,4.592359,863734.1744,1.593382,304.678097,3.801401,3.694331,5.085095,false
aether_automation_push,1581,0.354343,3.703826,698926.4130,1.289351,233.233380,3.065903,2.989422,3.892678,false
aether_automation_push,1582,0.334544,5.064195,906895.7951,1.673005,426.214016,4.191972,3.878940,7.113536,false
aether_automation_push,1583,0.344409,4.159154,774225.8955,1.428261,283.815800,3.442808,3.311490,4.736902,false
aether_automation_push,1584,0.341023,4.611781,834054.6747,1.538631,366.202640,3.817478,3.567387,6.111943,false
aether_automation_push,1585,0.323840,4.839215,884568.1785,1.631816,360.284523,4.005740,3.783442,6.013169,false
aether_automation_push,1586,0.331301,4.692671,854128.4002,1.575662,367.753597,3.884436,3.653246,6.137828,false
aether_automation_push,1587,0.368698,3.663408,688706.7389,1.270498,237.642141,3.032447,2.945710,3.966261,false
aether_automation_push,1588,0.348381,4.182141,760509.3161,1.402957,318.771365,3.461836,3.252822,5.320312,false
aether_automation_push,1589,0.383409,4.084538,736224.3983,1.358157,324.065372,3.381044,3.148951,5.408669,false
aether_automation_push,1590,0.298960,4.955608,907716.9737,1.674520,360.879171,4.102086,3.882453,6.023094,false
aether_automation_push,1591,0.293924,4.782862,928028.8517,1.711990,259.203612,3.959093,3.969330,4.326123,false
aether_automation_push,1592,0.345671,4.077427,754561.9709,1.391986,280.807531,3.375158,3.227384,4.686693,false
aether_automation_push,1593,0.339094,4.207416,794658.2426,1.465954,266.649179,3.482758,3.398882,4.450390,false
aether_automation_push,1594,0.334685,4.248758,795393.0513,1.467309,285.396720,3.516980,3.402025,4.763287,false
aether_automation_push,1595,0.324369,4.366031,811574.1435,1.497159,305.794149,3.614054,3.471234,5.103722,false
aether_automation_push,1596,0.328171,4.410142,808900.8913,1.492228,327.530543,3.650568,3.459800,5.466503,false
aether_automation_push,1597,0.320423,4.826944,867307.0094,1.599973,388.569856,3.995583,3.709613,6.485253,false
aether_automation_push,1598,0.356435,4.694827,852276.4481,1.572245,367.550708,3.886221,3.645325,6.134442,false
aether_automation_push,1599,0.305831,5.171425,964550.4359,1.779364,357.758669,4.280733,4.125539,5.971012,false
aether_automation_push,1600,0.306038,5.257346,982802.9815,1.813035,359.239322,4.351855,4.203608,5.995724,false
aether_automation_push,1601,0.323426,4.420421,819020.2939,1.510896,313.077416,3.659076,3.503083,5.225280,false
aether_automation_push,1602,0.305479,4.874867,918635.2239,1.694661,321.088443,4.035251,3.929152,5.358984,false
aether_automation_push,1603,0.317286,4.815040,874916.7413,1.614011,373.682209,3.985729,3.742161,6.236777,false
aether_automation_push,1604,0.315107,4.620532,888065.0836,1.638267,272.664543,3.824722,3.798398,4.550787,false
aether_automation_push,1605,0.300496,4.539130,847845.0409,1.564070,299.744336,3.757340,3.626371,5.002750,false
aether_automation_push,1606,0.299002,4.677695,870068.7036,1.605068,319.117424,3.872040,3.721425,5.326088,false
aether_automation_push,1607,0.337508,4.071100,761223.5853,1.404275,268.985009,3.369920,3.255877,4.489375,false
aether_automation_push,1608,0.339985,4.094965,762629.8627,1.406869,281.537427,3.389675,3.261892,4.698875,false
aether_automation_push,1609,0.285527,5.490482,1036696.6525,1.912456,360.929287,4.544837,4.434120,6.023930,false
aether_automation_push,1610,0.327207,5.259092,941740.3352,1.737285,440.869725,4.353301,4.027976,7.358140,false
aether_automation_push,1611,0.307094,5.004203,911243.8899,1.681026,385.800978,4.142311,3.897538,6.439040,false
aether_automation_push,1612,0.354657,4.305174,771314.8797,1.422891,345.874210,3.563679,3.299039,5.772660,false
aether_automation_push,1613,0.375643,4.016572,732456.5759,1.351206,304.511781,3.324784,3.132836,5.082319,false
aether_automation_push,1614,0.335109,4.114383,773013.9999,1.426025,268.558963,3.405749,3.306306,4.482264,false
aether_automation_push,1615,0.304096,4.588324,873104.1546,1.610667,283.183157,3.798061,3.734408,4.726343,false
aether_automation_push,1616,0.303194,5.145664,956124.3940,1.763820,364.594116,4.259408,4.089499,6.085096,false
aether_automation_push,1617,0.342606,4.077743,767942.2761,1.416669,263.490744,3.375419,3.284614,4.397675,false
aether_automation_push,1618,0.334910,4.057650,770086.4199,1.420624,250.667754,3.358787,3.293785,4.183659,false
aether_automation_push,1619,0.308756,4.799110,910173.2113,1.679051,307.373490,3.972542,3.892958,5.130081,false
aether_automation_push,1620,0.311853,4.715717,867758.6841,1.600806,345.602533,3.903513,3.711545,5.768126,false
aether_automation_push,1621,0.282349,4.953337,936334.3212,1.727312,322.893021,4.100206,4.004854,5.389103,false
aether_automation_push,1622,0.306221,4.617057,871029.7061,1.606841,302.312848,3.821845,3.725535,5.045618,false
aether_automation_push,1623,0.332101,4.872261,898900.0974,1.658255,346.265073,4.033095,3.844742,5.779183,false
aether_automation_push,1624,0.320341,4.557008,853702.8358,1.574877,303.665241,3.772138,3.651426,5.068190,false
aether_automation_push,1625,0.332482,4.621066,853643.5748,1.574767,336.147547,3.825164,3.651172,5.610321,false
aether_automation_push,1626,0.331227,4.194951,787381.3462,1.452529,272.801613,3.472440,3.367758,4.553074,false
aether_automation_push,1627,0.337324,4.199557,792541.4350,1.462049,268.713403,3.476253,3.389828,4.484842,false
aether_automation_push,1628,0.335518,4.641952,861523.5926,1.589304,330.761584,3.842452,3.684876,5.520429,false
aether_automation_push,1629,0.342414,4.253132,775562.2679,1.430726,320.735157,3.520600,3.317206,5.353088,false
aether_automation_push,1630,0.339289,4.551640,829721.8063,1.530637,349.414233,3.767695,3.548855,5.831743,false
aether_automation_push,1631,0.353608,4.085525,750736.2103,1.384928,295.472734,3.381861,3.211021,4.931457,false
aether_automation_push,1632,0.321589,4.378265,814430.3883,1.502428,301.125258,3.624181,3.483451,5.025797,false
aether_automation_push,1633,0.313505,4.687259,862163.1254,1.590484,345.672318,3.879956,3.687612,5.769290,false
aether_automation_push,1634,0.360720,3.967729,729778.5682,1.346266,290.886654,3.284353,3.121381,4.854915,false
aether_automation_push,1635,0.365160,4.012077,742333.0712,1.369426,281.765891,3.321063,3.175079,4.702689,false
aether_automation_push,1636,0.304281,5.326445,953912.7860,1.759740,434.629178,4.409053,4.080040,7.253985,false
aether_automation_push,1637,0.337120,4.090329,775572.2082,1.430744,247.601542,3.385838,3.317248,4.132484,false
aether_automation_push,1638,0.307135,4.862121,902702.5066,1.665269,344.664754,4.024701,3.861005,5.752474,false
aether_automation_push,1639,0.308210,4.408576,847865.8394,1.564109,259.673509,3.649271,3.626460,4.333965,false
aether_automation_push,1640,0.354991,4.087404,763809.2874,1.409045,273.789242,3.383416,3.266936,4.569558,false
aether_automation_push,1641,0.312235,4.859131,894682.0560,1.650473,349.015885,4.022226,3.826700,5.825095,false
aether_automation_push,1642,0.321397,4.990172,907730.5856,1.674545,383.753962,4.130698,3.882511,6.404875,false
aether_automation_push,1643,0.331847,4.838591,866123.3062,1.597789,390.784783,4.005224,3.704550,6.522220,false
aether_automation_push,1644,0.312853,4.785121,877655.6703,1.619064,353.096388,3.960963,3.753876,5.893199,false
aether_automation_push,1645,0.323427,4.396015,830234.4569,1.531583,288.202544,3.638874,3.551047,4.810117,false
aether_automation_push,1646,0.336707,4.550713,836533.3077,1.543203,340.037929,3.766928,3.577989,5.675252,false
aether_automation_push,1647,0.312731,4.457762,824921.6119,1.521782,311.999725,3.689986,3.528324,5.207293,false
aether_automation_push,1648,0.345402,4.131263,760575.3861,1.403079,292.216619,3.419721,3.253104,4.877112,false
aether_automation_push,1649,0.351127,4.173192,766826.2222,1.414610,304.902088,3.454429,3.279840,5.088833,false
aether_automation_push,1650,0.304511,4.919156,899701.8740,1.659734,368.218540,4.071912,3.848171,6.145588,false
aether_automation_push,1651,0.346040,4.415532,810793.8758,1.495720,318.553216,3.655030,3.467897,5.316671,false
aether_automation_push,1652,0.285609,4.755857,896065.5910,1.653026,308.457302,3.936739,3.832618,5.148170,false
aether_automation_push,1653,0.341881,4.425056,829436.3230,1.530111,305.381602,3.662913,3.547634,5.096836,false
aether_automation_push,1654,0.294553,5.402990,984475.4460,1.816121,409.003024,4.472415,4.210761,6.826283,false
aether_automation_push,1655,0.320769,4.724328,864415.7833,1.594639,351.160690,3.910641,3.697247,5.860892,false
aether_automation_push,1656,0.328404,4.729832,860983.5106,1.588308,369.923278,3.915197,3.682566,6.174040,false
aether_automation_push,1657,0.309246,4.680829,889320.4912,1.640583,291.856108,3.874633,3.803768,4.871095,false
aether_automation_push,1658,0.323490,4.340763,808840.3134,1.492116,293.295402,3.593139,3.459541,4.895117,false
aether_automation_push,1659,0.307991,4.717833,868487.0337,1.602150,339.590951,3.905264,3.714660,5.667792,false
aether_automation_push,1660,0.322516,4.178779,793555.3173,1.463919,252.100113,3.459054,3.394165,4.207565,false
aether_automation_push,1661,0.332309,4.716595,848397.5112,1.565090,379.259027,3.904239,3.628734,6.329854,false
aether_automation_push,1662,0.318792,4.505679,836477.8615,1.543101,316.129761,3.729651,3.577752,5.276223,false
aether_automation_push,1663,0.335550,4.242437,781588.9142,1.441844,295.643696,3.511748,3.342983,4.934310,false
aether_automation_push,1664,0.316347,5.193886,985434.7753,1.817890,330.877543,4.299325,4.214864,5.522365,false
aether_automation_push,1665,0.342562,4.154341,781922.7436,1.442460,269.251604,3.438825,3.344410,4.493824,false
aether_automation_push,1666,0.320800,4.461631,835186.3105,1.540718,302.307860,3.693189,3.572227,5.045535,false
aether_automation_push,1667,0.303573,4.769151,919073.8537,1.695470,278.692639,3.947744,3.931028,4.651396,false
aether_automation_push,1668,0.344998,4.370333,801811.1825,1.479149,326.942500,3.617616,3.429476,5.456689,false
aether_automation_push,1669,0.273088,6.788841,1225682.7795,2.261090,550.432670,5.619575,5.242444,9.186752,false
aether_automation_push,1670,0.339376,4.203653,766854.0442,1.414661,307.880961,3.479643,3.279959,5.138551,false
aether_automation_push,1671,0.334575,4.617675,827142.2941,1.525879,370.203810,3.822357,3.537822,6.178722,false
aether_automation_push,1672,0.308907,4.820538,905254.6257,1.669977,314.020651,3.990280,3.871921,5.241022,false
aether_automation_push,1673,0.315484,4.809027,894147.7415,1.649488,333.613842,3.980751,3.824415,5.568034,false
aether_automation_push,1674,0.314567,4.555953,856855.8561,1.580693,296.286885,3.771265,3.664911,4.945045,false
aether_automation_push,1675,0.323882,4.650497,856013.2988,1.579139,342.845328,3.849526,3.661308,5.722108,false
aether_automation_push,1676,0.276623,5.048467,965537.7284,1.781185,303.253476,4.178952,4.129761,5.061318,false
aether_automation_push,1677,0.290862,5.189976,956220.5179,1.763997,377.338659,4.296088,4.089910,6.297803,false
aether_automation_push,1678,0.338349,4.168364,783677.4273,1.445697,274.986602,3.450433,3.351915,4.589542,false
aether_automation_push,1679,0.339963,4.069354,765573.5020,1.412299,258.894675,3.368475,3.274482,4.320967,false
aether_automation_push,1680,0.284173,5.899194,1081354.2938,1.994839,454.590991,4.883155,4.625128,7.587149,false
aether_automation_push,1681,0.329042,5.216071,930468.5054,1.716491,442.073859,4.317689,3.979765,7.378238,false
aether_automation_push,1682,0.351824,3.751624,713036.4921,1.315381,229.345053,3.105469,3.049773,3.827782,false
aether_automation_push,1683,0.355315,4.566899,821402.4542,1.515290,373.691270,3.780326,3.513272,6.236928,false
aether_automation_push,1684,0.342730,4.186525,798534.1652,1.473104,256.155149,3.465466,3.415460,4.275244,false
aether_automation_push,1685,0.383901,3.735020,707432.2235,1.305043,232.699341,3.091725,3.025802,3.883765,false
aether_automation_push,1686,0.300131,5.227663,971764.1034,1.792671,365.402205,4.327285,4.156393,6.098583,false
aether_automation_push,1687,0.344159,4.474645,845296.7133,1.559369,290.564436,3.703961,3.615471,4.849537,false
aether_automation_push,1688,0.308663,4.717912,877993.2938,1.619687,326.743146,3.905330,3.755320,5.453361,false
aether_automation_push,1689,0.367710,3.728679,694756.8870,1.281660,254.346314,3.086476,2.971588,4.245054,false
aether_automation_push,1690,0.343660,4.043511,760065.9175,1.402139,264.327859,3.347083,3.250925,4.411647,false
aether_automation_push,1691,0.319447,4.676406,871995.2369,1.608622,323.071825,3.870972,3.729665,5.392087,false
aether_automation_push,1692,0.347647,4.300119,790709.4921,1.458669,313.100611,3.559495,3.381993,5.225667,false
aether_automation_push,1693,0.320157,4.172893,802503.4558,1.480426,239.967546,3.454181,3.432437,4.005072,false
aether_automation_push,1694,0.308637,5.112754,919610.2042,1.696460,416.563895,4.232167,3.933322,6.952475,false
aether_automation_push,1695,0.309947,4.568863,865670.1727,1.596954,288.788536,3.781952,3.702612,4.819897,false
aether_automation_push,1696,0.343438,4.213408,793132.1827,1.463138,277.515252,3.487718,3.392355,4.631745,false
aether_automation_push,1697,0.301855,4.568710,859769.6452,1.586068,302.673954,3.781825,3.677374,5.051645,false
aether_automation_push,1698,0.336330,3.977790,743788.7192,1.372112,257.671486,3.292682,3.181305,4.300552,false
aether_automation_push,1699,0.323405,4.866055,908784.3305,1.676489,336.473781,4.027958,3.887018,5.615766,false
aether_automation_push,1700,0.317993,4.908402,891054.8402,1.643782,382.631944,4.063011,3.811186,6.386149,false
aether_automation_push,1701,0.330147,4.376854,802210.4862,1.479886,317.204087,3.623013,3.431184,5.294154,false
aether_automation_push,1702,0.352009,4.120711,762345.1563,1.406344,299.243593,3.410987,3.260674,4.994392,false
aether_automation_push,1703,0.319647,5.301493,971063.0639,1.791378,403.183612,4.388399,4.153394,6.729157,false
aether_automation_push,1704,0.312188,4.686493,890804.3178,1.643320,289.808090,3.879322,3.810115,4.836913,false
aether_automation_push,1705,0.319030,4.873070,911214.9815,1.680973,333.681930,4.033764,3.897414,5.569170,false
aether_automation_push,1706,0.312225,4.804944,883129.0040,1.629161,355.184968,3.977372,3.777286,5.928057,false
aether_automation_push,1707,0.344879,4.051407,764455.4250,1.410237,259.726480,3.353619,3.269700,4.334850,false
aether_automation_push,1708,0.320017,4.754779,876085.9901,1.616168,352.746589,3.935847,3.747162,5.887360,false
aether_automation_push,1709,0.310995,4.528797,833128.6379,1.536922,329.306440,3.748787,3.563426,5.496143,false
aether_automation_push,1710,0.299556,5.068007,927288.4467,1.710624,378.922792,4.195127,3.966163,6.324243,false
aether_automation_push,1711,0.325981,4.216221,790599.0215,1.458465,273.423762,3.490047,3.381520,4.563458,false
aether_automation_push,1712,0.318791,4.757522,909624.2953,1.678038,293.949646,3.938118,3.890611,4.906036,false
aether_automation_push,1713,0.352544,4.221470,771327.4492,1.422914,312.818139,3.494391,3.299093,5.220952,false
aether_automation_push,1714,0.327293,4.152919,775647.7091,1.430884,272.749200,3.437647,3.317571,4.552199,false
aether_automation_push,1715,0.334337,4.382576,822905.9313,1.518064,294.999497,3.627749,3.519702,4.923558,false
aether_automation_push,1716,0.309253,4.403560,824901.9170,1.521746,292.987605,3.645120,3.528239,4.889980,false
aether_automation_push,1717,0.305802,4.531977,855517.7786,1.578225,289.011620,3.751419,3.659188,4.823620,false
aether_automation_push,1718,0.357563,3.907558,721250.9676,1.330535,278.942879,3.234545,3.084907,4.655572,false
aether_automation_push,1719,0.287568,4.927297,945599.4564,1.744404,285.207797,4.078652,4.044482,4.760134,false
aether_automation_push,1720,0.353360,4.016785,738949.1868,1.363184,283.206181,3.324961,3.160606,4.726727,false
aether_automation_push,1721,0.351053,3.862691,718112.0616,1.324744,261.495472,3.197406,3.071482,4.364374,false
aether_automation_push,1722,0.322262,4.510217,843223.1234,1.555544,303.200275,3.733407,3.606602,5.060430,false
aether_automation_push,1723,0.327698,4.336754,822763.8988,1.517802,269.560051,3.589820,3.519095,4.498972,false
aether_automation_push,1724,0.332946,4.293387,812181.7682,1.498280,267.329475,3.553922,3.473833,4.461744,false
aether_automation_push,1725,0.267170,5.618558,1061786.7983,1.958742,371.532624,4.650854,4.541434,6.200900,false
aether_automation_push,1726,0.355410,3.955956,734318.9603,1.354642,275.097609,3.274608,3.140801,4.591395,false
aether_automation_push,1727,0.326976,4.570719,839370.7144,1.548437,335.829885,3.783488,3.590125,5.605020,false
aether_automation_push,1728,0.341009,3.785962,707753.8631,1.305636,241.022166,3.133893,3.027178,4.022673,false
aether_automation_push,1729,0.327499,4.638564,869161.6165,1.603394,312.320077,3.839648,3.717545,5.212640,false
aether_automation_push,1730,0.329042,4.590555,847199.2386,1.562879,335.650573,3.799908,3.623609,5.602027,false
aether_automation_push,1731,0.321817,4.530495,839702.4898,1.549049,315.311520,3.750192,3.591544,5.262567,false
aether_automation_push,1732,0.309983,5.092549,946017.9943,1.745176,355.952463,4.215442,4.046272,5.940867,false
aether_automation_push,1733,0.299595,5.530704,1027349.2827,1.895213,385.816531,4.578131,4.394140,6.439300,false
aether_automation_push,1734,0.318658,4.582934,844811.2864,1.558474,329.747311,3.793600,3.613395,5.503501,false
aether_automation_push,1735,0.318281,4.781788,899978.3748,1.660244,309.946736,3.958204,3.849354,5.173028,false
aether_automation_push,1736,0.335381,5.104777,920628.7612,1.698339,410.567853,4.225564,3.937679,6.852401,false
aether_automation_push,1737,0.348517,4.121127,753247.7131,1.389561,305.141151,3.411331,3.221763,5.092823,false
aether_automation_push,1738,0.367138,3.640935,678200.4161,1.251117,244.073942,3.013844,2.900773,4.073608,false
aether_automation_push,1739,0.319007,4.637769,884982.9493,1.632581,286.086241,3.838990,3.785216,4.774795,false
aether_automation_push,1740,0.353171,4.254822,775786.5060,1.431140,318.376151,3.521999,3.318165,5.313716,false
aether_automation_push,1741,0.317017,4.539762,846418.1508,1.561438,313.853171,3.757863,3.620268,5.238227,false
aether_automation_push,1742,0.283839,5.118270,951399.6136,1.755104,352.980403,4.236733,4.069290,5.891263,false
aether_automation_push,1743,0.342387,4.422329,802858.0648,1.481080,339.584733,3.660656,3.433954,5.667688,false
aether_automation_push,1744,0.299068,5.367753,981203.1973,1.810084,405.112867,4.443247,4.196765,6.761356,false
aether_automation_push,1745,0.293997,5.345632,990890.6472,1.827955,380.891340,4.424935,4.238200,6.357098,false
aether_automation_push,1746,0.324707,4.284055,800665.2532,1.477035,291.746372,3.546197,3.424575,4.869263,false
aether_automation_push,1747,0.362638,3.966606,742725.8088,1.370151,270.879381,3.283423,3.176759,4.520992,false
aether_automation_push,1748,0.333966,4.137617,787910.6810,1.453506,256.347168,3.424981,3.370022,4.278449,false
aether_automation_push,1749,0.330164,3.919914,745893.3112,1.375994,239.083677,3.244774,3.190307,3.990320,false
aether_automation_push,1750,0.338495,5.088959,913376.2072,1.684960,418.122326,4.212470,3.906658,6.978485,false
aether_automation_push,1751,0.288498,4.759232,911846.5046,1.682138,282.422461,3.939533,3.900115,4.713647,false
aether_automation_push,1752,0.350174,4.169554,786487.6929,1.450881,263.212051,3.451417,3.363935,4.393024,false
aether_automation_push,1753,0.313665,4.876654,878806.0711,1.621186,389.734688,4.036731,3.758796,6.504694,false
aether_automation_push,1754,0.333981,3.948253,749705.2792,1.383026,238.707630,3.268232,3.206611,3.984044,false
aether_automation_push,1755,0.326963,4.743804,889469.0315,1.640857,316.861726,3.926762,3.804403,5.288440,false
aether_automation_push,1756,0.327703,4.293570,828136.0125,1.527712,248.179624,3.554073,3.542072,4.142132,false
aether_automation_push,1757,0.325891,4.976044,909967.8032,1.678672,379.007727,4.119002,3.892080,6.325660,false
aether_automation_push,1758,0.332108,4.401172,808742.4347,1.491936,324.610149,3.643143,3.459123,5.417762,false
aether_automation_push,1759,0.338804,4.642568,827055.1670,1.525718,381.515060,3.842963,3.537449,6.367508,false
aether_automation_push,1760,0.282716,5.734032,1055758.2113,1.947620,427.950453,4.746440,4.515649,7.142517,false
aether_automation_push,1761,0.287417,5.182758,977721.1193,1.803661,334.656543,4.290114,4.181872,5.585436,false
aether_automation_push,1762,0.296218,5.331504,978913.1933,1.805860,402.708212,4.413241,4.186971,6.721223,false
aether_automation_push,1763,0.307091,4.599363,849949.9201,1.567953,332.056919,3.807199,3.635374,5.542049,false
aether_automation_push,1764,0.342113,4.193467,781897.5308,1.442413,291.384625,3.471212,3.344303,4.863226,false
aether_automation_push,1765,0.309443,4.865339,914517.4425,1.687065,323.894660,4.027365,3.911539,5.405820,false
aether_automation_push,1766,0.315133,5.084657,942208.2356,1.738148,366.857238,4.208909,4.029977,6.122868,false
aether_automation_push,1767,0.313325,4.445656,840933.9138,1.551321,281.483803,3.679965,3.596811,4.697980,false
aether_automation_push,1768,0.359832,3.788906,711236.9161,1.312061,242.930862,3.136330,3.042076,4.054530,false
aether_automation_push,1769,0.327857,4.857992,880978.2478,1.625193,382.513181,4.021284,3.768087,6.384166,false
aether_automation_push,1770,0.330570,4.464791,831333.0811,1.533610,316.467428,3.695805,3.555746,5.281859,false
aether_automation_push,1771,0.289036,5.130779,957712.4186,1.766749,339.807249,4.247087,4.096291,5.671402,false
aether_automation_push,1772,0.341952,4.435200,808113.8500,1.490776,342.603730,3.671311,3.456434,5.718075,false
aether_automation_push,1773,0.377368,3.743844,705315.1300,1.301137,244.871598,3.099029,3.016747,4.086921,false
aether_automation_push,1774,0.303701,4.614196,871525.0343,1.607754,297.090322,3.819477,3.727654,4.958454,false
aether_automation_push,1775,0.308240,5.164255,976635.3339,1.801658,337.678302,4.274798,4.177228,5.635870,false
aether_automation_push,1776,0.331479,4.451136,819585.5771,1.511939,316.764081,3.684502,3.505500,5.286810,false
aether_automation_push,1777,0.322223,4.506438,844877.4332,1.558596,299.922132,3.730279,3.613678,5.005717,false
aether_automation_push,1778,0.311249,4.786554,883629.4719,1.630084,348.904457,3.962150,3.779427,5.823235,false
aether_automation_push,1779,0.348936,4.110512,756202.1773,1.395011,298.094891,3.402544,3.234399,4.975220,false
aether_automation_push,1780,0.326197,5.041469,916978.9024,1.691606,398.948184,4.173160,3.922068,6.658468,false
aether_automation_push,1781,0.350221,4.101540,745211.2988,1.374736,304.722887,3.395118,3.187390,5.085842,false
aether_automation_push,1782,0.339015,3.974266,760309.0100,1.402587,233.938791,3.289764,3.251965,3.904452,false
aether_automation_push,1783,0.342016,4.164677,763669.1280,1.408786,306.609679,3.447380,3.266337,5.117333,false
aether_automation_push,1784,0.298456,5.325438,956532.0605,1.764572,432.622112,4.408219,4.091243,7.220487,false
aether_automation_push,1785,0.363247,3.900844,721814.8653,1.331575,270.599883,3.228988,3.087319,4.516327,false
aether_automation_push,1786,0.306571,4.672947,879291.3106,1.622081,307.559277,3.868109,3.760872,5.133182,false
aether_automation_push,1787,0.335141,4.073534,763030.7307,1.407608,270.945633,3.371935,3.263606,4.522098,false
aether_automation_push,1788,0.335124,4.395177,818402.4083,1.509756,308.973249,3.638181,3.500440,5.156781,false
aether_automation_push,1789,0.326640,4.174437,786956.0585,1.451745,272.374715,3.455459,3.365939,4.545949,false
aether_automation_push,1790,0.342142,4.203711,772212.3210,1.424546,307.057978,3.479692,3.302877,5.124815,false
aether_automation_push,1791,0.332814,4.335528,795907.3365,1.468258,323.148593,3.588805,3.404225,5.393368,false
aether_automation_push,1792,0.330252,4.658172,850891.9850,1.569691,359.282415,3.855879,3.639403,5.996444,false
aether_automation_push,1793,0.330794,4.464754,826357.0335,1.524430,312.576873,3.695774,3.534463,5.216926,false
aether_automation_push,1794,0.313529,4.497950,844105.2530,1.557171,295.009727,3.723252,3.610375,4.923729,false
aether_automation_push,1795,0.354575,3.966109,750702.1783,1.384865,243.908907,3.283013,3.210875,4.070853,false
aether_automation_push,1796,0.323892,4.608423,843251.1077,1.555596,349.542440,3.814699,3.606722,5.833883,false
aether_automation_push,1797,0.276066,5.171691,985840.0627,1.818638,310.056681,4.280952,4.216598,5.174863,false
aether_automation_push,1798,0.380881,3.555084,659815.3499,1.217201,243.431363,2.942780,2.822137,4.062883,false
aether_automation_push,1799,0.328808,4.507880,821306.6288,1.515113,341.670828,3.731472,3.512862,5.702505,false
aether_automation_push,1800,0.388140,3.797830,703426.3004,1.297653,262.577094,3.143717,3.008668,4.382426,false
aether_automation_push,1801,0.348071,4.667591,834966.1106,1.540312,382.532573,3.863676,3.571286,6.384490,false
aether_automation_push,1802,0.324447,4.913086,897959.9885,1.656520,376.073812,4.066888,3.840721,6.276693,false
aether_automation_push,1803,0.344200,3.984377,747398.8404,1.378771,263.009611,3.298134,3.196746,4.389645,false
aether_automation_push,1804,0.319631,4.890420,885277.2140,1.633124,383.533605,4.048126,3.786474,6.401197,false
aether_automation_push,1805,0.288647,4.869325,923245.4078,1.703166,301.135268,4.030664,3.948870,5.025965,false
aether_automation_push,1806,0.352711,3.752832,701151.1532,1.293455,249.557432,3.106469,2.998937,4.165128,false
aether_automation_push,1807,0.340727,4.261571,776790.6065,1.432992,318.687647,3.527586,3.322459,5.318915,false
aether_automation_push,1808,0.327363,4.404961,836738.7344,1.543582,275.322437,3.646279,3.578867,4.595147,false
aether_automation_push,1809,0.353476,3.825890,715916.0802,1.320693,249.871611,3.166944,3.062089,4.170371,false
aether_automation_push,1810,0.378130,3.736840,699665.4932,1.290715,246.932047,3.093231,2.992583,4.121310,false
aether_automation_push,1811,0.317400,4.584079,844467.4103,1.557840,327.988620,3.794547,3.611924,5.474148,false
aether_automation_push,1812,0.351571,4.068682,756664.6844,1.395865,286.428448,3.367918,3.236378,4.780507,false
aether_automation_push,1813,0.375015,3.960061,719329.7877,1.326991,307.240462,3.278006,3.076690,5.127861,false
aether_automation_push,1814,0.349727,4.375448,797517.2360,1.471228,337.296144,3.621849,3.411111,5.629492,false
aether_automation_push,1815,0.326402,4.698210,879730.4175,1.622891,313.942215,3.889021,3.762750,5.239713,false
aether_automation_push,1816,0.334182,4.516781,844650.3635,1.558177,309.266153,3.738840,3.612707,5.161669,false
aether_automation_push,1817,0.353708,4.162506,774004.6859,1.427853,284.896669,3.445583,3.310544,4.754941,false
aether_automation_push,1818,0.277707,5.490259,1012901.7423,1.868560,405.956633,4.544653,4.332345,6.775439,false
aether_automation_push,1819,0.301633,5.192542,951206.0750,1.754747,393.454828,4.298213,4.068463,6.566783,false
aether_automation_push,1820,0.332886,4.480432,824028.8856,1.520135,320.949853,3.708752,3.524505,5.356671,false
aether_automation_push,1821,0.331367,5.168697,952157.6609,1.756502,382.856994,4.278475,4.072533,6.389905,false
aether_automation_push,1822,0.324442,5.511819,1007384.5165,1.858382,423.610288,4.562500,4.308747,7.070079,false
aether_automation_push,1823,0.292607,5.132450,946118.0596,1.745361,374.648389,4.248470,4.046700,6.252903,false
aether_automation_push,1824,0.363029,4.304885,778483.1677,1.436114,340.874080,3.563440,3.329699,5.689208,false
aether_automation_push,1825,0.323252,4.515990,826905.1338,1.525441,331.084431,3.738185,3.536807,5.525818,false
aether_automation_push,1826,0.319513,4.805381,863687.9801,1.593297,386.149137,3.977733,3.694134,6.444851,false
aether_automation_push,1827,0.305259,4.738741,883049.4359,1.629014,319.929132,3.922572,3.776946,5.339635,false
aether_automation_push,1828,0.351388,3.951690,737974.9501,1.361387,263.253378,3.271077,3.156439,4.393714,false
aether_automation_push,1829,0.347110,3.769724,716947.9181,1.322597,229.671599,3.120452,3.066503,3.833232,false
aether_automation_push,1830,0.331764,4.042963,759378.6649,1.400871,255.857486,3.346629,3.247986,4.270276,false
aether_automation_push,1831,0.333056,4.125345,770747.9648,1.421845,269.279497,3.414822,3.296614,4.494290,false
aether_automation_push,1832,0.331505,4.256696,806854.8453,1.488453,261.796241,3.523551,3.451049,4.369394,false
aether_automation_push,1833,0.338355,3.836165,731728.5618,1.349863,231.473110,3.175449,3.129722,3.863299,false
aether_automation_push,1834,0.317373,4.650336,876627.4080,1.617167,300.568096,3.849393,3.749478,5.016498,false
aether_automation_push,1835,0.328161,5.103197,940555.7743,1.735099,374.603616,4.224256,4.022910,6.252155,false
aether_automation_push,1836,0.296355,5.001438,941300.5325,1.736473,331.397506,4.140023,4.026095,5.531043,false
aether_automation_push,1837,0.333200,4.224779,789914.7441,1.457203,280.574331,3.497131,3.378594,4.682801,false
aether_automation_push,1838,0.339567,4.172062,771968.9305,1.424097,290.345761,3.453493,3.301836,4.845887,false
aether_automation_push,1839,0.289391,4.945535,930539.3416,1.716622,324.254415,4.093749,3.980068,5.411824,false
aether_automation_push,1840,0.308554,4.891783,889806.7585,1.641480,370.848175,4.049254,3.805848,6.189477,false
aether_automation_push,1841,0.292179,5.313772,1003585.9446,1.851375,340.237296,4.398563,4.292500,5.678580,false
aether_automation_push,1842,0.326338,4.378870,804616.2433,1.484324,321.428829,3.624682,3.441474,5.364665,false
aether_automation_push,1843,0.325445,4.852254,877087.6377,1.618016,389.924658,4.016534,3.751446,6.507864,false
aether_automation_push,1844,0.319725,5.052688,949613.2830,1.751808,343.719907,4.182446,4.061650,5.736705,false
aether_automation_push,1845,0.310280,5.047235,915625.4311,1.689109,393.421931,4.177932,3.916279,6.566234,false
aether_automation_push,1846,0.326119,4.291689,801844.5604,1.479211,288.757174,3.552517,3.429619,4.819373,false
aether_automation_push,1847,0.305396,4.624861,861624.4479,1.589490,313.363477,3.828305,3.685308,5.230054,false
aether_automation_push,1848,0.324339,4.070570,774768.9117,1.429263,246.887795,3.369482,3.313812,4.120571,false
aether_automation_push,1849,0.311900,4.974222,915735.2809,1.689312,362.099166,4.117494,3.916748,6.043455,false
aether_automation_push,1850,0.348331,4.353019,807504.8331,1.489652,302.923177,3.603284,3.453829,5.055805,false
aether_automation_push,1851,0.349497,4.040137,754434.3364,1.391750,277.748820,3.344290,3.226838,4.635643,false
aether_automation_push,1852,0.311243,4.449803,840982.1896,1.551410,267.646835,3.683398,3.597017,4.467041,false
aether_automation_push,1853,0.371367,3.689348,687130.4568,1.267591,247.096244,3.053919,2.938968,4.124050,false
aether_automation_push,1854,0.327924,4.066721,767330.2799,1.415540,258.911995,3.366295,3.281996,4.321256,false
aether_automation_push,1855,0.322426,4.417594,827507.1441,1.526552,300.078767,3.656737,3.539382,5.008331,false
aether_automation_push,1856,0.317574,4.431173,816035.1047,1.505389,307.286056,3.667977,3.490315,5.128622,false
aether_automation_push,1857,0.305304,4.972908,928112.5739,1.712145,345.533071,4.116407,3.969688,5.766966,false
aether_automation_push,1858,0.320394,4.849683,891406.6952,1.644431,365.576596,4.014405,3.812691,6.101494,false
aether_automation_push,1859,0.333723,4.351100,804063.2036,1.483303,306.984361,3.601695,3.439109,5.123586,false
aether_automation_push,1860,0.375192,3.701781,701745.4919,1.294552,232.628858,3.064211,3.001479,3.882589,false
aether_automation_push,1861,0.321220,4.338704,810484.6378,1.495149,287.206932,3.591434,3.466574,4.793500,false
aether_automation_push,1862,0.328118,4.549911,842333.3401,1.553903,320.695507,3.766264,3.602796,5.352426,false
aether_automation_push,1863,0.348928,4.336247,795978.5274,1.468389,321.805718,3.589400,3.404529,5.370955,false
aether_automation_push,1864,0.340994,4.227645,776197.9239,1.431899,308.201824,3.499503,3.319924,5.143906,false
aether_automation_push,1865,0.346863,4.545853,826356.5124,1.524429,356.781726,3.762905,3.534461,5.954707,false
aether_automation_push,1866,0.292832,5.107610,943141.2892,1.739869,373.140865,4.227909,4.033968,6.227742,false
aether_automation_push,1867,0.337519,4.264445,801415.1744,1.478418,283.297285,3.529965,3.427783,4.728248,false
aether_automation_push,1868,0.299919,5.265048,1002833.4844,1.849987,336.740074,4.358230,4.289281,5.620211,false
aether_automation_push,1869,0.309599,4.824774,895956.2296,1.652824,341.066978,3.993786,3.832150,5.692427,false
aether_automation_push,1870,0.349659,4.036648,748821.2163,1.381395,281.216540,3.341402,3.202830,4.693520,false
aether_automation_push,1871,0.309881,4.254765,812078.7389,1.498090,251.082361,3.521952,3.473393,4.190579,false
aether_automation_push,1872,0.334994,4.567535,834827.2279,1.540056,343.933844,3.780852,3.570691,5.740275,false
aether_automation_push,1873,0.338440,4.481484,840510.2340,1.550539,298.984646,3.709622,3.594999,4.990071,false
aether_automation_push,1874,0.308123,4.822033,890567.8698,1.642884,352.431212,3.991518,3.809103,5.882097,false
aether_automation_push,1875,0.302481,4.787505,917602.7462,1.692757,293.410948,3.962936,3.924736,4.897045,false
aether_automation_push,1876,0.284216,4.986919,923602.7300,1.703825,354.306512,4.128005,3.950399,5.913396,false
aether_automation_push,1877,0.313912,4.658227,856002.4507,1.579119,341.281802,3.855924,3.661261,5.696012,false
aether_automation_push,1878,0.319112,4.836097,879860.6850,1.623132,374.819226,4.003159,3.763307,6.255754,false
aether_automation_push,1879,0.361155,4.070274,740171.5137,1.365439,308.087240,3.369236,3.165834,5.141993,false
aether_automation_push,1880,0.301362,4.960404,911348.1420,1.681218,369.131461,4.106057,3.897984,6.160825,false
aether_automation_push,1881,0.326462,4.317061,808701.9020,1.491861,291.806669,3.573518,3.458949,4.870270,false
aether_automation_push,1882,0.323794,4.290918,822602.2467,1.517504,256.577950,3.551878,3.518403,4.282300,false
aether_automation_push,1883,0.314545,4.777895,878137.8916,1.619953,349.438213,3.954982,3.755938,5.832143,false
aether_automation_push,1884,0.318019,4.465852,825090.3195,1.522093,315.339169,3.696683,3.529045,5.263028,false
aether_automation_push,1885,0.288482,5.394270,1009254.4448,1.861832,368.660065,4.465196,4.316745,6.152957,false
aether_automation_push,1886,0.330286,4.374324,815393.3314,1.504205,305.871329,3.620919,3.487570,5.105010,false
aether_automation_push,1887,0.333073,4.477522,827723.5577,1.526951,321.144936,3.706343,3.540308,5.359927,false
aether_automation_push,1888,0.327689,5.049525,924387.4726,1.705273,381.017046,4.179828,3.953755,6.359196,false
aether_automation_push,1889,0.324774,4.258228,803300.8667,1.481897,280.736459,3.524819,3.435848,4.685507,false
aether_automation_push,1890,0.315078,4.809136,895241.4072,1.651505,329.723041,3.980842,3.829093,5.503096,false
aether_automation_push,1891,0.317888,4.428949,808176.3495,1.490891,322.307433,3.666136,3.456701,5.379329,false
aether_automation_push,1892,0.364222,3.779528,700379.1791,1.292031,264.395205,3.128567,2.995635,4.412771,false
aether_automation_push,1893,0.312602,4.847537,904257.6427,1.668138,332.576661,4.012629,3.867657,5.550723,false
aether_automation_push,1894,0.295572,4.745230,910964.1451,1.680510,272.870555,3.927943,3.896341,4.554225,false
aether_automation_push,1895,0.353465,3.713791,705093.2645,1.300728,226.644840,3.074152,3.015798,3.782715,false
aether_automation_push,1896,0.318200,4.507382,852703.7853,1.573034,293.139948,3.731060,3.647152,4.892522,false
aether_automation_push,1897,0.299344,5.274701,984199.8107,1.815612,364.505834,4.366221,4.209582,6.083623,false
aether_automation_push,1898,0.322550,4.299297,831135.5614,1.533245,239.342473,3.558814,3.554902,3.994639,false
aether_automation_push,1899,0.307112,5.215808,935779.8462,1.726289,429.191666,4.317471,4.002482,7.163233,false
aether_automation_push,1900,0.310210,4.615472,887926.3629,1.638011,269.745566,3.820534,3.797805,4.502069,false
aether_automation_push,1901,0.343767,4.077108,759135.0213,1.400422,280.009189,3.374894,3.246944,4.673369,false
aether_automation_push,1902,0.292567,5.155850,936826.2811,1.728219,398.403071,4.267840,4.006958,6.649370,false
aether_automation_push,1903,0.325670,4.887163,888009.2194,1.638164,385.682060,4.045430,3.798159,6.437055,false
aether_automation_push,1904,0.350958,3.885942,741525.1865,1.367936,235.415746,3.216653,3.171624,3.929102,false
aether_automation_push,1905,0.336050,4.208228,774077.4859,1.427987,301.373729,3.483430,3.310855,5.029944,false
aether_automation_push,1906,0.344840,4.180340,786539.1321,1.450976,276.085417,3.460345,3.364155,4.607881,false
aether_automation_push,1907,0.285081,6.062723,1083648.3691,1.999071,507.645872,5.018520,4.634940,8.472638,false
aether_automation_push,1908,0.336909,4.160490,769931.0315,1.420338,290.885958,3.443914,3.293120,4.854903,false
aether_automation_push,1909,0.355518,3.879636,730081.4277,1.346825,249.153549,3.211433,3.122677,4.158387,false
aether_automation_push,1910,0.356249,4.022997,745207.1401,1.374728,276.952853,3.330102,3.187372,4.622359,false
aether_automation_push,1911,0.302792,4.986700,910672.3503,1.679972,377.263773,4.127823,3.895093,6.296554,false
aether_automation_push,1912,0.358247,4.225517,772425.7475,1.424940,320.387389,3.497741,3.303790,5.347284,false
aether_automation_push,1913,0.346119,4.135329,751157.6807,1.385705,308.887398,3.423087,3.212823,5.155348,false
aether_automation_push,1914,0.332956,4.929961,880780.9368,1.624829,412.265635,4.080857,3.767243,6.880737,false
aether_automation_push,1915,0.282285,5.126785,952742.7723,1.757582,356.501608,4.243781,4.075035,5.950032,false
aether_automation_push,1916,0.333136,4.255586,817895.0393,1.508820,248.537965,3.522632,3.498270,4.148113,false
aether_automation_push,1917,0.305815,4.801368,895385.9645,1.651772,336.659697,3.974412,3.829711,5.618869,false
aether_automation_push,1918,0.317507,4.708969,889772.6568,1.641417,302.261983,3.897927,3.805702,5.044769,false
aether_automation_push,1919,0.308969,4.777712,888178.5838,1.638476,339.301578,3.954830,3.798884,5.662962,false
aether_automation_push,1920,0.319397,4.273929,799725.8545,1.475302,282.623629,3.537815,3.420557,4.717004,false
aether_automation_push,1921,0.325880,4.072037,768410.4958,1.417533,256.982772,3.370696,3.286616,4.289057,false
aether_automation_push,1922,0.341384,4.040006,745089.0581,1.374510,284.243335,3.344182,3.186867,4.744037,false
aether_automation_push,1923,0.311726,5.065878,950926.8863,1.754232,336.625866,4.193365,4.067269,5.618305,false
aether_automation_push,1924,0.333447,4.165882,795051.3640,1.466679,259.622614,3.448378,3.400564,4.333116,false
aether_automation_push,1925,0.326943,4.389504,803254.7043,1.481812,320.288047,3.633484,3.435651,5.345625,false
aether_automation_push,1926,0.318495,5.340909,954349.1017,1.760545,450.388532,4.421026,4.081906,7.517010,false
aether_automation_push,1927,0.363027,3.899145,720411.9750,1.328987,274.779830,3.227582,3.081319,4.586091,false
aether_automation_push,1928,0.334417,4.510107,833045.0069,1.536768,324.136168,3.733316,3.563069,5.409851,false
aether_automation_push,1929,0.351408,4.164868,762205.0743,1.406085,308.627547,3.447539,3.260075,5.151011,false
aether_automation_push,1930,0.324596,4.547409,830382.8807,1.531857,342.123145,3.764193,3.551682,5.710054,false
aether_automation_push,1931,0.377254,3.721212,695751.2200,1.283494,246.962291,3.080295,2.975841,4.121814,false
aether_automation_push,1932,0.315271,4.668159,869970.2783,1.604886,313.418722,3.864146,3.721004,5.230976,false
aether_automation_push,1933,0.325407,5.317969,997897.2480,1.840881,364.286143,4.402037,4.268168,6.079956,false
aether_automation_push,1934,0.304126,4.979646,914874.6517,1.687724,374.622539,4.121985,3.913067,6.252471,false
aether_automation_push,1935,0.346298,4.528020,831410.4463,1.533753,335.703647,3.748144,3.556077,5.602913,false
aether_automation_push,1936,0.339202,4.443028,807224.6048,1.489135,340.368290,3.677790,3.452631,5.680766,false
aether_automation_push,1937,0.362008,3.762843,693691.4773,1.279694,261.622503,3.114756,2.967031,4.366494,false
aether_automation_push,1938,0.323937,4.502308,869456.0351,1.603938,256.361923,3.726860,3.718805,4.278695,false
aether_automation_push,1939,0.321298,4.273219,812757.2730,1.499342,256.598590,3.537228,3.476295,4.282645,false
aether_automation_push,1940,0.361928,4.128246,748478.7381,1.380763,313.647740,3.417224,3.201365,5.234798,false
aether_automation_push,1941,0.382734,3.589465,663342.9684,1.223708,250.829007,2.971239,2.837225,4.186350,false
aether_automation_push,1942,0.328804,4.477033,853163.4379,1.573882,272.198678,3.705938,3.649118,4.543011,false
aether_automation_push,1943,0.361414,3.680995,686060.6500,1.265617,245.727331,3.047005,2.934393,4.101203,false
aether_automation_push,1944,0.334487,4.500953,815306.4244,1.504044,347.596258,3.725738,3.487198,5.801401,false
aether_automation_push,1945,0.321511,4.766155,865059.3916,1.595827,371.931043,3.945264,3.699999,6.207550,false
aether_automation_push,1946,0.343504,4.612427,842644.6943,1.554477,355.422190,3.818012,3.604128,5.932016,false
aether_automation_push,1947,0.366212,4.641864,825710.0879,1.523237,393.773123,3.842380,3.531696,6.572096,false
aether_automation_push,1948,0.341585,4.237399,786940.2210,1.451716,293.401659,3.507577,3.365871,4.896890,false
aether_automation_push,1949,0.344277,4.512380,858404.9791,1.583551,277.717711,3.735197,3.671537,4.635124,false
aether_automation_push,1950,0.323335,4.396663,806018.2153,1.486910,315.731762,3.639410,3.447471,5.269581,false
aether_automation_push,1951,0.345581,4.172951,789265.6963,1.456006,271.867816,3.454229,3.375817,4.537489,false
aether_automation_push,1952,0.315421,4.465469,832395.1794,1.535569,310.129492,3.696366,3.560289,5.176079,false
aether_automation_push,1953,0.331358,5.344120,942698.7634,1.739053,470.878341,4.423684,4.032076,7.858986,false
aether_automation_push,1954,0.312741,5.055226,913929.8801,1.685981,401.558221,4.184547,3.909026,6.702029,false
aether_automation_push,1955,0.324469,4.733730,900018.7585,1.660318,292.867077,3.918423,3.849526,4.887968,false
aether_automation_push,1956,0.348047,3.918736,731657.3456,1.349732,267.165799,3.243799,3.129417,4.459012,false
aether_automation_push,1957,0.328881,4.474637,822767.4748,1.517808,330.584242,3.703955,3.519110,5.517470,false
aether_automation_push,1958,0.360559,4.151089,778098.5107,1.435405,278.518121,3.436133,3.328054,4.648483,false
aether_automation_push,1959,0.345576,4.048766,756305.8634,1.395203,276.253746,3.351433,3.234843,4.610691,false
aether_automation_push,1960,0.341964,4.263346,796533.9662,1.469414,294.596772,3.529055,3.406905,4.916837,false
aether_automation_push,1961,0.363047,4.490269,807989.3718,1.490546,366.325797,3.716895,3.455902,6.113998,false
aether_automation_push,1962,0.329477,4.751894,870236.0080,1.605376,355.595455,3.933459,3.722141,5.934908,false
aether_automation_push,1963,0.352871,3.948654,737855.3964,1.361166,269.668442,3.268564,3.155927,4.500781,false
aether_automation_push,1964,0.293355,4.959005,925297.3270,1.706951,340.853473,4.104899,3.957647,5.688864,false
aether_automation_push,1965,0.330784,4.423256,813508.9138,1.500729,323.177469,3.661423,3.479510,5.393850,false
aether_automation_push,1966,0.304276,5.151871,958956.7331,1.769045,355.432511,4.264546,4.101614,5.932189,false
aether_automation_push,1967,0.323226,4.276828,804312.0910,1.483763,280.420324,3.540215,3.440173,4.680231,false
aether_automation_push,1968,0.333328,4.646307,873932.9612,1.612196,311.722361,3.846057,3.737953,5.202664,false
aether_automation_push,1969,0.294702,4.818249,896332.0037,1.653517,332.297792,3.988385,3.833757,5.546069,false
aether_automation_push,1970,0.325615,4.867830,874276.4594,1.612830,395.350482,4.029427,3.739422,6.598422,false
aether_automation_push,1971,0.297978,4.845131,919052.7012,1.695431,306.870981,4.010638,3.930937,5.121694,false
aether_automation_push,1972,0.280707,5.548144,1049867.1696,1.936753,356.759313,4.592568,4.490452,5.954333,false
aether_automation_push,1973,0.333892,4.486891,832126.4165,1.535073,317.867540,3.714098,3.559140,5.305227,false
aether_automation_push,1974,0.312865,5.049943,947048.6684,1.747077,340.894467,4.180174,4.050681,5.689548,false
aether_automation_push,1975,0.344663,4.058992,749525.1155,1.382694,284.164376,3.359897,3.205841,4.742719,false
aether_automation_push,1976,0.354258,3.824937,720608.6563,1.329350,246.393385,3.166155,3.082160,4.112319,false
aether_automation_push,1977,0.312428,4.875683,890469.8139,1.642703,364.203009,4.035927,3.808684,6.078569,false
aether_automation_push,1978,0.343365,4.043017,749593.0796,1.382819,271.368860,3.346674,3.206131,4.529162,false
aether_automation_push,1979,0.327577,4.390577,797617.7598,1.471413,326.943187,3.634372,3.411541,5.456700,false
aether_automation_push,1980,0.321247,4.874971,871832.5413,1.608322,402.295151,4.035338,3.728969,6.714329,false
aether_automation_push,1981,0.304375,4.798595,876066.7012,1.616133,360.603873,3.972116,3.747079,6.018499,false
aether_automation_push,1982,0.314901,4.693395,876025.1173,1.616056,321.354288,3.885035,3.746902,5.363421,false
aether_automation_push,1983,0.318684,4.298065,812349.2790,1.498589,269.923003,3.557795,3.474550,4.505030,false
aether_automation_push,1984,0.315768,4.735989,868735.0548,1.602607,352.185644,3.920293,3.715721,5.877998,false
aether_automation_push,1985,0.316082,4.047821,774632.3233,1.429011,238.949951,3.350651,3.313228,3.988088,false
aether_automation_push,1986,0.318724,4.808047,902002.8651,1.663979,323.947782,3.979940,3.858013,5.406707,false
aether_automation_push,1987,0.303398,5.078100,943145.3167,1.739877,359.393699,4.203481,4.033986,5.998301,false
aether_automation_push,1988,0.306667,5.079804,941694.5152,1.737200,351.323046,4.204892,4.027780,5.863601,false
aether_automation_push,1989,0.314899,4.892397,883897.6650,1.630579,380.799572,4.049763,3.780574,6.355566,false
aether_automation_push,1990,0.261196,5.820813,1075432.0537,1.983914,422.411949,4.818274,4.599797,7.050079,false
aether_automation_push,1991,0.309578,4.796667,871747.6586,1.608165,365.086385,3.970520,3.728606,6.093312,false
aether_automation_push,1992,0.328976,4.318286,812963.5714,1.499722,291.262065,3.574533,3.477177,4.861180,false
aether_automation_push,1993,0.305716,4.870446,887579.8756,1.637372,368.233642,4.031592,3.796323,6.145840,false
aether_automation_push,1994,0.329186,4.076058,772679.5997,1.425408,252.542349,3.374024,3.304876,4.214946,false
aether_automation_push,1995,0.298813,4.875664,919145.7273,1.695603,317.543118,4.035911,3.931335,5.299812,false
aether_automation_push,1996,0.359007,4.080549,748838.7299,1.381428,302.338061,3.377742,3.202905,5.046039,false
aether_automation_push,1997,0.345883,4.016350,750375.3495,1.384262,272.061913,3.324600,3.209477,4.540729,false
aether_automation_push,1998,0.345911,4.522053,816275.4771,1.505832,351.521695,3.743204,3.491343,5.866917,false
aether_automation_push,1999,0.341894,4.201627,786335.2430,1.450600,281.395547,3.477967,3.363283,4.696507,false
aether_automation_push,2000,0.364762,4.861472,857233.1267,1.581389,423.434085,4.024164,3.666525,7.067139,false
deep_modular_abundance,1,0.531453,0.680495,112178.9224,0.206943,17.200117,2.188064,2.106589,3.107903,true
deep_modular_abundance,2,0.484017,0.775622,128450.9598,0.236961,19.215277,2.493933,2.412159,3.472024,true
deep_modular_abundance,3,0.474161,0.757883,127936.8772,0.236013,16.959195,2.436896,2.402505,3.064370,true
deep_modular_abundance,4,0.511407,0.720345,117412.0448,0.216597,19.227231,2.316197,2.204861,3.474184,true
deep_modular_abundance,5,0.484989,0.774326,127921.9602,0.235985,19.587234,2.489767,2.402225,3.539233,true
deep_modular_abundance,6,0.500693,0.709007,117672.2692,0.217077,17.073408,2.279741,2.209748,3.085008,true
deep_modular_abundance,7,0.503262,0.728394,118812.6943,0.219181,19.389965,2.342077,2.231164,3.503588,true
deep_modular_abundance,8,0.519946,0.709719,116821.9462,0.215508,18.163771,2.282027,2.193780,3.282026,true
deep_modular_abundance,9,0.505154,0.708274,120100.4521,0.221556,15.522253,2.277383,2.255346,2.804728,true
deep_modular_abundance,10,0.537501,0.635382,106519.1078,0.196502,14.307689,2.043004,2.000304,2.585268,true
deep_modular_abundance,11,0.485166,0.752599,126648.7899,0.233637,17.317648,2.419905,2.378316,3.129140,true
deep_modular_abundance,12,0.525810,0.697453,114185.2434,0.210644,18.195288,2.242590,2.144265,3.287721,true
deep_modular_abundance,13,0.464823,0.755455,127368.5342,0.234964,16.949400,2.429088,2.391832,3.062601,true
deep_modular_abundance,14,0.546461,0.612516,102372.3788,0.188852,13.983779,1.969484,1.922434,2.526740,true
deep_modular_abundance,15,0.498015,0.708975,118356.8040,0.218340,16.723849,2.279638,2.222602,3.021846,true
deep_modular_abundance,16,0.514881,0.703917,115110.0029,0.212350,18.369741,2.263372,2.161631,3.319243,true
deep_modular_abundance,17,0.500757,0.717705,119656.9296,0.220738,17.218789,2.307708,2.247017,3.111277,true
deep_modular_abundance,18,0.536432,0.677399,110414.8636,0.203689,17.916165,2.178109,2.073462,3.237286,true
deep_modular_abundance,19,0.473552,0.750453,125800.4628,0.232072,17.290936,2.413005,2.362386,3.124313,true
deep_modular_abundance,20,0.531064,0.664194,110872.6011,0.204533,15.591134,2.135648,2.082058,2.817175,true
deep_modular_abundance,21,0.482427,0.787721,129391.8762,0.238697,20.577902,2.532838,2.429828,3.718238,true
deep_modular_abundance,22,0.520071,0.655978,109642.5232,0.202264,15.163246,2.109229,2.058958,2.739859,true
deep_modular_abundance,23,0.540173,0.648813,106873.5178,0.197156,16.016867,2.086191,2.006960,2.894101,true
deep_modular_abundance,24,0.493384,0.727332,123558.5829,0.227936,15.437119,2.338662,2.320286,2.789345,true
deep_modular_abundance,25,0.526136,0.676281,112836.0657,0.208155,15.813598,2.174511,2.118929,2.857372,true
deep_modular_abundance,26,0.487406,0.750952,123307.7934,0.227473,19.291500,2.414609,2.315576,3.485797,true
deep_modular_abundance,27,0.497915,0.779816,126013.7558,0.232465,21.967296,2.507419,2.366391,3.969288,true
deep_modular_abundance,28,0.533079,0.662030,108979.0006,0.201040,16.775461,2.128691,2.046498,3.031171,true
deep_modular_abundance,29,0.483471,0.738557,124002.3510,0.228755,16.903160,2.374754,2.328619,3.054246,true
deep_modular_abundance,30,0.511929,0.712274,116383.8708,0.214700,18.667794,2.290243,2.185553,3.373099,true
deep_modular_abundance,31,0.470940,0.746035,123290.6633,0.227442,18.577603,2.398799,2.315255,3.356802,true
deep_modular_abundance,32,0.505869,0.712952,117587.4544,0.216921,17.920015,2.292425,2.208155,3.237982,true
deep_modular_abundance,33,0.491460,0.759946,124287.3158,0.229280,20.149871,2.443529,2.333971,3.640896,true
deep_modular_abundance,34,0.500729,0.732398,121224.3143,0.223630,18.130599,2.354952,2.276451,3.276032,true
deep_modular_abundance,35,0.488496,0.728213,120044.0107,0.221452,18.345665,2.341496,2.254286,3.314893,true
deep_modular_abundance,36,0.504083,0.723179,120783.7605,0.222817,17.138481,2.325309,2.268178,3.096766,true
deep_modular_abundance,37,0.534083,0.653281,109624.8156,0.202231,14.723177,2.100559,2.058626,2.660343,true
deep_modular_abundance,38,0.493443,0.710690,120165.3179,0.221676,15.639496,2.285152,2.256564,2.825913,true
deep_modular_abundance,39,0.505369,0.741215,120392.3768,0.222095,20.122527,2.383301,2.260828,3.635955,true
deep_modular_abundance,40,0.456115,0.813651,135250.3456,0.249504,19.893345,2.616211,2.539843,3.594544,true
deep_modular_abundance,41,0.516841,0.689841,115153.7893,0.212431,16.153639,2.218114,2.162454,2.918814,true
deep_modular_abundance,42,0.535344,0.632797,106079.9604,0.195692,14.282686,2.034695,1.992058,2.580750,true
deep_modular_abundance,43,0.471784,0.785624,131590.0230,0.242752,18.447595,2.526095,2.471107,3.333311,true
deep_modular_abundance,44,0.534145,0.683822,111651.2020,0.205970,18.050424,2.198761,2.096679,3.261546,true
deep_modular_abundance,45,0.494262,0.706077,118543.3662,0.218684,16.037706,2.270318,2.226106,2.897866,true
deep_modular_abundance,46,0.474719,0.777538,130150.1245,0.240096,18.084752,2.500094,2.444067,3.267748,true
deep_modular_abundance,47,0.545484,0.638652,105285.0986,0.194226,15.827619,2.053519,1.977131,2.859905,true
deep_modular_abundance,48,0.512546,0.674258,112617.5024,0.207752,15.622100,2.168009,2.114825,2.822770,true
deep_modular_abundance,49,0.512572,0.715677,116984.9166,0.215809,18.819438,2.301186,2.196840,3.400499,true
deep_modular_abundance,50,0.491253,0.726544,120803.4799,0.222853,17.606339,2.336128,2.268548,3.181303,true
deep_modular_abundance,51,0.510863,0.693149,115815.2794,0.213651,16.301090,2.228748,2.174876,2.945457,true
deep_modular_abundance,52,0.492784,0.712654,117454.4699,0.216675,17.791139,2.291465,2.205658,3.214695,true
deep_modular_abundance,53,0.513529,0.724970,119221.2063,0.219934,18.531667,2.331066,2.238835,3.348502,true
deep_modular_abundance,54,0.469571,0.737700,123808.0238,0.228396,16.792617,2.371999,2.324970,3.034271,true
deep_modular_abundance,55,0.514471,0.689589,115113.0933,0.212356,16.329459,2.217301,2.161689,2.950583,true
deep_modular_abundance,56,0.500475,0.728210,120786.8046,0.222823,17.809381,2.341484,2.268235,3.217991,true
deep_modular_abundance,57,0.501501,0.699044,116113.5630,0.214202,17.226021,2.247706,2.180477,3.112584,true
deep_modular_abundance,58,0.540004,0.635418,106949.3627,0.197296,14.192729,2.043122,2.008384,2.564496,true
deep_modular_abundance,59,0.488976,0.730017,121865.9691,0.224813,17.219175,2.347296,2.288501,3.111347,true
deep_modular_abundance,60,0.488418,0.759259,128215.0292,0.236526,17.074572,2.441320,2.407728,3.085218,true
deep_modular_abundance,61,0.515439,0.683919,112922.9405,0.208316,17.024757,2.199072,2.120561,3.076217,true
deep_modular_abundance,62,0.499061,0.728693,122264.6607,0.225549,16.901063,2.343039,2.295987,3.053867,true
deep_modular_abundance,63,0.482437,0.735013,120705.8558,0.222673,18.888789,2.363358,2.266715,3.413030,true
deep_modular_abundance,64,0.528408,0.644590,108138.9647,0.199490,14.691062,2.072613,2.030723,2.654540,true
deep_modular_abundance,65,0.518150,0.721222,117295.8694,0.216383,19.526943,2.319014,2.202679,3.528339,true
deep_modular_abundance,66,0.496307,0.746136,122992.3511,0.226891,18.866791,2.399124,2.309653,3.409056,true
deep_modular_abundance,67,0.503535,0.688380,114115.4191,0.210516,16.660628,2.213415,2.142954,3.010422,true
deep_modular_abundance,68,0.496071,0.739795,123536.2201,0.227895,17.518039,2.378736,2.319866,3.165349,true
deep_modular_abundance,69,0.499967,0.717009,117923.4322,0.217540,18.361434,2.305471,2.214464,3.317742,true
deep_modular_abundance,70,0.489253,0.709168,119125.2489,0.219757,16.177481,2.280256,2.237033,2.923122,true
deep_modular_abundance,71,0.522101,0.688028,115497.2152,0.213065,15.890810,2.212284,2.168903,2.871323,true
deep_modular_abundance,72,0.495405,0.726570,120788.7882,0.222826,17.483308,2.336212,2.268272,3.159073,true
deep_modular_abundance,73,0.522387,0.662960,109435.5760,0.201882,16.398799,2.131681,2.055072,2.963112,true
deep_modular_abundance,74,0.498348,0.692848,116358.6323,0.214654,15.707665,2.227783,2.185079,2.838231,true
deep_modular_abundance,75,0.532566,0.656696,110411.3975,0.203683,14.747581,2.111540,2.073397,2.664752,true
deep_modular_abundance,76,0.481639,0.796114,131197.7001,0.242028,20.613791,2.559825,2.463740,3.724722,true
deep_modular_abundance,77,0.500553,0.697351,115850.2324,0.213716,16.816638,2.242261,2.175532,3.038612,true
deep_modular_abundance,78,0.514429,0.696466,115683.5166,0.213408,17.028502,2.239416,2.172401,3.076894,true
deep_modular_abundance,79,0.490573,0.712183,119458.7523,0.220373,16.252796,2.289953,2.243296,2.936731,true
deep_modular_abundance,80,0.519060,0.670398,112948.8639,0.208364,14.817550,2.155595,2.121048,2.677395,true
deep_modular_abundance,81,0.507637,0.706283,117086.8068,0.215997,17.452413,2.270981,2.198753,3.153490,true
deep_modular_abundance,82,0.520487,0.674870,112867.7656,0.208214,15.630112,2.169976,2.119525,2.824217,true
deep_modular_abundance,83,0.507474,0.687355,115786.1607,0.213598,15.282330,2.210120,2.174329,2.761376,true
deep_modular_abundance,84,0.528957,0.675660,111641.5721,0.205952,16.715174,2.172515,2.096498,3.020278,true
deep_modular_abundance,85,0.545489,0.659770,108550.0845,0.200249,16.678625,2.121422,2.038444,3.013674,true
deep_modular_abundance,86,0.518367,0.678615,114500.3040,0.211226,15.142798,2.182017,2.150182,2.736164,true
deep_modular_abundance,87,0.522653,0.674618,113260.8322,0.208939,15.421043,2.169164,2.126906,2.786441,true
deep_modular_abundance,88,0.531110,0.640242,106898.5279,0.197202,14.762591,2.058633,2.007429,2.667464,true
deep_modular_abundance,89,0.504242,0.690935,114354.5326,0.210957,16.578973,2.221629,2.147445,2.995668,true
deep_modular_abundance,90,0.548857,0.647955,106325.0037,0.196144,16.631700,2.083434,1.996659,3.005195,true
deep_modular_abundance,91,0.492891,0.738947,123546.4803,0.227914,17.399658,2.376009,2.320059,3.143958,true
deep_modular_abundance,92,0.487464,0.764525,126686.2273,0.233706,19.058603,2.458253,2.379019,3.443714,true
deep_modular_abundance,93,0.483198,0.728932,121039.7158,0.223289,17.549121,2.343807,2.272984,3.170965,true
deep_modular_abundance,94,0.504325,0.704521,116682.0391,0.215250,17.062923,2.265314,2.191152,3.083113,true
deep_modular_abundance,95,0.489014,0.753369,126692.7895,0.233718,17.122185,2.422380,2.379143,3.093821,true
deep_modular_abundance,96,0.540816,0.631646,105177.9110,0.194028,14.862691,2.030993,1.975118,2.685552,true
deep_modular_abundance,97,0.536992,0.654282,107496.6651,0.198306,16.563072,2.103776,2.018662,2.992795,true
deep_modular_abundance,98,0.507009,0.713261,117894.0821,0.217486,17.628313,2.293417,2.213913,3.185274,true
deep_modular_abundance,99,0.480680,0.759378,126778.2285,0.233875,18.015489,2.441702,2.380747,3.255233,true
deep_modular_abundance,100,0.489553,0.717262,118525.5031,0.218651,17.565501,2.306283,2.225770,3.173924,true
deep_modular_abundance,101,0.537197,0.663517,109802.2187,0.202559,16.439347,2.133470,2.061957,2.970439,true
deep_modular_abundance,102,0.552890,0.626457,103126.7046,0.190244,15.467883,2.014310,1.936599,2.794904,true
deep_modular_abundance,103,0.511133,0.711159,119063.6744,0.219644,16.634656,2.286661,2.235877,3.005729,true
deep_modular_abundance,104,0.499276,0.739352,121821.6975,0.224732,18.854083,2.377310,2.287669,3.406759,true
deep_modular_abundance,105,0.478220,0.756543,124677.9737,0.230001,19.155242,2.432588,2.341307,3.461176,true
deep_modular_abundance,106,0.530779,0.663173,109128.7739,0.201316,16.534467,2.132366,2.049311,2.987626,true
deep_modular_abundance,107,0.474387,0.762052,125017.3244,0.230627,19.785683,2.450300,2.347679,3.575091,true
deep_modular_abundance,108,0.497774,0.734636,123018.1575,0.226939,16.971146,2.362148,2.310137,3.066530,true
deep_modular_abundance,109,0.479188,0.753761,128115.3128,0.236342,16.207424,2.423642,2.405856,2.928533,true
deep_modular_abundance,110,0.520093,0.674304,113335.4311,0.209077,15.230101,2.168155,2.128307,2.751939,true
deep_modular_abundance,111,0.504408,0.708869,117282.0840,0.216357,17.418193,2.279297,2.202421,3.147307,true
deep_modular_abundance,112,0.503198,0.689220,114693.4122,0.211582,16.545573,2.216117,2.153808,2.989633,true
deep_modular_abundance,113,0.519354,0.749194,121798.0033,0.224688,20.603770,2.408957,2.287224,3.722912,true
deep_modular_abundance,114,0.527224,0.659160,108770.0359,0.200655,16.245212,2.119462,2.042574,2.935360,true
deep_modular_abundance,115,0.478497,0.773359,130433.8861,0.240619,17.583144,2.486657,2.449396,3.177112,true
deep_modular_abundance,116,0.456795,0.767634,128509.6845,0.237069,17.931813,2.468250,2.413262,3.240114,true
deep_modular_abundance,117,0.496366,0.737154,120543.0185,0.222373,19.358676,2.370245,2.263657,3.497935,true
deep_modular_abundance,118,0.533145,0.707340,115128.3893,0.212384,19.040454,2.274381,2.161977,3.440435,true
deep_modular_abundance,119,0.494889,0.708119,117572.8060,0.216894,17.197733,2.276886,2.207880,3.107472,true
deep_modular_abundance,120,0.488416,0.716162,120553.5389,0.222392,15.633431,2.302747,2.263855,2.824817,true
deep_modular_abundance,121,0.491708,0.758002,125957.3003,0.232361,18.496750,2.437278,2.365331,3.342193,true
deep_modular_abundance,122,0.469964,0.778143,129125.2992,0.238205,18.968807,2.502040,2.424822,3.427489,true
deep_modular_abundance,123,0.525277,0.670654,110623.1039,0.204073,16.820183,2.156418,2.077373,3.039252,true
deep_modular_abundance,124,0.486566,0.730365,122978.0505,0.226865,16.327099,2.348415,2.309384,2.950157,true
deep_modular_abundance,125,0.520516,0.690938,114168.8318,0.210614,17.211517,2.221642,2.143957,3.109963,true
deep_modular_abundance,126,0.508095,0.693262,116572.6374,0.215049,15.492545,2.229113,2.189098,2.799360,true
deep_modular_abundance,127,0.472741,0.785876,129819.3219,0.239485,19.862541,2.526903,2.437855,3.588979,true
deep_modular_abundance,128,0.497167,0.731645,121009.0777,0.223233,18.260698,2.352529,2.272409,3.299540,true
deep_modular_abundance,129,0.530750,0.679617,112292.3649,0.207152,16.842003,2.185240,2.108719,3.043195,true
deep_modular_abundance,130,0.485147,0.712322,118943.1252,0.219421,16.271054,2.290398,2.233613,2.940030,true
deep_modular_abundance,131,0.502926,0.734273,121522.3708,0.224180,18.232570,2.360980,2.282048,3.294458,true
deep_modular_abundance,132,0.542875,0.681746,111666.3381,0.205998,17.887690,2.192085,2.096963,3.232141,true
deep_modular_abundance,133,0.516529,0.688620,115508.1278,0.213085,15.792278,2.214186,2.169108,2.853519,true
deep_modular_abundance,134,0.506008,0.718512,117787.2561,0.217289,18.552359,2.310303,2.211907,3.352241,true
deep_modular_abundance,135,0.487946,0.747479,124124.6065,0.228980,18.229248,2.403443,2.330915,3.293857,true
deep_modular_abundance,136,0.500430,0.703465,116647.0246,0.215186,17.064617,2.261919,2.190495,3.083419,true
deep_modular_abundance,137,0.506753,0.717467,117610.5197,0.216963,18.627255,2.306941,2.208588,3.365774,true
deep_modular_abundance,138,0.498629,0.722419,119721.9132,0.220858,18.107465,2.322863,2.248238,3.271852,true
deep_modular_abundance,139,0.504365,0.689603,114430.6454,0.211097,16.695805,2.217347,2.148874,3.016778,true
deep_modular_abundance,140,0.497732,0.690750,116382.7299,0.214698,15.309590,2.221035,2.185532,2.766302,true
deep_modular_abundance,141,0.491852,0.749131,126173.7655,0.232760,16.916730,2.408754,2.369396,3.056698,true
deep_modular_abundance,142,0.506366,0.691244,115576.7713,0.213211,16.055079,2.222624,2.170397,2.901005,true
deep_modular_abundance,143,0.500324,0.707771,117833.6781,0.217375,16.793948,2.275766,2.212779,3.034512,true
deep_modular_abundance,144,0.519972,0.668850,111993.1780,0.206601,15.426644,2.150619,2.103101,2.787453,true
deep_modular_abundance,145,0.496668,0.722649,120618.0816,0.222511,17.149928,2.323605,2.265067,3.098834,true
deep_modular_abundance,146,0.521605,0.658614,109434.6799,0.201881,15.495929,2.117707,2.055055,2.799972,true
deep_modular_abundance,147,0.495904,0.740749,124272.1787,0.229252,17.076038,2.381801,2.333686,3.085483,true
deep_modular_abundance,148,0.491900,0.734911,122604.7806,0.226176,17.423719,2.363030,2.302375,3.148306,true
deep_modular_abundance,149,0.527653,0.659306,108041.5354,0.199311,16.485534,2.119931,2.028894,2.978784,true
deep_modular_abundance,150,0.515406,0.679203,113119.5902,0.208678,16.220475,2.183907,2.124254,2.930891,true
deep_modular_abundance,151,0.487155,0.733482,121904.9226,0.224885,17.786165,2.358437,2.289232,3.213796,true
deep_modular_abundance,152,0.538479,0.670196,109968.1216,0.202865,17.248711,2.154946,2.065073,3.116683,true
deep_modular_abundance,153,0.487863,0.792959,130734.3712,0.241174,20.389875,2.549678,2.455039,3.684263,true
deep_modular_abundance,154,0.538300,0.651081,107502.0943,0.198316,16.167514,2.093483,2.018764,2.921321,true
deep_modular_abundance,155,0.532947,0.678856,112384.7288,0.207323,16.838140,2.182792,2.110454,3.042497,true
deep_modular_abundance,156,0.487874,0.772748,125442.9345,0.231412,21.318918,2.484693,2.355672,3.852132,true
deep_modular_abundance,157,0.496257,0.732061,121405.9714,0.223965,17.996293,2.353868,2.279862,3.251765,true
deep_modular_abundance,158,0.480695,0.736507,122670.8796,0.226298,17.402115,2.368163,2.303616,3.144402,true
deep_modular_abundance,159,0.461430,0.786926,129994.5103,0.239809,19.825967,2.530279,2.441145,3.582370,true
deep_modular_abundance,160,0.493092,0.735560,123236.3200,0.227341,17.436673,2.365117,2.314234,3.150646,true
deep_modular_abundance,161,0.508811,0.709101,118358.9481,0.218344,17.002258,2.280042,2.222643,3.072152,true
deep_modular_abundance,162,0.491064,0.785995,129841.8795,0.239527,20.018357,2.527287,2.438279,3.617133,true
deep_modular_abundance,163,0.509505,0.689597,114622.2151,0.211450,16.519617,2.217330,2.152471,2.984943,true
deep_modular_abundance,164,0.519973,0.718356,117279.3976,0.216352,19.308493,2.309799,2.202370,3.488867,true
deep_modular_abundance,165,0.548226,0.642216,105760.2628,0.195102,15.992366,2.064980,1.986054,2.889673,true
deep_modular_abundance,166,0.485537,0.769744,126583.2134,0.233516,19.620252,2.475034,2.377085,3.545199,true
deep_modular_abundance,167,0.526697,0.705512,115078.1300,0.212292,18.865521,2.268503,2.161033,3.408826,true
deep_modular_abundance,168,0.512574,0.684548,113341.8689,0.209089,16.667169,2.201094,2.128428,3.011604,true
deep_modular_abundance,169,0.491929,0.695221,115617.9446,0.213287,16.508444,2.235411,2.171170,2.982924,true
deep_modular_abundance,170,0.481841,0.728797,122768.4575,0.226478,16.270050,2.343372,2.305448,2.939848,true
deep_modular_abundance,171,0.491683,0.745722,125184.2627,0.230935,17.269101,2.397794,2.350814,3.120368,true
deep_modular_abundance,172,0.516414,0.710949,117069.2646,0.215965,17.942472,2.285983,2.198424,3.242040,true
deep_modular_abundance,173,0.488026,0.741474,122542.5480,0.226062,18.579151,2.384135,2.301206,3.357082,true
deep_modular_abundance,174,0.513861,0.723145,118675.7610,0.218928,18.666876,2.325199,2.228592,3.372933,true
deep_modular_abundance,175,0.520102,0.684929,113879.3306,0.210080,16.462896,2.202319,2.138521,2.974694,true
deep_modular_abundance,176,0.519592,0.666538,110193.0580,0.203280,16.136279,2.143184,2.069297,2.915677,true
deep_modular_abundance,177,0.497123,0.731194,120886.4981,0.223007,18.112574,2.351081,2.270107,3.272776,true
deep_modular_abundance,178,0.525414,0.667652,111116.7816,0.204984,15.939665,2.146768,2.086643,2.880151,true
deep_modular_abundance,179,0.530831,0.660271,109590.4619,0.202168,15.818889,2.123032,2.057981,2.858328,true
deep_modular_abundance,180,0.526656,0.658078,108835.3289,0.200775,16.093046,2.115981,2.043800,2.907865,true
deep_modular_abundance,181,0.484613,0.750379,126193.3100,0.232796,17.268334,2.412768,2.369763,3.120229,true
deep_modular_abundance,182,0.567677,0.617324,101838.4432,0.187867,15.398653,1.984942,1.912407,2.782395,true
deep_modular_abundance,183,0.538493,0.657651,107720.6522,0.198719,16.905773,2.114610,2.022868,3.054718,true
deep_modular_abundance,184,0.527875,0.681230,113098.7730,0.208640,16.640258,2.190427,2.123863,3.006742,true
deep_modular_abundance,185,0.523140,0.711495,115941.7131,0.213885,19.030122,2.287740,2.177250,3.438568,true
deep_modular_abundance,186,0.513673,0.754968,121849.9593,0.224784,21.250923,2.427523,2.288200,3.839846,true
deep_modular_abundance,187,0.466883,0.771442,127913.1086,0.235969,18.782191,2.480491,2.402059,3.393769,true
deep_modular_abundance,188,0.494418,0.752621,124686.9172,0.230017,18.547469,2.419976,2.341475,3.351357,true
deep_modular_abundance,189,0.516174,0.710829,117890.2031,0.217479,17.489090,2.285598,2.213840,3.160118,true
deep_modular_abundance,190,0.525794,0.646859,108499.5621,0.200156,14.479052,2.079907,2.037495,2.616232,true
deep_modular_abundance,191,0.505063,0.714366,120071.1363,0.221502,16.398873,2.296970,2.254796,2.963126,true
deep_modular_abundance,192,0.539417,0.678669,113002.0124,0.208462,16.104632,2.182189,2.122046,2.909959,true
deep_modular_abundance,193,0.523389,0.704815,116254.9273,0.214462,17.911119,2.266262,2.183132,3.236375,true
deep_modular_abundance,194,0.494216,0.741748,121966.5403,0.224999,18.784431,2.385014,2.290389,3.394174,true
deep_modular_abundance,195,0.535706,0.660953,109293.8239,0.201621,16.295489,2.125226,2.052410,2.944445,true
deep_modular_abundance,196,0.546120,0.673140,110928.9189,0.204637,16.951637,2.164413,2.083115,3.063005,true
deep_modular_abundance,197,0.520634,0.680405,112236.7833,0.207050,17.022939,2.187771,2.107676,3.075889,true
deep_modular_abundance,198,0.489258,0.716339,119212.0322,0.219918,17.231080,2.303315,2.238663,3.113498,true
deep_modular_abundance,199,0.504254,0.748043,120970.0117,0.223161,20.653597,2.405256,2.271675,3.731915,true
deep_modular_abundance,200,0.546707,0.662148,107410.5450,0.198147,17.681187,2.129068,2.017045,3.194828,true
deep_modular_abundance,201,0.491637,0.716003,119026.1626,0.219575,17.225477,2.302234,2.235172,3.112485,true
deep_modular_abundance,202,0.517321,0.708583,117975.3980,0.217636,16.854701,2.278375,2.215440,3.045490,true
deep_modular_abundance,203,0.535083,0.653767,108314.9352,0.199815,15.744698,2.102122,2.034028,2.844922,true
deep_modular_abundance,204,0.525010,0.684777,113096.7397,0.208636,17.099000,2.201831,2.123825,3.089632,true
deep_modular_abundance,205,0.520752,0.679272,111415.0443,0.205534,17.386112,2.184130,2.092244,3.141511,true
deep_modular_abundance,206,0.514561,0.678405,114625.2049,0.211456,14.910825,2.181341,2.152527,2.694249,true
deep_modular_abundance,207,0.508087,0.692480,115530.7304,0.213126,16.374020,2.226599,2.169532,2.958635,true
deep_modular_abundance,208,0.451185,0.861677,141182.8486,0.260448,22.826261,2.770635,2.651249,4.124495,true
deep_modular_abundance,209,0.548666,0.681396,110946.4090,0.204669,18.214048,2.190959,2.083444,3.291111,true
deep_modular_abundance,210,0.522816,0.667171,111478.1393,0.205650,15.495204,2.145219,2.093429,2.799841,true
deep_modular_abundance,211,0.508470,0.705953,116535.3148,0.214980,17.673802,2.269921,2.188397,3.193493,true
deep_modular_abundance,212,0.509676,0.701127,116205.9798,0.214372,17.173903,2.254402,2.182213,3.103166,true
deep_modular_abundance,213,0.554026,0.634421,104976.0586,0.193656,15.396351,2.039916,1.971328,2.781979,true
deep_modular_abundance,214,0.499871,0.720576,119868.0306,0.221128,17.325781,2.316937,2.250982,3.130609,true
deep_modular_abundance,215,0.472498,0.735192,123841.3757,0.228458,16.556195,2.363936,2.325596,2.991552,true
deep_modular_abundance,216,0.505660,0.709662,117106.9257,0.216034,17.886397,2.281846,2.199131,3.231907,true
deep_modular_abundance,217,0.513235,0.665051,111308.9317,0.205338,14.834957,2.138402,2.090252,2.680540,true
deep_modular_abundance,218,0.518133,0.659895,110297.3186,0.203472,15.137047,2.121825,2.071255,2.735125,true
deep_modular_abundance,219,0.529987,0.643577,107522.3315,0.198353,14.917860,2.069357,2.019144,2.695520,true
deep_modular_abundance,220,0.520098,0.699853,115765.9224,0.213560,17.396815,2.250307,2.173949,3.143445,true
deep_modular_abundance,221,0.516529,0.692020,113454.2125,0.209296,17.840026,2.225120,2.130538,3.223529,true
deep_modular_abundance,222,0.500611,0.757282,124349.0016,0.229394,19.696367,2.434964,2.335129,3.558952,true
deep_modular_abundance,223,0.493012,0.737108,120843.0217,0.222926,19.068513,2.370096,2.269291,3.445505,true
deep_modular_abundance,224,0.502582,0.689798,114954.1237,0.212063,16.174092,2.217974,2.158704,2.922510,true
deep_modular_abundance,225,0.534903,0.640777,107007.6962,0.197403,14.914606,2.060353,2.009480,2.694932,true
deep_modular_abundance,226,0.517402,0.674275,113206.4015,0.208839,15.443595,2.168062,2.125884,2.790516,true
deep_modular_abundance,227,0.521697,0.696831,114961.7661,0.212077,17.447647,2.240590,2.158848,3.152629,true
deep_modular_abundance,228,0.488634,0.716687,119994.9745,0.221362,16.509740,2.304435,2.253365,2.983158,true
deep_modular_abundance,229,0.483862,0.739034,123340.0275,0.227533,17.470839,2.376289,2.316182,3.156820,true
deep_modular_abundance,230,0.488826,0.720832,119876.4803,0.221143,17.319644,2.317762,2.251140,3.129500,true
deep_modular_abundance,231,0.497027,0.714868,118846.2359,0.219243,17.208570,2.298585,2.231793,3.109430,true
deep_modular_abundance,232,0.490895,0.744590,123186.1677,0.227249,18.843409,2.394153,2.313292,3.404831,true
deep_modular_abundance,233,0.506989,0.681139,114400.7072,0.211042,15.263797,2.190133,2.148312,2.758028,true
deep_modular_abundance,234,0.538398,0.655891,109806.4302,0.202566,15.158842,2.108950,2.062036,2.739063,true
deep_modular_abundance,235,0.506746,0.714598,116855.9154,0.215571,18.563236,2.297716,2.194418,3.354206,true
deep_modular_abundance,236,0.497769,0.731781,120084.5397,0.221527,18.922022,2.352968,2.255047,3.419035,true
deep_modular_abundance,237,0.511183,0.733995,118485.6717,0.218578,20.642154,2.360085,2.225022,3.729847,true
deep_modular_abundance,238,0.520592,0.706135,114621.0254,0.211448,19.123008,2.270505,2.152449,3.455352,true
deep_modular_abundance,239,0.531392,0.678767,111746.2290,0.206145,17.186851,2.182506,2.098464,3.105506,true
deep_modular_abundance,240,0.498026,0.703062,116968.2259,0.215778,16.840592,2.260623,2.196527,3.042940,true
deep_modular_abundance,241,0.471204,0.785934,133469.3777,0.246219,16.948603,2.527089,2.506399,3.062457,true
deep_modular_abundance,242,0.512581,0.732821,121798.0664,0.224688,17.916939,2.356312,2.287225,3.237426,true
deep_modular_abundance,243,0.525976,0.680841,112474.4791,0.207488,17.044265,2.189174,2.112139,3.079742,true
deep_modular_abundance,244,0.480926,0.756772,127347.1135,0.234925,17.179722,2.433322,2.391430,3.104218,true
deep_modular_abundance,245,0.517237,0.688368,114316.5267,0.210887,16.731231,2.213375,2.146731,3.023180,true
deep_modular_abundance,246,0.557779,0.638409,104645.2158,0.193045,16.279883,2.052739,1.965115,2.941625,true
deep_modular_abundance,247,0.525492,0.708840,116397.4878,0.214725,18.364373,2.279202,2.185809,3.318273,true
deep_modular_abundance,248,0.516281,0.700094,115210.8359,0.212536,17.705690,2.251082,2.163525,3.199255,true
deep_modular_abundance,249,0.554408,0.634018,105791.9967,0.195161,15.048129,2.038621,1.986650,2.719059,true
deep_modular_abundance,250,0.538875,0.646060,108537.6065,0.200226,14.482003,2.077338,2.038209,2.616765,true
deep_modular_abundance,251,0.513202,0.689662,114680.0081,0.211557,16.393986,2.217537,2.153557,2.962242,true
deep_modular_abundance,252,0.508077,0.729367,120985.2105,0.223189,18.170201,2.345204,2.271961,3.283188,true
deep_modular_abundance,253,0.522256,0.664901,110496.9622,0.203840,16.009681,2.137920,2.075004,2.892802,true
deep_modular_abundance,254,0.506901,0.711031,117278.0826,0.216350,17.905699,2.286248,2.202345,3.235395,true
deep_modular_abundance,255,0.488568,0.806847,132931.2539,0.245226,20.854005,2.594335,2.496294,3.768127,true
deep_modular_abundance,256,0.530568,0.692240,114005.8164,0.210313,17.435832,2.225827,2.140896,3.150495,true
deep_modular_abundance,257,0.495269,0.726150,121611.5035,0.224344,16.941290,2.334862,2.283722,3.061135,true
deep_modular_abundance,258,0.500877,0.707436,117194.9837,0.216197,17.309767,2.274688,2.200785,3.127716,true
deep_modular_abundance,259,0.550109,0.632017,104511.3617,0.192798,15.345334,2.032185,1.962601,2.772761,true
deep_modular_abundance,260,0.513394,0.691262,114552.3559,0.211322,16.807520,2.222684,2.151159,3.036964,true
deep_modular_abundance,261,0.526291,0.669766,111129.7809,0.205008,16.316322,2.153565,2.086887,2.948209,true
deep_modular_abundance,262,0.523865,0.672433,112616.2538,0.207750,15.488945,2.162138,2.114802,2.798710,true
deep_modular_abundance,263,0.504076,0.689761,115823.1315,0.213666,15.634790,2.217857,2.175023,2.825063,true
deep_modular_abundance,264,0.523809,0.687125,112583.6163,0.207690,17.808515,2.209380,2.114189,3.217835,true
deep_modular_abundance,265,0.495556,0.724146,119705.5974,0.220828,17.807587,2.328418,2.247931,3.217667,true
deep_modular_abundance,266,0.498191,0.733423,121947.7827,0.224964,17.730782,2.358247,2.290037,3.203789,true
deep_modular_abundance,267,0.548672,0.691557,112275.7555,0.207122,18.978359,2.223631,2.108408,3.429215,true
deep_modular_abundance,268,0.481347,0.761989,127126.6973,0.234518,18.134837,2.450097,2.387291,3.276798,true
deep_modular_abundance,269,0.507267,0.724786,121328.4207,0.223822,17.171092,2.330475,2.278406,3.102658,true
deep_modular_abundance,270,0.510604,0.710831,118276.9477,0.218193,16.993231,2.285604,2.221103,3.070521,true
deep_modular_abundance,271,0.479867,0.767027,125816.9506,0.232102,20.033352,2.466295,2.362695,3.619842,true
deep_modular_abundance,272,0.523139,0.690074,113659.0942,0.209674,17.490257,2.218862,2.134385,3.160328,true
deep_modular_abundance,273,0.515863,0.725270,119766.9811,0.220941,18.338769,2.332031,2.249084,3.313647,true
deep_modular_abundance,274,0.487293,0.755071,123284.8696,0.227431,20.015955,2.427853,2.315146,3.616699,true
deep_modular_abundance,275,0.514906,0.687525,114342.6085,0.210935,16.620393,2.210665,2.147221,3.003152,true
deep_modular_abundance,276,0.525507,0.690365,113462.4172,0.209311,17.673012,2.219797,2.130692,3.193351,true
deep_modular_abundance,277,0.507286,0.691219,115187.9152,0.212494,16.390861,2.222543,2.163094,2.961678,true
deep_modular_abundance,278,0.500822,0.723588,119539.0582,0.220521,18.157923,2.326623,2.244804,3.280970,true
deep_modular_abundance,279,0.485924,0.754404,126699.3074,0.233730,17.213202,2.425707,2.379265,3.110267,true
deep_modular_abundance,280,0.527778,0.669164,110495.1312,0.203837,16.752539,2.151629,2.074969,3.027030,true
deep_modular_abundance,281,0.513410,0.692201,115860.6802,0.213735,15.877875,2.225703,2.175728,2.868986,true
deep_modular_abundance,282,0.496119,0.721821,120694.2285,0.222652,16.935470,2.320943,2.266497,3.060084,true
deep_modular_abundance,283,0.459658,0.806732,132989.3942,0.245333,20.677098,2.593964,2.497385,3.736161,true
deep_modular_abundance,284,0.527588,0.680653,112321.5289,0.207206,17.035095,2.188571,2.109267,3.078085,true
deep_modular_abundance,285,0.474440,0.744051,125321.4785,0.231188,16.569165,2.392419,2.353391,2.993896,true
deep_modular_abundance,286,0.452328,0.810413,134040.0608,0.247272,20.003990,2.605799,2.517116,3.614537,true
deep_modular_abundance,287,0.477573,0.748191,124156.8352,0.229040,18.135838,2.405733,2.331520,3.276979,true
deep_modular_abundance,288,0.516498,0.702289,115751.7220,0.213534,17.670953,2.258137,2.173682,3.192979,true
deep_modular_abundance,289,0.515656,0.685100,113943.5937,0.210199,16.595178,2.202868,2.139728,2.998596,true
deep_modular_abundance,290,0.520247,0.712047,116588.0609,0.215077,18.461413,2.289513,2.189388,3.335808,true
deep_modular_abundance,291,0.508205,0.689646,114802.8859,0.211784,16.407779,2.217485,2.155864,2.964735,true
deep_modular_abundance,292,0.519415,0.665306,110430.4311,0.203718,16.036337,2.139224,2.073754,2.897619,true
deep_modular_abundance,293,0.512650,0.697248,115457.0015,0.212990,17.273384,2.241929,2.168148,3.121142,true
deep_modular_abundance,294,0.483572,0.770331,127836.6468,0.235828,18.921219,2.476921,2.400623,3.418890,true
deep_modular_abundance,295,0.485872,0.736244,122211.5147,0.225451,18.031594,2.367318,2.294989,3.258143,true
deep_modular_abundance,296,0.492940,0.805792,130763.8161,0.241228,22.465863,2.590943,2.455592,4.059375,true
deep_modular_abundance,297,0.511419,0.674373,112441.3830,0.207427,15.747460,2.168376,2.111518,2.845421,true
deep_modular_abundance,298,0.522253,0.684455,113460.6924,0.209308,16.741659,2.200794,2.130659,3.025064,true
deep_modular_abundance,299,0.527096,0.666647,111294.1140,0.205311,15.690520,2.143536,2.089973,2.835133,true
deep_modular_abundance,300,0.526868,0.665305,109741.1933,0.202446,16.103730,2.139221,2.060811,2.909796,true
deep_modular_abundance,301,0.505029,0.687507,114321.2280,0.210895,16.318289,2.210607,2.146819,2.948565,true
deep_modular_abundance,302,0.513213,0.683792,113671.9447,0.209697,16.299809,2.198664,2.134626,2.945226,true
deep_modular_abundance,303,0.502893,0.722601,119503.1166,0.220455,17.884535,2.323450,2.244129,3.231571,true
deep_modular_abundance,304,0.477484,0.751518,125155.8168,0.230882,18.122347,2.416428,2.350280,3.274541,true
deep_modular_abundance,305,0.507098,0.712243,117869.5933,0.217441,17.701187,2.290144,2.213453,3.198442,true
deep_modular_abundance,306,0.526808,0.687297,113046.8726,0.208544,17.430428,2.209932,2.122888,3.149518,true
deep_modular_abundance,307,0.557138,0.626761,104189.4455,0.192204,14.873606,2.015287,1.956556,2.687524,true
deep_modular_abundance,308,0.523283,0.679758,111470.0734,0.205636,17.294807,2.185692,2.093278,3.125013,true
deep_modular_abundance,309,0.517350,0.678404,113138.9767,0.208714,16.017663,2.181339,2.124618,2.894244,true
deep_modular_abundance,310,0.506151,0.706822,118308.3865,0.218251,16.335553,2.272714,2.221693,2.951684,true
deep_modular_abundance,311,0.518868,0.684786,114265.5869,0.210793,16.183759,2.201859,2.145774,2.924256,true
deep_modular_abundance,312,0.510096,0.680117,112917.7753,0.208306,16.402614,2.186848,2.120464,2.963801,true
deep_modular_abundance,313,0.488893,0.714065,118189.7395,0.218032,17.574472,2.296004,2.219465,3.175545,true
deep_modular_abundance,314,0.478977,0.739963,125773.8301,0.232023,15.720739,2.379277,2.361886,2.840593,true
deep_modular_abundance,315,0.479981,0.728000,121098.0578,0.223397,17.454172,2.340810,2.274080,3.153808,true
deep_modular_abundance,316,0.522960,0.678747,112583.4761,0.207689,16.468873,2.182443,2.114186,2.975774,true
deep_modular_abundance,317,0.477420,0.806562,134047.5705,0.247286,19.968696,2.593417,2.517257,3.608160,true
deep_modular_abundance,318,0.487828,0.759691,126122.7895,0.232666,18.634821,2.442708,2.368439,3.367141,true
deep_modular_abundance,319,0.537655,0.667223,111087.6543,0.204930,16.117746,2.145386,2.086096,2.912329,true
deep_modular_abundance,320,0.526194,0.666486,109510.0546,0.202020,16.971593,2.143016,2.056471,3.066611,true
deep_modular_abundance,321,0.490139,0.761796,126725.4908,0.233778,18.814813,2.449477,2.379757,3.399664,true
deep_modular_abundance,322,0.493889,0.743506,122745.5541,0.226436,18.585652,2.390669,2.305018,3.358256,true
deep_modular_abundance,323,0.475731,0.771390,127895.7074,0.235937,18.853234,2.480326,2.401732,3.406606,true
deep_modular_abundance,324,0.510855,0.686965,115030.0650,0.212203,15.866407,2.208865,2.160130,2.866914,true
deep_modular_abundance,325,0.488341,0.747794,123764.0763,0.228315,18.789378,2.404454,2.324145,3.395068,true
deep_modular_abundance,326,0.523077,0.687014,113895.4166,0.210110,16.876503,2.209022,2.138823,3.049429,true
deep_modular_abundance,327,0.512605,0.717644,120950.6029,0.223125,16.331172,2.307511,2.271311,2.950893,true
deep_modular_abundance,328,0.514715,0.681764,113096.3942,0.208636,16.457649,2.192144,2.123818,2.973746,true
deep_modular_abundance,329,0.495676,0.742495,123382.4169,0.227611,18.159268,2.387418,2.316978,3.281213,true
deep_modular_abundance,330,0.516036,0.663414,110601.3316,0.204033,15.501347,2.133140,2.076964,2.800951,true
deep_modular_abundance,331,0.502373,0.700300,116411.4450,0.214751,16.953432,2.251743,2.186071,3.063329,true
deep_modular_abundance,332,0.525103,0.700636,114132.9276,0.210548,18.556464,2.252824,2.143283,3.352982,true
deep_modular_abundance,333,0.522428,0.715041,117068.3810,0.215963,18.883709,2.299140,2.198407,3.412112,true
deep_modular_abundance,334,0.503923,0.711682,118261.0374,0.218163,17.273185,2.288339,2.220804,3.121106,true
deep_modular_abundance,335,0.496758,0.731819,122501.4678,0.225986,17.270380,2.353089,2.300434,3.120599,true
deep_modular_abundance,336,0.523838,0.679110,112384.1341,0.207322,16.690896,2.183607,2.110443,3.015891,true
deep_modular_abundance,337,0.493142,0.777659,130522.0523,0.240782,18.041789,2.500482,2.451052,3.259985,true
deep_modular_abundance,338,0.496860,0.697794,116288.4552,0.214524,16.358979,2.243684,2.183761,2.955917,true
deep_modular_abundance,339,0.515957,0.701990,116374.7625,0.214683,17.240866,2.257178,2.185382,3.115266,true
deep_modular_abundance,340,0.513512,0.684361,114077.8249,0.210446,16.093857,2.200494,2.142248,2.908012,true
deep_modular_abundance,341,0.489948,0.742960,124836.8592,0.230294,16.957732,2.388912,2.344290,3.064106,true
deep_modular_abundance,342,0.480918,0.753126,125945.3160,0.232339,17.681422,2.421601,2.365106,3.194870,true
deep_modular_abundance,343,0.509149,0.671325,111534.3337,0.205754,15.917523,2.158577,2.094484,2.876150,true
deep_modular_abundance,344,0.516758,0.695961,113996.7753,0.210297,18.262190,2.237792,2.140726,3.299810,true
deep_modular_abundance,345,0.536227,0.659692,109286.7040,0.201608,16.327220,2.121172,2.052277,2.950178,true
deep_modular_abundance,346,0.478701,0.749819,125966.6588,0.232378,17.285586,2.410966,2.365507,3.123346,true
deep_modular_abundance,347,0.475125,0.739159,123480.6411,0.227792,17.324644,2.376690,2.318822,3.130404,true
deep_modular_abundance,348,0.541213,0.654014,108902.2027,0.200898,15.606432,2.102914,2.045056,2.819939,true
deep_modular_abundance,349,0.520717,0.661153,109760.1636,0.202481,15.770790,2.125869,2.061168,2.849637,true
deep_modular_abundance,350,0.504720,0.695064,116752.3063,0.215380,15.886226,2.234906,2.192472,2.870495,true
deep_modular_abundance,351,0.516903,0.698797,116077.9236,0.214136,16.905847,2.246910,2.179808,3.054731,true
deep_modular_abundance,352,0.498477,0.723937,119376.7737,0.220221,18.315057,2.327745,2.241756,3.309362,true
deep_modular_abundance,353,0.502264,0.718078,117659.3789,0.217053,18.628342,2.308905,2.209506,3.365970,true
deep_modular_abundance,354,0.528191,0.678951,111713.3234,0.206084,17.191075,2.183098,2.097846,3.106269,true
deep_modular_abundance,355,0.477663,0.777148,128116.1543,0.236344,19.750224,2.498841,2.405872,3.568684,true
deep_modular_abundance,356,0.504032,0.696097,115250.9236,0.212610,16.987895,2.238230,2.164278,3.069556,true
deep_modular_abundance,357,0.525452,0.682498,113703.5715,0.209756,16.389893,2.194502,2.135220,2.961503,true
deep_modular_abundance,358,0.532759,0.679050,111689.3645,0.206040,17.315768,2.183414,2.097396,3.128800,true
deep_modular_abundance,359,0.536793,0.663969,111580.8444,0.205840,14.961983,2.134924,2.095358,2.703493,true
deep_modular_abundance,360,0.502813,0.727750,119013.0336,0.219550,19.152182,2.340004,2.234926,3.460623,true
deep_modular_abundance,361,0.476983,0.721027,122346.8983,0.225701,15.190073,2.318390,2.297532,2.744706,true
deep_modular_abundance,362,0.509628,0.680398,113524.0304,0.209425,16.080754,2.187750,2.131849,2.905644,true
deep_modular_abundance,363,0.501484,0.713212,118589.1002,0.218768,17.181038,2.293260,2.226965,3.104456,true
deep_modular_abundance,364,0.539394,0.622803,103832.0036,0.191545,14.144191,2.002559,1.949844,2.555725,true
deep_modular_abundance,365,0.507583,0.752833,122002.9528,0.225066,20.663818,2.420657,2.291073,3.733762,true
deep_modular_abundance,366,0.523213,0.681149,113936.0575,0.210185,15.809713,2.190164,2.139586,2.856670,true
deep_modular_abundance,367,0.513434,0.682147,114001.0607,0.210305,16.027657,2.193374,2.140807,2.896050,true
deep_modular_abundance,368,0.509740,0.695862,114499.5058,0.211224,17.567878,2.237474,2.150167,3.174354,true
deep_modular_abundance,369,0.517759,0.681328,114036.0604,0.210369,15.764999,2.190739,2.141464,2.848590,true
deep_modular_abundance,370,0.505883,0.715469,118497.8248,0.218600,17.601553,2.300516,2.225251,3.180439,true
deep_modular_abundance,371,0.498288,0.737957,121955.6401,0.224979,18.604442,2.372826,2.290184,3.361651,true
deep_modular_abundance,372,0.500322,0.685988,115173.4113,0.212467,15.373615,2.205723,2.162822,2.777871,true
deep_modular_abundance,373,0.540680,0.670562,111866.8389,0.206367,16.152590,2.156125,2.100729,2.918624,true
deep_modular_abundance,374,0.516861,0.690435,114209.3308,0.210689,17.124217,2.220022,2.144718,3.094188,true
deep_modular_abundance,375,0.570158,0.611920,101552.9850,0.187341,14.517629,1.967567,1.907046,2.623202,true
deep_modular_abundance,376,0.552093,0.639452,105729.7408,0.195046,15.639476,2.056092,1.985481,2.825909,true
deep_modular_abundance,377,0.533532,0.676815,111248.5870,0.205227,17.491951,2.176230,2.089118,3.160635,true
deep_modular_abundance,378,0.505935,0.714818,119779.9121,0.220965,16.471261,2.298425,2.249327,2.976205,true
deep_modular_abundance,379,0.504862,0.719347,119503.2209,0.220455,17.652308,2.312988,2.244131,3.189610,true
deep_modular_abundance,380,0.520224,0.682139,113015.0775,0.208486,16.603881,2.193347,2.122291,3.000169,true
deep_modular_abundance,381,0.530767,0.657298,109410.3903,0.201836,15.633870,2.113474,2.054599,2.824897,true
deep_modular_abundance,382,0.521979,0.687388,113404.0564,0.209203,17.572185,2.210225,2.129596,3.175132,true
deep_modular_abundance,383,0.489332,0.712455,118141.9815,0.217944,17.150232,2.290826,2.218568,3.098889,true
deep_modular_abundance,384,0.525988,0.688045,113178.5111,0.208787,17.555219,2.212339,2.125360,3.172067,true
deep_modular_abundance,385,0.517003,0.667147,110116.0429,0.203138,16.457274,2.145141,2.067851,2.973678,true
deep_modular_abundance,386,0.506438,0.694866,115886.6308,0.213783,16.479395,2.234270,2.176216,2.977675,true
deep_modular_abundance,387,0.533502,0.679476,110821.7462,0.204439,17.828874,2.184787,2.081103,3.221514,true
deep_modular_abundance,388,0.539621,0.647236,106872.6046,0.197154,15.839162,2.081121,2.006943,2.861991,true
deep_modular_abundance,389,0.546163,0.669017,109096.5765,0.201257,17.763843,2.151156,2.048706,3.209763,true
deep_modular_abundance,390,0.504910,0.719822,118387.0820,0.218396,18.042765,2.314515,2.223171,3.260162,true
deep_modular_abundance,391,0.548896,0.662186,108702.8968,0.200531,17.016508,2.129191,2.041313,3.074727,true
deep_modular_abundance,392,0.491722,0.780928,128509.2506,0.237069,20.397772,2.510994,2.413254,3.685690,true
deep_modular_abundance,393,0.465525,0.773178,127890.9834,0.235928,19.450984,2.486075,2.401643,3.514614,true
deep_modular_abundance,394,0.516997,0.719153,116546.0637,0.214999,19.516304,2.312363,2.188599,3.526417,true
deep_modular_abundance,395,0.498616,0.701588,117892.6981,0.217484,16.042442,2.255883,2.213887,2.898722,true
deep_modular_abundance,396,0.517407,0.680530,113127.5416,0.208693,16.265798,2.188175,2.124403,2.939080,true
deep_modular_abundance,397,0.489747,0.759601,127498.3049,0.235204,17.652981,2.442418,2.394269,3.189731,true
deep_modular_abundance,398,0.496382,0.744588,123378.6292,0.227604,18.561277,2.394147,2.316907,3.353852,true
deep_modular_abundance,399,0.535729,0.665788,111757.5050,0.206166,15.140455,2.140772,2.098675,2.735741,true
deep_modular_abundance,400,0.514659,0.700193,115614.3247,0.213281,17.423547,2.251400,2.171102,3.148275,true
deep_modular_abundance,401,0.507744,0.721104,118666.2023,0.218911,18.466143,2.318636,2.228413,3.336662,true
deep_modular_abundance,402,0.483657,0.761790,126008.6728,0.232456,19.163256,2.449458,2.366296,3.462624,true
deep_modular_abundance,403,0.518524,0.695886,114555.8428,0.211328,17.763160,2.237550,2.151225,3.209640,true
deep_modular_abundance,404,0.502400,0.722004,119452.9143,0.220362,17.913045,2.321529,2.243186,3.236723,true
deep_modular_abundance,405,0.548243,0.653844,107412.3152,0.198150,16.696610,2.102369,2.017078,3.016924,true
deep_modular_abundance,406,0.519973,0.687391,113052.9445,0.208556,17.621936,2.210235,2.123002,3.184122,true
deep_modular_abundance,407,0.512612,0.716343,118654.8511,0.218890,17.593888,2.303328,2.228199,3.179054,true
deep_modular_abundance,408,0.476793,0.782457,129336.3699,0.238595,19.775632,2.515911,2.428786,3.573275,true
deep_modular_abundance,409,0.505961,0.702540,117864.3985,0.217432,15.931672,2.258946,2.213356,2.878707,true
deep_modular_abundance,410,0.527719,0.696318,115467.3836,0.213010,17.283194,2.238939,2.168343,3.122914,true
deep_modular_abundance,411,0.493807,0.705410,116805.6867,0.215478,17.219966,2.268172,2.193474,3.111489,true
deep_modular_abundance,412,0.509082,0.720909,118395.5564,0.218411,18.456437,2.318010,2.223330,3.334908,true
deep_modular_abundance,413,0.535516,0.666005,109085.9252,0.201237,17.030826,2.141470,2.048506,3.077314,true
deep_modular_abundance,414,0.472318,0.773865,128770.9171,0.237551,18.677529,2.488284,2.418167,3.374858,true
deep_modular_abundance,415,0.545418,0.629275,105262.6186,0.194184,14.282171,2.023370,1.976709,2.580657,true
deep_modular_abundance,416,0.490927,0.746365,123402.9031,0.227649,18.638690,2.399860,2.317362,3.367840,true
deep_modular_abundance,417,0.494591,0.741371,122187.8631,0.225407,18.851968,2.383804,2.294545,3.406377,true
deep_modular_abundance,418,0.509377,0.718888,117514.9769,0.216787,18.838759,2.311511,2.206794,3.403990,true
deep_modular_abundance,419,0.521910,0.694323,113999.9797,0.210303,17.960586,2.232525,2.140786,3.245313,true
deep_modular_abundance,420,0.517831,0.658704,110461.4297,0.203775,15.001030,2.117994,2.074337,2.710548,true
deep_modular_abundance,421,0.488903,0.801822,131478.5056,0.242546,21.455439,2.578177,2.469013,3.876801,true
deep_modular_abundance,422,0.525601,0.674372,110913.7903,0.204609,17.125901,2.168375,2.082831,3.094493,true
deep_modular_abundance,423,0.482121,0.741251,122009.8932,0.225079,18.728861,2.383418,2.291203,3.384133,true
deep_modular_abundance,424,0.520368,0.674343,113126.8950,0.208692,15.513547,2.168282,2.124391,2.803155,true
deep_modular_abundance,425,0.499192,0.722239,120208.1593,0.221755,17.229950,2.322287,2.257369,3.113294,true
deep_modular_abundance,426,0.480983,0.792607,129087.1955,0.238135,21.693876,2.548546,2.424107,3.919884,true
deep_modular_abundance,427,0.528306,0.680508,112675.4668,0.207859,16.814536,2.188105,2.115914,3.038232,true
deep_modular_abundance,428,0.476599,0.733280,121633.0475,0.224384,17.594831,2.357787,2.284127,3.179224,true
deep_modular_abundance,429,0.506469,0.703008,115352.4516,0.212798,17.906661,2.260450,2.166184,3.235569,true
deep_modular_abundance,430,0.543705,0.638612,106251.9742,0.196009,15.264624,2.053393,1.995288,2.758177,true
deep_modular_abundance,431,0.515225,0.680718,113982.9940,0.210271,15.740712,2.188779,2.140467,2.844202,true
deep_modular_abundance,432,0.526683,0.663868,109888.0441,0.202717,16.371341,2.134599,2.063569,2.958151,true
deep_modular_abundance,433,0.510474,0.707755,117137.2357,0.216090,17.714929,2.275713,2.199700,3.200925,true
deep_modular_abundance,434,0.536869,0.694307,113962.1720,0.210233,18.092099,2.232473,2.140076,3.269076,true
deep_modular_abundance,435,0.533290,0.664562,110436.3090,0.203728,15.913790,2.136832,2.073865,2.875476,true
deep_modular_abundance,436,0.469692,0.750290,126164.2737,0.232743,16.945146,2.412481,2.369218,3.061832,true
deep_modular_abundance,437,0.488003,0.735292,123375.6435,0.227598,16.953231,2.364255,2.316850,3.063293,true
deep_modular_abundance,438,0.529631,0.659879,109995.9638,0.202916,15.659907,2.121774,2.065596,2.829601,true
deep_modular_abundance,439,0.504296,0.697988,115263.6567,0.212634,17.009528,2.244307,2.164517,3.073465,true
deep_modular_abundance,440,0.491792,0.728663,121928.4039,0.224929,17.071110,2.342943,2.289673,3.084593,true
deep_modular_abundance,441,0.492533,0.768543,127151.0289,0.234563,19.274882,2.471172,2.387748,3.482794,true
deep_modular_abundance,442,0.500693,0.713539,119041.7681,0.219603,17.038732,2.294312,2.235465,3.078742,true
deep_modular_abundance,443,0.522449,0.693638,115268.8281,0.212643,16.682148,2.230323,2.164614,3.014311,true
deep_modular_abundance,444,0.481751,0.728222,121801.7293,0.224695,16.956964,2.341525,2.287294,3.063967,true
deep_modular_abundance,445,0.536245,0.694187,114655.6712,0.211512,17.567262,2.232088,2.153100,3.174243,true
deep_modular_abundance,446,0.533102,0.668811,110683.8123,0.204185,16.584638,2.150493,2.078513,2.996692,true
deep_modular_abundance,447,0.467096,0.760270,126937.5172,0.234169,18.020396,2.444571,2.383738,3.256120,true
deep_modular_abundance,448,0.474303,0.752967,125260.0341,0.231075,18.186653,2.421089,2.352237,3.286161,true
deep_modular_abundance,449,0.473500,0.746633,125157.3536,0.230885,16.939020,2.400723,2.350309,3.060725,true
deep_modular_abundance,450,0.546063,0.644228,107431.3042,0.198185,15.342581,2.071449,2.017434,2.772263,true
deep_modular_abundance,451,0.525471,0.675548,111634.4768,0.205939,16.709643,2.172155,2.096365,3.019279,true
deep_modular_abundance,452,0.470297,0.781350,132024.9243,0.243554,17.521679,2.512352,2.479274,3.166006,true
deep_modular_abundance,453,0.554531,0.611464,102544.0232,0.189169,13.663728,1.966100,1.925657,2.468910,true
deep_modular_abundance,454,0.474745,0.777686,127856.6253,0.235865,19.988890,2.500569,2.400998,3.611809,true
deep_modular_abundance,455,0.479037,0.730710,124944.3732,0.230492,14.652299,2.349523,2.346309,2.647536,true
deep_modular_abundance,456,0.475789,0.741584,123713.5543,0.228222,17.526001,2.384488,2.323196,3.166787,true
deep_modular_abundance,457,0.484339,0.739059,122904.7353,0.226730,17.907433,2.376368,2.308007,3.235708,true
deep_modular_abundance,458,0.501274,0.740590,120833.0384,0.222908,19.519491,2.381292,2.269103,3.526992,true
deep_modular_abundance,459,0.506830,0.721387,117642.7985,0.217023,19.259033,2.319545,2.209194,3.479930,true
deep_modular_abundance,460,0.527799,0.664046,109540.2213,0.202075,16.633092,2.135172,2.057037,3.005447,true
deep_modular_abundance,461,0.508908,0.722364,117591.2074,0.216928,19.451769,2.322687,2.208225,3.514756,true
deep_modular_abundance,462,0.521008,0.674296,110881.4564,0.204550,16.785091,2.168130,2.082224,3.032912,true
deep_modular_abundance,463,0.508820,0.697152,115101.0788,0.212334,17.509505,2.241623,2.161464,3.163807,true
deep_modular_abundance,464,0.505374,0.722034,118011.9929,0.217704,19.015448,2.321625,2.216127,3.435917,true
deep_modular_abundance,465,0.509033,0.716083,118175.1537,0.218005,17.973358,2.302492,2.219191,3.247620,true
deep_modular_abundance,466,0.505422,0.699491,115779.8879,0.213586,17.052991,2.249141,2.174211,3.081319,true
deep_modular_abundance,467,0.496578,0.712014,118820.4598,0.219195,16.734314,2.289407,2.231309,3.023737,true
deep_modular_abundance,468,0.510461,0.691364,115173.2659,0.212467,16.466982,2.223012,2.162819,2.975432,true
deep_modular_abundance,469,0.514003,0.707197,117897.9169,0.217493,17.143582,2.273921,2.213985,3.097688,true
deep_modular_abundance,470,0.504760,0.706462,117579.9044,0.216907,17.080608,2.271557,2.208013,3.086309,true
deep_modular_abundance,471,0.477336,0.701593,118541.2262,0.218680,15.078596,2.255900,2.226066,2.724564,true
deep_modular_abundance,472,0.523927,0.693326,114689.1802,0.211574,17.374306,2.229320,2.153729,3.139377,true
deep_modular_abundance,473,0.472050,0.735825,123616.9821,0.228044,16.715650,2.365970,2.321382,3.020364,true
deep_modular_abundance,474,0.511785,0.724483,118026.3779,0.217730,19.301532,2.329502,2.216397,3.487609,true
deep_modular_abundance,475,0.534148,0.650058,107897.2268,0.199044,15.763274,2.090195,2.026184,2.848279,true
deep_modular_abundance,476,0.456822,0.796974,133484.3927,0.246247,18.881167,2.562588,2.506681,3.411653,true
deep_modular_abundance,477,0.494336,0.683454,114565.8198,0.211346,15.433785,2.197575,2.151412,2.788743,true
deep_modular_abundance,478,0.557885,0.662905,108662.2312,0.200456,17.120120,2.131503,2.040550,3.093448,true
deep_modular_abundance,479,0.529683,0.632000,105972.0709,0.195493,13.908258,2.032132,1.990032,2.513094,true
deep_modular_abundance,480,0.510485,0.672455,112407.0681,0.207364,15.533825,2.162209,2.110873,2.806819,true
deep_modular_abundance,481,0.494801,0.760846,123817.4769,0.228414,20.646167,2.446422,2.325148,3.730573,true
deep_modular_abundance,482,0.531511,0.689538,113602.7449,0.209570,17.546258,2.217139,2.133327,3.170447,true
deep_modular_abundance,483,0.488674,0.742843,123624.3842,0.228057,17.966496,2.388535,2.321521,3.246380,true
deep_modular_abundance,484,0.530357,0.669856,110977.2989,0.204726,16.457510,2.153854,2.084024,2.973721,true
deep_modular_abundance,485,0.484778,0.790137,130599.6498,0.240925,20.064622,2.540605,2.452509,3.625493,true
deep_modular_abundance,486,0.522811,0.661762,109292.3597,0.201618,16.308877,2.127829,2.052383,2.946864,true
deep_modular_abundance,487,0.482547,0.758451,125717.9878,0.231919,18.839629,2.438720,2.360837,3.404148,true
deep_modular_abundance,488,0.542264,0.634571,106941.4052,0.197281,13.759899,2.040399,2.008235,2.486287,true
deep_modular_abundance,489,0.489340,0.763875,125715.5268,0.231915,19.387401,2.456163,2.360791,3.503125,true
deep_modular_abundance,490,0.490399,0.721666,119406.0623,0.220276,17.799966,2.320444,2.242306,3.216290,true
deep_modular_abundance,491,0.481738,0.773554,128530.1291,0.237107,18.856653,2.487285,2.413646,3.407224,true
deep_modular_abundance,492,0.505414,0.693759,115410.2310,0.212904,16.669012,2.230712,2.167269,3.011937,true
deep_modular_abundance,493,0.538628,0.656368,107335.7868,0.198009,16.958707,2.110483,2.015641,3.064282,true
deep_modular_abundance,494,0.503171,0.709425,117656.4765,0.217048,17.180239,2.281082,2.209451,3.104311,true
deep_modular_abundance,495,0.494869,0.707637,117553.1175,0.216857,16.970877,2.275336,2.207510,3.066481,true
deep_modular_abundance,496,0.512103,0.696139,116546.5735,0.215000,16.295954,2.238363,2.188608,2.944529,true
deep_modular_abundance,497,0.548132,0.625940,104897.4460,0.193511,14.275084,2.012646,1.969851,2.579376,true
deep_modular_abundance,498,0.488383,0.755387,127162.7619,0.234585,17.087908,2.428868,2.387968,3.087628,true
deep_modular_abundance,499,0.484010,0.795243,129550.2299,0.238989,21.567737,2.557022,2.432802,3.897092,true
deep_modular_abundance,500,0.526884,0.658515,109576.9113,0.202143,15.605892,2.117386,2.057726,2.819841,true
deep_modular_abundance,501,0.533610,0.653525,108865.6524,0.200831,15.573696,2.101343,2.044370,2.814024,true
deep_modular_abundance,502,0.518475,0.667369,111482.2333,0.205658,15.521960,2.145857,2.093506,2.804675,true
deep_modular_abundance,503,0.524790,0.695083,116334.6892,0.214610,16.267119,2.234969,2.184630,2.939319,true
deep_modular_abundance,504,0.490124,0.755307,124396.9626,0.229483,19.217812,2.428611,2.336030,3.472482,true
deep_modular_abundance,505,0.505101,0.708859,117208.3915,0.216221,17.705116,2.279263,2.201037,3.199152,true
deep_modular_abundance,506,0.493156,0.728367,122727.2577,0.226402,16.393420,2.341991,2.304675,2.962140,true
deep_modular_abundance,507,0.495964,0.701084,116875.7628,0.215608,16.486732,2.254264,2.194790,2.979001,true
deep_modular_abundance,508,0.548270,0.671620,110052.3898,0.203020,17.429251,2.159526,2.066655,3.149305,true
deep_modular_abundance,509,0.531806,0.714112,115171.5982,0.212464,20.136669,2.296155,2.162788,3.638511,true
deep_modular_abundance,510,0.475754,0.839888,135865.6163,0.250639,23.741088,2.700573,2.551398,4.289796,true
deep_modular_abundance,511,0.505210,0.698351,117878.0008,0.217457,15.499358,2.245475,2.213611,2.800592,true
deep_modular_abundance,512,0.521573,0.682039,112351.7142,0.207262,17.288216,2.193028,2.109834,3.123822,true
deep_modular_abundance,513,0.477647,0.742305,124388.6391,0.229467,17.105411,2.386806,2.335873,3.090790,true
deep_modular_abundance,514,0.506113,0.683239,112950.0450,0.208366,16.607866,2.196885,2.121070,3.000889,true
deep_modular_abundance,515,0.510533,0.743721,121452.5702,0.224051,19.806298,2.391359,2.280737,3.578816,true
deep_modular_abundance,516,0.526095,0.673352,112337.7211,0.207236,16.067320,2.165094,2.109571,2.903217,true
deep_modular_abundance,517,0.531812,0.670307,111775.7857,0.206199,15.816477,2.155303,2.099019,2.857892,true
deep_modular_abundance,518,0.485525,0.737729,123348.6389,0.227549,17.210841,2.372092,2.316343,3.109841,true
deep_modular_abundance,519,0.495194,0.742314,122930.3874,0.226777,18.408815,2.386836,2.308489,3.326304,true
deep_modular_abundance,520,0.491930,0.745186,122945.0774,0.226804,18.816622,2.396069,2.308765,3.399990,true
deep_modular_abundance,521,0.551679,0.640582,105291.2740,0.194237,16.155154,2.059725,1.977247,2.919088,true
deep_modular_abundance,522,0.531014,0.660053,109391.3870,0.201801,16.226490,2.122334,2.054242,2.931978,true
deep_modular_abundance,523,0.534506,0.655717,109326.3455,0.201681,15.608646,2.108390,2.053021,2.820339,true
deep_modular_abundance,524,0.508842,0.699625,115521.6060,0.213110,17.445494,2.249572,2.169361,3.152240,true
deep_modular_abundance,525,0.491405,0.748978,123426.5114,0.227692,19.044834,2.408262,2.317806,3.441226,true
deep_modular_abundance,526,0.518620,0.714364,116914.1847,0.215679,18.684256,2.296966,2.195512,3.376073,true
deep_modular_abundance,527,0.496363,0.699320,118422.8106,0.218462,15.226099,2.248591,2.223842,2.751216,true
deep_modular_abundance,528,0.542134,0.639457,105837.1982,0.195244,15.360894,2.056107,1.987499,2.775572,true
deep_modular_abundance,529,0.567346,0.634873,103532.3593,0.190992,16.787684,2.041368,1.944217,3.033380,true
deep_modular_abundance,530,0.505613,0.701071,118549.7448,0.218696,15.527223,2.254222,2.226226,2.805626,true
deep_modular_abundance,531,0.504123,0.711113,116290.5983,0.214528,18.472941,2.286510,2.183802,3.337891,true
deep_modular_abundance,532,0.529460,0.665744,110305.1011,0.203486,16.171638,2.140633,2.071401,2.922066,true
deep_modular_abundance,533,0.546554,0.641837,106014.5023,0.195571,15.908654,2.063761,1.990828,2.874547,true
deep_modular_abundance,534,0.545787,0.649032,107053.2384,0.197488,16.076209,2.086896,2.010335,2.904823,true
deep_modular_abundance,535,0.530329,0.672204,110755.8737,0.204318,17.033402,2.161404,2.079866,3.077779,true
deep_modular_abundance,536,0.486414,0.725540,121956.0102,0.224980,16.391443,2.332901,2.290191,2.961783,true
deep_modular_abundance,537,0.520416,0.679182,111658.8502,0.205984,17.070739,2.183841,2.096823,3.084525,true
deep_modular_abundance,538,0.519034,0.698599,114343.3966,0.210936,18.212084,2.246275,2.147235,3.290756,true
deep_modular_abundance,539,0.512853,0.653213,108795.0933,0.200701,15.209272,2.100339,2.043045,2.748176,true
deep_modular_abundance,540,0.501445,0.688305,114487.8170,0.211203,16.439268,2.213174,2.149947,2.970425,true
deep_modular_abundance,541,0.474629,0.745553,126978.0314,0.234244,15.647607,2.397250,2.384499,2.827379,true
deep_modular_abundance,542,0.527099,0.651664,109508.7664,0.202017,14.534026,2.095358,2.056447,2.626165,true
deep_modular_abundance,543,0.501843,0.701972,117467.5229,0.216699,16.289995,2.257120,2.205903,2.943452,true
deep_modular_abundance,544,0.543751,0.664475,108982.0208,0.201046,17.246811,2.136550,2.046555,3.116340,true
deep_modular_abundance,545,0.529723,0.694923,113412.5345,0.209219,18.454243,2.234454,2.129755,3.334512,true
deep_modular_abundance,546,0.490671,0.748527,123830.1052,0.228437,18.491583,2.406812,2.325385,3.341259,true
deep_modular_abundance,547,0.521239,0.683473,113568.5845,0.209507,16.328644,2.197638,2.132685,2.950436,true
deep_modular_abundance,548,0.529895,0.675080,111399.1140,0.205505,16.868512,2.170652,2.091945,3.047985,true
deep_modular_abundance,549,0.490329,0.696675,118423.0523,0.218462,14.704776,2.240087,2.223847,2.657018,true
deep_modular_abundance,550,0.496670,0.714952,119198.4778,0.219893,17.132992,2.298856,2.238408,3.095774,true
deep_modular_abundance,551,0.505223,0.727134,121707.7322,0.224522,17.221443,2.338024,2.285529,3.111756,true
deep_modular_abundance,552,0.510593,0.699252,117029.9306,0.215892,16.435492,2.248372,2.197685,2.969742,true
deep_modular_abundance,553,0.523852,0.690898,113809.4824,0.209951,17.526108,2.221512,2.137209,3.166807,true
deep_modular_abundance,554,0.533452,0.669351,110754.7540,0.204316,16.353757,2.152229,2.079845,2.954974,true
deep_modular_abundance,555,0.524879,0.704350,116922.6285,0.215694,17.314296,2.264764,2.195670,3.128534,true
deep_modular_abundance,556,0.535220,0.663833,109441.2477,0.201893,16.617105,2.134486,2.055179,3.002558,true
deep_modular_abundance,557,0.515552,0.677925,112676.4827,0.207861,16.464937,2.179800,2.115933,2.975063,true
deep_modular_abundance,558,0.457103,0.804894,131963.9153,0.243442,20.927957,2.588055,2.478128,3.781489,true
deep_modular_abundance,559,0.517945,0.690228,115349.1715,0.212792,16.118896,2.219357,2.166123,2.912536,true
deep_modular_abundance,560,0.458446,0.748808,126568.7818,0.233489,16.227597,2.407716,2.376814,2.932177,true
deep_modular_abundance,561,0.504046,0.703527,116828.1656,0.215520,16.989248,2.262118,2.193896,3.069801,true
deep_modular_abundance,562,0.493024,0.750069,123021.1784,0.226945,19.745658,2.411769,2.310194,3.567859,true
deep_modular_abundance,563,0.509748,0.739073,120868.2292,0.222973,19.507396,2.376413,2.269764,3.524807,true
deep_modular_abundance,564,0.551672,0.630191,105061.9155,0.193814,14.660056,2.026314,1.972940,2.648937,true
deep_modular_abundance,565,0.512444,0.693612,115516.9742,0.213101,16.303897,2.230240,2.169274,2.945964,true
deep_modular_abundance,566,0.515971,0.676508,112452.5271,0.207448,16.229897,2.175242,2.111727,2.932593,true
deep_modular_abundance,567,0.546110,0.657504,108573.0168,0.200291,16.403664,2.114137,2.038874,2.963991,true
deep_modular_abundance,568,0.500194,0.716623,118579.2195,0.218750,17.597221,2.304229,2.226779,3.179656,true
deep_modular_abundance,569,0.497259,0.740709,122991.9341,0.226891,18.267409,2.381674,2.309645,3.300753,true
deep_modular_abundance,570,0.522636,0.684540,112874.1005,0.208226,17.280260,2.201068,2.119644,3.122384,true
deep_modular_abundance,571,0.495833,0.746250,122511.0601,0.226003,19.452412,2.399490,2.300615,3.514872,true
deep_modular_abundance,572,0.535040,0.643420,106757.4564,0.196942,15.437925,2.068851,2.004780,2.789491,true
deep_modular_abundance,573,0.455640,0.795650,132839.9945,0.245058,18.856932,2.558333,2.494580,3.407274,true
deep_modular_abundance,574,0.499108,0.762944,125197.5297,0.230959,19.759321,2.453168,2.351063,3.570328,true
deep_modular_abundance,575,0.499394,0.728472,122308.3527,0.225630,16.825774,2.342328,2.296808,3.040263,true
deep_modular_abundance,576,0.509354,0.711452,117818.0847,0.217346,17.688061,2.287600,2.212486,3.196070,true
deep_modular_abundance,577,0.509726,0.692510,114937.3148,0.212032,16.903171,2.226694,2.158388,3.054247,true
deep_modular_abundance,578,0.532670,0.656044,108055.4381,0.199336,16.331932,2.109441,2.029155,2.951030,true
deep_modular_abundance,579,0.498292,0.763038,124680.7419,0.230006,20.366998,2.453471,2.341359,3.680129,true
deep_modular_abundance,580,0.482199,0.764941,128254.2116,0.236598,17.716128,2.459590,2.408464,3.201141,true
deep_modular_abundance,581,0.520833,0.679268,112082.9942,0.206766,16.724830,2.184117,2.104788,3.022023,true
deep_modular_abundance,582,0.496524,0.672727,112510.5471,0.207555,15.312967,2.163086,2.112817,2.766912,true
deep_modular_abundance,583,0.502145,0.710177,118863.7832,0.219275,16.388104,2.283503,2.232123,2.961180,true
deep_modular_abundance,584,0.504674,0.717819,118585.7001,0.218762,17.862813,2.308074,2.226901,3.227646,true
deep_modular_abundance,585,0.521379,0.688574,113591.9833,0.209550,17.379021,2.214038,2.133125,3.140229,true
deep_modular_abundance,586,0.510883,0.701779,117265.6471,0.216327,16.631344,2.256500,2.202112,3.005131,true
deep_modular_abundance,587,0.481970,0.755694,124269.6032,0.229248,19.363532,2.429856,2.333638,3.498812,true
deep_modular_abundance,588,0.518749,0.665651,111289.3637,0.205302,15.272605,2.140332,2.089884,2.759619,true
deep_modular_abundance,589,0.527976,0.652933,108990.0523,0.201060,15.332678,2.099438,2.046706,2.770474,true
deep_modular_abundance,590,0.542492,0.676769,110259.0966,0.203402,18.016156,2.176080,2.070537,3.255354,true
deep_modular_abundance,591,0.502012,0.718978,120542.6441,0.222372,16.574037,2.311800,2.263650,2.994776,true
deep_modular_abundance,592,0.500275,0.711237,119465.1127,0.220384,16.301961,2.286911,2.243415,2.945614,true
deep_modular_abundance,593,0.512054,0.665143,112636.1548,0.207787,14.161104,2.138701,2.115175,2.558781,true
deep_modular_abundance,594,0.489199,0.740267,121670.3746,0.224453,18.993647,2.380253,2.284827,3.431977,true
deep_modular_abundance,595,0.499747,0.711760,118663.0582,0.218905,16.831821,2.288593,2.228354,3.041355,true
deep_modular_abundance,596,0.518601,0.717785,119929.9825,0.221242,17.003144,2.307965,2.252145,3.072312,true
deep_modular_abundance,597,0.486784,0.769906,126935.2554,0.234165,19.777987,2.475555,2.383696,3.573700,true
deep_modular_abundance,598,0.506566,0.718017,119717.1557,0.220849,17.058593,2.308710,2.248148,3.082331,true
deep_modular_abundance,599,0.496286,0.713295,118568.4691,0.218730,16.940736,2.293527,2.226577,3.061035,true
deep_modular_abundance,600,0.496678,0.753619,122853.3598,0.226635,20.276178,2.423186,2.307043,3.663719,true
deep_modular_abundance,601,0.521855,0.681004,112770.0549,0.208034,16.714088,2.189698,2.117690,3.020082,true
deep_modular_abundance,602,0.499800,0.748943,123059.4551,0.227015,19.519622,2.408149,2.310913,3.527016,true
deep_modular_abundance,603,0.538331,0.669024,111253.1838,0.205235,16.140562,2.151178,2.089205,2.916451,true
deep_modular_abundance,604,0.503370,0.712253,117903.7385,0.217504,17.826428,2.290177,2.214094,3.221072,true
deep_modular_abundance,605,0.501789,0.708804,117852.9484,0.217410,16.874059,2.279088,2.213141,3.048987,true
deep_modular_abundance,606,0.507941,0.705226,116514.2973,0.214941,17.449630,2.267583,2.188002,3.152988,true
deep_modular_abundance,607,0.516771,0.684448,115168.4497,0.212458,15.463523,2.200773,2.162729,2.794116,true
deep_modular_abundance,608,0.530546,0.667261,111093.8419,0.204941,15.944815,2.145508,2.086213,2.881082,true
deep_modular_abundance,609,0.525543,0.665044,110471.2975,0.203793,16.141473,2.138382,2.074522,2.916616,true
deep_modular_abundance,610,0.499794,0.765511,125797.8153,0.232067,19.753696,2.461422,2.362336,3.569311,true
deep_modular_abundance,611,0.509691,0.728524,119359.1489,0.220189,18.998482,2.342496,2.241425,3.432851,true
deep_modular_abundance,612,0.482736,0.737111,123929.2441,0.228620,16.608969,2.370107,2.327246,3.001088,true
deep_modular_abundance,613,0.492377,0.738198,122063.0306,0.225177,18.406823,2.373600,2.292201,3.325944,true
deep_modular_abundance,614,0.508451,0.698449,115928.2915,0.213860,17.144004,2.245791,2.176998,3.097764,true
deep_modular_abundance,615,0.498579,0.716045,118752.1021,0.219069,17.208533,2.302369,2.230026,3.109424,true
deep_modular_abundance,616,0.497151,0.719921,120293.7550,0.221913,16.886081,2.314832,2.258976,3.051160,true
deep_modular_abundance,617,0.516656,0.705770,119498.1818,0.220445,15.483947,2.269332,2.244036,2.797807,true
deep_modular_abundance,618,0.469805,0.775304,130171.9681,0.240136,17.870144,2.492910,2.444477,3.228971,true
deep_modular_abundance,619,0.506596,0.726735,118724.3244,0.219018,19.266722,2.336741,2.229504,3.481319,true
deep_modular_abundance,620,0.491644,0.702322,118755.7740,0.219076,15.250612,2.258244,2.230095,2.755645,true
deep_modular_abundance,621,0.536999,0.644065,107953.5259,0.199148,14.845056,2.070924,2.027241,2.682365,true
deep_modular_abundance,622,0.545754,0.635441,104778.2608,0.193291,15.693805,2.043195,1.967613,2.835726,true
deep_modular_abundance,623,0.501869,0.738707,121447.0580,0.224041,19.156057,2.375236,2.280634,3.461323,true
deep_modular_abundance,624,0.468512,0.780899,129539.8499,0.238970,19.435354,2.510902,2.432607,3.511790,true
deep_modular_abundance,625,0.525541,0.673942,110465.9770,0.203783,17.260070,2.166993,2.074422,3.118736,true
deep_modular_abundance,626,0.566139,0.608490,101874.5286,0.187934,13.851846,1.956537,1.913085,2.502901,true
deep_modular_abundance,627,0.522644,0.676854,113981.8837,0.210269,15.160477,2.176355,2.140447,2.739359,true
deep_modular_abundance,628,0.515178,0.711110,117348.4793,0.216480,17.918608,2.286500,2.203667,3.237728,true
deep_modular_abundance,629,0.505671,0.697822,116682.7331,0.215252,16.195783,2.243774,2.191165,2.926429,true
deep_modular_abundance,630,0.501993,0.703809,117186.1391,0.216180,16.821713,2.263024,2.200619,3.039529,true
deep_modular_abundance,631,0.501325,0.688361,115348.2457,0.212790,15.612952,2.213355,2.166105,2.821117,true
deep_modular_abundance,632,0.516992,0.677296,112732.1714,0.207964,16.226761,2.177775,2.116978,2.932026,true
deep_modular_abundance,633,0.493180,0.736061,123088.7356,0.227069,17.438924,2.366730,2.311463,3.151053,true
deep_modular_abundance,634,0.494423,0.746366,123059.3224,0.227015,18.962371,2.399864,2.310910,3.426326,true
deep_modular_abundance,635,0.537719,0.651082,109286.0033,0.201606,14.801980,2.093488,2.052263,2.674582,true
deep_modular_abundance,636,0.494506,0.712538,119105.6704,0.219721,16.719089,2.291094,2.236665,3.020986,true
deep_modular_abundance,637,0.520706,0.652633,109875.8951,0.202695,14.566265,2.098473,2.063341,2.631990,true
deep_modular_abundance,638,0.518158,0.666276,110755.6189,0.204318,16.027294,2.142341,2.079861,2.895985,true
deep_modular_abundance,639,0.477514,0.753664,126134.7542,0.232688,17.714525,2.423329,2.368663,3.200852,true
deep_modular_abundance,640,0.542482,0.640464,106128.6137,0.195782,15.552224,2.059346,1.992971,2.810144,true
deep_modular_abundance,641,0.469751,0.787375,130650.1798,0.241018,19.387181,2.531724,2.453458,3.503085,true
deep_modular_abundance,642,0.492088,0.801053,130427.1892,0.240607,22.129634,2.575704,2.449270,3.998621,true
deep_modular_abundance,643,0.470603,0.812333,137299.0221,0.253284,18.220329,2.611974,2.578315,3.292246,true
deep_modular_abundance,644,0.512148,0.720822,118024.2390,0.217726,18.933009,2.317729,2.216357,3.421021,true
deep_modular_abundance,645,0.499012,0.697849,116296.0948,0.214538,16.533745,2.243862,2.183905,2.987496,true
deep_modular_abundance,646,0.497667,0.706198,116934.8773,0.215717,17.229097,2.270708,2.195900,3.113139,true
deep_modular_abundance,647,0.526325,0.665317,110132.8182,0.203169,16.141305,2.139260,2.068166,2.916585,true
deep_modular_abundance,648,0.542374,0.634979,105648.8608,0.194897,15.083299,2.041709,1.983962,2.725413,true
deep_modular_abundance,649,0.496837,0.708865,117893.1221,0.217484,16.941494,2.279284,2.213895,3.061172,true
deep_modular_abundance,650,0.473219,0.767079,128665.0882,0.237356,17.732260,2.466464,2.416180,3.204056,true
deep_modular_abundance,651,0.516946,0.675289,112412.5619,0.207374,16.143879,2.171324,2.110977,2.917051,true
deep_modular_abundance,652,0.470803,0.767387,129198.5811,0.238340,17.458179,2.467455,2.426198,3.154532,true
deep_modular_abundance,653,0.521696,0.684797,113816.7830,0.209965,16.551403,2.201894,2.137346,2.990686,true
deep_modular_abundance,654,0.497868,0.683975,113898.6829,0.210116,16.057217,2.199252,2.138884,2.901391,true
deep_modular_abundance,655,0.519955,0.670889,111968.9173,0.206556,15.760618,2.157174,2.102645,2.847799,true
deep_modular_abundance,656,0.473720,0.776664,130474.7702,0.240695,17.635522,2.497283,2.450164,3.186577,true
deep_modular_abundance,657,0.473451,0.786444,130402.9199,0.240562,19.419439,2.528729,2.448814,3.508914,true
deep_modular_abundance,658,0.504613,0.753653,122585.9313,0.226142,20.591807,2.423294,2.302021,3.720750,true
deep_modular_abundance,659,0.486608,0.803411,131219.3085,0.242068,21.653282,2.583287,2.464145,3.912549,true
deep_modular_abundance,660,0.518002,0.700388,115081.0879,0.212297,17.837586,2.252027,2.161088,3.223088,true
deep_modular_abundance,661,0.524755,0.702687,117050.1962,0.215929,17.010296,2.259417,2.198066,3.073604,true
deep_modular_abundance,662,0.485834,0.722208,120343.8401,0.222005,16.905893,2.322186,2.259917,3.054739,true
deep_modular_abundance,663,0.538080,0.705228,114547.0037,0.211312,19.362154,2.267588,2.151059,3.498563,true
deep_modular_abundance,664,0.495615,0.780314,126705.6047,0.233741,21.391290,2.509020,2.379383,3.865209,true
deep_modular_abundance,665,0.474271,0.750833,125242.9830,0.231043,17.776580,2.414228,2.351917,3.212065,true
deep_modular_abundance,666,0.511576,0.702620,115515.9193,0.213099,17.774432,2.259202,2.169254,3.211676,true
deep_modular_abundance,667,0.530230,0.675729,110638.4045,0.204101,17.638638,2.172739,2.077660,3.187140,true
deep_modular_abundance,668,0.467037,0.785524,131261.8565,0.242147,18.830759,2.525773,2.464944,3.402545,true
deep_modular_abundance,669,0.532665,0.659623,109279.8506,0.201595,16.088102,2.120951,2.052148,2.906972,true
deep_modular_abundance,670,0.512330,0.690519,115266.8712,0.212640,16.218962,2.220292,2.164577,2.930617,true
deep_modular_abundance,671,0.541752,0.656175,108213.3071,0.199628,16.434828,2.109864,2.032119,2.969622,true
deep_modular_abundance,672,0.525564,0.667233,110076.5702,0.203065,16.449459,2.145418,2.067109,2.972266,true
deep_modular_abundance,673,0.486152,0.722784,119969.4498,0.221315,17.593181,2.324038,2.252886,3.178926,true
deep_modular_abundance,674,0.491971,0.794335,130251.9089,0.240283,20.934774,2.554102,2.445979,3.782721,true
deep_modular_abundance,675,0.486909,0.752470,125725.4918,0.231933,17.702261,2.419491,2.360978,3.198636,true
deep_modular_abundance,676,0.484350,0.728289,120785.7685,0.222821,17.819160,2.341738,2.268216,3.219758,true
deep_modular_abundance,677,0.512599,0.683248,114246.5636,0.210757,15.958451,2.196913,2.145417,2.883545,true
deep_modular_abundance,678,0.479663,0.743378,124662.3143,0.229972,17.143825,2.390255,2.341013,3.097732,true
deep_modular_abundance,679,0.478049,0.801531,133723.1142,0.246687,19.385830,2.577241,2.511164,3.502841,true
deep_modular_abundance,680,0.500525,0.770317,124869.0713,0.230353,21.264673,2.476875,2.344895,3.842331,true
deep_modular_abundance,681,0.506270,0.722391,119159.8685,0.219821,18.117494,2.322775,2.237683,3.273664,true
deep_modular_abundance,682,0.509875,0.681150,113012.1785,0.208480,16.455059,2.190168,2.122237,2.973278,true
deep_modular_abundance,683,0.491978,0.735387,121171.3781,0.223532,18.616240,2.364560,2.275457,3.363783,true
deep_modular_abundance,684,0.511855,0.740891,121113.1231,0.223425,19.805245,2.382260,2.274363,3.578626,true
deep_modular_abundance,685,0.487112,0.739435,120999.8103,0.223216,19.329300,2.377578,2.272235,3.492627,true
deep_modular_abundance,686,0.511417,0.715544,118340.1235,0.218309,18.026671,2.300757,2.222289,3.257254,true
deep_modular_abundance,687,0.516103,0.688160,114063.7254,0.210420,16.805559,2.212707,2.141983,3.036610,true
deep_modular_abundance,688,0.491624,0.700585,117627.8515,0.216995,15.911488,2.252659,2.208914,2.875060,true
deep_modular_abundance,689,0.549544,0.616099,102928.7734,0.189879,14.232105,1.981005,1.932882,2.571610,true
deep_modular_abundance,690,0.513271,0.709244,117503.9935,0.216767,17.537049,2.280502,2.206588,3.168783,true
deep_modular_abundance,691,0.501932,0.700384,116430.0468,0.214785,16.707455,2.252012,2.186420,3.018883,true
deep_modular_abundance,692,0.482758,0.739759,122958.9516,0.226830,17.902969,2.378619,2.309025,3.234902,true
deep_modular_abundance,693,0.522027,0.701072,115687.5723,0.213416,17.879695,2.254227,2.172477,3.230696,true
deep_modular_abundance,694,0.505830,0.697086,114920.4092,0.212001,17.280636,2.241410,2.158071,3.122452,true
deep_modular_abundance,695,0.511609,0.732909,118882.6940,0.219310,20.154616,2.356594,2.232478,3.641754,true
deep_modular_abundance,696,0.516489,0.688667,114097.4313,0.210482,16.819887,2.214339,2.142616,3.039199,true
deep_modular_abundance,697,0.495251,0.705541,118112.5722,0.217889,16.346402,2.268595,2.218016,2.953644,true
deep_modular_abundance,698,0.500464,0.741193,122246.0779,0.225515,18.960767,2.383229,2.295639,3.426036,true
deep_modular_abundance,699,0.532396,0.678863,111876.0038,0.206384,17.221647,2.182814,2.100901,3.111793,true
deep_modular_abundance,700,0.509409,0.661093,110098.9199,0.203106,15.482828,2.125676,2.067529,2.797605,true
deep_modular_abundance,701,0.527747,0.674283,111967.2279,0.206553,16.554259,2.168089,2.102614,2.991202,true
deep_modular_abundance,702,0.507796,0.691227,114925.0603,0.212009,16.408569,2.222570,2.158158,2.964878,true
deep_modular_abundance,703,0.485102,0.745258,122541.6793,0.226060,19.026342,2.396301,2.301190,3.437885,true
deep_modular_abundance,704,0.509837,0.674710,113417.0773,0.209227,15.350443,2.169460,2.129840,2.773684,true
deep_modular_abundance,705,0.504856,0.730631,120134.3024,0.221619,18.712958,2.349268,2.255982,3.381259,true
deep_modular_abundance,706,0.486834,0.728830,123734.9961,0.228261,15.696007,2.343479,2.323599,2.836124,true
deep_modular_abundance,707,0.472199,0.779043,129704.0359,0.239273,18.891015,2.504933,2.435690,3.413433,true
deep_modular_abundance,708,0.474865,0.740269,124835.5771,0.230292,16.312286,2.380260,2.344266,2.947480,true
deep_modular_abundance,709,0.512489,0.679259,113264.0884,0.208945,16.209854,2.184087,2.126967,2.928971,true
deep_modular_abundance,710,0.508403,0.701806,115460.6077,0.212997,17.554019,2.256586,2.168215,3.171850,true
deep_modular_abundance,711,0.499071,0.696658,117842.6864,0.217391,15.205725,2.240031,2.212948,2.747535,true
deep_modular_abundance,712,0.517769,0.711191,117260.4357,0.216317,17.832374,2.286761,2.202014,3.222146,true
deep_modular_abundance,713,0.543896,0.662132,108269.3504,0.199731,17.274219,2.129017,2.033172,3.121292,true
deep_modular_abundance,714,0.511670,0.708192,116957.3861,0.215758,17.827637,2.277119,2.196323,3.221290,true
deep_modular_abundance,715,0.517862,0.711708,116686.2511,0.215258,18.488757,2.288425,2.191231,3.340748,true
deep_modular_abundance,716,0.518082,0.676584,112824.2549,0.208134,15.863047,2.175486,2.118708,2.866307,true
deep_modular_abundance,717,0.499151,0.715200,118059.3068,0.217791,18.120019,2.299651,2.217016,3.274121,true
deep_modular_abundance,718,0.508251,0.705215,116706.0487,0.215295,17.430989,2.267547,2.191603,3.149619,true
deep_modular_abundance,719,0.491771,0.724273,119913.5767,0.221212,17.995428,2.328824,2.251837,3.251608,true
deep_modular_abundance,720,0.552162,0.615254,102673.9675,0.189409,14.295198,1.978286,1.928097,2.583011,true
deep_modular_abundance,721,0.514235,0.686931,114687.6637,0.211571,16.270029,2.208757,2.153700,2.939845,true
deep_modular_abundance,722,0.524257,0.673625,112861.7139,0.208203,15.673664,2.165974,2.119411,2.832087,true
deep_modular_abundance,723,0.515970,0.699301,115078.5036,0.212292,17.815816,2.248530,2.161040,3.219154,true
deep_modular_abundance,724,0.488342,0.712030,119835.4928,0.221068,15.809357,2.289458,2.250371,2.856605,true
deep_modular_abundance,725,0.513755,0.720659,118498.8790,0.218602,18.504200,2.317207,2.225270,3.343539,true
deep_modular_abundance,726,0.548560,0.642422,106045.4018,0.195628,15.780829,2.065643,1.991409,2.851451,true
deep_modular_abundance,727,0.471129,0.753047,127785.4350,0.235733,16.320740,2.421346,2.399661,2.949008,true
deep_modular_abundance,728,0.516500,0.717508,117119.9523,0.216058,18.988447,2.307075,2.199376,3.431038,true
deep_modular_abundance,729,0.508258,0.677310,113056.6372,0.208562,15.755277,2.177822,2.123072,2.846834,true
deep_modular_abundance,730,0.521885,0.689962,113468.9722,0.209323,17.704450,2.218502,2.130815,3.199031,true
deep_modular_abundance,731,0.523994,0.724810,117744.7063,0.217211,19.753227,2.330552,2.211108,3.569226,true
deep_modular_abundance,732,0.501321,0.710039,117963.4201,0.217614,17.233596,2.283059,2.215215,3.113952,true
deep_modular_abundance,733,0.518852,0.680045,114677.8062,0.211553,14.946441,2.186616,2.153515,2.700684,true
deep_modular_abundance,734,0.493278,0.748360,124568.8570,0.229800,18.200151,2.406274,2.339258,3.288600,true
deep_modular_abundance,735,0.510729,0.696379,116563.5128,0.215032,16.223952,2.239134,2.188927,2.931519,true
deep_modular_abundance,736,0.510602,0.719442,118025.1608,0.217728,18.707160,2.313293,2.216375,3.380212,true
deep_modular_abundance,737,0.529302,0.665632,110046.9289,0.203010,16.435986,2.140271,2.066553,2.969832,true
deep_modular_abundance,738,0.555552,0.649494,106114.0814,0.195755,16.952131,2.088383,1.992698,3.063094,true
deep_modular_abundance,739,0.525660,0.694496,115058.3424,0.212255,17.094599,2.233080,2.160661,3.088837,true
deep_modular_abundance,740,0.538949,0.644840,107985.9486,0.199208,15.043900,2.073417,2.027850,2.718294,true
deep_modular_abundance,741,0.510435,0.709114,118300.1734,0.218235,16.681811,2.280085,2.221539,3.014250,true
deep_modular_abundance,742,0.546452,0.642796,105956.4983,0.195464,16.069187,2.066846,1.989739,2.903554,true
deep_modular_abundance,743,0.484501,0.725525,122333.4567,0.225676,16.138035,2.332851,2.297279,2.915995,true
deep_modular_abundance,744,0.498862,0.702213,117795.7607,0.217305,16.050771,2.257896,2.212067,2.900227,true
deep_modular_abundance,745,0.490633,0.765790,125716.0534,0.231916,19.955544,2.462320,2.360801,3.605783,true
deep_modular_abundance,746,0.534438,0.672329,109735.1646,0.202435,17.579071,2.161805,2.060698,3.176376,true
deep_modular_abundance,747,0.529178,0.661033,110116.9603,0.203139,15.740723,2.125486,2.067868,2.844204,true
deep_modular_abundance,748,0.522880,0.755310,121602.4293,0.224327,21.707280,2.428621,2.283552,3.922306,true
deep_modular_abundance,749,0.514830,0.707258,116062.8111,0.214108,18.241773,2.274116,2.179524,3.296121,true
deep_modular_abundance,750,0.506977,0.687509,115435.9392,0.212952,15.491024,2.210614,2.167752,2.799086,true
deep_modular_abundance,751,0.545754,0.612855,102606.6909,0.189285,13.984545,1.970573,1.926834,2.526879,true
deep_modular_abundance,752,0.498575,0.723327,119127.9151,0.219762,18.490133,2.325785,2.237083,3.340997,true
deep_modular_abundance,753,0.523606,0.703143,115678.3462,0.213399,18.174630,2.260884,2.172304,3.283988,true
deep_modular_abundance,754,0.529535,0.659171,108669.4444,0.200469,16.272396,2.119496,2.040685,2.940272,true
deep_modular_abundance,755,0.564185,0.614868,101616.6769,0.187458,14.908235,1.977046,1.908242,2.693781,true
deep_modular_abundance,756,0.527943,0.681912,112615.7141,0.207749,17.071047,2.192618,2.114792,3.084581,true
deep_modular_abundance,757,0.500268,0.732940,120312.1646,0.221947,19.089612,2.356694,2.259322,3.449317,true
deep_modular_abundance,758,0.542591,0.637894,106744.3124,0.196918,14.760454,2.051082,2.004533,2.667078,true
deep_modular_abundance,759,0.497505,0.723835,120256.9576,0.221845,17.383384,2.327418,2.258285,3.141018,true
deep_modular_abundance,760,0.523893,0.673181,112273.6176,0.207118,16.067430,2.164545,2.108367,2.903237,true
deep_modular_abundance,761,0.511801,0.708635,116490.5841,0.214897,18.125977,2.278544,2.187557,3.275197,true
deep_modular_abundance,762,0.495382,0.740120,122522.0298,0.226024,18.492064,2.379779,2.300821,3.341346,true
deep_modular_abundance,763,0.556521,0.641184,106876.9615,0.197162,15.358090,2.061663,2.007024,2.775066,true
deep_modular_abundance,764,0.518180,0.676571,114100.9232,0.210489,15.101422,2.175445,2.142682,2.728688,true
deep_modular_abundance,765,0.520745,0.709040,115954.6536,0.213908,18.659231,2.279845,2.177493,3.371551,true
deep_modular_abundance,766,0.536059,0.667992,110827.3749,0.204450,16.235970,2.147861,2.081209,2.933690,true
deep_modular_abundance,767,0.465930,0.824346,136476.2750,0.251766,20.637700,2.650599,2.562865,3.729043,true
deep_modular_abundance,768,0.494918,0.755227,123914.7030,0.228593,19.563711,2.428354,2.326973,3.534983,true
deep_modular_abundance,769,0.504538,0.703621,115986.5912,0.213967,17.666010,2.262422,2.178093,3.192086,true
deep_modular_abundance,770,0.543564,0.656055,108970.7007,0.201025,15.767695,2.109477,2.046342,2.849078,true
deep_modular_abundance,771,0.494346,0.730291,123356.3080,0.227563,16.193835,2.348176,2.316487,2.926077,true
deep_modular_abundance,772,0.513960,0.680291,113410.5334,0.209215,16.011493,2.187405,2.129717,2.893129,true
deep_modular_abundance,773,0.527899,0.683431,111592.5610,0.205861,17.855529,2.197504,2.095578,3.226330,true
deep_modular_abundance,774,0.531089,0.678224,113062.4038,0.208573,16.363635,2.180759,2.123180,2.956758,true
deep_modular_abundance,775,0.500754,0.760526,124348.7108,0.229393,20.269337,2.445394,2.335123,3.662483,true
deep_modular_abundance,776,0.501294,0.694080,116277.6330,0.214504,15.968775,2.231744,2.183558,2.885411,true
deep_modular_abundance,777,0.485445,0.731253,122295.0805,0.225605,17.000201,2.351269,2.296559,3.071780,true
deep_modular_abundance,778,0.515042,0.701270,116494.9593,0.214905,17.088302,2.254863,2.187639,3.087699,true
deep_modular_abundance,779,0.529173,0.668245,110408.6563,0.203677,16.388802,2.148673,2.073346,2.961306,true
deep_modular_abundance,780,0.524085,0.691886,113120.3678,0.208680,18.241935,2.224689,2.124268,3.296150,true
deep_modular_abundance,781,0.462566,0.806404,134853.9788,0.248773,19.032581,2.592910,2.532400,3.439012,true
deep_modular_abundance,782,0.502490,0.696900,117269.3252,0.216334,15.881560,2.240812,2.202181,2.869652,true
deep_modular_abundance,783,0.500900,0.704009,117447.9405,0.216663,16.702960,2.263668,2.205535,3.018071,true
deep_modular_abundance,784,0.542842,0.664544,110120.2767,0.203145,16.420705,2.136772,2.067930,2.967070,true
deep_modular_abundance,785,0.525811,0.708264,114805.9494,0.211789,19.360998,2.277351,2.155922,3.498354,true
deep_modular_abundance,786,0.501784,0.718468,118752.6779,0.219070,17.873901,2.310161,2.230037,3.229650,true
deep_modular_abundance,787,0.504862,0.714538,117872.1445,0.217446,18.057462,2.297523,2.213501,3.262817,true
deep_modular_abundance,788,0.510394,0.689808,113688.2760,0.209728,17.238194,2.218008,2.134933,3.114783,true
deep_modular_abundance,789,0.504131,0.691644,116191.3022,0.214345,15.575911,2.223911,2.181937,2.814424,true
deep_modular_abundance,790,0.464646,0.838232,139262.2020,0.256905,20.881312,2.695248,2.615181,3.773061,true
deep_modular_abundance,791,0.525709,0.699745,114390.3487,0.211023,18.513236,2.249959,2.148117,3.345171,true
deep_modular_abundance,792,0.491507,0.728102,122572.0842,0.226116,16.461332,2.341137,2.301761,2.974411,true
deep_modular_abundance,793,0.482923,0.730473,122735.8545,0.226418,16.374959,2.348763,2.304836,2.958805,true
deep_modular_abundance,794,0.515323,0.692949,113810.6224,0.209953,17.647195,2.228107,2.137231,3.188686,true
deep_modular_abundance,795,0.496477,0.720237,120109.7669,0.221574,17.056535,2.315848,2.255521,3.081959,true
deep_modular_abundance,796,0.475214,0.796539,130964.8757,0.241599,20.616229,2.561190,2.459367,3.725163,true
deep_modular_abundance,797,0.536921,0.667055,109941.4250,0.202816,16.712903,2.144847,2.064572,3.019868,true
deep_modular_abundance,798,0.514192,0.680232,113047.5172,0.208546,16.351719,2.187217,2.122900,2.954605,true
deep_modular_abundance,799,0.526622,0.696577,114474.6757,0.211178,17.808979,2.239774,2.149701,3.217919,true
deep_modular_abundance,800,0.526188,0.696533,114527.9867,0.211277,17.861277,2.239631,2.150702,3.227368,true
deep_modular_abundance,801,0.506202,0.742524,121089.1521,0.223380,20.013112,2.387509,2.273913,3.616185,true
deep_modular_abundance,802,0.490933,0.740283,122111.9287,0.225267,18.616505,2.380303,2.293119,3.363831,true
deep_modular_abundance,803,0.492890,0.715993,118629.0584,0.218842,17.413678,2.302204,2.227715,3.146491,true
deep_modular_abundance,804,0.489135,0.781045,128563.2287,0.237168,20.153526,2.511370,2.414267,3.641557,true
deep_modular_abundance,805,0.527690,0.677058,112020.4395,0.206651,16.745598,2.177011,2.103613,3.025776,true
deep_modular_abundance,806,0.549994,0.645183,106316.1735,0.196128,16.156551,2.074522,1.996494,2.919340,true
deep_modular_abundance,807,0.518600,0.674614,112035.3689,0.206678,16.150058,2.169152,2.103893,2.918167,true
deep_modular_abundance,808,0.456801,0.819791,135293.3070,0.249584,20.897741,2.635954,2.540650,3.776030,true
deep_modular_abundance,809,0.516173,0.693441,114627.1575,0.211460,17.138145,2.229690,2.152564,3.096705,true
deep_modular_abundance,810,0.537776,0.673025,109799.6839,0.202554,17.913091,2.164044,2.061910,3.236731,true
deep_modular_abundance,811,0.535270,0.657771,109182.4658,0.201415,15.823893,2.114994,2.050319,2.859232,true
deep_modular_abundance,812,0.505598,0.696439,115937.9498,0.213878,16.390761,2.239328,2.177179,2.961660,true
deep_modular_abundance,813,0.493466,0.719942,120068.3737,0.221497,16.957587,2.314901,2.254744,3.064080,true
deep_modular_abundance,814,0.517228,0.739172,120046.0469,0.221456,20.115895,2.376732,2.254324,3.634757,true
deep_modular_abundance,815,0.495021,0.740398,122245.0242,0.225513,18.675821,2.380673,2.295619,3.374549,true
deep_modular_abundance,816,0.528437,0.639470,106283.4460,0.196067,15.115905,2.056152,1.995879,2.731305,true
deep_modular_abundance,817,0.502429,0.774277,126763.7868,0.233849,20.597813,2.489608,2.380476,3.721835,true
deep_modular_abundance,818,0.515644,0.722791,119126.1046,0.219759,18.673260,2.324062,2.237049,3.374086,true
deep_modular_abundance,819,0.516356,0.665257,109447.5509,0.201904,16.588262,2.139066,2.055297,2.997346,true
deep_modular_abundance,820,0.535753,0.661447,109292.5455,0.201618,16.415274,2.126814,2.052386,2.966089,true
deep_modular_abundance,821,0.531943,0.706921,114680.8890,0.211559,19.320937,2.273032,2.153573,3.491116,true
deep_modular_abundance,822,0.525946,0.681635,112054.0935,0.206713,17.278433,2.191728,2.104245,3.122054,true
deep_modular_abundance,823,0.495831,0.739179,122418.4558,0.225833,18.347026,2.376753,2.298876,3.315139,true
deep_modular_abundance,824,0.493834,0.684525,114882.0285,0.211930,15.613336,2.201020,2.157350,2.821186,true
deep_modular_abundance,825,0.505650,0.711914,119387.9406,0.220242,16.441718,2.289086,2.241966,2.970867,true
deep_modular_abundance,826,0.519189,0.704971,116505.5996,0.214925,17.778470,2.266761,2.187839,3.212406,true
deep_modular_abundance,827,0.519472,0.740307,120365.8318,0.222046,20.519282,2.380381,2.260330,3.707646,true
deep_modular_abundance,828,0.505896,0.686936,114067.9812,0.210428,16.534902,2.208772,2.142063,2.987705,true
deep_modular_abundance,829,0.520290,0.671887,111963.1571,0.206545,16.058987,2.160383,2.102537,2.901711,true
deep_modular_abundance,830,0.538939,0.660141,107816.7713,0.198896,17.144162,2.122617,2.024673,3.097792,true
deep_modular_abundance,831,0.486889,0.699608,117166.6362,0.216144,16.037287,2.249519,2.200253,2.897790,true
deep_modular_abundance,832,0.552873,0.627452,103079.0158,0.190156,15.674952,2.017507,1.935703,2.832320,true
deep_modular_abundance,833,0.486329,0.725158,121277.0173,0.223727,16.889019,2.331672,2.277441,3.051690,true
deep_modular_abundance,834,0.508511,0.691133,114935.3781,0.212028,16.290266,2.222268,2.158352,2.943501,true
deep_modular_abundance,835,0.502182,0.707263,117606.0637,0.216955,17.068599,2.274131,2.208504,3.084139,true
deep_modular_abundance,836,0.513973,0.686541,113436.5008,0.209263,16.984571,2.207502,2.130205,3.068956,true
deep_modular_abundance,837,0.497405,0.707861,121110.0632,0.223419,14.272645,2.276053,2.274305,2.578936,true
deep_modular_abundance,838,0.467765,0.753954,127324.1747,0.234883,16.761685,2.424262,2.390999,3.028682,true
deep_modular_abundance,839,0.506794,0.706515,117752.7418,0.217226,17.086254,2.271727,2.211259,3.087329,true
deep_modular_abundance,840,0.522092,0.684087,112723.0948,0.207947,17.172554,2.199613,2.116808,3.102923,true
deep_modular_abundance,841,0.538224,0.660104,108831.6011,0.200768,16.404452,2.122496,2.043730,2.964134,true
deep_modular_abundance,842,0.466468,0.830938,137189.6670,0.253082,21.162330,2.671797,2.576262,3.823838,true
deep_modular_abundance,843,0.509265,0.714487,117466.0408,0.216697,18.475507,2.297360,2.205875,3.338354,true
deep_modular_abundance,844,0.541687,0.640778,105809.1356,0.195192,15.696885,2.060356,1.986972,2.836283,true
deep_modular_abundance,845,0.468627,0.768387,126793.1758,0.233903,19.491086,2.470670,2.381028,3.521860,true
deep_modular_abundance,846,0.480954,0.747901,124820.3451,0.230264,17.770752,2.404798,2.343980,3.211011,true
deep_modular_abundance,847,0.479698,0.737708,123026.9837,0.226955,17.617156,2.372024,2.310303,3.183258,true
deep_modular_abundance,848,0.487239,0.750540,125204.8025,0.230973,17.889442,2.413286,2.351200,3.232458,true
deep_modular_abundance,849,0.527606,0.669842,111634.0099,0.205938,15.826634,2.153809,2.096356,2.859727,true
deep_modular_abundance,850,0.510536,0.714977,119203.2966,0.219901,17.101136,2.298934,2.238499,3.090018,true
deep_modular_abundance,851,0.492423,0.728521,120758.9015,0.222771,17.877828,2.342486,2.267711,3.230359,true
deep_modular_abundance,852,0.521673,0.657873,109650.1398,0.202278,15.365184,2.115324,2.059102,2.776347,true
deep_modular_abundance,853,0.486325,0.736893,121078.4635,0.223361,18.743103,2.369404,2.273712,3.386706,true
deep_modular_abundance,854,0.531088,0.694199,115346.6271,0.212787,16.789205,2.232127,2.166075,3.033655,true
deep_modular_abundance,855,0.529947,0.645716,108215.4565,0.199632,14.764587,2.076232,2.032160,2.667825,true
deep_modular_abundance,856,0.505613,0.718841,120337.3811,0.221994,16.554192,2.311358,2.259795,2.991190,true
deep_modular_abundance,857,0.482464,0.737368,123453.5457,0.227742,17.290561,2.370932,2.318313,3.124245,true
deep_modular_abundance,858,0.503088,0.696181,115971.2668,0.213939,16.589141,2.238499,2.177805,2.997505,true
deep_modular_abundance,859,0.545918,0.648965,107357.9763,0.198050,15.865409,2.086681,2.016057,2.866734,true
deep_modular_abundance,860,0.511462,0.730577,120795.6594,0.222839,18.444326,2.349096,2.268401,3.332720,true
deep_modular_abundance,861,0.519211,0.678516,112432.8442,0.207412,16.566970,2.181699,2.111357,2.993499,true
deep_modular_abundance,862,0.519301,0.676855,111346.1420,0.205407,16.929496,2.176360,2.090950,3.059004,true
deep_modular_abundance,863,0.499693,0.708616,119256.1806,0.219999,16.003543,2.278481,2.239492,2.891693,true
deep_modular_abundance,864,0.486901,0.771069,127135.1545,0.234534,19.993772,2.479293,2.387450,3.612691,true
deep_modular_abundance,865,0.507594,0.677916,113863.6620,0.210051,15.116710,2.179770,2.138227,2.731450,true
deep_modular_abundance,866,0.484101,0.747910,122690.9923,0.226335,19.417358,2.404830,2.303993,3.508538,true
deep_modular_abundance,867,0.474238,0.759453,125780.1644,0.232034,18.822748,2.441943,2.362005,3.401098,true
deep_modular_abundance,868,0.525187,0.666264,109974.3104,0.202876,16.483442,2.142305,2.065189,2.978406,true
deep_modular_abundance,869,0.507423,0.693596,115098.5241,0.212329,16.780570,2.230188,2.161416,3.032095,true
deep_modular_abundance,870,0.517536,0.678580,112449.6622,0.207443,16.539862,2.181904,2.111673,2.988601,true
deep_modular_abundance,871,0.466207,0.809789,134769.7972,0.248618,19.855404,2.603794,2.530819,3.587689,true
deep_modular_abundance,872,0.543233,0.639340,105179.3621,0.194031,16.025866,2.055733,1.975146,2.895727,true
deep_modular_abundance,873,0.506323,0.703179,116240.6321,0.214436,17.549030,2.261000,2.182863,3.170948,true
deep_modular_abundance,874,0.521371,0.667099,112681.7770,0.207871,14.681667,2.144989,2.116032,2.652842,true
deep_modular_abundance,875,0.545306,0.637213,105573.4963,0.194758,15.400059,2.048895,1.982547,2.782649,true
deep_modular_abundance,876,0.531553,0.660427,110345.8350,0.203562,15.436573,2.123535,2.072166,2.789247,true
deep_modular_abundance,877,0.532942,0.665397,110555.1483,0.203948,15.889024,2.139516,2.076097,2.871001,true
deep_modular_abundance,878,0.492615,0.752400,123603.4758,0.228019,19.373804,2.419267,2.321129,3.500668,true
deep_modular_abundance,879,0.496213,0.723621,121525.3277,0.224185,16.297598,2.326729,2.282104,2.944826,true
deep_modular_abundance,880,0.530049,0.630218,105068.7165,0.193827,14.552450,2.026402,1.973068,2.629494,true
deep_modular_abundance,881,0.503773,0.736165,120574.3282,0.222431,19.398202,2.367062,2.264245,3.505077,true
deep_modular_abundance,882,0.488764,0.751843,125394.7578,0.231323,18.019443,2.417474,2.354767,3.255948,true
deep_modular_abundance,883,0.468224,0.772044,129497.1923,0.238891,17.840390,2.482430,2.431806,3.223594,true
deep_modular_abundance,884,0.508793,0.712694,116128.7277,0.214230,18.952811,2.291596,2.180762,3.424599,true
deep_modular_abundance,885,0.513509,0.672735,111808.5081,0.206260,16.093887,2.163112,2.099633,2.908017,true
deep_modular_abundance,886,0.525339,0.672139,112417.0653,0.207382,15.688196,2.161194,2.111061,2.834713,true
deep_modular_abundance,887,0.530263,0.673328,110817.8366,0.204432,17.144321,2.165017,2.081029,3.097821,true
deep_modular_abundance,888,0.495796,0.691736,116386.2136,0.214705,15.559472,2.224206,2.185597,2.811453,true
deep_modular_abundance,889,0.495195,0.714079,119627.3933,0.220684,16.704870,2.296047,2.246463,3.018416,true
deep_modular_abundance,890,0.534490,0.644947,108604.6080,0.200349,14.577523,2.073762,2.039468,2.634024,true
deep_modular_abundance,891,0.517983,0.676097,111976.7905,0.206570,16.450161,2.173922,2.102793,2.972393,true
deep_modular_abundance,892,0.525082,0.672026,113454.0731,0.209296,14.895093,2.160830,2.130535,2.691406,true
deep_modular_abundance,893,0.509004,0.686214,113702.7791,0.209754,16.852873,2.206452,2.135205,3.045159,true
deep_modular_abundance,894,0.546720,0.684299,111260.2286,0.205248,18.561201,2.200294,2.089337,3.353838,true
deep_modular_abundance,895,0.481999,0.763332,126210.4206,0.232828,18.986262,2.454415,2.370084,3.430643,true
deep_modular_abundance,896,0.525872,0.698921,113933.7824,0.210180,18.689030,2.247309,2.139543,3.376936,true
deep_modular_abundance,897,0.502621,0.746832,121906.0238,0.224887,19.944317,2.401361,2.289253,3.603755,true
deep_modular_abundance,898,0.519825,0.683368,113104.1717,0.208650,17.020906,2.197301,2.123964,3.075521,true
deep_modular_abundance,899,0.488152,0.746767,123028.9873,0.226959,18.682960,2.401154,2.310341,3.375839,true
deep_modular_abundance,900,0.484136,0.804575,131161.2474,0.241961,21.668202,2.587029,2.463055,3.915245,true
deep_modular_abundance,901,0.517468,0.666149,111358.4604,0.205430,15.475756,2.141934,2.091182,2.796327,true
deep_modular_abundance,902,0.514264,0.694526,114340.8016,0.210931,17.513316,2.233178,2.147187,3.164495,true
deep_modular_abundance,903,0.503531,0.695808,116363.6768,0.214663,16.263191,2.237300,2.185174,2.938609,true
deep_modular_abundance,904,0.503964,0.737274,120544.9873,0.222377,19.440999,2.370628,2.263694,3.512810,true
deep_modular_abundance,905,0.518680,0.658891,109884.5916,0.202711,15.274972,2.118596,2.063504,2.760047,true
deep_modular_abundance,906,0.489540,0.726544,120382.2575,0.222076,17.842073,2.336130,2.260638,3.223898,true
deep_modular_abundance,907,0.486328,0.767753,126942.7516,0.234179,19.211259,2.468630,2.383837,3.471298,true
deep_modular_abundance,908,0.519862,0.666162,110474.6189,0.203799,15.929808,2.141974,2.074584,2.878370,true
deep_modular_abundance,909,0.523972,0.684776,114149.4980,0.210578,16.346741,2.201828,2.143594,2.953706,true
deep_modular_abundance,910,0.529189,0.692926,113056.9671,0.208563,18.278184,2.228034,2.123078,3.302700,true
deep_modular_abundance,911,0.531441,0.681648,112227.8901,0.207033,17.316005,2.191768,2.107509,3.128843,true
deep_modular_abundance,912,0.523441,0.660323,109456.1273,0.201920,15.890775,2.123200,2.055458,2.871317,true
deep_modular_abundance,913,0.537016,0.710154,115256.8832,0.212621,19.300495,2.283427,2.164390,3.487422,true
deep_modular_abundance,914,0.536049,0.683341,111670.9840,0.206006,18.000087,2.197214,2.097051,3.252450,true
deep_modular_abundance,915,0.551736,0.648859,106974.7653,0.197343,16.280669,2.086340,2.008861,2.941767,true
deep_modular_abundance,916,0.500391,0.762447,123741.8644,0.228274,20.962698,2.451570,2.323728,3.787767,true
deep_modular_abundance,917,0.521986,0.694204,114234.6759,0.210736,17.664396,2.232141,2.145194,3.191794,true
deep_modular_abundance,918,0.515287,0.683675,115197.4703,0.212512,15.392185,2.198286,2.163274,2.781226,true
deep_modular_abundance,919,0.473047,0.750128,124809.2071,0.230243,17.964163,2.411961,2.343771,3.245959,true
deep_modular_abundance,920,0.524866,0.709355,116103.0813,0.214182,18.673261,2.280857,2.180280,3.374087,true
deep_modular_abundance,921,0.505306,0.726676,119225.2036,0.219942,19.035326,2.336551,2.238910,3.439508,true
deep_modular_abundance,922,0.519185,0.675749,111228.9326,0.205191,16.883638,2.172802,2.088749,3.050718,true
deep_modular_abundance,923,0.501904,0.742987,121986.9487,0.225037,19.297542,2.388999,2.290772,3.486888,true
deep_modular_abundance,924,0.549530,0.661195,107828.6697,0.198918,17.576659,2.126003,2.024896,3.175941,true
deep_modular_abundance,925,0.531400,0.670364,111184.6366,0.205109,16.369325,2.155488,2.087918,2.957786,true
deep_modular_abundance,926,0.491135,0.724459,119774.4670,0.220955,17.959315,2.329423,2.249225,3.245083,true
deep_modular_abundance,927,0.488285,0.746351,123341.8599,0.227536,18.613297,2.399815,2.316216,3.363252,true
deep_modular_abundance,928,0.545597,0.652703,106829.4189,0.197075,16.951017,2.098701,2.006132,3.062893,true
deep_modular_abundance,929,0.511509,0.702776,117790.3877,0.217295,16.358914,2.259705,2.211966,2.955905,true
deep_modular_abundance,930,0.525198,0.659346,109550.0788,0.202094,15.512753,2.120060,2.057222,2.803012,true
deep_modular_abundance,931,0.502705,0.714021,117280.2137,0.216354,18.242398,2.295862,2.202385,3.296234,true
deep_modular_abundance,932,0.504661,0.783315,127745.0627,0.235659,21.162541,2.518669,2.398903,3.823876,true
deep_modular_abundance,933,0.532887,0.666931,111944.7887,0.206511,15.282361,2.144447,2.102192,2.761382,true
deep_modular_abundance,934,0.506577,0.688104,115045.3537,0.212231,16.110753,2.212529,2.160417,2.911065,true
deep_modular_abundance,935,0.543680,0.637763,105828.8480,0.195229,15.255499,2.050661,1.987342,2.756528,true
deep_modular_abundance,936,0.468661,0.799625,132179.3892,0.243839,20.157378,2.571111,2.482174,3.642253,true
deep_modular_abundance,937,0.489643,0.727767,120786.8251,0.222823,17.538887,2.340060,2.268235,3.169116,true
deep_modular_abundance,938,0.523071,0.677113,111548.3067,0.205780,17.143560,2.177189,2.094747,3.097684,true
deep_modular_abundance,939,0.487367,0.739545,123624.1962,0.228057,17.484519,2.377932,2.321518,3.159292,true
deep_modular_abundance,940,0.548937,0.636655,105346.0064,0.194338,15.658238,2.047100,1.978275,2.829300,true
deep_modular_abundance,941,0.528649,0.661748,110116.9603,0.203139,15.757650,2.127782,2.067868,2.847262,true
deep_modular_abundance,942,0.516625,0.672361,111713.4890,0.206085,16.190962,2.161908,2.097849,2.925558,true
deep_modular_abundance,943,0.515488,0.679331,112139.1241,0.206870,16.819864,2.184319,2.105842,3.039195,true
deep_modular_abundance,944,0.499437,0.730390,119840.5047,0.221077,18.967257,2.348494,2.250465,3.427209,true
deep_modular_abundance,945,0.511990,0.677854,113301.7459,0.209015,15.817983,2.179570,2.127674,2.858164,true
deep_modular_abundance,946,0.486061,0.695931,116629.7033,0.215154,15.738904,2.237695,2.190170,2.843875,true
deep_modular_abundance,947,0.495990,0.725505,121042.6026,0.223295,17.190580,2.332786,2.273039,3.106180,true
deep_modular_abundance,948,0.514491,0.679026,112144.2564,0.206879,16.795380,2.183338,2.105938,3.034771,true
deep_modular_abundance,949,0.551308,0.654876,107946.6406,0.199136,16.561444,2.105686,2.027112,2.992501,true
deep_modular_abundance,950,0.547382,0.628469,104358.5907,0.192517,15.020885,2.020777,1.959732,2.714136,true
deep_modular_abundance,951,0.484667,0.760190,125060.9579,0.230707,19.459580,2.444313,2.348499,3.516167,true
deep_modular_abundance,952,0.478586,0.736800,123475.8157,0.227783,16.953622,2.369104,2.318732,3.063364,true
deep_modular_abundance,953,0.519664,0.666728,111560.7035,0.205803,15.515439,2.143795,2.094980,2.803497,true
deep_modular_abundance,954,0.520577,0.676555,112828.3870,0.208141,15.884650,2.175395,2.118785,2.870210,true
deep_modular_abundance,955,0.527346,0.682110,112426.6912,0.207400,17.264727,2.193256,2.111242,3.119577,true
deep_modular_abundance,956,0.531490,0.628404,105742.6574,0.195070,13.752804,2.020570,1.985724,2.485005,true
deep_modular_abundance,957,0.520020,0.702605,116876.1583,0.215608,16.938836,2.259154,2.194798,3.060692,true
deep_modular_abundance,958,0.514228,0.703431,115700.2518,0.213439,17.892345,2.261810,2.172716,3.232982,true
deep_modular_abundance,959,0.520659,0.671253,110464.3926,0.203780,16.859781,2.158346,2.074392,3.046407,true
deep_modular_abundance,960,0.529980,0.680873,113954.0315,0.210218,15.940324,2.189276,2.139924,2.880270,true
deep_modular_abundance,961,0.524486,0.682519,113646.1900,0.209650,16.397272,2.194571,2.134143,2.962836,true
deep_modular_abundance,962,0.533541,0.649645,107701.9033,0.198684,15.716046,2.088868,2.022516,2.839745,true
deep_modular_abundance,963,0.498897,0.746195,124828.7304,0.230279,17.648082,2.399315,2.344138,3.188846,true
deep_modular_abundance,964,0.509445,0.680302,113476.5947,0.209337,15.698703,2.187441,2.130958,2.836611,true
deep_modular_abundance,965,0.525565,0.655994,110465.0028,0.203781,14.584009,2.109282,2.074404,2.635196,true
deep_modular_abundance,966,0.469630,0.781448,129802.6673,0.239455,19.339089,2.512666,2.437542,3.494395,true
deep_modular_abundance,967,0.479908,0.770877,127987.6704,0.236107,18.984727,2.478675,2.403459,3.430366,true
deep_modular_abundance,968,0.519558,0.710764,116034.2825,0.214055,18.769737,2.285389,2.178988,3.391519,true
deep_modular_abundance,969,0.472247,0.768671,129704.7623,0.239274,17.336530,2.471584,2.435704,3.132551,true
deep_modular_abundance,970,0.548705,0.633685,104401.8433,0.192596,15.594141,2.037550,1.960545,2.817718,true
deep_modular_abundance,971,0.509997,0.686108,114700.1323,0.211594,16.187308,2.206110,2.153934,2.924898,true
deep_modular_abundance,972,0.486115,0.722304,121004.7090,0.223225,16.476902,2.322493,2.272327,2.977225,true
deep_modular_abundance,973,0.516453,0.735381,119357.1184,0.220185,20.465248,2.364542,2.241387,3.697882,true
deep_modular_abundance,974,0.531016,0.653080,108181.4774,0.199569,15.902023,2.099911,2.031522,2.873349,true
deep_modular_abundance,975,0.481772,0.717845,120263.1585,0.221857,16.522375,2.308157,2.258402,2.985441,true
deep_modular_abundance,976,0.496037,0.724562,121567.5546,0.224263,16.867306,2.329756,2.282897,3.047767,true
deep_modular_abundance,977,0.538783,0.703699,113954.5380,0.210219,19.310601,2.262673,2.139933,3.489248,true
deep_modular_abundance,978,0.508675,0.733553,121324.2485,0.223814,18.494225,2.358664,2.278328,3.341736,true
deep_modular_abundance,979,0.501936,0.716021,118883.0026,0.219311,17.473881,2.302292,2.232484,3.157370,true
deep_modular_abundance,980,0.486157,0.717028,120105.0047,0.221565,16.748479,2.305532,2.255432,3.026296,true
deep_modular_abundance,981,0.504138,0.679514,114580.9895,0.211374,14.994893,2.184907,2.151697,2.709439,true
deep_modular_abundance,982,0.514704,0.691008,115910.9259,0.213828,15.951905,2.221865,2.176672,2.882363,true
deep_modular_abundance,983,0.517626,0.680962,114785.0694,0.211751,14.994581,2.189564,2.155529,2.709383,true
deep_modular_abundance,984,0.487845,0.760798,125839.8542,0.232144,19.216395,2.446267,2.363125,3.472226,true
deep_modular_abundance,985,0.495884,0.708535,119205.2462,0.219905,15.940096,2.278222,2.238535,2.880229,true
deep_modular_abundance,986,0.539943,0.678880,110524.0645,0.203890,18.151814,2.182870,2.075513,3.279866,true
deep_modular_abundance,987,0.496719,0.762448,123779.3318,0.228343,20.997245,2.451573,2.324431,3.794009,true
deep_modular_abundance,988,0.522912,0.684219,114187.0636,0.210648,16.323520,2.200037,2.144300,2.949510,true
deep_modular_abundance,989,0.470870,0.765416,128141.2321,0.236390,17.477699,2.461117,2.406343,3.158059,true
deep_modular_abundance,990,0.524969,0.712952,117083.4137,0.215991,18.520126,2.292423,2.198690,3.346416,true
deep_modular_abundance,991,0.519753,0.672727,111923.2741,0.206472,16.148989,2.163084,2.101788,2.917974,true
deep_modular_abundance,992,0.493357,0.719064,120576.4107,0.222435,16.420063,2.312077,2.264284,2.966954,true
deep_modular_abundance,993,0.524727,0.672493,110447.3648,0.203749,17.108713,2.162331,2.074072,3.091387,true
deep_modular_abundance,994,0.522525,0.694435,113565.5858,0.209501,18.238853,2.232886,2.132629,3.295593,true
deep_modular_abundance,995,0.518993,0.669556,111102.6839,0.204958,16.221926,2.152889,2.086379,2.931153,true
deep_modular_abundance,996,0.529008,0.661610,109776.2019,0.202511,16.042837,2.127341,2.061469,2.898793,true
deep_modular_abundance,997,0.508185,0.757064,123176.2524,0.227231,20.650037,2.434263,2.313106,3.731272,true
deep_modular_abundance,998,0.524494,0.688342,113870.1367,0.210063,17.161374,2.213295,2.138348,3.100902,true
deep_modular_abundance,999,0.517614,0.686018,115347.6536,0.212789,15.643783,2.205821,2.166094,2.826688,true
deep_modular_abundance,1000,0.547624,0.647766,106615.1689,0.196679,16.434822,2.082824,2.002108,2.969621,true
deep_modular_abundance,1001,0.519411,0.687559,114296.2130,0.210849,16.626214,2.210774,2.146349,3.004204,true
deep_modular_abundance,1002,0.510413,0.690740,115144.9803,0.212415,16.438202,2.221004,2.162288,2.970232,true
deep_modular_abundance,1003,0.547598,0.641796,106237.7864,0.195983,15.766669,2.063628,1.995022,2.848892,true
deep_modular_abundance,1004,0.494654,0.748720,123190.1852,0.227256,19.307443,2.407431,2.313368,3.488677,true
deep_modular_abundance,1005,0.487990,0.752882,124188.7353,0.229098,18.950593,2.420817,2.332119,3.424198,true
deep_modular_abundance,1006,0.496593,0.711339,119880.7879,0.221151,16.074205,2.287239,2.251221,2.904461,true
deep_modular_abundance,1007,0.521141,0.653106,109218.5807,0.201482,15.007202,2.099997,2.050997,2.711663,true
deep_modular_abundance,1008,0.475838,0.763186,127531.8258,0.235266,18.035009,2.453947,2.394899,3.258760,true
deep_modular_abundance,1009,0.550041,0.654017,107628.9488,0.198550,16.490266,2.102925,2.021146,2.979639,true
deep_modular_abundance,1010,0.488232,0.749297,123468.1408,0.227769,18.931098,2.409288,2.318587,3.420675,true
deep_modular_abundance,1011,0.521021,0.683518,113275.0890,0.208965,16.781477,2.197783,2.127174,3.032259,true
deep_modular_abundance,1012,0.530462,0.669081,109760.4204,0.202482,17.152170,2.151362,2.061172,3.099239,true
deep_modular_abundance,1013,0.496174,0.735283,124352.2201,0.229400,16.317671,2.364226,2.335189,2.948453,true
deep_modular_abundance,1014,0.538759,0.667677,110056.2640,0.203027,16.806882,2.146846,2.066728,3.036849,true
deep_modular_abundance,1015,0.568631,0.602322,100391.0676,0.185197,14.046953,1.936705,1.885227,2.538155,true
deep_modular_abundance,1016,0.532890,0.690717,113040.9596,0.208533,18.003057,2.220929,2.122777,3.252987,true
deep_modular_abundance,1017,0.533251,0.717159,117050.8935,0.215931,19.344140,2.305951,2.198079,3.495308,true
deep_modular_abundance,1018,0.537290,0.648671,108244.6101,0.199685,15.072777,2.085735,2.032707,2.723512,true
deep_modular_abundance,1019,0.548737,0.643033,106484.3464,0.196438,15.621218,2.067608,1.999652,2.822610,true
deep_modular_abundance,1020,0.492467,0.705573,118379.4703,0.218382,16.181444,2.268698,2.223028,2.923838,true
deep_modular_abundance,1021,0.481348,0.727193,120961.9208,0.223146,17.289559,2.338214,2.271524,3.124064,true
deep_modular_abundance,1022,0.546740,0.630150,104965.0027,0.193635,14.890557,2.026184,1.971120,2.690587,true
deep_modular_abundance,1023,0.498497,0.718619,119981.3617,0.221337,16.979814,2.310645,2.253110,3.068096,true
deep_modular_abundance,1024,0.511830,0.685103,113574.4144,0.209518,16.521283,2.202880,2.132795,2.985244,true
deep_modular_abundance,1025,0.526142,0.674620,110697.5783,0.204210,17.381180,2.169171,2.078771,3.140619,true
deep_modular_abundance,1026,0.494125,0.741372,123174.3164,0.227227,18.306059,2.383807,2.313070,3.307737,true
deep_modular_abundance,1027,0.483575,0.789778,130206.3850,0.240200,20.292398,2.539449,2.445124,3.666650,true
deep_modular_abundance,1028,0.491250,0.737585,123891.4296,0.228550,16.977392,2.371628,2.326536,3.067659,true
deep_modular_abundance,1029,0.516850,0.707307,118470.0699,0.218549,16.584035,2.274273,2.224729,2.996583,true
deep_modular_abundance,1030,0.499656,0.754400,125136.7576,0.230847,18.623662,2.425695,2.349922,3.365124,true
deep_modular_abundance,1031,0.468530,0.738106,123638.7428,0.228084,17.083750,2.373305,2.321791,3.086876,true
deep_modular_abundance,1032,0.509252,0.691584,115012.3539,0.212170,16.345886,2.223718,2.159798,2.953551,true
deep_modular_abundance,1033,0.477083,0.758109,126791.6346,0.233900,17.893121,2.437622,2.380999,3.233122,true
deep_modular_abundance,1034,0.510546,0.699009,116639.3342,0.215172,16.401393,2.247593,2.190350,2.963581,true
deep_modular_abundance,1035,0.534922,0.661467,110232.3592,0.203352,15.805654,2.126879,2.070035,2.855936,true
deep_modular_abundance,1036,0.504723,0.722250,120288.9919,0.221904,17.384941,2.322320,2.258887,3.141299,true
deep_modular_abundance,1037,0.481612,0.722134,119964.8191,0.221306,17.149856,2.321949,2.252799,3.098821,true
deep_modular_abundance,1038,0.505723,0.717135,118417.8320,0.218452,17.958351,2.305874,2.223749,3.244909,true
deep_modular_abundance,1039,0.522331,0.669338,113221.3516,0.208866,14.482604,2.152189,2.126165,2.616873,true
deep_modular_abundance,1040,0.494081,0.711173,118748.2414,0.219062,16.662480,2.286704,2.229953,3.010757,true
deep_modular_abundance,1041,0.467744,0.790789,131650.1018,0.242863,19.264362,2.542700,2.472235,3.480893,true
deep_modular_abundance,1042,0.486034,0.731416,121746.1317,0.224592,17.512642,2.351795,2.286250,3.164373,true
deep_modular_abundance,1043,0.489920,0.771757,127968.1478,0.236070,19.132140,2.481506,2.403092,3.457002,true
deep_modular_abundance,1044,0.501479,0.730050,121442.3001,0.224032,17.880119,2.347400,2.280545,3.230773,true
deep_modular_abundance,1045,0.503560,0.710958,118108.0924,0.217881,17.422519,2.286011,2.217932,3.148089,true
deep_modular_abundance,1046,0.489192,0.729375,122344.7260,0.225697,16.596342,2.345232,2.297491,2.998806,true
deep_modular_abundance,1047,0.553503,0.654567,106312.9596,0.196122,17.497380,2.104692,1.996433,3.161616,true
deep_modular_abundance,1048,0.509237,0.713132,117702.1385,0.217132,17.719832,2.293004,2.210309,3.201811,true
deep_modular_abundance,1049,0.531855,0.683644,112310.7615,0.207186,17.628727,2.198187,2.109065,3.185349,true
deep_modular_abundance,1050,0.516794,0.680765,112990.4763,0.208440,16.403029,2.188931,2.121829,2.963876,true
deep_modular_abundance,1051,0.494392,0.696014,116723.3649,0.215327,15.741846,2.237962,2.191928,2.844407,true
deep_modular_abundance,1052,0.499911,0.692742,116556.1985,0.215018,15.669608,2.227441,2.188789,2.831354,true
deep_modular_abundance,1053,0.530455,0.664497,111193.0142,0.205124,15.261181,2.136623,2.088075,2.757555,true
deep_modular_abundance,1054,0.523128,0.666531,111651.9050,0.205971,15.372961,2.143162,2.096692,2.777753,true
deep_modular_abundance,1055,0.500878,0.682717,113935.9853,0.210185,16.041352,2.195208,2.139585,2.898525,true
deep_modular_abundance,1056,0.566406,0.615582,102842.6266,0.189720,14.238096,1.979340,1.931264,2.572693,true
deep_modular_abundance,1057,0.512300,0.698269,115710.1864,0.213457,16.941650,2.245214,2.172902,3.061200,true
deep_modular_abundance,1058,0.515727,0.695571,114427.1193,0.211091,17.723373,2.236537,2.148808,3.202451,true
deep_modular_abundance,1059,0.502783,0.691965,115520.8689,0.213108,16.190440,2.224944,2.169347,2.925464,true
deep_modular_abundance,1060,0.510523,0.665081,112524.4707,0.207581,14.259529,2.138501,2.113078,2.576566,true
deep_modular_abundance,1061,0.452947,0.826137,135673.2816,0.250285,21.346905,2.656359,2.547786,3.857189,true
deep_modular_abundance,1062,0.503760,0.685527,114411.9138,0.211062,16.041936,2.204242,2.148522,2.898630,true
deep_modular_abundance,1063,0.529020,0.643406,106988.7586,0.197369,15.035480,2.068808,2.009124,2.716773,true
deep_modular_abundance,1064,0.528521,0.654515,108910.9838,0.200915,15.454586,2.104527,2.045221,2.792502,true
deep_modular_abundance,1065,0.533760,0.706539,114823.4322,0.211822,19.097304,2.271804,2.156250,3.450707,true
deep_modular_abundance,1066,0.484411,0.772028,127658.0824,0.235498,19.810782,2.482377,2.397270,3.579626,true
deep_modular_abundance,1067,0.485657,0.768764,126583.3384,0.233516,19.681165,2.471883,2.377087,3.556205,true
deep_modular_abundance,1068,0.516800,0.674433,112367.1522,0.207290,15.772796,2.168570,2.110124,2.849999,true
deep_modular_abundance,1069,0.497456,0.716585,118129.5721,0.217921,17.887652,2.304107,2.218335,3.232134,true
deep_modular_abundance,1070,0.479646,0.734331,121949.1810,0.224967,17.871299,2.361167,2.290063,3.229179,true
deep_modular_abundance,1071,0.514458,0.688858,114031.5133,0.210361,16.708776,2.214951,2.141379,3.019122,true
deep_modular_abundance,1072,0.537198,0.661446,109672.0567,0.202319,16.158468,2.126813,2.059513,2.919687,true
deep_modular_abundance,1073,0.565362,0.621656,102919.5536,0.189862,15.241605,1.998871,1.932709,2.754018,true
deep_modular_abundance,1074,0.512303,0.754636,122223.0090,0.225472,21.070454,2.426455,2.295205,3.807237,true
deep_modular_abundance,1075,0.491867,0.718573,120093.5107,0.221544,16.920009,2.310499,2.255216,3.057290,true
deep_modular_abundance,1076,0.538468,0.630126,104773.1570,0.193281,14.914542,2.026107,1.967517,2.694921,true
deep_modular_abundance,1077,0.508570,0.745917,122953.6264,0.226820,19.100369,2.398421,2.308925,3.451261,true
deep_modular_abundance,1078,0.482917,0.790288,128367.0948,0.236806,21.683211,2.541090,2.410584,3.917957,true
deep_modular_abundance,1079,0.519371,0.695013,113548.9936,0.209471,18.317931,2.234743,2.132317,3.309882,true
deep_modular_abundance,1080,0.540306,0.656172,108015.1979,0.199262,16.381659,2.109855,2.028399,2.960015,true
deep_modular_abundance,1081,0.512626,0.709509,116612.0193,0.215121,18.193883,2.281353,2.189837,3.287467,true
deep_modular_abundance,1082,0.509588,0.692697,116360.3668,0.214657,15.670629,2.227297,2.185112,2.831539,true
deep_modular_abundance,1083,0.491285,0.766762,125852.7312,0.232168,20.034141,2.465445,2.363367,3.619985,true
deep_modular_abundance,1084,0.507733,0.700110,115265.7528,0.212638,17.601368,2.251133,2.164556,3.180405,true
deep_modular_abundance,1085,0.531755,0.721253,117349.0876,0.216481,19.629403,2.319114,2.203679,3.546853,true
deep_modular_abundance,1086,0.519179,0.682841,112942.0173,0.208351,16.956349,2.195606,2.120919,3.063856,true
deep_modular_abundance,1087,0.477099,0.785149,129192.4184,0.238329,20.204011,2.524566,2.426083,3.650679,true
deep_modular_abundance,1088,0.499222,0.742608,123691.8511,0.228182,17.800045,2.387779,2.322788,3.216304,true
deep_modular_abundance,1089,0.513323,0.670511,110856.9610,0.204504,16.337435,2.155959,2.081764,2.952024,true
deep_modular_abundance,1090,0.478262,0.743021,125633.3760,0.231763,16.309491,2.389109,2.359248,2.946975,true
deep_modular_abundance,1091,0.531706,0.662384,110585.5040,0.204004,15.534656,2.129827,2.076667,2.806970,true
deep_modular_abundance,1092,0.494493,0.707656,118107.2568,0.217880,16.868028,2.275394,2.217916,3.047897,true
deep_modular_abundance,1093,0.551069,0.661963,107572.8425,0.198446,17.733841,2.128474,2.020092,3.204342,true
deep_modular_abundance,1094,0.497683,0.706431,119575.7729,0.220589,15.360480,2.271455,2.245493,2.775498,true
deep_modular_abundance,1095,0.525571,0.701392,114086.2357,0.210462,18.982221,2.255253,2.142406,3.429913,true
deep_modular_abundance,1096,0.512619,0.726052,119215.6863,0.219924,18.885091,2.334547,2.238731,3.412362,true
deep_modular_abundance,1097,0.513054,0.679536,112381.6051,0.207317,16.641567,2.184980,2.110395,3.006978,true
deep_modular_abundance,1098,0.487228,0.711623,120145.1665,0.221639,15.891593,2.288150,2.256186,2.871465,true
deep_modular_abundance,1099,0.521722,0.690931,114121.1710,0.210526,17.452123,2.221619,2.143062,3.153438,true
deep_modular_abundance,1100,0.520152,0.706694,115815.7926,0.213652,18.545230,2.272301,2.174885,3.350953,true
deep_modular_abundance,1101,0.482155,0.770190,127989.7720,0.236110,18.652710,2.476468,2.403498,3.370373,true
deep_modular_abundance,1102,0.515384,0.691647,114563.7439,0.211343,17.078969,2.223920,2.151373,3.086013,true
deep_modular_abundance,1103,0.483390,0.753886,127763.2381,0.235692,16.469777,2.424043,2.399244,2.975937,true
deep_modular_abundance,1104,0.527302,0.649169,107580.6080,0.198460,15.674032,2.087335,2.020238,2.832153,true
deep_modular_abundance,1105,0.520232,0.653269,109461.7280,0.201931,14.801540,2.100520,2.055563,2.674502,true
deep_modular_abundance,1106,0.515220,0.717375,118038.3068,0.217752,18.567091,2.306646,2.216621,3.354903,true
deep_modular_abundance,1107,0.495838,0.732440,120851.2764,0.222942,18.502673,2.355086,2.269446,3.343263,true
deep_modular_abundance,1108,0.520305,0.683742,113623.6961,0.209608,16.273457,2.198502,2.133720,2.940464,true
deep_modular_abundance,1109,0.502998,0.727836,119264.3650,0.220014,19.038624,2.340284,2.239645,3.440104,true
deep_modular_abundance,1110,0.522406,0.695710,114814.2097,0.211805,17.441418,2.236984,2.156077,3.151504,true
deep_modular_abundance,1111,0.504795,0.680313,115202.0882,0.212520,14.650068,2.187478,2.163361,2.647133,true
deep_modular_abundance,1112,0.487798,0.741561,123471.7464,0.227776,17.850725,2.384413,2.318655,3.225462,true
deep_modular_abundance,1113,0.493207,0.789898,128843.9311,0.237686,21.295674,2.539835,2.419538,3.847932,true
deep_modular_abundance,1114,0.539155,0.645689,106865.5533,0.197141,15.697222,2.076147,2.006810,2.836344,true
deep_modular_abundance,1115,0.524191,0.694232,113350.9171,0.209105,18.297101,2.232231,2.128598,3.306118,true
deep_modular_abundance,1116,0.507922,0.690557,114675.3740,0.211549,16.705797,2.220417,2.153470,3.018584,true
deep_modular_abundance,1117,0.538417,0.638629,105061.3087,0.193813,15.760374,2.053446,1.972929,2.847755,true
deep_modular_abundance,1118,0.518582,0.669464,111804.2470,0.206252,15.501932,2.152593,2.099553,2.801056,true
deep_modular_abundance,1119,0.538411,0.677767,111105.7812,0.204963,17.585225,2.179291,2.086437,3.177488,true
deep_modular_abundance,1120,0.522290,0.717758,117406.3800,0.216587,18.902274,2.307877,2.204755,3.415467,true
deep_modular_abundance,1121,0.520935,0.689145,113045.2847,0.208541,17.854647,2.215874,2.122858,3.226171,true
deep_modular_abundance,1122,0.510682,0.669838,111862.7465,0.206360,15.502215,2.153796,2.100652,2.801108,true
deep_modular_abundance,1123,0.502074,0.699132,115195.7889,0.212509,17.574463,2.247986,2.163242,3.175544,true
deep_modular_abundance,1124,0.517870,0.690608,115394.9789,0.212876,16.245279,2.220581,2.166983,2.935373,true
deep_modular_abundance,1125,0.519886,0.683945,112695.3366,0.207896,17.014383,2.199154,2.116287,3.074342,true
deep_modular_abundance,1126,0.511958,0.687666,114070.2219,0.210432,16.715322,2.211120,2.142105,3.020305,true
deep_modular_abundance,1127,0.519467,0.647401,109363.8453,0.201750,14.001409,2.081652,2.053725,2.529926,true
deep_modular_abundance,1128,0.528665,0.705840,115141.9978,0.212409,19.011154,2.269557,2.162232,3.435141,true
deep_modular_abundance,1129,0.493468,0.717848,119514.0520,0.220475,17.038832,2.308167,2.244334,3.078760,true
deep_modular_abundance,1130,0.532996,0.693684,113721.7397,0.209789,18.319613,2.230470,2.135561,3.310186,true
deep_modular_abundance,1131,0.550177,0.637820,105914.7264,0.195387,15.518955,2.050845,1.988955,2.804132,true
deep_modular_abundance,1132,0.503815,0.728093,121304.4192,0.223778,17.467339,2.341108,2.277955,3.156187,true
deep_modular_abundance,1133,0.517814,0.713224,117428.3592,0.216627,18.220337,2.293300,2.205167,3.292247,true
deep_modular_abundance,1134,0.524866,0.649822,107673.6684,0.198632,15.733743,2.089435,2.021986,2.842943,true
deep_modular_abundance,1135,0.503768,0.723330,118468.3678,0.218546,18.680487,2.325795,2.224698,3.375392,true
deep_modular_abundance,1136,0.504520,0.714372,119769.6999,0.220946,16.605056,2.296992,2.249135,3.000381,true
deep_modular_abundance,1137,0.528801,0.649312,108652.9571,0.200439,14.978296,2.087795,2.040376,2.706440,true
deep_modular_abundance,1138,0.477999,0.761151,126760.4826,0.233843,18.274708,2.447405,2.380414,3.302072,true
deep_modular_abundance,1139,0.524837,0.665404,109174.6619,0.201401,16.804336,2.139539,2.050173,3.036389,true
deep_modular_abundance,1140,0.486574,0.747121,123322.0387,0.227500,18.657797,2.402291,2.315844,3.371292,true
deep_modular_abundance,1141,0.499640,0.721054,121016.2084,0.223246,16.396939,2.318475,2.272543,2.962776,true
deep_modular_abundance,1142,0.532576,0.704605,115975.9655,0.213948,18.172976,2.265585,2.177893,3.283690,true
deep_modular_abundance,1143,0.501899,0.690375,115411.1780,0.212906,15.870192,2.219829,2.167287,2.867598,true
deep_modular_abundance,1144,0.538962,0.674691,111734.1628,0.206123,16.612347,2.169400,2.098237,3.001698,true
deep_modular_abundance,1145,0.555117,0.637490,106526.1944,0.196515,14.865247,2.049782,2.000437,2.686013,true
deep_modular_abundance,1146,0.493689,0.711518,119419.2757,0.220300,16.047894,2.287815,2.242554,2.899707,true
deep_modular_abundance,1147,0.520739,0.675825,113747.9315,0.209838,15.188672,2.173048,2.136053,2.744453,true
deep_modular_abundance,1148,0.527074,0.680219,112333.1219,0.207228,17.017468,2.187176,2.109485,3.074900,true
deep_modular_abundance,1149,0.502370,0.764131,124853.2234,0.230324,20.524511,2.456985,2.344598,3.708590,true
deep_modular_abundance,1150,0.536037,0.675685,112086.4245,0.206773,16.468484,2.172597,2.104852,2.975704,true
deep_modular_abundance,1151,0.532116,0.714681,116197.9284,0.214357,19.561386,2.297984,2.182061,3.534562,true
deep_modular_abundance,1152,0.492659,0.763825,125493.6386,0.231506,19.833355,2.456001,2.356624,3.583705,true
deep_modular_abundance,1153,0.502182,0.723846,118974.8130,0.219480,18.445683,2.327454,2.234208,3.332965,true
deep_modular_abundance,1154,0.538430,0.667044,110148.9424,0.203198,16.547217,2.144811,2.068468,2.989930,true
deep_modular_abundance,1155,0.553839,0.654689,106584.6114,0.196623,17.500400,2.105087,2.001534,3.162161,true
deep_modular_abundance,1156,0.522240,0.703674,115255.0998,0.212618,18.426555,2.262591,2.164356,3.329509,true
deep_modular_abundance,1157,0.505963,0.702085,116285.5022,0.214519,17.193941,2.257483,2.183706,3.106787,true
deep_modular_abundance,1158,0.518184,0.676200,111479.2046,0.205652,16.706392,2.174253,2.093449,3.018691,true
deep_modular_abundance,1159,0.504851,0.706124,117768.8457,0.217255,16.934193,2.270470,2.211561,3.059853,true
deep_modular_abundance,1160,0.520076,0.749675,121096.9173,0.223395,21.257869,2.410504,2.274059,3.841101,true
deep_modular_abundance,1161,0.536208,0.663276,109676.1090,0.202326,16.292245,2.132697,2.059589,2.943859,true
deep_modular_abundance,1162,0.520584,0.692151,114586.5527,0.211385,17.056555,2.225541,2.151802,3.081963,true
deep_modular_abundance,1163,0.513531,0.686422,114460.3982,0.211152,16.210369,2.207121,2.149433,2.929065,true
deep_modular_abundance,1164,0.524532,0.657095,109979.3362,0.202885,15.279375,2.112821,2.065283,2.760843,true
deep_modular_abundance,1165,0.548295,0.635370,104678.5677,0.193107,15.899805,2.042966,1.965741,2.872949,true
deep_modular_abundance,1166,0.527385,0.692370,113247.3795,0.208914,18.057625,2.226244,2.126653,3.262847,true
deep_modular_abundance,1167,0.494480,0.758166,125578.4684,0.231662,19.065352,2.437806,2.358217,3.444934,true
deep_modular_abundance,1168,0.519281,0.696089,114299.6488,0.210855,17.743665,2.238203,2.146414,3.206117,true
deep_modular_abundance,1169,0.491233,0.726274,121712.4426,0.224530,16.912678,2.335261,2.285617,3.055965,true
deep_modular_abundance,1170,0.514473,0.711005,115965.1201,0.213928,18.952983,2.286165,2.177689,3.424630,true
deep_modular_abundance,1171,0.503702,0.678909,112726.2230,0.207953,15.982863,2.182963,2.116867,2.887956,true
deep_modular_abundance,1172,0.510112,0.706810,116735.9026,0.215350,17.571683,2.272674,2.192164,3.175042,true
deep_modular_abundance,1173,0.526211,0.658336,108770.4004,0.200655,16.272215,2.116811,2.042581,2.940240,true
deep_modular_abundance,1174,0.509892,0.726009,118648.9849,0.218879,19.152234,2.334408,2.228089,3.460633,true
deep_modular_abundance,1175,0.535800,0.658008,110334.9439,0.203541,14.982377,2.115758,2.071961,2.707178,true
deep_modular_abundance,1176,0.504119,0.675732,112809.7380,0.208107,15.572724,2.172746,2.118435,2.813848,true
deep_modular_abundance,1177,0.495812,0.724217,119396.4859,0.220258,18.501725,2.328647,2.242127,3.343092,true
deep_modular_abundance,1178,0.527413,0.705746,116214.3789,0.214388,17.983336,2.269253,2.182370,3.249423,true
deep_modular_abundance,1179,0.527331,0.690417,114860.7113,0.211890,16.693767,2.219965,2.156950,3.016410,true
deep_modular_abundance,1180,0.518866,0.685755,114522.9452,0.211267,16.261200,2.204975,2.150607,2.938249,true
deep_modular_abundance,1181,0.511290,0.715607,118701.9302,0.218977,17.842200,2.300962,2.229084,3.223921,true
deep_modular_abundance,1182,0.487365,0.804272,131186.1474,0.242007,21.695950,2.586053,2.463523,3.920259,true
deep_modular_abundance,1183,0.550458,0.631216,105473.6765,0.194574,14.814773,2.029611,1.980672,2.676893,true
deep_modular_abundance,1184,0.538931,0.668123,111002.0384,0.204772,16.200051,2.148281,2.084489,2.927200,true
deep_modular_abundance,1185,0.510502,0.710306,119702.6437,0.220823,16.034299,2.283915,2.247876,2.897250,true
deep_modular_abundance,1186,0.520205,0.696565,114405.2878,0.211050,18.007288,2.239733,2.148398,3.253751,true
deep_modular_abundance,1187,0.489327,0.724598,121114.7319,0.223428,16.876850,2.329869,2.274393,3.049492,true
deep_modular_abundance,1188,0.487502,0.742182,124037.4623,0.228819,17.659298,2.386410,2.329279,3.190873,true
deep_modular_abundance,1189,0.500474,0.720211,119699.3987,0.220817,17.470520,2.315766,2.247815,3.156762,true
deep_modular_abundance,1190,0.487620,0.770440,126980.9269,0.234249,19.702561,2.477272,2.384553,3.560072,true
deep_modular_abundance,1191,0.522634,0.693140,113914.0208,0.210144,17.760353,2.228722,2.139172,3.209132,true
deep_modular_abundance,1192,0.487456,0.729137,122231.1177,0.225487,16.642924,2.344466,2.295358,3.007223,true
deep_modular_abundance,1193,0.535154,0.663687,109791.5004,0.202539,16.419653,2.134018,2.061756,2.966880,true
deep_modular_abundance,1194,0.537956,0.646131,107667.1423,0.198620,15.236534,2.077569,2.021863,2.753102,true
deep_modular_abundance,1195,0.474347,0.773486,129169.4368,0.238287,18.471279,2.487064,2.425651,3.337590,true
deep_modular_abundance,1196,0.488037,0.768149,125224.3963,0.231009,20.832447,2.469905,2.351568,3.764231,true
deep_modular_abundance,1197,0.499463,0.717522,118012.0106,0.217704,18.350324,2.307120,2.216128,3.315735,true
deep_modular_abundance,1198,0.534940,0.689539,115036.2890,0.212214,16.453789,2.217142,2.160247,2.973048,true
deep_modular_abundance,1199,0.504802,0.753896,124741.4967,0.230118,19.237883,2.424076,2.342500,3.476108,true
deep_modular_abundance,1200,0.491163,0.738725,122282.8879,0.225583,18.287644,2.375295,2.296330,3.304409,true
deep_modular_abundance,1201,0.504089,0.730788,120476.3612,0.222250,18.694481,2.349774,2.262405,3.377921,true
deep_modular_abundance,1202,0.465605,0.811315,134684.6079,0.248461,20.205757,2.608701,2.529220,3.650994,true
deep_modular_abundance,1203,0.494686,0.714564,120219.0287,0.221775,16.018661,2.297608,2.257573,2.894425,true
deep_modular_abundance,1204,0.522184,0.678650,112424.5366,0.207396,16.416082,2.182129,2.111201,2.966235,true
deep_modular_abundance,1205,0.542745,0.654126,109734.8732,0.202434,15.064245,2.103276,2.060693,2.721970,true
deep_modular_abundance,1206,0.529280,0.676530,111029.1851,0.204822,17.333237,2.175312,2.084998,3.131956,true
deep_modular_abundance,1207,0.480428,0.745369,122881.2378,0.226686,18.863604,2.396656,2.307566,3.408480,true
deep_modular_abundance,1208,0.526362,0.686586,112952.6797,0.208371,17.420770,2.207647,2.121119,3.147773,true
deep_modular_abundance,1209,0.491399,0.726267,121006.9597,0.223229,17.324518,2.335238,2.272369,3.130381,true
deep_modular_abundance,1210,0.514075,0.712929,117241.9403,0.216283,18.368664,2.292349,2.201667,3.319049,true
deep_modular_abundance,1211,0.528317,0.664737,110479.0238,0.203807,15.847054,2.137394,2.074667,2.863417,true
deep_modular_abundance,1212,0.483214,0.727621,122605.1340,0.226177,16.130407,2.339591,2.302381,2.914616,true
deep_modular_abundance,1213,0.491145,0.738683,123354.4448,0.227559,17.575276,2.375160,2.316452,3.175691,true
deep_modular_abundance,1214,0.520907,0.662535,112878.3937,0.208234,13.842966,2.130313,2.119724,2.501297,true
deep_modular_abundance,1215,0.546621,0.648467,106939.3381,0.197277,16.186406,2.085079,2.008196,2.924735,true
deep_modular_abundance,1216,0.508668,0.676095,112349.1450,0.207257,16.077166,2.173915,2.109786,2.904996,true
deep_modular_abundance,1217,0.487508,0.728491,120765.4155,0.222783,17.652689,2.342389,2.267833,3.189679,true
deep_modular_abundance,1218,0.500969,0.714924,118570.3010,0.218734,17.535616,2.298765,2.226612,3.168525,true
deep_modular_abundance,1219,0.515109,0.778256,125191.4366,0.230948,22.577035,2.502401,2.350949,4.079463,true
deep_modular_abundance,1220,0.517171,0.697578,115099.7491,0.212331,17.272812,2.242990,2.161439,3.121038,true
deep_modular_abundance,1221,0.513675,0.686986,113085.0053,0.208615,17.309055,2.208934,2.123604,3.127587,true
deep_modular_abundance,1222,0.503812,0.738664,124262.9729,0.229235,16.920529,2.375098,2.333513,3.057384,true
deep_modular_abundance,1223,0.523083,0.669283,111229.6723,0.205192,15.992932,2.152011,2.088763,2.889776,true
deep_modular_abundance,1224,0.520003,0.685413,113326.6739,0.209060,16.997775,2.203874,2.128143,3.071342,true
deep_modular_abundance,1225,0.507840,0.730954,121405.1660,0.223963,17.965244,2.350309,2.279847,3.246154,true
deep_modular_abundance,1226,0.487282,0.781144,129689.0682,0.239245,19.085648,2.511688,2.435409,3.448601,true
deep_modular_abundance,1227,0.512512,0.724247,117985.7781,0.217655,19.388471,2.328742,2.215635,3.503318,true
deep_modular_abundance,1228,0.483879,0.731536,121895.4039,0.224868,17.540162,2.352181,2.289053,3.169346,true
deep_modular_abundance,1229,0.525647,0.665842,110226.8355,0.203342,16.430404,2.140945,2.069931,2.968823,true
deep_modular_abundance,1230,0.508158,0.709654,118758.5035,0.219081,16.818107,2.281819,2.230146,3.038877,true
deep_modular_abundance,1231,0.503805,0.698559,116983.5469,0.215807,16.199110,2.246144,2.196814,2.927030,true
deep_modular_abundance,1232,0.512746,0.688746,115127.4005,0.212382,16.223864,2.214591,2.161958,2.931503,true
deep_modular_abundance,1233,0.505721,0.709757,117437.9782,0.216645,17.707949,2.282150,2.205348,3.199663,true
deep_modular_abundance,1234,0.519054,0.702172,116110.7739,0.214196,17.621116,2.257762,2.180425,3.183974,true
deep_modular_abundance,1235,0.495619,0.725759,119791.6596,0.220987,18.143252,2.333603,2.249547,3.278319,true
deep_modular_abundance,1236,0.527291,0.688137,112987.4025,0.208435,17.850105,2.212634,2.121771,3.225350,true
deep_modular_abundance,1237,0.504985,0.706727,118016.2655,0.217712,16.605213,2.272409,2.216208,3.000409,true
deep_modular_abundance,1238,0.491412,0.694548,116696.4880,0.215277,15.752279,2.233248,2.191424,2.846292,true
deep_modular_abundance,1239,0.508801,0.693480,115303.7018,0.212708,16.816538,2.229813,2.165269,3.038594,true
deep_modular_abundance,1240,0.529665,0.646670,107502.6730,0.198317,15.444418,2.079301,2.018775,2.790664,true
deep_modular_abundance,1241,0.498596,0.759572,125640.8480,0.231777,18.837357,2.442327,2.359388,3.403737,true
deep_modular_abundance,1242,0.483252,0.825045,134606.8555,0.248317,22.394987,2.652847,2.527759,4.046568,true
deep_modular_abundance,1243,0.492063,0.738855,121851.7461,0.224787,18.693554,2.375712,2.288233,3.377753,true
deep_modular_abundance,1244,0.503340,0.726061,120754.5704,0.222763,17.640209,2.334576,2.267630,3.187423,true
deep_modular_abundance,1245,0.515476,0.676794,111954.6437,0.206529,16.557111,2.176161,2.102377,2.991718,true
deep_modular_abundance,1246,0.497665,0.707455,115992.7006,0.213979,18.037243,2.274749,2.178207,3.259164,true
deep_modular_abundance,1247,0.483140,0.749439,125554.9456,0.231619,17.478161,2.409745,2.357775,3.158143,true
deep_modular_abundance,1248,0.502158,0.707894,116240.6685,0.214436,18.012547,2.276161,2.182864,3.254702,true
deep_modular_abundance,1249,0.504005,0.724666,121984.8687,0.225033,16.644367,2.330091,2.290733,3.007484,true
deep_modular_abundance,1250,0.489644,0.740876,123506.0926,0.227839,17.716482,2.382213,2.319300,3.201205,true
deep_modular_abundance,1251,0.503282,0.739161,122570.1140,0.226112,18.389558,2.376697,2.301724,3.322824,true
deep_modular_abundance,1252,0.510357,0.681713,113906.4118,0.210130,15.886878,2.191978,2.139029,2.870613,true
deep_modular_abundance,1253,0.507394,0.722674,121091.8107,0.223385,16.797052,2.323683,2.273963,3.035073,true
deep_modular_abundance,1254,0.508913,0.725609,121960.9580,0.224989,16.743960,2.333122,2.290284,3.025480,true
deep_modular_abundance,1255,0.550564,0.620703,103489.6978,0.190914,14.474253,1.995806,1.943416,2.615364,true
deep_modular_abundance,1256,0.484887,0.792501,131424.0270,0.242446,19.733180,2.548206,2.467990,3.565604,true
deep_modular_abundance,1257,0.536556,0.634215,105954.1339,0.195460,14.642306,2.039252,1.989695,2.645730,true
deep_modular_abundance,1258,0.504890,0.727259,118650.2345,0.218881,19.255104,2.338427,2.228113,3.479220,true
deep_modular_abundance,1259,0.486706,0.796350,129266.8978,0.238466,21.865764,2.560581,2.427481,3.950942,true
deep_modular_abundance,1260,0.537365,0.645302,108612.9338,0.200365,14.279096,2.074904,2.039624,2.580101,true
deep_modular_abundance,1261,0.456293,0.811708,135975.9933,0.250843,19.160455,2.609965,2.553470,3.462118,true
deep_modular_abundance,1262,0.472859,0.768297,127270.5671,0.234784,18.980055,2.470382,2.389993,3.429521,true
deep_modular_abundance,1263,0.534953,0.644300,107405.1805,0.198137,15.019113,2.071681,2.016944,2.713816,true
deep_modular_abundance,1264,0.572721,0.614602,101720.0750,0.187649,15.110192,1.976190,1.910184,2.730273,true
deep_modular_abundance,1265,0.498412,0.751994,122947.0446,0.226808,20.028738,2.417958,2.308802,3.619009,true
deep_modular_abundance,1266,0.492750,0.706607,118391.6939,0.218404,16.435482,2.272021,2.223258,2.969740,true
deep_modular_abundance,1267,0.533305,0.665430,109655.3885,0.202288,16.769928,2.139622,2.059200,3.030172,true
deep_modular_abundance,1268,0.515549,0.687282,115713.4743,0.213464,15.633024,2.209886,2.172964,2.824744,true
deep_modular_abundance,1269,0.481175,0.731391,123036.6089,0.226973,16.776107,2.351712,2.310484,3.031288,true
deep_modular_abundance,1270,0.505719,0.743744,121458.6165,0.224062,19.764767,2.391433,2.280851,3.571312,true
deep_modular_abundance,1271,0.525151,0.668627,109403.2195,0.201823,17.109521,2.149903,2.054465,3.091533,true
deep_modular_abundance,1272,0.508126,0.717607,118403.5914,0.218426,18.171216,2.307391,2.223481,3.283372,true
deep_modular_abundance,1273,0.525443,0.681344,113293.1460,0.208999,16.321905,2.190791,2.127513,2.949218,true
deep_modular_abundance,1274,0.508321,0.700216,116654.5388,0.215200,16.919411,2.251473,2.190636,3.057182,true
deep_modular_abundance,1275,0.486210,0.784314,128189.4409,0.236479,20.923967,2.521881,2.407248,3.780768,true
deep_modular_abundance,1276,0.509463,0.685622,115770.8513,0.213569,15.212906,2.204546,2.174041,2.748832,true
deep_modular_abundance,1277,0.482693,0.749017,124659.5871,0.229967,17.949643,2.408389,2.340961,3.243335,true
deep_modular_abundance,1278,0.495758,0.702986,117348.9198,0.216481,16.369966,2.260380,2.203676,2.957902,true
deep_modular_abundance,1279,0.536589,0.690549,112903.7196,0.208280,18.202494,2.220390,2.120200,3.289023,true
deep_modular_abundance,1280,0.556983,0.620388,101975.7764,0.188121,15.541954,1.994795,1.914986,2.808288,true
deep_modular_abundance,1281,0.502102,0.694048,116100.5804,0.214178,16.104510,2.231641,2.180233,2.909937,true
deep_modular_abundance,1282,0.495817,0.704505,118171.0774,0.217997,16.172726,2.265264,2.219115,2.922263,true
deep_modular_abundance,1283,0.520515,0.716993,118655.1487,0.218890,18.055531,2.305418,2.228205,3.262468,true
deep_modular_abundance,1284,0.535111,0.682388,111608.8661,0.205892,17.996970,2.194150,2.095884,3.251887,true
deep_modular_abundance,1285,0.530828,0.661228,108685.1554,0.200498,16.794972,2.126111,2.040980,3.034697,true
deep_modular_abundance,1286,0.506500,0.690410,114601.5067,0.211412,16.582823,2.219942,2.152082,2.996364,true
deep_modular_abundance,1287,0.522479,0.694150,114354.5538,0.210957,17.643494,2.231970,2.147445,3.188017,true
deep_modular_abundance,1288,0.484863,0.726634,121843.0801,0.224771,16.763548,2.336416,2.288071,3.029019,true
deep_modular_abundance,1289,0.537515,0.654449,108977.2406,0.201037,15.413861,2.104313,2.046465,2.785143,true
deep_modular_abundance,1290,0.460834,0.837387,138545.1745,0.255583,21.411572,2.692533,2.601717,3.868874,true
deep_modular_abundance,1291,0.515081,0.684799,113140.8737,0.208718,16.934552,2.201901,2.124653,3.059918,true
deep_modular_abundance,1292,0.492261,0.728767,120907.9555,0.223046,17.705889,2.343277,2.270510,3.199291,true
deep_modular_abundance,1293,0.507469,0.705656,115525.3282,0.213116,18.151709,2.268964,2.169431,3.279847,true
deep_modular_abundance,1294,0.475352,0.796968,133480.9760,0.246240,18.767844,2.562570,2.506617,3.391177,true
deep_modular_abundance,1295,0.493591,0.739699,122195.7619,0.225422,18.513092,2.378428,2.294694,3.345145,true
deep_modular_abundance,1296,0.500937,0.714174,118723.5023,0.219016,17.158763,2.296354,2.229489,3.100431,true
deep_modular_abundance,1297,0.508138,0.745389,123104.1304,0.227098,18.801737,2.396723,2.311752,3.397301,true
deep_modular_abundance,1298,0.517273,0.690994,113789.6689,0.209915,17.533065,2.221819,2.136837,3.168064,true
deep_modular_abundance,1299,0.490911,0.739825,122356.9595,0.225719,18.205521,2.378832,2.297721,3.289570,true
deep_modular_abundance,1300,0.466490,0.800776,134829.5082,0.248728,18.232075,2.574812,2.531941,3.294368,true
deep_modular_abundance,1301,0.516844,0.689315,116793.8103,0.215457,15.122687,2.216423,2.193251,2.732530,true
deep_modular_abundance,1302,0.514518,0.669227,111419.4835,0.205542,15.778189,2.151830,2.092328,2.850974,true
deep_modular_abundance,1303,0.535147,0.677966,112459.2980,0.207460,16.525422,2.179931,2.111854,2.985992,true
deep_modular_abundance,1304,0.530124,0.671603,111618.7222,0.205910,16.235601,2.159471,2.096069,2.933624,true
deep_modular_abundance,1305,0.541739,0.620778,103650.4371,0.191210,14.287726,1.996049,1.946434,2.581661,true
deep_modular_abundance,1306,0.534429,0.681350,111787.2279,0.206221,17.640988,2.190810,2.099234,3.187564,true
deep_modular_abundance,1307,0.514342,0.682253,112599.7261,0.207719,16.708347,2.193714,2.114491,3.019045,true
deep_modular_abundance,1308,0.519190,0.675597,112797.9729,0.208085,15.814576,2.172313,2.118214,2.857548,true
deep_modular_abundance,1309,0.529694,0.648906,109850.3331,0.202647,14.166258,2.086492,2.062861,2.559713,true
deep_modular_abundance,1310,0.506427,0.741050,121924.7042,0.224922,19.146235,2.382769,2.289603,3.459549,true
deep_modular_abundance,1311,0.508607,0.778614,126943.8297,0.234181,21.346817,2.503553,2.383857,3.857173,true
deep_modular_abundance,1312,0.539212,0.657521,109193.9309,0.201437,15.962281,2.114192,2.050534,2.884237,true
deep_modular_abundance,1313,0.518480,0.682531,112388.0954,0.207329,17.359995,2.194607,2.110517,3.136791,true
deep_modular_abundance,1314,0.514021,0.697960,114379.7069,0.211003,18.328687,2.244219,2.147917,3.311825,true
deep_modular_abundance,1315,0.487024,0.754535,126338.5272,0.233064,18.040256,2.426131,2.372490,3.259708,true
deep_modular_abundance,1316,0.494826,0.723791,121173.1830,0.223535,17.053413,2.327276,2.275491,3.081395,true
deep_modular_abundance,1317,0.529036,0.709309,116830.1569,0.215524,18.082887,2.280710,2.193934,3.267411,true
deep_modular_abundance,1318,0.481279,0.779817,129969.2154,0.239762,18.905900,2.507421,2.440670,3.416122,true
deep_modular_abundance,1319,0.498743,0.696386,115025.1580,0.212194,17.168646,2.239157,2.160038,3.102216,true
deep_modular_abundance,1320,0.519744,0.712348,116434.6524,0.214794,18.720854,2.290481,2.186507,3.382686,true
deep_modular_abundance,1321,0.499246,0.700217,116880.7413,0.215617,16.218752,2.251478,2.194884,2.930579,true
deep_modular_abundance,1322,0.528734,0.691829,114695.2231,0.211585,17.085941,2.224507,2.153842,3.087272,true
deep_modular_abundance,1323,0.499408,0.730523,122036.6086,0.225128,17.415632,2.348921,2.291705,3.146844,true
deep_modular_abundance,1324,0.504167,0.714757,119217.2418,0.219927,16.889346,2.298228,2.238761,3.051750,true
deep_modular_abundance,1325,0.507041,0.727313,119582.3296,0.220601,18.736411,2.338601,2.245616,3.385497,true
deep_modular_abundance,1326,0.514437,0.683633,113588.8860,0.209544,16.413757,2.198151,2.133067,2.965815,true
deep_modular_abundance,1327,0.530912,0.663253,111461.1199,0.205619,15.159299,2.132621,2.093110,2.739146,true
deep_modular_abundance,1328,0.520158,0.667114,111410.3642,0.205525,15.648421,2.145036,2.092156,2.827526,true
deep_modular_abundance,1329,0.486518,0.743614,124859.3378,0.230335,17.017083,2.391014,2.344712,3.074830,true
deep_modular_abundance,1330,0.511294,0.685539,114132.9558,0.210548,16.278419,2.204279,2.143284,2.941361,true
deep_modular_abundance,1331,0.527769,0.707660,115337.6799,0.212770,19.006640,2.275408,2.165907,3.434325,true
deep_modular_abundance,1332,0.490443,0.747995,125085.7639,0.230753,17.648521,2.405100,2.348964,3.188925,true
deep_modular_abundance,1333,0.492370,0.750643,125116.1152,0.230809,17.902985,2.413617,2.349534,3.234905,true
deep_modular_abundance,1334,0.522418,0.673211,111277.9925,0.205281,16.655678,2.164643,2.089671,3.009528,true
deep_modular_abundance,1335,0.502941,0.723156,119009.5571,0.219544,18.363084,2.325235,2.234860,3.318040,true
deep_modular_abundance,1336,0.511680,0.687381,113545.0406,0.209463,17.018413,2.210202,2.132243,3.075071,true
deep_modular_abundance,1337,0.479766,0.777370,127703.3306,0.235582,20.249684,2.499552,2.398119,3.658932,true
deep_modular_abundance,1338,0.505882,0.695994,116662.6344,0.215215,16.122045,2.237897,2.190788,2.913105,true
deep_modular_abundance,1339,0.525246,0.673101,112733.4630,0.207966,15.552302,2.164287,2.117003,2.810158,true
deep_modular_abundance,1340,0.500575,0.709380,116972.0987,0.215785,17.848925,2.280939,2.196599,3.225137,true
deep_modular_abundance,1341,0.505717,0.680207,113973.8143,0.210254,15.530103,2.187135,2.140295,2.806147,true
deep_modular_abundance,1342,0.493305,0.751515,124111.7726,0.228956,18.847450,2.416419,2.330674,3.405561,true
deep_modular_abundance,1343,0.500863,0.690811,114566.7041,0.211348,16.770485,2.221233,2.151429,3.030272,true
deep_modular_abundance,1344,0.495511,0.734365,122413.7974,0.225824,17.434365,2.361275,2.298788,3.150229,true
deep_modular_abundance,1345,0.527521,0.661531,110936.6708,0.204652,15.314840,2.127085,2.083261,2.767251,true
deep_modular_abundance,1346,0.485676,0.754304,125879.0651,0.232217,17.840873,2.425389,2.363862,3.223682,true
deep_modular_abundance,1347,0.536602,0.644684,107315.3653,0.197971,15.173613,2.072916,2.015257,2.741732,true
deep_modular_abundance,1348,0.542347,0.630143,105715.5303,0.195020,14.203869,2.026161,1.985214,2.566508,true
deep_modular_abundance,1349,0.525263,0.685851,112709.0022,0.207921,17.489055,2.205285,2.116543,3.160111,true
deep_modular_abundance,1350,0.487611,0.703028,117123.8999,0.216065,16.456018,2.260515,2.199450,2.973451,true
deep_modular_abundance,1351,0.516606,0.672289,112171.0984,0.206929,15.562769,2.161677,2.106442,2.812049,true
deep_modular_abundance,1352,0.522502,0.656781,110493.8974,0.203835,14.703167,2.111813,2.074946,2.656727,true
deep_modular_abundance,1353,0.524251,0.685769,113479.6572,0.209343,17.061406,2.205020,2.131015,3.082839,true
deep_modular_abundance,1354,0.481029,0.747874,123931.8513,0.228624,18.580516,2.404714,2.327295,3.357328,true
deep_modular_abundance,1355,0.572763,0.599899,99774.2168,0.184059,14.197970,1.928915,1.873643,2.565443,true
deep_modular_abundance,1356,0.485347,0.739693,124086.3002,0.228909,16.915400,2.378408,2.330196,3.056457,true
deep_modular_abundance,1357,0.520921,0.672899,111964.4360,0.206547,15.907479,2.163639,2.102561,2.874335,true
deep_modular_abundance,1358,0.498425,0.697067,117799.5370,0.217312,15.372443,2.241348,2.212138,2.777659,true
deep_modular_abundance,1359,0.540467,0.644301,106591.3139,0.196635,15.830504,2.071686,2.001660,2.860426,true
deep_modular_abundance,1360,0.533324,0.675221,111056.5379,0.204873,17.170798,2.171105,2.085512,3.102605,true
deep_modular_abundance,1361,0.510945,0.676175,113306.9017,0.209024,15.551627,2.174173,2.127771,2.810036,true
deep_modular_abundance,1362,0.543392,0.653461,108277.5346,0.199746,15.999426,2.101137,2.033326,2.890949,true
deep_modular_abundance,1363,0.537481,0.643788,106150.4905,0.195822,15.958172,2.070036,1.993382,2.883495,true
deep_modular_abundance,1364,0.522878,0.691480,114083.7366,0.210457,17.268724,2.223384,2.142359,3.120300,true
deep_modular_abundance,1365,0.510238,0.734141,120273.9843,0.221877,19.253201,2.360554,2.258605,3.478876,true
deep_modular_abundance,1366,0.524445,0.697944,114632.0417,0.211469,18.140351,2.244166,2.152656,3.277795,true
deep_modular_abundance,1367,0.524874,0.667085,110433.9618,0.203724,16.384768,2.144944,2.073821,2.960577,true
deep_modular_abundance,1368,0.495369,0.704143,117111.6318,0.216043,16.795618,2.264099,2.199220,3.034814,true
deep_modular_abundance,1369,0.551580,0.606065,101376.7393,0.187016,13.751712,1.948739,1.903737,2.484808,true
deep_modular_abundance,1370,0.554054,0.649130,107861.0697,0.198978,15.702536,2.087211,2.025505,2.837304,true
deep_modular_abundance,1371,0.484213,0.715521,119768.7009,0.220944,16.258998,2.300685,2.249116,2.937851,true
deep_modular_abundance,1372,0.520441,0.677683,112249.6889,0.207074,16.444304,2.179020,2.107918,2.971335,true
deep_modular_abundance,1373,0.485437,0.715871,119590.3247,0.220615,16.984091,2.301809,2.245767,3.068869,true
deep_modular_abundance,1374,0.505893,0.734870,119660.8660,0.220746,19.710004,2.362899,2.247091,3.561416,true
deep_modular_abundance,1375,0.498791,0.697868,116832.3189,0.215528,16.106645,2.243922,2.193974,2.910323,true
deep_modular_abundance,1376,0.521609,0.693254,114768.0231,0.211719,17.127537,2.229087,2.155209,3.094788,true
deep_modular_abundance,1377,0.554264,0.638061,104455.5682,0.192695,16.539921,2.051618,1.961554,2.988612,true
deep_modular_abundance,1378,0.515055,0.707266,116834.1166,0.215531,17.636053,2.274141,2.194008,3.186673,true
deep_modular_abundance,1379,0.501730,0.706028,115960.3527,0.213919,17.894212,2.270162,2.177600,3.233319,true
deep_modular_abundance,1380,0.503341,0.731976,120418.6340,0.222143,18.824234,2.353595,2.261321,3.401366,true
deep_modular_abundance,1381,0.503528,0.704103,119022.2241,0.219567,15.515600,2.263970,2.235098,2.803526,true
deep_modular_abundance,1382,0.521510,0.639972,106308.6399,0.196114,14.925579,2.057766,1.996352,2.696915,true
deep_modular_abundance,1383,0.523158,0.715897,116841.4044,0.215544,19.204655,2.301894,2.194145,3.470105,true
deep_modular_abundance,1384,0.473675,0.778995,127369.4978,0.234966,20.526648,2.504779,2.391850,3.708976,true
deep_modular_abundance,1385,0.530875,0.687532,112474.1937,0.207488,17.831384,2.210690,2.112134,3.221967,true
deep_modular_abundance,1386,0.509375,0.717170,117398.4969,0.216572,18.890957,2.305986,2.204607,3.413422,true
deep_modular_abundance,1387,0.514453,0.688278,114317.6458,0.210889,16.834894,2.213088,2.146752,3.041911,true
deep_modular_abundance,1388,0.509237,0.673683,113605.8266,0.209575,14.917058,2.166159,2.133385,2.695375,true
deep_modular_abundance,1389,0.521711,0.681713,113576.5573,0.209521,16.222815,2.191979,2.132835,2.931313,true
deep_modular_abundance,1390,0.523602,0.689599,113468.1088,0.209321,17.566798,2.217336,2.130799,3.174159,true
deep_modular_abundance,1391,0.486389,0.730553,121789.0811,0.224672,17.527855,2.349018,2.287057,3.167122,true
deep_modular_abundance,1392,0.520517,0.685502,114783.9187,0.211749,15.926110,2.204161,2.155508,2.877702,true
deep_modular_abundance,1393,0.510962,0.713961,118223.5233,0.218094,17.549258,2.295668,2.220100,3.170989,true
deep_modular_abundance,1394,0.517802,0.703640,116433.3304,0.214792,17.588661,2.262482,2.186482,3.178109,true
deep_modular_abundance,1395,0.534205,0.650807,107916.5519,0.199080,15.791297,2.092603,2.026547,2.853342,true
deep_modular_abundance,1396,0.535852,0.663592,110868.4935,0.204526,15.679025,2.133713,2.081981,2.833056,true
deep_modular_abundance,1397,0.503746,0.728403,119800.5630,0.221003,18.613917,2.342104,2.249715,3.363364,true
deep_modular_abundance,1398,0.482072,0.712178,120025.7797,0.221419,15.739771,2.289936,2.253944,2.844032,true
deep_modular_abundance,1399,0.510735,0.710510,120276.8579,0.221882,15.804288,2.284571,2.258659,2.855690,true
deep_modular_abundance,1400,0.506478,0.718458,118670.8025,0.218919,18.052392,2.310128,2.228499,3.261901,true
deep_modular_abundance,1401,0.506385,0.725362,120051.2362,0.221466,18.275722,2.332328,2.254422,3.302255,true
deep_modular_abundance,1402,0.544418,0.689301,111036.3215,0.204835,19.347305,2.216378,2.085132,3.495880,true
deep_modular_abundance,1403,0.507237,0.701116,116417.4303,0.214762,16.868219,2.254366,2.186183,3.047932,true
deep_modular_abundance,1404,0.499718,0.693769,115485.8784,0.213044,16.350432,2.230743,2.168690,2.954373,true
deep_modular_abundance,1405,0.543360,0.664242,109626.8837,0.202235,16.682505,2.135803,2.058665,3.014375,true
deep_modular_abundance,1406,0.538115,0.648167,106980.0248,0.197352,16.041711,2.084116,2.008960,2.898590,true
deep_modular_abundance,1407,0.516478,0.712333,115858.1216,0.213730,19.113740,2.290433,2.175680,3.453677,true
deep_modular_abundance,1408,0.504149,0.724717,119571.7900,0.220581,18.289500,2.330254,2.245419,3.304744,true
deep_modular_abundance,1409,0.483260,0.744768,123011.7706,0.226927,18.761955,2.394725,2.310017,3.390113,true
deep_modular_abundance,1410,0.554316,0.641901,105660.3348,0.194918,16.357048,2.063966,1.984178,2.955568,true
deep_modular_abundance,1411,0.518940,0.718288,117935.0492,0.217562,18.648024,2.309581,2.214682,3.369526,true
deep_modular_abundance,1412,0.527624,0.704881,116560.1720,0.215026,17.597271,2.266473,2.188864,3.179665,true
deep_modular_abundance,1413,0.531778,0.671354,111240.3124,0.205212,16.361674,2.158669,2.088963,2.956404,true
deep_modular_abundance,1414,0.537696,0.705604,114185.1101,0.210644,19.530761,2.268798,2.144263,3.529029,true
deep_modular_abundance,1415,0.517105,0.684081,112082.5398,0.206765,17.456519,2.199593,2.104779,3.154232,true
deep_modular_abundance,1416,0.495757,0.702213,117667.3497,0.217068,15.953168,2.257895,2.209655,2.882591,true
deep_modular_abundance,1417,0.509340,0.715431,117427.5212,0.216626,18.589748,2.300394,2.205152,3.358996,true
deep_modular_abundance,1418,0.480966,0.754895,127316.4363,0.234868,16.944629,2.427288,2.390854,3.061739,true
deep_modular_abundance,1419,0.483950,0.730505,122513.9354,0.226009,16.738893,2.348863,2.300669,3.024564,true
deep_modular_abundance,1420,0.542019,0.663983,109114.2262,0.201290,16.971960,2.134971,2.049038,3.066677,true
deep_modular_abundance,1421,0.497090,0.716570,118941.3526,0.219418,17.345968,2.304059,2.233580,3.134257,true
deep_modular_abundance,1422,0.543990,0.648216,106665.4735,0.196772,16.334040,2.084274,2.003053,2.951411,true
deep_modular_abundance,1423,0.515340,0.670480,111644.7351,0.205958,16.043319,2.155860,2.096558,2.898880,true
deep_modular_abundance,1424,0.562133,0.626749,103561.5985,0.191046,15.501979,2.015246,1.944766,2.801065,true
deep_modular_abundance,1425,0.508456,0.723804,120368.6793,0.222051,17.641240,2.327318,2.260383,3.187610,true
deep_modular_abundance,1426,0.555332,0.645735,106240.0546,0.195987,16.389124,2.076296,1.995064,2.961364,true
deep_modular_abundance,1427,0.507137,0.714226,119417.3487,0.220296,16.996356,2.296520,2.242518,3.071085,true
deep_modular_abundance,1428,0.492654,0.733536,121688.1363,0.224485,17.889290,2.358609,2.285161,3.232430,true
deep_modular_abundance,1429,0.489561,0.719083,119373.0806,0.220215,17.464109,2.312136,2.241687,3.155604,true
deep_modular_abundance,1430,0.520592,0.686344,112736.3294,0.207971,17.524901,2.206870,2.117057,3.166588,true
deep_modular_abundance,1431,0.499264,0.734322,120937.1480,0.223100,18.830063,2.361137,2.271058,3.402419,true
deep_modular_abundance,1432,0.507852,0.696880,115635.3364,0.213319,16.853036,2.240747,2.171497,3.045189,true
deep_modular_abundance,1433,0.522653,0.699050,115144.6891,0.212414,17.765421,2.247724,2.162283,3.210048,true
deep_modular_abundance,1434,0.509155,0.663043,112719.8853,0.207941,13.923371,2.131946,2.116748,2.515825,true
deep_modular_abundance,1435,0.516867,0.687906,113241.4708,0.208903,17.448687,2.211891,2.126543,3.152817,true
deep_modular_abundance,1436,0.522483,0.681774,115337.0266,0.212769,14.893511,2.192174,2.165895,2.691121,true
deep_modular_abundance,1437,0.511419,0.759587,123345.2133,0.227542,20.964529,2.442373,2.316279,3.788098,true
deep_modular_abundance,1438,0.513814,0.703640,117728.7117,0.217181,16.410242,2.262482,2.210808,2.965180,true
deep_modular_abundance,1439,0.459130,0.820134,137636.4937,0.253906,19.143775,2.637058,2.584653,3.459104,true
deep_modular_abundance,1440,0.481286,0.766902,125373.8841,0.231285,20.268147,2.465896,2.354375,3.662268,true
deep_modular_abundance,1441,0.512503,0.657892,110801.1565,0.204402,14.706789,2.115384,2.080716,2.657381,true
deep_modular_abundance,1442,0.496398,0.724972,119357.2723,0.220185,18.637473,2.331072,2.241390,3.367620,true
deep_modular_abundance,1443,0.465211,0.812848,132914.3980,0.245195,21.479059,2.613630,2.495977,3.881068,true
deep_modular_abundance,1444,0.540439,0.646547,107941.7371,0.199127,14.924264,2.078906,2.027020,2.696677,true
deep_modular_abundance,1445,0.493492,0.765933,125697.0306,0.231881,19.933767,2.462779,2.360443,3.601848,true
deep_modular_abundance,1446,0.510656,0.708856,116785.1226,0.215440,17.743027,2.279253,2.193088,3.206002,true
deep_modular_abundance,1447,0.518158,0.674776,113645.3997,0.209648,15.012926,2.169675,2.134128,2.712698,true
deep_modular_abundance,1448,0.504122,0.704606,117685.3833,0.217101,16.456978,2.265590,2.209994,2.973625,true
deep_modular_abundance,1449,0.534382,0.689988,112488.3107,0.207514,18.545848,2.218585,2.112399,3.351064,true
deep_modular_abundance,1450,0.479148,0.766514,127036.5766,0.234352,18.827680,2.464647,2.385598,3.401989,true
deep_modular_abundance,1451,0.502213,0.731722,119305.3495,0.220090,19.535481,2.352778,2.240415,3.529882,true
deep_modular_abundance,1452,0.496343,0.749226,123553.5434,0.227927,19.203169,2.409061,2.320191,3.469836,true
deep_modular_abundance,1453,0.521569,0.690929,115593.2706,0.213242,16.123990,2.221612,2.170707,2.913457,true
deep_modular_abundance,1454,0.491867,0.729577,121988.2778,0.225039,17.107063,2.345882,2.290797,3.091089,true
deep_modular_abundance,1455,0.504769,0.755226,126133.4123,0.232686,18.179038,2.428353,2.368638,3.284785,true
deep_modular_abundance,1456,0.521390,0.653920,109808.7779,0.202571,14.924245,2.102612,2.062081,2.696674,true
deep_modular_abundance,1457,0.519233,0.707024,116956.5850,0.215757,17.504682,2.273362,2.196308,3.162935,true
deep_modular_abundance,1458,0.485303,0.767851,127247.4266,0.234741,19.200514,2.468947,2.389558,3.469356,true
deep_modular_abundance,1459,0.487824,0.789455,130321.3943,0.240412,20.240013,2.538411,2.447284,3.657184,true
deep_modular_abundance,1460,0.482105,0.743480,125059.3743,0.230705,16.740831,2.390584,2.348469,3.024914,true
deep_modular_abundance,1461,0.514160,0.657448,110540.3046,0.203920,14.543607,2.113956,2.075818,2.627896,true
deep_modular_abundance,1462,0.508272,0.713516,118794.1517,0.219147,17.242073,2.294237,2.230815,3.115484,true
deep_modular_abundance,1463,0.493943,0.724139,121595.4432,0.224314,16.594769,2.328395,2.283420,2.998522,true
deep_modular_abundance,1464,0.521746,0.707338,117026.5009,0.215886,17.689760,2.274373,2.197621,3.196377,true
deep_modular_abundance,1465,0.488191,0.726641,119895.6728,0.221179,18.050862,2.336440,2.251501,3.261625,true
deep_modular_abundance,1466,0.514468,0.729163,120823.6759,0.222891,17.946950,2.344548,2.268927,3.242849,true
deep_modular_abundance,1467,0.500155,0.717750,118366.6525,0.218358,18.008968,2.307852,2.222787,3.254055,true
deep_modular_abundance,1468,0.543073,0.698697,113858.1416,0.210041,18.828103,2.246587,2.138123,3.402065,true
deep_modular_abundance,1469,0.519446,0.681897,112971.9704,0.208406,16.677897,2.192569,2.121482,3.013543,true
deep_modular_abundance,1470,0.525027,0.661742,110992.8627,0.204755,15.144162,2.127764,2.084316,2.736411,true
deep_modular_abundance,1471,0.506516,0.723771,121035.1964,0.223281,17.137559,2.327212,2.272900,3.096599,true
deep_modular_abundance,1472,0.498488,0.712388,118249.4147,0.218142,17.226900,2.290610,2.220586,3.112742,true
deep_modular_abundance,1473,0.510831,0.685683,113539.2047,0.209453,16.762250,2.204743,2.132134,3.028784,true
deep_modular_abundance,1474,0.481073,0.744368,123955.6117,0.228668,17.977547,2.393439,2.327742,3.248377,true
deep_modular_abundance,1475,0.496529,0.679899,114157.2989,0.210593,15.267719,2.186147,2.143741,2.758736,true
deep_modular_abundance,1476,0.483494,0.773133,129586.9646,0.239057,18.203451,2.485931,2.433492,3.289196,true
deep_modular_abundance,1477,0.507914,0.709131,116551.4208,0.215009,18.120175,2.280137,2.188700,3.274149,true
deep_modular_abundance,1478,0.516358,0.696663,115764.0579,0.213557,16.803987,2.240050,2.173914,3.036326,true
deep_modular_abundance,1479,0.530303,0.685141,112367.4329,0.207291,17.740226,2.203002,2.110129,3.205496,true
deep_modular_abundance,1480,0.511324,0.693056,117395.0444,0.216566,14.998501,2.228449,2.204542,2.710091,true
deep_modular_abundance,1481,0.488476,0.749210,123922.6337,0.228607,18.582486,2.409008,2.327122,3.357684,true
deep_modular_abundance,1482,0.524095,0.675339,113836.5718,0.210001,15.154829,2.171482,2.137718,2.738338,true
deep_modular_abundance,1483,0.491120,0.716454,120207.0263,0.221753,16.232543,2.303683,2.257348,2.933071,true
deep_modular_abundance,1484,0.520335,0.704898,114985.7275,0.212121,18.869127,2.266526,2.159298,3.409478,true
deep_modular_abundance,1485,0.538703,0.655255,108151.8425,0.199514,16.191849,2.106907,2.030965,2.925718,true
deep_modular_abundance,1486,0.537138,0.623504,103827.2499,0.191536,14.477607,2.004814,1.949754,2.615970,true
deep_modular_abundance,1487,0.531445,0.675135,112320.1255,0.207204,16.311673,2.170827,2.109241,2.947369,true
deep_modular_abundance,1488,0.517398,0.673683,111852.7134,0.206341,16.304092,2.166157,2.100463,2.945999,true
deep_modular_abundance,1489,0.459077,0.823779,137466.1947,0.253592,19.801608,2.648779,2.581455,3.577968,true
deep_modular_abundance,1490,0.511961,0.692644,113980.4373,0.210267,17.422463,2.227125,2.140419,3.148079,true
deep_modular_abundance,1491,0.467454,0.763577,127972.3080,0.236078,17.625406,2.455204,2.403170,3.184749,true
deep_modular_abundance,1492,0.508952,0.708043,116871.9161,0.215601,17.782154,2.276639,2.194718,3.213072,true
deep_modular_abundance,1493,0.450495,0.784573,132276.8891,0.244019,17.331110,2.522713,2.484005,3.131572,true
deep_modular_abundance,1494,0.506831,0.693579,116084.9202,0.214149,16.035715,2.230131,2.179939,2.897506,true
deep_modular_abundance,1495,0.468294,0.789855,132093.6762,0.243681,18.747154,2.539699,2.480565,3.387438,true
deep_modular_abundance,1496,0.497192,0.713769,119099.8020,0.219711,16.810485,2.295051,2.236555,3.037500,true
deep_modular_abundance,1497,0.516385,0.713229,115970.2396,0.213937,19.007309,2.293316,2.177786,3.434446,true
deep_modular_abundance,1498,0.498539,0.738250,124745.0751,0.230125,16.478885,2.373767,2.342567,2.977583,true
deep_modular_abundance,1499,0.515909,0.685974,113557.0751,0.209486,16.821743,2.205679,2.132469,3.039534,true
deep_modular_abundance,1500,0.504955,0.733175,120780.9330,0.222812,18.861718,2.357451,2.268125,3.408139,true
deep_modular_abundance,1501,0.475852,0.742175,124623.3738,0.229900,16.693565,2.386387,2.340281,3.016374,true
deep_modular_abundance,1502,0.543678,0.635936,106799.9329,0.197020,14.237536,2.044786,2.005578,2.572592,true
deep_modular_abundance,1503,0.518680,0.719937,117622.5437,0.216985,19.364210,2.314885,2.208814,3.498935,true
deep_modular_abundance,1504,0.547854,0.637543,105478.5060,0.194583,15.570888,2.049956,1.980763,2.813516,true
deep_modular_abundance,1505,0.505856,0.694991,115694.9569,0.213429,16.416659,2.234672,2.172616,2.966339,true
deep_modular_abundance,1506,0.520595,0.724785,118883.5787,0.219312,18.899463,2.330472,2.232495,3.414959,true
deep_modular_abundance,1507,0.535668,0.656318,109688.9743,0.202350,15.252879,2.110325,2.059831,2.756055,true
deep_modular_abundance,1508,0.526688,0.682282,113589.3293,0.209545,16.540093,2.193808,2.133075,2.988643,true
deep_modular_abundance,1509,0.512059,0.758079,123319.7127,0.227495,20.784117,2.437526,2.315800,3.755499,true
deep_modular_abundance,1510,0.506821,0.711323,119484.6539,0.220420,16.311550,2.287186,2.243782,2.947347,true
deep_modular_abundance,1511,0.496126,0.711155,119812.2849,0.221025,15.897321,2.286646,2.249935,2.872500,true
deep_modular_abundance,1512,0.517553,0.692067,113031.4534,0.208516,17.995035,2.225270,2.122599,3.251537,true
deep_modular_abundance,1513,0.504729,0.737201,119666.3411,0.220756,20.131485,2.370396,2.247194,3.637574,true
deep_modular_abundance,1514,0.516994,0.751154,121640.7242,0.224398,20.969704,2.415258,2.284271,3.789033,true
deep_modular_abundance,1515,0.512971,0.722145,120409.6341,0.222127,17.325907,2.321984,2.261152,3.130632,true
deep_modular_abundance,1516,0.489419,0.735264,121652.6525,0.224420,18.367185,2.364165,2.284495,3.318781,true
deep_modular_abundance,1517,0.517474,0.695533,115009.3010,0.212165,17.232757,2.236416,2.159740,3.113801,true
deep_modular_abundance,1518,0.507005,0.684438,113230.0646,0.208882,16.732773,2.200741,2.126328,3.023458,true
deep_modular_abundance,1519,0.486663,0.731888,121553.2187,0.224236,17.866723,2.353311,2.282627,3.228353,true
deep_modular_abundance,1520,0.514506,0.715565,117731.8580,0.217187,18.435594,2.300826,2.210867,3.331142,true
deep_modular_abundance,1521,0.529237,0.684703,113731.4161,0.209807,16.588905,2.201592,2.135743,2.997463,true
deep_modular_abundance,1522,0.499527,0.731961,120296.0892,0.221917,18.759518,2.353546,2.259020,3.389672,true
deep_modular_abundance,1523,0.498203,0.727951,119902.0172,0.221190,18.508701,2.340651,2.251620,3.344352,true
deep_modular_abundance,1524,0.533821,0.651248,108237.8166,0.199673,15.575347,2.094022,2.032580,2.814322,true
deep_modular_abundance,1525,0.531142,0.695673,113081.3811,0.208608,18.889208,2.236865,2.123536,3.413106,true
deep_modular_abundance,1526,0.484098,0.763276,126567.7878,0.233487,18.972959,2.454237,2.376795,3.428239,true
deep_modular_abundance,1527,0.524085,0.692426,114085.1429,0.210460,17.680520,2.226425,2.142386,3.194707,true
deep_modular_abundance,1528,0.495254,0.724734,120396.5032,0.222103,17.514170,2.330308,2.260906,3.164649,true
deep_modular_abundance,1529,0.470250,0.775244,127973.6279,0.236081,19.613021,2.492717,2.403195,3.543892,true
deep_modular_abundance,1530,0.508511,0.690375,116526.4249,0.214963,15.084021,2.219832,2.188230,2.725544,true
deep_modular_abundance,1531,0.538761,0.675650,111476.4701,0.205647,16.957005,2.172483,2.093398,3.063975,true
deep_modular_abundance,1532,0.529587,0.656604,109373.8984,0.201769,15.684461,2.111242,2.053914,2.834038,true
deep_modular_abundance,1533,0.487683,0.734450,122585.2481,0.226140,17.231937,2.361549,2.302008,3.113652,true
deep_modular_abundance,1534,0.490758,0.792248,130399.5614,0.240556,20.727068,2.547392,2.448751,3.745191,true
deep_modular_abundance,1535,0.523224,0.697942,113847.3114,0.210021,18.600768,2.244161,2.137919,3.360988,true
deep_modular_abundance,1536,0.491783,0.741766,123369.6220,0.227587,17.928475,2.385072,2.316737,3.239511,true
deep_modular_abundance,1537,0.492308,0.727883,124641.2633,0.229933,14.626272,2.340432,2.340617,2.642833,true
deep_modular_abundance,1538,0.524869,0.683844,112978.4030,0.208418,17.074776,2.198831,2.121602,3.085255,true
deep_modular_abundance,1539,0.494781,0.703764,119790.0184,0.220984,14.775265,2.262880,2.249517,2.669755,true
deep_modular_abundance,1540,0.522029,0.714863,116995.4096,0.215828,19.109911,2.298570,2.197037,3.452985,true
deep_modular_abundance,1541,0.505270,0.720813,120464.4044,0.222228,17.006937,2.317699,2.262181,3.072997,true
deep_modular_abundance,1542,0.499964,0.686041,114446.7353,0.211127,15.894407,2.205895,2.149176,2.871973,true
deep_modular_abundance,1543,0.520515,0.682225,113483.6566,0.209350,16.356986,2.193624,2.131090,2.955557,true
deep_modular_abundance,1544,0.514309,0.708969,117667.3781,0.217068,17.280998,2.279616,2.209656,3.122517,true
deep_modular_abundance,1545,0.512031,0.706404,118603.8901,0.218796,16.137159,2.271370,2.227242,2.915836,true
deep_modular_abundance,1546,0.533816,0.681361,111859.2240,0.206353,17.644411,2.190848,2.100586,3.188183,true
deep_modular_abundance,1547,0.512228,0.696925,116057.0915,0.214097,16.689081,2.240890,2.179417,3.015563,true
deep_modular_abundance,1548,0.503026,0.696747,115500.5130,0.213071,17.100653,2.240319,2.168965,3.089931,true
deep_modular_abundance,1549,0.491667,0.699651,118190.7618,0.218034,15.425080,2.249657,2.219484,2.787170,true
deep_modular_abundance,1550,0.498763,0.739675,122579.0293,0.226129,18.215226,2.378351,2.301891,3.291324,true
deep_modular_abundance,1551,0.495537,0.695195,117446.5194,0.216661,15.071057,2.235329,2.205508,2.723201,true
deep_modular_abundance,1552,0.548871,0.632793,105406.0349,0.194449,14.889126,2.034680,1.979402,2.690328,true
deep_modular_abundance,1553,0.523542,0.674026,111089.5145,0.204933,16.822467,2.167263,2.086131,3.039665,true
deep_modular_abundance,1554,0.436259,0.869470,145337.2727,0.268112,20.997036,2.795691,2.729264,3.793971,true
deep_modular_abundance,1555,0.519610,0.683488,112962.5746,0.208389,16.852914,2.197685,2.121305,3.045166,true
deep_modular_abundance,1556,0.505614,0.707810,118227.6976,0.218102,16.815838,2.275889,2.220178,3.038467,true
deep_modular_abundance,1557,0.509698,0.674822,113567.0944,0.209504,15.041414,2.169822,2.132657,2.717845,true
deep_modular_abundance,1558,0.486045,0.730628,120618.0509,0.222511,18.256784,2.349259,2.265066,3.298833,true
deep_modular_abundance,1559,0.504446,0.743639,121608.0990,0.224338,19.569745,2.391094,2.283658,3.536073,true
deep_modular_abundance,1560,0.531830,0.688972,113340.6814,0.209086,17.600234,2.215319,2.128406,3.180200,true
deep_modular_abundance,1561,0.491972,0.744332,127168.4836,0.234595,15.447991,2.393323,2.388076,2.791310,true
deep_modular_abundance,1562,0.461475,0.801515,134267.9158,0.247692,18.768951,2.577189,2.521395,3.391377,true
deep_modular_abundance,1563,0.546279,0.641319,106670.7327,0.196782,15.299947,2.062096,2.003152,2.764560,true
deep_modular_abundance,1564,0.488687,0.730743,121522.7020,0.224180,17.644945,2.349630,2.282054,3.188279,true
deep_modular_abundance,1565,0.500872,0.760804,122491.8534,0.225968,21.494815,2.446288,2.300254,3.883915,true
deep_modular_abundance,1566,0.500733,0.740016,120775.1278,0.222801,19.767187,2.379447,2.268016,3.571749,true
deep_modular_abundance,1567,0.505163,0.684730,114435.3238,0.211106,16.075480,2.201681,2.148962,2.904691,true
deep_modular_abundance,1568,0.487174,0.771898,125762.8748,0.232002,21.073652,2.481959,2.361680,3.807815,true
deep_modular_abundance,1569,0.518197,0.721853,117506.5242,0.216771,19.405745,2.321046,2.206635,3.506440,true
deep_modular_abundance,1570,0.503316,0.723117,118133.2050,0.217927,18.933407,2.325108,2.218404,3.421093,true
deep_modular_abundance,1571,0.493737,0.729486,121048.7819,0.223306,17.893770,2.345586,2.273155,3.233240,true
deep_modular_abundance,1572,0.523417,0.704471,116941.0387,0.215728,17.169096,2.265156,2.196016,3.102298,true
deep_modular_abundance,1573,0.533203,0.662045,108374.8584,0.199926,16.961081,2.128738,2.035153,3.064711,true
deep_modular_abundance,1574,0.511232,0.718796,118954.1504,0.219442,17.832494,2.311214,2.233820,3.222168,true
deep_modular_abundance,1575,0.526531,0.678503,112017.7659,0.206646,16.967597,2.181655,2.103563,3.065889,true
deep_modular_abundance,1576,0.494690,0.718441,119281.4552,0.220046,17.321439,2.310074,2.239966,3.129825,true
deep_modular_abundance,1577,0.468151,0.799919,133775.4947,0.246784,18.880614,2.572058,2.512147,3.411553,true
deep_modular_abundance,1578,0.469042,0.821314,137287.4659,0.253262,19.583523,2.640851,2.578098,3.538563,true
deep_modular_abundance,1579,0.524370,0.676066,110656.0102,0.204134,17.272339,2.173821,2.077991,3.120953,true
deep_modular_abundance,1580,0.514433,0.717425,120117.3819,0.221588,16.960593,2.306808,2.255664,3.064623,true
deep_modular_abundance,1581,0.520718,0.671138,110530.8430,0.203903,16.948348,2.157976,2.075640,3.062411,true
deep_modular_abundance,1582,0.546907,0.609965,102148.8592,0.188440,13.697641,1.961280,1.918236,2.475038,true
deep_modular_abundance,1583,0.546172,0.639459,106275.0094,0.196052,15.374666,2.056114,1.995721,2.778061,true
deep_modular_abundance,1584,0.514189,0.699238,115513.0965,0.213094,17.566942,2.248328,2.169201,3.174185,true
deep_modular_abundance,1585,0.494836,0.753422,124984.1628,0.230566,18.526130,2.422551,2.347057,3.347501,true
deep_modular_abundance,1586,0.523277,0.676492,111508.6250,0.205707,16.879529,2.175190,2.094002,3.049976,true
deep_modular_abundance,1587,0.521385,0.679605,112430.3138,0.207407,16.875421,2.185200,2.111310,3.049233,true
deep_modular_abundance,1588,0.542050,0.687167,111622.1190,0.205916,18.746084,2.209516,2.096133,3.387245,true
deep_modular_abundance,1589,0.525103,0.702146,116003.2114,0.213998,17.617935,2.257680,2.178405,3.183399,true
deep_modular_abundance,1590,0.520761,0.666118,110822.9151,0.204442,15.825008,2.141834,2.081125,2.859433,true
deep_modular_abundance,1591,0.509612,0.744344,121955.2315,0.224978,19.406180,2.393362,2.290177,3.506518,true
deep_modular_abundance,1592,0.538033,0.642738,105608.5146,0.194822,16.092528,2.066659,1.983205,2.907772,true
deep_modular_abundance,1593,0.487350,0.770513,127896.5604,0.235938,18.894849,2.477505,2.401748,3.414125,true
deep_modular_abundance,1594,0.523285,0.654255,109171.0963,0.201394,15.030293,2.103689,2.050106,2.715836,true
deep_modular_abundance,1595,0.546668,0.647790,106993.0824,0.197377,16.042978,2.082901,2.009205,2.898819,true
deep_modular_abundance,1596,0.508217,0.710054,118923.4646,0.219385,16.532917,2.283105,2.233244,2.987346,true
deep_modular_abundance,1597,0.533023,0.631216,105044.6523,0.193782,14.671893,2.029611,1.972616,2.651076,true
deep_modular_abundance,1598,0.504874,0.727685,120504.9247,0.222303,17.873062,2.339797,2.262942,3.229498,true
deep_modular_abundance,1599,0.492757,0.707718,118385.6689,0.218393,16.350020,2.275595,2.223145,2.954298,true
deep_modular_abundance,1600,0.519979,0.656499,108993.2642,0.201066,15.626599,2.110906,2.046766,2.823583,true
deep_modular_abundance,1601,0.508995,0.724978,118425.4629,0.218467,19.052222,2.331094,2.223892,3.442561,true
deep_modular_abundance,1602,0.512447,0.720417,120139.8121,0.221629,17.287898,2.316428,2.256085,3.123764,true
deep_modular_abundance,1603,0.477282,0.772074,129462.5352,0.238827,18.033580,2.482525,2.431155,3.258502,true
deep_modular_abundance,1604,0.544671,0.627018,105174.0542,0.194021,14.097380,2.016113,1.975046,2.547267,true
deep_modular_abundance,1605,0.540365,0.647642,108550.1922,0.200249,14.812496,2.082426,2.038446,2.676482,true
deep_modular_abundance,1606,0.515228,0.746755,122363.5706,0.225731,19.667225,2.401115,2.297845,3.553687,true
deep_modular_abundance,1607,0.498631,0.690311,115454.9662,0.212987,15.765380,2.219625,2.168109,2.848659,true
deep_modular_abundance,1608,0.468838,0.749945,127139.0942,0.234541,16.497414,2.411371,2.387524,2.980931,true
deep_modular_abundance,1609,0.568695,0.635789,103601.5315,0.191120,16.842352,2.044313,1.945516,3.043258,true
deep_modular_abundance,1610,0.505038,0.747755,123564.9109,0.227948,18.866485,2.404331,2.320405,3.409000,true
deep_modular_abundance,1611,0.510740,0.685016,114005.0843,0.210312,16.498766,2.202600,2.140882,2.981175,true
deep_modular_abundance,1612,0.514684,0.723242,118871.8988,0.219290,18.758538,2.325510,2.232275,3.389495,true
deep_modular_abundance,1613,0.549364,0.663607,109252.1468,0.201544,16.808675,2.133760,2.051628,3.037173,true
deep_modular_abundance,1614,0.506633,0.695753,117290.5773,0.216373,15.531797,2.237123,2.202580,2.806453,true
deep_modular_abundance,1615,0.490922,0.722006,119503.0345,0.220454,17.669973,2.321536,2.244127,3.192802,true
deep_modular_abundance,1616,0.506313,0.706194,116605.7563,0.215110,17.475819,2.270695,2.189720,3.157720,true
deep_modular_abundance,1617,0.513467,0.681019,113324.5765,0.209057,16.202248,2.189746,2.128103,2.927597,true
deep_modular_abundance,1618,0.505904,0.699122,116858.3051,0.215576,16.282923,2.247954,2.194462,2.942174,true
deep_modular_abundance,1619,0.522097,0.688241,114437.5832,0.211110,16.604192,2.212968,2.149004,3.000225,true
deep_modular_abundance,1620,0.529425,0.664442,110840.0523,0.204473,15.731773,2.136445,2.081447,2.842587,true
deep_modular_abundance,1621,0.499243,0.695271,116209.9555,0.214379,16.193007,2.235573,2.182287,2.925927,true
deep_modular_abundance,1622,0.480835,0.727272,121804.3565,0.224700,16.879116,2.338470,2.287343,3.049901,true
deep_modular_abundance,1623,0.520485,0.675540,112684.5171,0.207876,16.111846,2.172129,2.116084,2.911262,true
deep_modular_abundance,1624,0.532339,0.653156,109442.8551,0.201896,14.913314,2.100157,2.055209,2.694699,true
deep_modular_abundance,1625,0.502013,0.713604,120597.2753,0.222473,15.822115,2.294522,2.264676,2.858911,true
deep_modular_abundance,1626,0.498633,0.724717,119791.5672,0.220987,18.145264,2.330253,2.249546,3.278682,true
deep_modular_abundance,1627,0.527107,0.667430,110300.9972,0.203479,16.556051,2.146053,2.071324,2.991526,true
deep_modular_abundance,1628,0.516631,0.705930,117283.0088,0.216359,17.148813,2.269846,2.202438,3.098633,true
deep_modular_abundance,1629,0.478563,0.750193,125621.6112,0.231742,17.259205,2.412168,2.359027,3.118580,true
deep_modular_abundance,1630,0.514647,0.708781,116866.5445,0.215591,17.755853,2.279013,2.194617,3.208319,true
deep_modular_abundance,1631,0.501715,0.699210,116416.9864,0.214761,16.782759,2.248238,2.186175,3.032490,true
deep_modular_abundance,1632,0.521501,0.668121,112259.8148,0.207092,15.206929,2.148274,2.108108,2.747752,true
deep_modular_abundance,1633,0.506041,0.683200,113767.2863,0.209873,16.064347,2.196760,2.136417,2.902680,true
deep_modular_abundance,1634,0.549086,0.626484,104056.9635,0.191960,14.876228,2.014397,1.954068,2.687998,true
deep_modular_abundance,1635,0.504809,0.679147,113977.5350,0.210261,15.114689,2.183729,2.140365,2.731085,true
deep_modular_abundance,1636,0.535200,0.659041,109247.4938,0.201535,15.995053,2.119080,2.051540,2.890159,true
deep_modular_abundance,1637,0.518344,0.717009,118502.2216,0.218608,18.223925,2.305470,2.225333,3.292896,true
deep_modular_abundance,1638,0.536650,0.648930,107628.1129,0.198548,15.693943,2.086569,2.021130,2.835751,true
deep_modular_abundance,1639,0.489491,0.758534,126496.0924,0.233355,18.355279,2.438987,2.375449,3.316630,true
deep_modular_abundance,1640,0.497701,0.744641,120509.7996,0.222312,20.425552,2.394318,2.263033,3.690709,true
deep_modular_abundance,1641,0.534326,0.654039,109200.0924,0.201448,15.280919,2.102996,2.050650,2.761122,true
deep_modular_abundance,1642,0.530951,0.671183,110885.2673,0.204557,16.722645,2.158120,2.082296,3.021628,true
deep_modular_abundance,1643,0.531259,0.683475,111656.6734,0.205980,17.980170,2.197645,2.096782,3.248851,true
deep_modular_abundance,1644,0.497984,0.700726,116571.6052,0.215047,16.774161,2.253112,2.189079,3.030937,true
deep_modular_abundance,1645,0.504526,0.740508,121587.0221,0.224299,19.138935,2.381028,2.283262,3.458230,true
deep_modular_abundance,1646,0.523566,0.705514,117111.5898,0.216043,17.247295,2.268507,2.199219,3.116428,true
deep_modular_abundance,1647,0.502636,0.694043,118015.8616,0.217711,14.738858,2.231624,2.216200,2.663176,true
deep_modular_abundance,1648,0.516634,0.702659,115153.9481,0.212431,18.217348,2.259327,2.162457,3.291707,true
deep_modular_abundance,1649,0.504710,0.694242,116237.0789,0.214429,16.157707,2.232264,2.182797,2.919549,true
deep_modular_abundance,1650,0.540578,0.653090,107731.8626,0.198739,16.339275,2.099944,2.023079,2.952357,true
deep_modular_abundance,1651,0.470248,0.761762,128190.6213,0.236481,17.047290,2.449367,2.407270,3.080288,true
deep_modular_abundance,1652,0.529250,0.662292,111639.5288,0.205948,14.499783,2.129532,2.096460,2.619978,true
deep_modular_abundance,1653,0.516534,0.678164,112064.8302,0.206733,16.765489,2.180567,2.104447,3.029370,true
deep_modular_abundance,1654,0.510825,0.690533,115459.7425,0.212995,15.836317,2.220337,2.168199,2.861477,true
deep_modular_abundance,1655,0.508288,0.688847,115386.2049,0.212860,15.692146,2.214917,2.166818,2.835426,true
deep_modular_abundance,1656,0.494672,0.730513,122044.3486,0.225143,17.369789,2.348889,2.291850,3.138561,true
deep_modular_abundance,1657,0.524013,0.690824,113664.6507,0.209684,17.632155,2.221275,2.134489,3.185968,true
deep_modular_abundance,1658,0.493596,0.755806,127168.6944,0.234596,17.185474,2.430218,2.388079,3.105257,true
deep_modular_abundance,1659,0.510453,0.715853,118858.9386,0.219266,17.526731,2.301751,2.232032,3.166919,true
deep_modular_abundance,1660,0.485897,0.771258,126608.8674,0.233563,20.250332,2.479903,2.377567,3.659049,true
deep_modular_abundance,1661,0.509518,0.719248,118313.3644,0.218260,18.393789,2.312669,2.221787,3.323589,true
deep_modular_abundance,1662,0.536375,0.646864,106611.2076,0.196672,16.155318,2.079926,2.002034,2.919117,true
deep_modular_abundance,1663,0.542454,0.633808,105259.9015,0.194179,15.129540,2.037945,1.976658,2.733769,true
deep_modular_abundance,1664,0.476737,0.756424,126346.2260,0.233078,18.077109,2.432203,2.372635,3.266367,true
deep_modular_abundance,1665,0.501652,0.763232,125085.3204,0.230752,20.161550,2.454094,2.348956,3.643007,true
deep_modular_abundance,1666,0.501414,0.717625,119097.3099,0.219706,17.529357,2.307450,2.236508,3.167394,true
deep_modular_abundance,1667,0.524141,0.673449,113730.9881,0.209806,14.777830,2.165405,2.135735,2.670218,true
deep_modular_abundance,1668,0.482196,0.771655,128544.6745,0.237134,18.668385,2.481178,2.413919,3.373206,true
deep_modular_abundance,1669,0.505847,0.706721,116805.9882,0.215479,17.718069,2.272390,2.193480,3.201492,true
deep_modular_abundance,1670,0.553426,0.624488,104738.0656,0.193217,14.223090,2.007978,1.966858,2.569982,true
deep_modular_abundance,1671,0.500874,0.721849,118549.0598,0.218695,18.722424,2.321033,2.226213,3.382970,true
deep_modular_abundance,1672,0.486237,0.792853,130417.9801,0.240590,20.544479,2.549336,2.449097,3.712198,true
deep_modular_abundance,1673,0.484659,0.736309,123278.0238,0.227418,17.155121,2.367526,2.315017,3.099773,true
deep_modular_abundance,1674,0.521177,0.695548,114247.8970,0.210760,17.584898,2.236463,2.145442,3.177429,true
deep_modular_abundance,1675,0.515691,0.698802,115165.7562,0.212453,17.812216,2.246925,2.162678,3.218504,true
deep_modular_abundance,1676,0.534235,0.658966,108950.8801,0.200988,16.289637,2.118838,2.045970,2.943388,true
deep_modular_abundance,1677,0.484552,0.727283,120254.5365,0.221841,18.076010,2.338503,2.258240,3.266169,true
deep_modular_abundance,1678,0.488503,0.740403,123430.4190,0.227699,17.651055,2.380691,2.317879,3.189383,true
deep_modular_abundance,1679,0.506773,0.721271,120269.1588,0.221868,17.080101,2.319174,2.258514,3.086217,true
deep_modular_abundance,1680,0.523798,0.635944,106873.2181,0.197155,13.768175,2.044814,2.006954,2.487783,true
deep_modular_abundance,1681,0.482949,0.761281,124890.1610,0.230392,19.870448,2.447822,2.345291,3.590407,true
deep_modular_abundance,1682,0.530969,0.680782,112270.1220,0.207111,17.228945,2.188986,2.108302,3.113112,true
deep_modular_abundance,1683,0.545110,0.634053,104969.3831,0.193643,15.403050,2.038733,1.971202,2.783189,true
deep_modular_abundance,1684,0.509683,0.699711,117695.5489,0.217120,15.918502,2.249848,2.210185,2.876327,true
deep_modular_abundance,1685,0.504947,0.740433,120114.9289,0.221583,20.215340,2.380786,2.255618,3.652726,true
deep_modular_abundance,1686,0.540079,0.641231,107715.8811,0.198710,14.418736,2.061813,2.022778,2.605333,true
deep_modular_abundance,1687,0.481514,0.758612,127885.7753,0.235919,17.098461,2.439241,2.401545,3.089535,true
deep_modular_abundance,1688,0.556359,0.661009,107917.3848,0.199082,17.480055,2.125405,2.026562,3.158485,true
deep_modular_abundance,1689,0.535633,0.624749,105023.9471,0.193744,13.849556,2.008815,1.972227,2.502487,true
deep_modular_abundance,1690,0.500432,0.706302,118234.9374,0.218115,16.559289,2.271043,2.220314,2.992111,true
deep_modular_abundance,1691,0.507551,0.707501,117428.9272,0.216628,17.227859,2.274898,2.205178,3.112916,true
deep_modular_abundance,1692,0.489778,0.721001,120509.7870,0.222312,16.741154,2.318306,2.263033,3.024973,true
deep_modular_abundance,1693,0.500578,0.722798,119170.7097,0.219841,18.306580,2.324083,2.237887,3.307831,true
deep_modular_abundance,1694,0.514107,0.681231,113105.9458,0.208653,16.292300,2.190429,2.123998,2.943869,true
deep_modular_abundance,1695,0.480792,0.773245,128096.7446,0.236308,19.388712,2.486291,2.405507,3.503362,true
deep_modular_abundance,1696,0.501664,0.713330,119157.2592,0.219817,16.713778,2.293641,2.237634,3.020026,true
deep_modular_abundance,1697,0.490454,0.759362,125591.6561,0.231686,18.987992,2.441650,2.358465,3.430956,true
deep_modular_abundance,1698,0.477606,0.792384,130098.0475,0.240000,20.596914,2.547828,2.443089,3.721673,true
deep_modular_abundance,1699,0.476726,0.772174,130777.4218,0.241253,16.828426,2.482847,2.455847,3.040742,true
deep_modular_abundance,1700,0.506755,0.710384,120017.0936,0.221403,15.560282,2.284166,2.253781,2.811600,true
deep_modular_abundance,1701,0.509610,0.694293,115563.6817,0.213187,16.466925,2.232430,2.170151,2.975422,true
deep_modular_abundance,1702,0.514685,0.732037,119721.4876,0.220857,19.365763,2.353790,2.248230,3.499215,true
deep_modular_abundance,1703,0.540653,0.651083,107124.8340,0.197620,16.509649,2.093492,2.011679,2.983142,true
deep_modular_abundance,1704,0.520067,0.728670,118415.4355,0.218448,19.955133,2.342963,2.223704,3.605709,true
deep_modular_abundance,1705,0.511100,0.723745,118414.1789,0.218446,19.077113,2.327128,2.223680,3.447059,true
deep_modular_abundance,1706,0.464438,0.755906,126548.4616,0.233452,17.503927,2.430538,2.376432,3.162799,true
deep_modular_abundance,1707,0.490927,0.743221,125426.2266,0.231381,16.683803,2.389752,2.355358,3.014610,true
deep_modular_abundance,1708,0.513555,0.703118,116312.1809,0.214568,17.425578,2.260803,2.184207,3.148642,true
deep_modular_abundance,1709,0.502572,0.728239,121257.5922,0.223691,17.791986,2.341577,2.277076,3.214848,true
deep_modular_abundance,1710,0.512789,0.649648,109996.1880,0.202917,13.753792,2.088877,2.065600,2.485184,true
deep_modular_abundance,1711,0.502425,0.708755,117521.4383,0.216799,17.375313,2.278928,2.206915,3.139559,true
deep_modular_abundance,1712,0.460444,0.766823,129154.0153,0.238258,17.262030,2.465641,2.425362,3.119090,true
deep_modular_abundance,1713,0.540160,0.677574,111204.4940,0.205146,17.778897,2.178671,2.088290,3.212483,true
deep_modular_abundance,1714,0.531179,0.698255,114460.6813,0.211152,18.044020,2.245168,2.149438,3.260389,true
deep_modular_abundance,1715,0.523884,0.676098,113067.6984,0.208583,15.704415,2.173924,2.123279,2.837643,true
deep_modular_abundance,1716,0.519310,0.678834,112761.9437,0.208019,16.256991,2.182720,2.117538,2.937489,true
deep_modular_abundance,1717,0.482527,0.792092,132029.9482,0.243564,19.278137,2.546892,2.479368,3.483382,true
deep_modular_abundance,1718,0.507599,0.685354,114376.3794,0.210997,16.044780,2.203684,2.147855,2.899144,true
deep_modular_abundance,1719,0.486254,0.746433,123663.1708,0.228129,18.332448,2.400078,2.322250,3.312505,true
deep_modular_abundance,1720,0.493946,0.740123,121354.8727,0.223871,19.231421,2.379790,2.278903,3.474941,true
deep_modular_abundance,1721,0.487419,0.758235,126238.5838,0.232880,18.566966,2.438028,2.370613,3.354880,true
deep_modular_abundance,1722,0.506714,0.720174,119257.3550,0.220001,17.820512,2.315647,2.239514,3.220003,true
deep_modular_abundance,1723,0.511607,0.726548,118510.6302,0.218624,19.402268,2.336142,2.225491,3.505811,true
deep_modular_abundance,1724,0.494934,0.719701,120406.1970,0.222121,16.908637,2.314124,2.261088,3.055235,true
deep_modular_abundance,1725,0.541418,0.663853,109940.4670,0.202814,16.479081,2.134552,2.064554,2.977618,true
deep_modular_abundance,1726,0.537384,0.647304,107926.3434,0.199098,15.192849,2.081340,2.026731,2.745208,true
deep_modular_abundance,1727,0.482059,0.758256,128327.2148,0.236733,16.747126,2.438095,2.409835,3.026052,true
deep_modular_abundance,1728,0.562850,0.633307,103556.3599,0.191037,16.405010,2.036335,1.944667,2.964234,true
deep_modular_abundance,1729,0.533633,0.676142,110708.2125,0.204230,17.524306,2.174065,2.078971,3.166481,true
deep_modular_abundance,1730,0.556311,0.652640,106982.9428,0.197358,16.914384,2.098497,2.009015,3.056274,true
deep_modular_abundance,1731,0.499832,0.749352,124617.4035,0.229889,18.250013,2.409464,2.340169,3.297610,true
deep_modular_abundance,1732,0.503507,0.742130,122855.9067,0.226640,18.674418,2.386244,2.307090,3.374296,true
deep_modular_abundance,1733,0.516934,0.698779,114880.8600,0.211928,17.818353,2.246852,2.157328,3.219613,true
deep_modular_abundance,1734,0.567953,0.656602,106902.9372,0.197210,17.651959,2.111237,2.007512,3.189547,true
deep_modular_abundance,1735,0.515954,0.684516,112650.9518,0.207814,17.289547,2.200991,2.115453,3.124062,true
deep_modular_abundance,1736,0.547906,0.656223,107266.2222,0.197880,17.151871,2.110019,2.014334,3.099185,true
deep_modular_abundance,1737,0.529945,0.676690,110758.4548,0.204323,17.530888,2.175827,2.079914,3.167670,true
deep_modular_abundance,1738,0.493727,0.714612,118545.6536,0.218688,17.585048,2.297763,2.226149,3.177456,true
deep_modular_abundance,1739,0.530850,0.657243,108256.9980,0.199708,16.453628,2.113297,2.032940,2.973019,true
deep_modular_abundance,1740,0.527371,0.705868,115690.8019,0.213422,18.474912,2.269645,2.172538,3.338247,true
deep_modular_abundance,1741,0.481637,0.703682,119680.0796,0.220781,14.570221,2.262618,2.247452,2.632705,true
deep_modular_abundance,1742,0.491825,0.743885,123271.4283,0.227406,18.420215,2.391886,2.314893,3.328363,true
deep_modular_abundance,1743,0.495888,0.704245,118481.8667,0.218571,15.885750,2.264429,2.224951,2.870409,true
deep_modular_abundance,1744,0.514892,0.703690,116332.2470,0.214605,17.382051,2.262642,2.184584,3.140777,true
deep_modular_abundance,1745,0.493460,0.762623,127154.4949,0.234569,18.468520,2.452136,2.387813,3.337092,true
deep_modular_abundance,1746,0.512748,0.692300,115070.2040,0.212277,16.669211,2.226020,2.160884,3.011973,true
deep_modular_abundance,1747,0.519378,0.661235,109666.2951,0.202308,15.828512,2.126133,2.059405,2.860066,true
deep_modular_abundance,1748,0.499366,0.729493,121946.2315,0.224962,17.056735,2.345610,2.290008,3.081995,true
deep_modular_abundance,1749,0.547492,0.649025,106840.2619,0.197095,16.319503,2.086874,2.006335,2.948784,true
deep_modular_abundance,1750,0.506519,0.705692,116351.7195,0.214641,17.813618,2.269080,2.184949,3.218757,true
deep_modular_abundance,1751,0.529355,0.665094,110501.1837,0.203848,15.975280,2.138542,2.075083,2.886586,true
deep_modular_abundance,1752,0.510627,0.704041,118537.2229,0.218673,15.978674,2.263773,2.225991,2.887199,true
deep_modular_abundance,1753,0.486063,0.738021,121857.7471,0.224798,18.416618,2.373030,2.288346,3.327713,true
deep_modular_abundance,1754,0.559417,0.601891,99725.6808,0.183970,14.282917,1.935318,1.872732,2.580792,true
deep_modular_abundance,1755,0.529708,0.699269,116154.1876,0.214277,17.110902,2.248428,2.181240,3.091783,true
deep_modular_abundance,1756,0.535105,0.694548,115376.8662,0.212843,17.139316,2.233249,2.166643,3.096917,true
deep_modular_abundance,1757,0.551117,0.643995,105452.3327,0.194534,16.503893,2.070700,1.980272,2.982102,true
deep_modular_abundance,1758,0.513329,0.684151,114182.9175,0.210640,16.001636,2.199817,2.144222,2.891349,true
deep_modular_abundance,1759,0.510070,0.716712,120088.4837,0.221534,16.705168,2.304514,2.255121,3.018470,true
deep_modular_abundance,1760,0.502810,0.702563,117222.8401,0.216248,16.309058,2.259018,2.201308,2.946897,true
deep_modular_abundance,1761,0.506443,0.720875,119675.1589,0.220772,17.663912,2.317900,2.247360,3.191706,true
deep_modular_abundance,1762,0.531060,0.663770,109938.9217,0.202811,16.273130,2.134285,2.064524,2.940405,true
deep_modular_abundance,1763,0.515244,0.716629,117758.8667,0.217237,18.364157,2.304247,2.211374,3.318234,true
deep_modular_abundance,1764,0.570420,0.608497,101573.8274,0.187379,14.209010,1.956561,1.907438,2.567437,true
deep_modular_abundance,1765,0.513633,0.698287,115447.3935,0.212973,17.124100,2.245272,2.167967,3.094167,true
deep_modular_abundance,1766,0.488943,0.722932,119239.7950,0.219969,18.040562,2.324515,2.239184,3.259764,true
deep_modular_abundance,1767,0.503161,0.706142,117845.4795,0.217397,16.540666,2.270526,2.213000,2.988746,true
deep_modular_abundance,1768,0.534664,0.652997,108465.8339,0.200093,15.542618,2.099645,2.036862,2.808408,true
deep_modular_abundance,1769,0.533978,0.657058,108096.2841,0.199412,16.459237,2.112704,2.029922,2.974033,true
deep_modular_abundance,1770,0.551816,0.670079,109825.7260,0.202602,17.418465,2.154569,2.062399,3.147356,true
deep_modular_abundance,1771,0.469680,0.754066,127138.7831,0.234541,16.818655,2.424622,2.387518,3.038976,true
deep_modular_abundance,1772,0.512205,0.675848,111282.9897,0.205290,16.762409,2.173119,2.089765,3.028813,true
deep_modular_abundance,1773,0.486470,0.734897,122679.3270,0.226314,17.475927,2.362987,2.303774,3.157739,true
deep_modular_abundance,1774,0.485430,0.748969,124308.0372,0.229318,18.277873,2.408233,2.334360,3.302644,true
deep_modular_abundance,1775,0.529392,0.657073,109725.0353,0.202416,15.331798,2.112750,2.060508,2.770315,true
deep_modular_abundance,1776,0.501314,0.733923,121686.4718,0.224482,18.125887,2.359854,2.285130,3.275181,true
deep_modular_abundance,1777,0.534580,0.706772,114962.9154,0.212079,19.252168,2.272553,2.158869,3.478690,true
deep_modular_abundance,1778,0.525095,0.656385,108780.2871,0.200673,15.833141,2.110540,2.042767,2.860903,true
deep_modular_abundance,1779,0.517874,0.734070,121281.1823,0.223735,18.496224,2.360328,2.277519,3.342097,true
deep_modular_abundance,1780,0.506751,0.725295,119398.2427,0.220261,18.607478,2.332111,2.242159,3.362200,true
deep_modular_abundance,1781,0.551756,0.672822,110485.5189,0.203819,17.255799,2.163392,2.074789,3.117964,true
deep_modular_abundance,1782,0.513775,0.695736,117704.5800,0.217137,15.415261,2.237069,2.210354,2.785396,true
deep_modular_abundance,1783,0.471817,0.759136,126602.3381,0.233551,18.131715,2.440925,2.377444,3.276234,true
deep_modular_abundance,1784,0.535153,0.646975,107864.3269,0.198984,15.179160,2.080283,2.025566,2.742735,true
deep_modular_abundance,1785,0.545279,0.642259,106434.4073,0.196346,15.420398,2.065119,1.998714,2.786324,true
deep_modular_abundance,1786,0.514524,0.701904,114645.5083,0.211493,18.447280,2.256900,2.152909,3.333254,true
deep_modular_abundance,1787,0.517915,0.654924,109877.9948,0.202699,14.856944,2.105841,2.063380,2.684513,true
deep_modular_abundance,1788,0.537272,0.648533,107060.4197,0.197501,16.127637,2.085292,2.010470,2.914116,true
deep_modular_abundance,1789,0.529819,0.642069,107270.7532,0.197889,14.787309,2.064509,2.014419,2.671931,true
deep_modular_abundance,1790,0.502459,0.710938,117560.3692,0.216871,17.638510,2.285947,2.207646,3.187117,true
deep_modular_abundance,1791,0.547577,0.635911,107323.4741,0.197986,14.030211,2.044708,2.015409,2.535130,true
deep_modular_abundance,1792,0.471530,0.760795,127277.4936,0.234796,17.839907,2.446257,2.390123,3.223507,true
deep_modular_abundance,1793,0.497101,0.699079,116522.8651,0.214957,16.383663,2.247816,2.188163,2.960377,true
deep_modular_abundance,1794,0.457486,0.779286,130962.7019,0.241595,17.793189,2.505714,2.459327,3.215066,true
deep_modular_abundance,1795,0.481732,0.767425,129601.4234,0.239083,17.317897,2.467578,2.433763,3.129185,true
deep_modular_abundance,1796,0.485577,0.759213,125748.2873,0.231975,18.976683,2.441170,2.361406,3.428912,true
deep_modular_abundance,1797,0.487286,0.750888,124852.1357,0.230322,18.263303,2.414403,2.344577,3.300011,true
deep_modular_abundance,1798,0.516468,0.680424,113892.4971,0.210104,15.877380,2.187833,2.138768,2.868896,true
deep_modular_abundance,1799,0.505873,0.685775,114006.0371,0.210314,16.277481,2.205040,2.140900,2.941191,true
deep_modular_abundance,1800,0.520550,0.695289,113548.4219,0.209470,18.196465,2.235631,2.132307,3.287934,true
deep_modular_abundance,1801,0.512803,0.687570,113686.7454,0.209725,17.049338,2.210811,2.134904,3.080659,true
deep_modular_abundance,1802,0.499086,0.739684,123528.4824,0.227880,17.522768,2.378379,2.319721,3.166203,true
deep_modular_abundance,1803,0.496118,0.740557,123996.9792,0.228745,17.224101,2.381184,2.328518,3.112237,true
deep_modular_abundance,1804,0.486539,0.725787,120640.4433,0.222553,17.417535,2.333695,2.265487,3.147188,true
deep_modular_abundance,1805,0.504511,0.717634,117898.3542,0.217494,18.249915,2.307479,2.213993,3.297592,true
deep_modular_abundance,1806,0.488448,0.737617,122923.3828,0.226764,17.829529,2.371731,2.308358,3.221632,true
deep_modular_abundance,1807,0.533961,0.661277,109871.7594,0.202687,15.906579,2.126269,2.063263,2.874172,true
deep_modular_abundance,1808,0.535857,0.654222,108223.5254,0.199646,16.036402,2.103583,2.032311,2.897630,true
deep_modular_abundance,1809,0.514696,0.704313,115163.4042,0.212449,18.510315,2.264646,2.162634,3.344644,true
deep_modular_abundance,1810,0.507392,0.692283,113992.0120,0.210288,17.413082,2.225964,2.140637,3.146384,true
deep_modular_abundance,1811,0.484801,0.744906,123047.3441,0.226993,18.853076,2.395169,2.310685,3.406577,true
deep_modular_abundance,1812,0.556890,0.630012,103200.1259,0.190379,16.087425,2.025739,1.937978,2.906850,true
deep_modular_abundance,1813,0.528650,0.696324,113594.6235,0.209555,18.578314,2.238958,2.133174,3.356931,true
deep_modular_abundance,1814,0.521387,0.703721,115140.4624,0.212406,18.205314,2.262742,2.162203,3.289533,true
deep_modular_abundance,1815,0.485114,0.765407,125529.8840,0.231572,20.072383,2.461088,2.357305,3.626895,true
deep_modular_abundance,1816,0.487222,0.727436,121949.5390,0.224968,16.761526,2.338996,2.290070,3.028654,true
deep_modular_abundance,1817,0.481882,0.730759,121778.7965,0.224653,17.383352,2.349681,2.286864,3.141012,true
deep_modular_abundance,1818,0.498894,0.714434,119277.6623,0.220039,16.684367,2.297188,2.239895,3.014712,true
deep_modular_abundance,1819,0.517117,0.700418,115219.2053,0.212552,17.672580,2.252122,2.163682,3.193273,true
deep_modular_abundance,1820,0.481660,0.758584,126538.1508,0.233432,18.281958,2.439149,2.376239,3.303382,true
deep_modular_abundance,1821,0.520795,0.721468,119272.6443,0.220029,18.246796,2.319807,2.239801,3.297028,true
deep_modular_abundance,1822,0.525018,0.670580,111804.1165,0.206252,15.817096,2.156180,2.099551,2.858004,true
deep_modular_abundance,1823,0.506743,0.728479,120201.1165,0.221742,18.549820,2.342348,2.257237,3.351782,true
deep_modular_abundance,1824,0.490446,0.768741,125887.7536,0.232233,20.289824,2.471807,2.364025,3.666185,true
deep_modular_abundance,1825,0.519016,0.691592,113722.2996,0.209790,17.572846,2.223745,2.135572,3.175252,true
deep_modular_abundance,1826,0.545387,0.647937,106338.2756,0.196169,16.348290,2.083376,1.996909,2.953986,true
deep_modular_abundance,1827,0.526176,0.665407,109576.4616,0.202142,16.644214,2.139548,2.057718,3.007456,true
deep_modular_abundance,1828,0.507213,0.713901,117308.4005,0.216406,18.312796,2.295475,2.202915,3.308954,true
deep_modular_abundance,1829,0.523391,0.653226,109041.5430,0.201155,15.172671,2.100381,2.047673,2.741562,true
deep_modular_abundance,1830,0.504456,0.729898,119326.8112,0.220129,19.236443,2.346911,2.240818,3.475848,true
deep_modular_abundance,1831,0.515723,0.679643,113135.0570,0.208707,16.221054,2.185322,2.124544,2.930995,true
deep_modular_abundance,1832,0.494901,0.720709,117826.4022,0.217361,18.897121,2.317367,2.212642,3.414536,true
deep_modular_abundance,1833,0.485437,0.742432,122569.5072,0.226111,18.585859,2.387213,2.301712,3.358294,true
deep_modular_abundance,1834,0.519115,0.731923,119768.6206,0.220944,19.402276,2.353423,2.249115,3.505813,true
deep_modular_abundance,1835,0.480150,0.771810,127100.4330,0.234470,19.880462,2.481676,2.386798,3.592217,true
deep_modular_abundance,1836,0.473434,0.760131,126070.2773,0.232569,18.448689,2.444124,2.367453,3.333508,true
deep_modular_abundance,1837,0.520332,0.701355,117798.5353,0.217310,15.973181,2.255134,2.212119,2.886207,true
deep_modular_abundance,1838,0.531279,0.680073,110605.9027,0.204041,18.173397,2.186706,2.077050,3.283766,true
deep_modular_abundance,1839,0.523735,0.686529,112398.7824,0.207349,17.863160,2.207465,2.110718,3.227709,true
deep_modular_abundance,1840,0.460932,0.798507,132541.0606,0.244506,19.577290,2.567519,2.488966,3.537436,true
deep_modular_abundance,1841,0.514692,0.682008,114417.6761,0.211073,15.517115,2.192927,2.148630,2.803800,true
deep_modular_abundance,1842,0.516143,0.691265,114667.4832,0.211534,16.691300,2.222691,2.153321,3.015964,true
deep_modular_abundance,1843,0.499347,0.719768,120749.8667,0.222754,16.651150,2.314341,2.267541,3.008710,true
deep_modular_abundance,1844,0.530503,0.662632,110561.6987,0.203960,15.610085,2.130625,2.076220,2.820599,true
deep_modular_abundance,1845,0.539582,0.631584,104477.6382,0.192736,15.110884,2.030795,1.961968,2.730398,true
deep_modular_abundance,1846,0.515229,0.655230,110257.4471,0.203399,14.399295,2.106825,2.070506,2.601820,true
deep_modular_abundance,1847,0.496463,0.735893,121805.2509,0.224701,18.381228,2.366187,2.287360,3.321319,true
deep_modular_abundance,1848,0.505246,0.718697,118647.9047,0.218877,18.218483,2.310895,2.228069,3.291912,true
deep_modular_abundance,1849,0.505439,0.692970,115326.7874,0.212750,16.602318,2.228174,2.165702,2.999886,true
deep_modular_abundance,1850,0.490050,0.728853,120788.9415,0.222827,17.769078,2.343552,2.268275,3.210709,true
deep_modular_abundance,1851,0.507208,0.727634,121903.4979,0.224883,17.256214,2.339634,2.289205,3.118039,true
deep_modular_abundance,1852,0.514957,0.705196,115687.9767,0.213417,18.379107,2.267485,2.172485,3.320936,true
deep_modular_abundance,1853,0.474190,0.743397,125088.9843,0.230759,16.737720,2.390317,2.349025,3.024352,true
deep_modular_abundance,1854,0.494858,0.745755,124032.5776,0.228810,18.206184,2.397898,2.329187,3.289690,true
deep_modular_abundance,1855,0.521454,0.688349,116199.4214,0.214360,15.216295,2.213315,2.182089,2.749445,true
deep_modular_abundance,1856,0.502495,0.694694,115620.7350,0.213292,16.504195,2.233716,2.171222,2.982156,true
deep_modular_abundance,1857,0.463921,0.769796,128878.1323,0.237749,17.877511,2.475199,2.420181,3.230302,true
deep_modular_abundance,1858,0.509930,0.693471,114615.7946,0.211439,17.150231,2.229785,2.152351,3.098889,true
deep_modular_abundance,1859,0.539277,0.637288,106839.0178,0.197092,14.436760,2.049134,2.006312,2.608590,true
deep_modular_abundance,1860,0.524101,0.681803,112862.4424,0.208204,16.836212,2.192269,2.119425,3.042149,true
deep_modular_abundance,1861,0.510013,0.708149,117607.4935,0.216958,17.329342,2.276980,2.208531,3.131253,true
deep_modular_abundance,1862,0.519483,0.677881,113394.6213,0.209186,15.719324,2.179656,2.129418,2.840337,true
deep_modular_abundance,1863,0.505702,0.700012,116407.1221,0.214743,16.968292,2.250818,2.185990,3.066014,true
deep_modular_abundance,1864,0.499977,0.713655,117168.7050,0.216148,18.251765,2.294685,2.200291,3.297926,true
deep_modular_abundance,1865,0.497698,0.701327,117214.2266,0.216232,16.326199,2.255045,2.201146,2.949994,true
deep_modular_abundance,1866,0.543111,0.659658,109246.0512,0.201533,16.204274,2.121064,2.051513,2.927963,true
deep_modular_abundance,1867,0.534494,0.692096,112969.4244,0.208401,18.434150,2.225364,2.121434,3.330881,true
deep_modular_abundance,1868,0.478376,0.757144,125308.4355,0.231164,18.668085,2.434519,2.353146,3.373151,true
deep_modular_abundance,1869,0.539935,0.664711,109751.4181,0.202465,16.647503,2.137311,2.061003,3.008051,true
deep_modular_abundance,1870,0.524265,0.685792,112910.7837,0.208293,17.566147,2.205093,2.120333,3.174041,true
deep_modular_abundance,1871,0.521680,0.669638,111381.8880,0.205473,15.834523,2.153154,2.091622,2.861153,true
deep_modular_abundance,1872,0.524822,0.684461,112369.8151,0.207295,17.659736,2.200815,2.110174,3.190952,true
deep_modular_abundance,1873,0.505676,0.691909,115402.9511,0.212891,16.327196,2.224761,2.167133,2.950174,true
deep_modular_abundance,1874,0.492657,0.708916,117869.4475,0.217441,17.125428,2.279446,2.213451,3.094407,true
deep_modular_abundance,1875,0.471913,0.784125,131500.6136,0.242587,18.272824,2.521274,2.469428,3.301731,true
deep_modular_abundance,1876,0.529611,0.679326,111721.7689,0.206100,17.412197,2.184304,2.098004,3.146224,true
deep_modular_abundance,1877,0.487496,0.756390,125357.4588,0.231254,18.801994,2.432094,2.354067,3.397347,true
deep_modular_abundance,1878,0.487219,0.741574,123895.9433,0.228558,17.531389,2.384456,2.326621,3.167761,true
deep_modular_abundance,1879,0.510100,0.728395,121347.4264,0.223857,17.618343,2.342080,2.278763,3.183473,true
deep_modular_abundance,1880,0.510722,0.687078,115237.9521,0.212586,15.733637,2.209230,2.164034,2.842924,true
deep_modular_abundance,1881,0.516663,0.720449,119328.3102,0.220132,18.015520,2.316529,2.240846,3.255239,true
deep_modular_abundance,1882,0.482167,0.751068,124101.0379,0.228937,18.604029,2.414984,2.330472,3.361577,true
deep_modular_abundance,1883,0.509763,0.696504,115227.9391,0.212568,17.015194,2.239538,2.163846,3.074489,true
deep_modular_abundance,1884,0.511784,0.731840,121060.2379,0.223327,18.511937,2.353158,2.273370,3.344937,true
deep_modular_abundance,1885,0.513441,0.728566,119007.6581,0.219541,19.185914,2.342628,2.234825,3.466718,true
deep_modular_abundance,1886,0.544077,0.650873,107835.8777,0.198931,15.862424,2.092816,2.025032,2.866194,true
deep_modular_abundance,1887,0.516410,0.710144,117644.4643,0.217026,17.686417,2.283395,2.209226,3.195773,true
deep_modular_abundance,1888,0.492729,0.715210,121440.7524,0.224029,15.277909,2.299684,2.280515,2.760578,true
deep_modular_abundance,1889,0.502943,0.740052,121304.5088,0.223778,19.420105,2.379562,2.277957,3.509034,true
deep_modular_abundance,1890,0.498661,0.726687,119017.4005,0.219559,18.996860,2.336587,2.235008,3.432558,true
deep_modular_abundance,1891,0.522104,0.664627,110542.6599,0.203925,15.776460,2.137039,2.075862,2.850661,true
deep_modular_abundance,1892,0.482964,0.777091,128866.9656,0.237729,19.481843,2.498657,2.419971,3.520190,true
deep_modular_abundance,1893,0.525247,0.672621,113053.3689,0.208556,15.123740,2.162745,2.123010,2.732721,true
deep_modular_abundance,1894,0.509959,0.685239,114015.5640,0.210331,16.323308,2.203316,2.141079,2.949472,true
deep_modular_abundance,1895,0.492688,0.713405,118156.3495,0.217970,17.568663,2.293882,2.218838,3.174496,true
deep_modular_abundance,1896,0.513362,0.733364,118988.8829,0.219506,19.964927,2.358057,2.234472,3.607479,true
deep_modular_abundance,1897,0.497987,0.751040,123935.4434,0.228631,19.117214,2.414892,2.327363,3.454305,true
deep_modular_abundance,1898,0.531817,0.666722,109606.8537,0.202198,16.759234,2.143777,2.058289,3.028239,true
deep_modular_abundance,1899,0.546326,0.650777,107530.8307,0.198369,15.936461,2.092506,2.019303,2.879572,true
deep_modular_abundance,1900,0.531340,0.683628,112442.5770,0.207430,17.639188,2.198136,2.111540,3.187239,true
deep_modular_abundance,1901,0.495325,0.728733,121726.0449,0.224555,17.105523,2.343165,2.285873,3.090811,true
deep_modular_abundance,1902,0.518596,0.670703,112754.5677,0.208005,15.052049,2.156576,2.117399,2.719767,true
deep_modular_abundance,1903,0.501632,0.706945,117656.2419,0.217048,16.868373,2.273109,2.209447,3.047960,true
deep_modular_abundance,1904,0.531578,0.662905,110709.9078,0.204233,15.330931,2.131504,2.079003,2.770158,true
deep_modular_abundance,1905,0.529795,0.678027,110563.0003,0.203962,18.008113,2.180127,2.076244,3.253900,true
deep_modular_abundance,1906,0.513801,0.668393,111297.1121,0.205316,15.836659,2.149149,2.090030,2.861539,true
deep_modular_abundance,1907,0.491190,0.739220,122998.4161,0.226903,17.742387,2.376885,2.309767,3.205886,true
deep_modular_abundance,1908,0.533766,0.681139,111634.7721,0.205939,17.834790,2.190134,2.096371,3.222583,true
deep_modular_abundance,1909,0.499930,0.689595,114561.4357,0.211338,16.394277,2.217322,2.151330,2.962295,true
deep_modular_abundance,1910,0.548228,0.653513,106372.6573,0.196232,17.124811,2.101303,1.997554,3.094296,true
deep_modular_abundance,1911,0.510002,0.709433,116476.0031,0.214870,18.073132,2.281109,2.187283,3.265649,true
deep_modular_abundance,1912,0.454983,0.817105,136021.5713,0.250927,19.971566,2.627319,2.554326,3.608678,true
deep_modular_abundance,1913,0.491888,0.746578,126041.4187,0.232516,16.729859,2.400546,2.366911,3.022932,true
deep_modular_abundance,1914,0.499609,0.688860,116435.7566,0.214796,15.263417,2.214958,2.186527,2.757959,true
deep_modular_abundance,1915,0.470754,0.772582,128544.2789,0.237133,18.758190,2.484159,2.413911,3.389432,true
deep_modular_abundance,1916,0.495993,0.739501,122412.4361,0.225822,18.198298,2.377790,2.298763,3.288265,true
deep_modular_abundance,1917,0.504839,0.690398,114838.6147,0.211850,16.404134,2.219904,2.156535,2.964076,true
deep_modular_abundance,1918,0.481303,0.727108,121467.9649,0.224079,17.068116,2.337941,2.281026,3.084052,true
deep_modular_abundance,1919,0.510163,0.680146,113139.6445,0.208715,16.298459,2.186941,2.124630,2.944982,true
deep_modular_abundance,1920,0.521111,0.699585,114995.3451,0.212139,17.895177,2.249444,2.159478,3.233494,true
deep_modular_abundance,1921,0.474185,0.740797,122824.4968,0.226582,17.870719,2.381958,2.306501,3.229074,true
deep_modular_abundance,1922,0.504276,0.715148,118825.4198,0.219204,17.561658,2.299486,2.231403,3.173230,true
deep_modular_abundance,1923,0.480112,0.764342,130221.0544,0.240227,16.123282,2.457663,2.445399,2.913329,true
deep_modular_abundance,1924,0.526199,0.697789,114397.9161,0.211037,18.289415,2.243669,2.148259,3.304729,true
deep_modular_abundance,1925,0.567434,0.598367,98956.1629,0.182550,14.415941,1.923987,1.858281,2.604828,true
deep_modular_abundance,1926,0.506780,0.697077,117214.3160,0.216232,15.605829,2.241380,2.201148,2.819830,true
deep_modular_abundance,1927,0.510694,0.695174,115865.4492,0.213744,16.458742,2.235261,2.175818,2.973943,true
deep_modular_abundance,1928,0.507320,0.703946,116040.8668,0.214068,17.631362,2.263466,2.179112,3.185825,true
deep_modular_abundance,1929,0.498577,0.728933,120431.3195,0.222167,18.277950,2.343810,2.261559,3.302657,true
deep_modular_abundance,1930,0.482666,0.733959,121716.9563,0.224539,17.824663,2.359969,2.285702,3.220753,true
deep_modular_abundance,1931,0.523057,0.681117,112550.9524,0.207629,16.680843,2.190062,2.113575,3.014075,true
deep_modular_abundance,1932,0.477417,0.747719,123081.3922,0.227056,18.877666,2.404213,2.311325,3.411021,true
deep_modular_abundance,1933,0.536431,0.653545,107294.3109,0.197932,16.488637,2.101408,2.014862,2.979345,true
deep_modular_abundance,1934,0.503534,0.729154,120534.6355,0.222357,18.209724,2.344520,2.263500,3.290330,true
deep_modular_abundance,1935,0.525484,0.694368,114457.6074,0.211147,17.725719,2.232670,2.149380,3.202874,true
deep_modular_abundance,1936,0.525007,0.653295,109454.7309,0.201918,14.985164,2.100605,2.055432,2.707681,true
deep_modular_abundance,1937,0.515714,0.686080,112926.5567,0.208322,16.959416,2.206020,2.120629,3.064410,true
deep_modular_abundance,1938,0.502104,0.697653,117180.1632,0.216169,15.877911,2.243232,2.200507,2.868993,true
deep_modular_abundance,1939,0.548503,0.649708,106780.7586,0.196985,16.356877,2.089071,2.005218,2.955537,true
deep_modular_abundance,1940,0.551927,0.638894,104990.1233,0.193682,16.136937,2.054300,1.971592,2.915796,true
deep_modular_abundance,1941,0.528613,0.687618,112340.1034,0.207241,18.038062,2.210964,2.109616,3.259312,true
deep_modular_abundance,1942,0.477166,0.724701,121292.6196,0.223756,16.635247,2.330201,2.277734,3.005836,true
deep_modular_abundance,1943,0.477758,0.744855,127264.8824,0.234773,15.267895,2.395005,2.389886,2.758768,true
deep_modular_abundance,1944,0.496422,0.738149,121300.8600,0.223771,19.144062,2.373441,2.277888,3.459156,true
deep_modular_abundance,1945,0.500435,0.685927,114603.0340,0.211415,15.938708,2.205530,2.152111,2.879978,true
deep_modular_abundance,1946,0.505915,0.710532,117104.0535,0.216029,17.890481,2.284643,2.199077,3.232645,true
deep_modular_abundance,1947,0.513414,0.708825,116895.3533,0.215644,17.772064,2.279154,2.195158,3.211249,true
deep_modular_abundance,1948,0.486295,0.754031,126368.1780,0.233119,17.699393,2.424508,2.373047,3.198117,true
deep_modular_abundance,1949,0.552558,0.643224,105664.4514,0.194926,16.370721,2.068221,1.984255,2.958039,true
deep_modular_abundance,1950,0.512213,0.711775,116534.4149,0.214978,18.672283,2.288639,2.188380,3.373910,true
deep_modular_abundance,1951,0.544281,0.626109,103920.8238,0.191709,14.968829,2.013189,1.951512,2.704730,true
deep_modular_abundance,1952,0.509184,0.701101,116298.4531,0.214543,17.061146,2.254318,2.183949,3.082792,true
deep_modular_abundance,1953,0.479790,0.729945,123385.3220,0.227616,16.000943,2.347065,2.317032,2.891223,true
deep_modular_abundance,1954,0.512609,0.690074,114999.1702,0.212146,16.621155,2.218863,2.159550,3.003290,true
deep_modular_abundance,1955,0.508949,0.701344,117631.3435,0.217002,15.883532,2.255099,2.208979,2.870008,true
deep_modular_abundance,1956,0.535535,0.668509,110998.0162,0.204765,16.213210,2.149521,2.084413,2.929578,true
deep_modular_abundance,1957,0.520622,0.685357,114134.5507,0.210551,16.417141,2.203694,2.143314,2.966426,true
deep_modular_abundance,1958,0.477465,0.771871,128119.2554,0.236349,19.331878,2.481871,2.405930,3.493093,true
deep_modular_abundance,1959,0.477870,0.741591,125728.0191,0.231938,15.900131,2.384511,2.361025,2.873007,true
deep_modular_abundance,1960,0.481012,0.736371,123477.5852,0.227786,16.954675,2.367725,2.318765,3.063554,true
deep_modular_abundance,1961,0.517129,0.669085,110915.5019,0.204612,16.193066,2.151375,2.082864,2.925938,true
deep_modular_abundance,1962,0.527054,0.703150,114143.5335,0.210567,19.169755,2.260908,2.143482,3.463798,true
deep_modular_abundance,1963,0.523497,0.641077,108480.5623,0.200121,13.675805,2.061318,2.037138,2.471092,true
deep_modular_abundance,1964,0.512837,0.717638,118803.5541,0.219164,17.687936,2.307491,2.230992,3.196047,true
deep_modular_abundance,1965,0.514328,0.721047,118374.5619,0.218373,18.736781,2.318452,2.222936,3.385564,true
deep_modular_abundance,1966,0.535703,0.645563,108497.5071,0.200152,14.383377,2.075741,2.037456,2.598944,true
deep_modular_abundance,1967,0.510929,0.685049,113832.6597,0.209994,16.529684,2.202706,2.137644,2.986762,true
deep_modular_abundance,1968,0.527940,0.674118,111100.4108,0.204954,16.880999,2.167558,2.086336,3.050241,true
deep_modular_abundance,1969,0.510697,0.690650,113544.9332,0.209463,17.387754,2.220714,2.132241,3.141807,true
deep_modular_abundance,1970,0.532762,0.691128,112348.3368,0.207256,18.804829,2.222252,2.109770,3.397860,true
deep_modular_abundance,1971,0.529189,0.668787,110918.5271,0.204618,16.320745,2.150416,2.082920,2.949009,true
deep_modular_abundance,1972,0.496021,0.734655,121066.4632,0.223339,18.788907,2.362208,2.273487,3.394983,true
deep_modular_abundance,1973,0.487842,0.766313,125399.4269,0.231332,20.167260,2.464002,2.354855,3.644038,true
deep_modular_abundance,1974,0.484618,0.752763,125770.7959,0.232017,17.799582,2.420432,2.361829,3.216221,true
deep_modular_abundance,1975,0.520538,0.702039,115490.3091,0.213052,18.139927,2.257335,2.168773,3.277718,true
deep_modular_abundance,1976,0.543253,0.630831,105436.4397,0.194505,14.492884,2.028372,1.979973,2.618731,true
deep_modular_abundance,1977,0.538615,0.661310,108488.1008,0.200134,16.941584,2.126373,2.037280,3.061188,true
deep_modular_abundance,1978,0.526521,0.671971,111589.3658,0.205856,16.139138,2.160655,2.095518,2.916194,true
deep_modular_abundance,1979,0.496010,0.714650,119049.7190,0.219618,17.172191,2.297883,2.235615,3.102857,true
deep_modular_abundance,1980,0.519566,0.650284,108433.7027,0.200034,15.134048,2.090921,2.036258,2.734583,true
deep_modular_abundance,1981,0.535330,0.644491,107893.0768,0.199037,14.819736,2.072294,2.026106,2.677790,true
deep_modular_abundance,1982,0.516947,0.711593,115203.6809,0.212523,19.406809,2.288056,2.163391,3.506632,true
deep_modular_abundance,1983,0.490341,0.727215,121477.3216,0.224096,17.286800,2.338285,2.281202,3.123566,true
deep_modular_abundance,1984,0.533568,0.651708,109044.6030,0.201161,15.275280,2.095502,2.047730,2.760103,true
deep_modular_abundance,1985,0.512145,0.709651,118874.4643,0.219295,16.530003,2.281810,2.232324,2.986819,true
deep_modular_abundance,1986,0.472383,0.777317,128426.3615,0.236916,19.677092,2.499385,2.411697,3.555470,true
deep_modular_abundance,1987,0.535647,0.660174,108930.0670,0.200950,16.363330,2.122722,2.045579,2.956703,true
deep_modular_abundance,1988,0.534627,0.639128,105730.7822,0.195048,15.391299,2.055051,1.985501,2.781066,true
deep_modular_abundance,1989,0.555126,0.681967,110078.8081,0.203069,19.131265,2.192795,2.067151,3.456844,true
deep_modular_abundance,1990,0.501032,0.773214,125033.6280,0.230657,21.696022,2.486189,2.347985,3.920272,true
deep_modular_abundance,1991,0.520224,0.736406,119234.3492,0.219959,20.585523,2.367839,2.239082,3.719615,true
deep_modular_abundance,1992,0.508353,0.720403,120440.9412,0.222185,16.927887,2.316381,2.261740,3.058714,true
deep_modular_abundance,1993,0.483876,0.730640,122196.2219,0.225423,17.165801,2.349298,2.294702,3.101702,true
deep_modular_abundance,1994,0.534937,0.643965,107740.7030,0.198756,14.847856,2.070602,2.023245,2.682871,true
deep_modular_abundance,1995,0.471567,0.816440,135233.9902,0.249474,20.573619,2.625180,2.539536,3.717464,true
deep_modular_abundance,1996,0.508622,0.716107,119214.5540,0.219922,17.318207,2.302570,2.238710,3.129241,true
deep_modular_abundance,1997,0.509681,0.678497,112626.8797,0.207770,16.344034,2.181638,2.115001,2.953217,true
deep_modular_abundance,1998,0.521570,0.679377,113139.8561,0.208716,16.258821,2.184466,2.124634,2.937819,true
deep_modular_abundance,1999,0.504032,0.721463,119354.2306,0.220180,18.162883,2.319789,2.241333,3.281866,true
deep_modular_abundance,2000,0.502330,0.724653,120781.6761,0.222813,17.306658,2.330047,2.268139,3.127154,true
high_robot_intensity_translation,1,0.136983,65.669727,13934592.3200,25.705975,15244.264868,10.023901,9.338616,15.871526,false
high_robot_intensity_translation,2,0.131778,64.412143,13837052.2102,25.526037,14137.066451,9.831942,9.273247,14.718769,false
high_robot_intensity_translation,3,0.117053,75.118489,16810850.9411,31.011982,14516.014296,11.466171,11.266213,15.113310,false
high_robot_intensity_translation,4,0.154875,57.505830,12180710.0059,22.470484,13254.401190,8.777755,8.163208,13.799785,false
high_robot_intensity_translation,5,0.147352,68.900748,14416623.4128,26.595207,16579.175085,10.517088,9.661662,17.261364,false
high_robot_intensity_translation,6,0.115945,75.590247,16008832.0545,29.532449,17729.759904,11.538180,10.728720,18.459293,false
high_robot_intensity_translation,7,0.130318,61.094115,13466949.9086,24.843287,11897.904114,9.325474,9.025214,12.387471,false
high_robot_intensity_translation,8,0.130884,59.036654,12863750.3767,23.730529,12005.120927,9.011421,8.620965,12.499100,false
high_robot_intensity_translation,9,0.169596,52.417096,11287224.4774,20.822218,11113.121009,8.001004,7.564416,11.570397,false
high_robot_intensity_translation,10,0.162420,68.813168,14217903.2039,26.228616,17693.036619,10.503719,9.528484,18.421058,false
high_robot_intensity_translation,11,0.128025,68.629426,15262231.3507,28.155150,13230.189681,10.475673,10.228367,13.774577,false
high_robot_intensity_translation,12,0.133258,80.694349,16660219.1764,30.734102,20453.302025,12.317276,11.165263,21.294901,false
high_robot_intensity_translation,13,0.131710,66.743302,14550962.9367,26.843031,13543.251390,10.187773,9.751693,14.100520,false
high_robot_intensity_translation,14,0.169307,46.311313,10269744.5481,18.945212,8731.022357,7.069011,6.882527,9.090281,false
high_robot_intensity_translation,15,0.124427,79.543725,16496351.0450,30.431805,19907.978647,12.141644,11.055443,20.727139,false
high_robot_intensity_translation,16,0.165557,52.104432,11478107.9717,21.174352,10190.617387,7.953279,7.692342,10.609934,false
high_robot_intensity_translation,17,0.128920,60.145241,13077626.9669,24.125080,12384.930942,9.180637,8.764299,12.894538,false
high_robot_intensity_translation,18,0.116476,87.413226,18612079.8010,34.334816,20659.293110,13.342853,12.473352,21.509368,false
high_robot_intensity_translation,19,0.122538,67.084373,14833627.0139,27.364478,12657.330893,10.239834,9.941127,13.178147,false
high_robot_intensity_translation,20,0.151236,66.317507,13580739.4912,25.053202,17133.235240,10.122779,9.101473,17.838223,false
high_robot_intensity_translation,21,0.133055,58.746061,13184581.9502,24.322386,10422.444466,8.967065,8.835978,10.851301,false
high_robot_intensity_translation,22,0.136911,83.175122,17558111.0456,32.390497,20035.000973,12.695944,11.767008,20.859388,false
high_robot_intensity_translation,23,0.142466,61.028785,13069766.3041,24.110579,13647.833364,9.315502,8.759031,14.209406,false
high_robot_intensity_translation,24,0.161513,53.373618,11797564.6207,21.763673,10105.896813,8.147009,7.906434,10.521728,false
high_robot_intensity_translation,25,0.153827,50.321300,11093595.1985,20.465018,9754.015953,7.681100,7.434651,10.155368,false
high_robot_intensity_translation,26,0.129064,69.481481,15475766.9228,28.549072,13283.964539,10.605731,10.371473,13.830565,false
high_robot_intensity_translation,27,0.147033,69.804716,14659436.9346,27.043140,16559.084879,10.655070,9.824389,17.240447,false
high_robot_intensity_translation,28,0.142179,60.462250,12716813.5911,23.459466,14100.801345,9.229026,8.522491,14.681012,false
high_robot_intensity_translation,29,0.166508,54.113361,11342460.0923,20.924114,12924.699705,8.259924,7.601434,13.456517,false
high_robot_intensity_translation,30,0.142641,57.699453,12396458.0910,22.868487,12711.719061,8.807309,8.307797,13.234773,false
high_robot_intensity_translation,31,0.135335,65.259754,13867525.1644,25.582253,14719.628293,9.961322,9.293670,15.325302,false
high_robot_intensity_translation,32,0.161577,59.434156,12575843.6265,23.199410,13989.860787,9.072097,8.428017,14.565507,false
high_robot_intensity_translation,33,0.137158,66.420891,14192790.8058,26.182290,14843.955742,10.138560,9.511654,15.454745,false
high_robot_intensity_translation,34,0.157757,64.244716,13382615.5302,24.687711,15938.248517,9.806386,8.968695,16.594065,false
high_robot_intensity_translation,35,0.121934,69.458876,15312375.8077,28.247655,13608.008693,10.602281,10.261972,14.167942,false
high_robot_intensity_translation,36,0.158264,56.832121,12129307.3439,22.375658,12480.422747,8.674919,8.128759,12.993959,false
high_robot_intensity_translation,37,0.175602,46.799036,9913739.9256,18.288469,10310.692554,7.143458,6.643941,10.734950,false
high_robot_intensity_translation,38,0.145191,56.057850,12761789.3928,23.542436,9448.090360,8.556733,8.552633,9.836854,false
high_robot_intensity_translation,39,0.131667,69.152231,14593925.1764,26.922286,16553.984491,10.555474,9.780485,17.235137,false
high_robot_intensity_translation,40,0.132683,90.748579,18943809.8855,34.946778,22276.998056,13.851965,12.695669,23.193638,false
high_robot_intensity_translation,41,0.138139,70.615622,14536086.2810,26.815587,17818.255817,10.778848,9.741723,18.551430,false
high_robot_intensity_translation,42,0.125286,65.491035,14318686.1348,26.414536,12779.534718,9.996625,9.596026,13.305379,false
high_robot_intensity_translation,43,0.116037,68.681494,15033162.4821,27.732573,13657.743125,10.483621,10.074851,14.219723,false
high_robot_intensity_translation,44,0.123417,80.678853,16630225.7992,30.678772,20293.759073,12.314911,11.145163,21.128794,false
high_robot_intensity_translation,45,0.137382,60.640150,12942838.4389,23.876428,13515.351637,9.256181,8.673968,14.071473,false
high_robot_intensity_translation,46,0.169951,46.528187,10117636.6183,18.664609,9438.526463,7.102115,6.780588,9.826897,false
high_robot_intensity_translation,47,0.141495,74.391015,15278444.4635,28.185060,18800.892322,11.355128,10.239233,19.574499,false
high_robot_intensity_translation,48,0.152857,62.358255,13246695.1424,24.436970,14261.112636,9.518434,8.877605,14.847920,false
high_robot_intensity_translation,49,0.125098,70.089853,15222232.1380,28.081362,14841.718702,10.698594,10.201560,15.452416,false
high_robot_intensity_translation,50,0.153785,62.077246,13453016.4512,24.817584,13091.711177,9.475541,9.015876,13.630400,false
high_robot_intensity_translation,51,0.146797,56.220092,12895493.2460,23.789087,8780.653720,8.581498,8.642238,9.141954,false
high_robot_intensity_translation,52,0.114802,71.979369,16173135.1021,29.835549,13043.476223,10.987012,10.838832,13.580181,false
high_robot_intensity_translation,53,0.125946,65.257247,14165418.0368,26.131793,13716.328397,9.960940,9.493310,14.280719,false
high_robot_intensity_translation,54,0.170275,54.227022,11125331.8392,20.523565,13502.053201,8.277274,7.455920,14.057627,false
high_robot_intensity_translation,55,0.128345,62.196425,13909279.7587,25.659280,11397.614304,9.493732,9.321652,11.866596,false
high_robot_intensity_translation,56,0.135511,54.851945,12110158.2583,22.340333,10723.692482,8.372663,8.115926,11.164944,false
high_robot_intensity_translation,57,0.152464,50.781693,11441184.9442,21.106238,9014.260366,7.751375,7.667597,9.385173,false
high_robot_intensity_translation,58,0.141334,82.765486,17272623.4466,31.863841,20414.149778,12.633417,11.575682,21.254138,false
high_robot_intensity_translation,59,0.142698,61.830208,13872917.8619,25.592201,11289.211414,9.437833,9.297284,11.753733,false
high_robot_intensity_translation,60,0.157230,61.476766,12952301.0303,23.893884,15020.729941,9.383883,8.680309,15.638793,false
high_robot_intensity_translation,61,0.168722,44.048760,9636110.7938,17.776310,8489.097715,6.723652,6.457881,8.838402,false
high_robot_intensity_translation,62,0.141993,58.126786,12343082.1795,22.770022,13126.393346,8.872538,8.272026,13.666510,false
high_robot_intensity_translation,63,0.151506,69.426355,14776619.9474,27.259314,15723.869656,10.597317,9.902922,16.370865,false
high_robot_intensity_translation,64,0.154883,60.691960,13572472.4760,25.037951,10903.211041,9.264089,9.095933,11.351849,false
high_robot_intensity_translation,65,0.134015,67.202664,14263035.1677,26.311874,15354.933441,10.257890,9.558731,15.986748,false
high_robot_intensity_translation,66,0.188755,42.219005,8961852.8493,16.532466,9207.030056,6.444356,6.006010,9.585875,false
high_robot_intensity_translation,67,0.150952,66.236693,15017402.6719,27.703500,11656.443435,10.110443,10.064289,12.136075,false
high_robot_intensity_translation,68,0.119226,72.888254,15292761.5980,28.211471,17165.527921,11.125745,10.248827,17.871844,false
high_robot_intensity_translation,69,0.153553,57.644551,12401609.6024,22.877991,12625.781517,8.798929,8.311250,13.145299,false
high_robot_intensity_translation,70,0.154405,51.089887,11311394.7000,20.866806,9673.164876,7.798418,7.580615,10.071190,false
high_robot_intensity_translation,71,0.159263,65.500767,13286699.5072,24.510769,17353.108654,9.998111,8.904415,18.067143,false
high_robot_intensity_translation,72,0.138007,60.075923,13405018.7172,24.729039,11612.110813,9.170056,8.983709,12.089918,false
high_robot_intensity_translation,73,0.179161,42.549561,9405775.0537,17.351395,8300.643293,6.494813,6.303516,8.642193,false
high_robot_intensity_translation,74,0.140555,55.098144,12095110.7418,22.312574,10464.119196,8.410243,8.105842,10.894690,false
high_robot_intensity_translation,75,0.160402,51.456549,11265920.1876,20.782916,10302.516489,7.854386,7.550139,10.726438,false
high_robot_intensity_translation,76,0.154463,49.306391,10792238.5625,19.909088,9981.620502,7.526183,7.232689,10.392338,false
high_robot_intensity_translation,77,0.193052,42.525591,8901661.2967,16.421427,9557.705234,6.491154,5.965671,9.950980,false
high_robot_intensity_translation,78,0.138717,56.899714,12554849.6307,23.160682,11295.424268,8.685236,8.413947,11.760201,false
high_robot_intensity_translation,79,0.124946,67.690113,14810967.1674,27.322676,14173.471700,10.332295,9.925941,14.756673,false
high_robot_intensity_translation,80,0.165566,52.303111,10985144.3145,20.264952,11093.191146,7.983606,7.361970,11.549647,false
high_robot_intensity_translation,81,0.156825,44.424844,10098027.9470,18.628436,7394.461383,6.781058,6.767447,7.698724,false
high_robot_intensity_translation,82,0.115152,80.432557,17652118.9679,32.563919,16215.125333,12.277316,11.830010,16.882335,false
high_robot_intensity_translation,83,0.150192,48.776138,10725146.3330,19.785319,9100.434903,7.445245,7.187726,9.474894,false
high_robot_intensity_translation,84,0.159288,53.514753,11383626.9539,21.000057,11664.619482,8.168552,7.629023,12.144588,false
high_robot_intensity_translation,85,0.155474,46.309649,10255669.0321,18.919246,8189.117665,7.068757,6.873094,8.526078,false
high_robot_intensity_translation,86,0.147586,58.872529,12377706.7183,22.833895,13762.654739,8.986369,8.295230,14.328952,false
high_robot_intensity_translation,87,0.129670,61.042571,13433928.9427,24.782372,11972.187836,9.317607,9.003084,12.464812,false
high_robot_intensity_translation,88,0.134932,77.448720,16216224.8913,29.915039,18582.550895,11.821860,10.867710,19.347174,false
high_robot_intensity_translation,89,0.142727,61.023027,12971934.1161,23.930102,13625.758620,9.314623,8.693467,14.186423,false
high_robot_intensity_translation,90,0.148504,66.484896,13694158.5497,25.262433,16822.750855,10.148329,9.177484,17.514963,false
high_robot_intensity_translation,91,0.147922,65.107616,13999656.8814,25.826004,14385.802471,9.938100,9.382221,14.977740,false
high_robot_intensity_translation,92,0.141069,55.765441,12591403.1469,23.228114,9603.492364,8.512100,8.438444,9.998651,false
high_robot_intensity_translation,93,0.144482,54.616698,11757512.3125,21.689786,11525.610519,8.336754,7.879592,11.999859,false
high_robot_intensity_translation,94,0.127255,66.245543,14223329.0617,26.238625,14423.213347,10.111794,9.532120,15.016690,false
high_robot_intensity_translation,95,0.116113,101.184680,21913204.8888,40.424599,21900.498970,15.444943,14.685684,22.801647,false
high_robot_intensity_translation,96,0.166217,45.595002,10321786.5096,19.041217,7970.534873,6.959672,6.917404,8.298501,false
high_robot_intensity_translation,97,0.163226,46.959750,10256472.7574,18.920728,9215.631153,7.167989,6.873632,9.594830,false
high_robot_intensity_translation,98,0.140964,56.530337,12718346.3267,23.462294,9919.275794,8.628854,8.523519,10.327428,false
high_robot_intensity_translation,99,0.149286,49.147888,10727207.9979,19.789122,9507.546234,7.501989,7.189107,9.898757,false
high_robot_intensity_translation,100,0.123989,77.883070,16894806.6443,31.166860,16683.815974,11.888159,11.322478,17.370311,false
high_robot_intensity_translation,101,0.129391,66.686404,14568252.2564,26.874926,13939.787578,10.179088,9.763279,14.513373,false
high_robot_intensity_translation,102,0.111440,79.998691,17265593.3733,31.850872,17348.161939,12.211090,11.570970,18.061993,false
high_robot_intensity_translation,103,0.130782,67.407316,14443253.6881,26.644333,14828.411009,10.289129,9.679508,15.438561,false
high_robot_intensity_translation,104,0.170157,55.756594,11959587.1116,22.062565,12472.485578,8.510749,8.015017,12.985695,false
high_robot_intensity_translation,105,0.135421,62.596179,13515523.5996,24.932894,12824.134721,9.554751,9.057767,13.351814,false
high_robot_intensity_translation,106,0.146115,61.969509,13346760.3368,24.621567,13206.495078,9.459096,8.944666,13.749907,false
high_robot_intensity_translation,107,0.153838,58.378060,12780237.1339,23.576467,11725.517552,8.910893,8.564996,12.207992,false
high_robot_intensity_translation,108,0.144095,58.831994,13084355.9547,24.137494,10503.501839,8.980182,8.768809,10.935693,false
high_robot_intensity_translation,109,0.162650,52.619914,11177732.2324,20.620231,11554.651495,8.031963,7.491037,12.030095,false
high_robot_intensity_translation,110,0.147449,67.728548,13880794.2495,25.606731,17596.986039,10.338162,9.302562,18.321056,false
high_robot_intensity_translation,111,0.140120,59.895790,13195915.8084,24.343295,11463.956326,9.142561,8.843574,11.935668,false
high_robot_intensity_translation,112,0.141052,64.440152,13983397.9155,25.796010,13403.127395,9.836217,9.371325,13.954631,false
high_robot_intensity_translation,113,0.141541,76.492172,15702957.5230,28.968184,19469.800394,11.675851,10.523731,20.270931,false
high_robot_intensity_translation,114,0.139952,69.896186,14717872.0911,27.150938,16457.993732,10.669032,9.863551,17.135197,false
high_robot_intensity_translation,115,0.118183,73.553209,16690801.3097,30.790519,12745.754418,11.227245,11.185759,13.270209,false
high_robot_intensity_translation,116,0.129977,60.040631,13298125.4118,24.531847,11246.669654,9.164670,8.912072,11.709440,false
high_robot_intensity_translation,117,0.167728,52.348474,11020413.2257,20.330015,11974.237644,7.990530,7.385606,12.466946,false
high_robot_intensity_translation,118,0.162153,52.739486,11588397.7344,21.377810,10490.401849,8.050214,7.766255,10.922054,false
high_robot_intensity_translation,119,0.169957,64.982462,14698665.4967,27.115507,11372.409996,9.918996,9.850679,11.840355,false
high_robot_intensity_translation,120,0.150454,61.382063,13121760.4462,24.206496,13372.609737,9.369427,8.793877,13.922857,false
high_robot_intensity_translation,121,0.149837,53.567980,11629053.3669,21.452810,11267.324017,8.176677,7.793502,11.730945,false
high_robot_intensity_translation,122,0.125605,60.421601,13583641.2197,25.058555,10952.867138,9.222821,9.103418,11.403549,false
high_robot_intensity_translation,123,0.145555,63.359823,14393650.4672,26.552827,10608.177339,9.671315,9.646266,11.044676,false
high_robot_intensity_translation,124,0.158122,54.485906,11564297.9539,21.333352,12328.695826,8.316790,7.750104,12.835989,false
high_robot_intensity_translation,125,0.163293,59.937679,12518474.6616,23.093579,14707.924858,9.148955,8.389570,15.313117,false
high_robot_intensity_translation,126,0.156977,52.930612,11487854.8730,21.192333,11332.689286,8.079388,7.698874,11.799000,false
high_robot_intensity_translation,127,0.152932,50.602337,11140766.8626,20.552039,9607.549266,7.723998,7.466264,10.002875,false
high_robot_intensity_translation,128,0.143426,56.912162,12261678.0204,22.619850,11882.735751,8.687137,8.217471,12.371679,false
high_robot_intensity_translation,129,0.204728,43.584365,9115681.4479,16.816242,10326.777806,6.652767,6.109102,10.751697,false
high_robot_intensity_translation,130,0.125930,64.948997,14069098.5374,25.954107,13643.325904,9.913888,9.428759,14.204713,false
high_robot_intensity_translation,131,0.145989,66.162455,14817529.6430,27.334783,11864.869133,10.099112,9.930339,12.353077,false
high_robot_intensity_translation,132,0.158671,47.272498,10341632.6671,19.077828,9419.274899,7.215727,6.930704,9.806853,false
high_robot_intensity_translation,133,0.115961,68.000188,15385886.8233,28.383265,11896.790517,10.379625,10.311238,12.386312,false
high_robot_intensity_translation,134,0.155943,52.725680,11868461.7970,21.894461,9344.719119,8.048107,7.953947,9.729230,false
high_robot_intensity_translation,135,0.136456,61.138242,13287111.7601,24.511529,12456.406355,9.332210,8.904691,12.968955,false
high_robot_intensity_translation,136,0.125469,62.177444,13850295.6957,25.550468,12093.743784,9.490835,9.282123,12.591369,false
high_robot_intensity_translation,137,0.118135,65.956564,14748794.3696,27.207983,12011.555415,10.067684,9.884274,12.505799,false
high_robot_intensity_translation,138,0.136074,57.102354,12616575.1382,23.274550,10845.516433,8.716168,8.455314,11.291781,false
high_robot_intensity_translation,139,0.146056,60.358273,12615085.7622,23.271803,14381.803648,9.213155,8.454316,14.973577,false
high_robot_intensity_translation,140,0.153602,52.453477,11752696.0049,21.680901,9121.709642,8.006558,7.876364,9.497044,false
high_robot_intensity_translation,141,0.116991,81.453507,18364924.5367,33.878874,14869.195018,12.433155,12.307714,15.481023,false
high_robot_intensity_translation,142,0.140744,65.203320,14311989.8698,26.402183,13207.578886,9.952708,9.591539,13.751036,false
high_robot_intensity_translation,143,0.142566,55.160580,12202933.6493,22.511481,10885.423432,8.419773,8.178102,11.333330,false
high_robot_intensity_translation,144,0.124160,82.484925,18337710.0503,33.828670,16236.490745,12.590592,12.289476,16.904579,false
high_robot_intensity_translation,145,0.141418,57.063944,12434248.0941,22.938201,11697.699531,8.710305,8.333123,12.179029,false
high_robot_intensity_translation,146,0.143299,58.862587,12769835.3921,23.557279,12366.048182,8.984852,8.558025,12.874878,false
high_robot_intensity_translation,147,0.141579,73.919676,15316074.2908,28.254478,18940.152508,11.283182,10.264451,19.719490,false
high_robot_intensity_translation,148,0.128994,62.899540,13856170.3919,25.561306,12623.037729,9.601056,9.286060,13.142442,false
high_robot_intensity_translation,149,0.131483,72.942655,15507922.4089,28.608391,17132.096761,11.134049,10.393023,17.837037,false
high_robot_intensity_translation,150,0.134468,66.555413,14913128.8218,27.511140,12388.779223,10.159093,9.994407,12.898545,false
high_robot_intensity_translation,151,0.145207,53.625429,11856214.8082,21.871868,9758.150749,8.185446,7.945740,10.159673,false
high_robot_intensity_translation,152,0.150990,50.380367,11284647.4790,20.817464,8879.631921,7.690116,7.562689,9.245005,false
high_robot_intensity_translation,153,0.155231,66.870744,14206874.6625,26.208271,15210.293502,10.207226,9.521093,15.836157,false
high_robot_intensity_translation,154,0.136362,67.884409,14665289.5661,27.053936,15109.237451,10.361953,9.828311,15.730943,false
high_robot_intensity_translation,155,0.147461,55.497697,11947113.9129,22.039555,11846.306534,8.471231,8.006658,12.333751,false
high_robot_intensity_translation,156,0.133464,72.005398,14691600.6876,27.102474,18456.659412,10.990985,9.845944,19.216102,false
high_robot_intensity_translation,157,0.148155,80.287297,16664420.6295,30.741853,20016.927091,12.255143,11.168079,20.840571,false
high_robot_intensity_translation,158,0.163066,53.120062,11080031.5099,20.439996,12453.572593,8.108306,7.425561,12.966004,false
high_robot_intensity_translation,159,0.130093,65.328071,14100015.7516,26.011142,14209.674984,9.971750,9.449479,14.794366,false
high_robot_intensity_translation,160,0.116357,82.167177,18270834.7649,33.705301,16137.049242,12.542090,12.244658,16.801046,false
high_robot_intensity_translation,161,0.145395,55.584741,12073734.6492,22.273140,11847.166404,8.484517,8.091516,12.334646,false
high_robot_intensity_translation,162,0.158279,57.797217,12330266.6788,22.746380,12666.817491,8.822232,8.263437,13.188024,false
high_robot_intensity_translation,163,0.169906,50.487748,10864950.1624,20.043223,10871.808890,7.706507,7.281419,11.319155,false
high_robot_intensity_translation,164,0.123089,70.156910,15350793.3707,28.318526,14689.959862,10.708830,10.287719,15.294413,false
high_robot_intensity_translation,165,0.119798,71.115118,15927779.5284,29.382927,13218.257192,10.855092,10.674401,13.762154,false
high_robot_intensity_translation,166,0.123300,71.195935,15780340.9665,29.110938,13505.885243,10.867428,10.575591,14.061617,false
high_robot_intensity_translation,167,0.135839,56.081402,12407344.0434,22.888569,10587.741667,8.560328,8.315093,11.023399,false
high_robot_intensity_translation,168,0.145669,66.560594,13909951.4761,25.660519,15507.179869,10.159884,9.322103,16.145259,false
high_robot_intensity_translation,169,0.160611,53.085864,11670553.0463,21.529367,10125.677285,8.103086,7.821314,10.542322,false
high_robot_intensity_translation,170,0.136190,58.956536,12958403.2178,23.905141,11832.819055,8.999192,8.684399,12.319708,false
high_robot_intensity_translation,171,0.140475,74.902832,15605718.3850,28.788802,18269.724429,11.433253,10.458563,19.021475,false
high_robot_intensity_translation,172,0.142186,62.049497,13694411.9580,25.262900,11965.019601,9.471305,9.177653,12.457349,false
high_robot_intensity_translation,173,0.128545,62.808016,14065108.5035,25.946746,11142.981283,9.587086,9.426085,11.601486,false
high_robot_intensity_translation,174,0.130377,70.494844,15032086.2854,27.730588,15924.741532,10.760412,10.074129,16.580003,false
high_robot_intensity_translation,175,0.136330,61.169761,13150884.4632,24.260223,13161.616273,9.337021,8.813395,13.703182,false
high_robot_intensity_translation,176,0.154369,53.290232,11755730.9866,21.686500,10669.672406,8.134281,7.878398,11.108701,false
high_robot_intensity_translation,177,0.131087,60.967608,13494276.4230,24.893698,12022.595545,9.306164,9.043528,12.517294,false
high_robot_intensity_translation,178,0.162287,44.407976,9850091.1979,18.171052,8042.316450,6.778483,6.601286,8.373237,false
high_robot_intensity_translation,179,0.142663,61.020499,12742222.8447,23.506340,14432.894105,9.314238,8.539520,15.026770,false
high_robot_intensity_translation,180,0.139516,60.158785,13110521.1760,24.185762,12663.008003,9.182705,8.786344,13.184057,false
high_robot_intensity_translation,181,0.145329,53.876956,11904526.7047,21.960992,10293.429774,8.223839,7.978117,10.716977,false
high_robot_intensity_translation,182,0.114956,68.784165,15729416.7539,29.016995,11808.859417,10.499292,10.541463,12.294763,false
high_robot_intensity_translation,183,0.125653,66.015933,14520542.7636,26.786913,12791.876485,10.076746,9.731306,13.318228,false
high_robot_intensity_translation,184,0.139096,58.272007,12983441.4405,23.951331,11156.519518,8.894705,8.701179,11.615581,false
high_robot_intensity_translation,185,0.146311,59.038539,13122690.9686,24.208212,11257.986247,9.011709,8.794500,11.721223,false
high_robot_intensity_translation,186,0.155077,46.134272,10452727.6102,19.282771,7771.595098,7.041987,7.005157,8.091376,false
high_robot_intensity_translation,187,0.165973,49.380373,10968815.0885,20.234829,9489.135650,7.537476,7.351026,9.879589,false
high_robot_intensity_translation,188,0.114260,73.006821,16590302.9194,30.605123,13094.016337,11.143843,11.118407,13.632801,false
high_robot_intensity_translation,189,0.142855,54.541802,12125428.0561,22.368502,10642.801321,8.325322,8.126160,11.080724,false
high_robot_intensity_translation,190,0.133939,56.846588,12598412.4847,23.241045,10827.933284,8.677127,8.443142,11.273474,false
high_robot_intensity_translation,191,0.139871,66.097419,14195588.7044,26.187451,14793.176867,10.089184,9.513530,15.401877,false
high_robot_intensity_translation,192,0.172020,47.324461,10070475.9452,18.577609,10204.654642,7.223659,6.748982,10.624549,false
high_robot_intensity_translation,193,0.138937,61.315766,13492272.6779,24.890002,12251.133663,9.359307,9.042185,12.755235,false
high_robot_intensity_translation,194,0.131801,77.089045,17047708.7769,31.448927,15364.525350,11.766959,11.424949,15.996735,false
high_robot_intensity_translation,195,0.141544,68.361201,14318664.7074,26.414497,16683.687567,10.434731,9.596012,17.370177,false
high_robot_intensity_translation,196,0.155355,53.392927,11752898.9241,21.681275,10686.233438,8.149956,7.876500,11.125944,false
high_robot_intensity_translation,197,0.134084,58.421138,13108782.6890,24.182555,10501.018704,8.917468,8.785179,10.933108,false
high_robot_intensity_translation,198,0.152780,74.950277,15117771.1212,27.888656,20643.256708,11.440495,10.131553,21.492672,false
high_robot_intensity_translation,199,0.152793,52.221881,11366992.0224,20.969370,10959.358136,7.971207,7.617875,11.410307,false
high_robot_intensity_translation,200,0.129598,63.148992,13682105.0131,25.240197,13274.939622,9.639133,9.169406,13.821168,false
high_robot_intensity_translation,201,0.146721,54.192273,12010271.9578,22.156067,10220.507261,8.271970,8.048985,10.641054,false
high_robot_intensity_translation,202,0.157626,52.561546,11764830.3232,21.703286,9821.702652,8.023054,7.884496,10.225840,false
high_robot_intensity_translation,203,0.162033,54.822061,11401259.3150,21.032585,12927.252965,8.368101,7.640840,13.459175,false
high_robot_intensity_translation,204,0.173438,47.992068,10304165.0155,19.008709,10326.741144,7.325563,6.905594,10.751659,false
high_robot_intensity_translation,205,0.133275,83.910697,17733089.0872,32.713289,19891.575649,12.808223,11.884274,20.710061,false
high_robot_intensity_translation,206,0.152868,57.869955,12049976.8256,22.229313,13977.045566,8.833335,8.075594,14.552164,false
high_robot_intensity_translation,207,0.128589,61.279063,13294951.3970,24.525992,12729.957862,9.353705,8.909945,13.253762,false
high_robot_intensity_translation,208,0.150530,58.466086,12279505.7965,22.652738,13337.502876,8.924329,8.229419,13.886306,false
high_robot_intensity_translation,209,0.121213,71.760498,16370917.5356,30.200410,12183.043892,10.953603,10.971381,12.684344,false
high_robot_intensity_translation,210,0.133784,64.938115,14353258.7554,26.478314,13140.475177,9.912227,9.619196,13.681171,false
high_robot_intensity_translation,211,0.154354,52.620960,11381123.4869,20.995439,10952.364202,8.032123,7.627345,11.403025,false
high_robot_intensity_translation,212,0.151393,57.178086,12427641.7123,22.926014,11792.229374,8.727727,8.328696,12.277448,false
high_robot_intensity_translation,213,0.129473,66.360734,14618594.0560,26.967794,12934.637057,10.129377,9.797017,13.466863,false
high_robot_intensity_translation,214,0.150936,68.430081,15615253.1407,28.806391,11302.774370,10.445244,10.464953,11.767854,false
high_robot_intensity_translation,215,0.125871,65.359712,14595648.8710,26.925466,12050.211460,9.976580,9.781640,12.546046,false
high_robot_intensity_translation,216,0.156871,48.810168,10772888.5983,19.873392,9276.057747,7.450439,7.219721,9.657743,false
high_robot_intensity_translation,217,0.155048,47.777250,10440394.6649,19.260020,9416.649032,7.292773,6.996892,9.804119,false
high_robot_intensity_translation,218,0.129651,75.208049,16174909.8381,29.838823,16725.937739,11.479841,10.840021,17.414166,false
high_robot_intensity_translation,219,0.120703,68.403218,15044580.3332,27.753637,13701.334387,10.441144,10.082503,14.265108,false
high_robot_intensity_translation,220,0.145249,62.564143,13443530.6141,24.800085,13754.745910,9.549861,9.009519,14.320717,false
high_robot_intensity_translation,221,0.175985,51.115547,10627152.7920,19.604544,12496.560794,7.802335,7.122053,13.010761,false
high_robot_intensity_translation,222,0.138135,59.325175,13142446.6554,24.244657,11516.688351,9.055461,8.807740,11.990570,false
high_robot_intensity_translation,223,0.137742,64.391916,14035771.4826,25.892627,13389.262849,9.828855,9.406424,13.940196,false
high_robot_intensity_translation,224,0.151310,49.762221,10992528.8248,20.278575,9083.356055,7.595761,7.366919,9.457112,false
high_robot_intensity_translation,225,0.145691,53.575613,12214321.3996,22.532489,8322.676921,8.177842,8.185734,8.665133,false
high_robot_intensity_translation,226,0.130165,78.084264,16893859.6338,31.165113,17045.368492,11.918870,11.321843,17.746740,false
high_robot_intensity_translation,227,0.144636,55.941271,12296237.6502,22.683605,11317.352008,8.538939,8.240632,11.783031,false
high_robot_intensity_translation,228,0.148316,59.514884,12409323.8931,22.892222,13992.730495,9.084419,8.316419,14.568494,false
high_robot_intensity_translation,229,0.129849,61.213710,13423813.5911,24.763711,12555.133016,9.343730,8.996305,13.071744,false
high_robot_intensity_translation,230,0.148544,54.794910,11994980.5913,22.127858,11179.284201,8.363957,8.038737,11.639282,false
high_robot_intensity_translation,231,0.149469,60.354970,12704586.4773,23.436910,14011.266026,9.212650,8.514297,14.587793,false
high_robot_intensity_translation,232,0.117357,89.245233,18196367.9388,33.567928,23579.972620,13.622493,12.194752,24.550226,false
high_robot_intensity_translation,233,0.146974,61.956125,12950725.9116,23.890978,15036.118281,9.457053,8.679254,15.654815,false
high_robot_intensity_translation,234,0.126695,89.572339,18459572.8481,34.053477,22940.490821,13.672423,12.371145,23.884431,false
high_robot_intensity_translation,235,0.152413,47.386154,10432749.6182,19.245917,8786.938109,7.233076,6.991769,9.148497,false
high_robot_intensity_translation,236,0.140498,82.127832,17151401.3326,31.640215,20153.987599,12.536085,11.494441,20.983271,false
high_robot_intensity_translation,237,0.134007,70.173754,14821239.8239,27.341627,16871.708694,10.711401,9.932825,17.565935,false
high_robot_intensity_translation,238,0.160580,50.236591,11015972.0742,20.321822,10039.949568,7.668170,7.382630,10.453067,false
high_robot_intensity_translation,239,0.154541,50.262961,11259009.4426,20.770168,8944.744314,7.672195,7.545507,9.312797,false
high_robot_intensity_translation,240,0.139368,66.002893,14032341.6255,25.886299,15349.597521,10.074756,9.404125,15.981193,false
high_robot_intensity_translation,241,0.154162,50.863756,11505260.2630,21.224441,8894.670712,7.763901,7.710539,9.260663,false
high_robot_intensity_translation,242,0.161426,48.153458,10431292.4994,19.243229,10046.981426,7.350198,6.990792,10.460388,false
high_robot_intensity_translation,243,0.125033,72.372931,15699559.3292,28.961916,15646.500773,11.047086,10.521453,16.290313,false
high_robot_intensity_translation,244,0.120510,81.562588,17875167.3913,32.975390,17130.737872,12.449805,11.979491,17.835622,false
high_robot_intensity_translation,245,0.156597,48.869966,10554774.1210,19.471023,10152.445579,7.459567,7.073546,10.570192,false
high_robot_intensity_translation,246,0.134197,72.613908,15373255.5396,28.359963,16983.853384,11.083869,10.302773,17.682694,false
high_robot_intensity_translation,247,0.119041,85.754996,18118622.4147,33.424506,20458.915753,13.089739,12.142649,21.300746,false
high_robot_intensity_translation,248,0.157726,56.844113,12165858.6011,22.443087,12682.179653,8.676749,8.153255,13.204018,false
high_robot_intensity_translation,249,0.150645,52.563734,11373518.1755,20.981409,11042.518391,8.023387,7.622248,11.496889,false
high_robot_intensity_translation,250,0.135192,58.393277,12954288.9074,23.897551,11118.694916,8.913216,8.681641,11.576200,false
high_robot_intensity_translation,251,0.128115,69.844532,15125380.7793,27.902694,14458.108858,10.661148,10.136653,15.053022,false
high_robot_intensity_translation,252,0.117024,92.233479,18756007.9427,34.600329,24083.986709,14.078622,12.569809,25.074979,false
high_robot_intensity_translation,253,0.125816,84.581196,19079098.7855,35.196354,15223.815351,12.910569,12.786336,15.850235,false
high_robot_intensity_translation,254,0.184121,39.764831,8654338.4240,15.965175,7938.030876,6.069749,5.799922,8.264660,false
high_robot_intensity_translation,255,0.113492,73.449148,16450173.3829,30.346618,13698.026338,11.211361,11.024496,14.261664,false
high_robot_intensity_translation,256,0.135831,59.647724,13680180.5911,25.236647,9459.270119,9.104696,9.168116,9.848494,false
high_robot_intensity_translation,257,0.134923,61.738614,13747113.4407,25.360122,11827.611109,9.423851,9.212973,12.314286,false
high_robot_intensity_translation,258,0.171309,47.896866,10300663.9654,19.002251,10252.787659,7.311032,6.903248,10.674663,false
high_robot_intensity_translation,259,0.150652,57.291130,12332069.2167,22.749705,12750.766252,8.744983,8.264645,13.275427,false
high_robot_intensity_translation,260,0.127891,66.506641,14775923.7379,27.258030,12845.436819,10.151649,9.902456,13.373993,false
high_robot_intensity_translation,261,0.132315,63.655141,13628708.9299,25.141694,14076.551699,9.716392,9.133621,14.655765,false
high_robot_intensity_translation,262,0.148236,60.327163,12897575.9299,23.792929,13072.421309,9.208406,8.643634,13.610317,false
high_robot_intensity_translation,263,0.146795,49.450285,10893348.0970,20.095610,9185.800834,7.548147,7.300450,9.563772,false
high_robot_intensity_translation,264,0.166832,52.864974,11999532.2296,22.136254,8805.057331,8.069369,8.041787,9.167362,false
high_robot_intensity_translation,265,0.143012,77.226010,16079061.5032,29.662006,19078.362825,11.787865,10.775786,19.863387,false
high_robot_intensity_translation,266,0.134354,58.116715,12760630.6901,23.540298,11579.314045,8.871001,8.551856,12.055772,false
high_robot_intensity_translation,267,0.144202,56.689144,12286393.9229,22.665445,11541.710333,8.653095,8.234035,12.016621,false
high_robot_intensity_translation,268,0.168103,52.196395,11089072.4788,20.456675,11902.541059,7.967316,7.431620,12.392299,false
high_robot_intensity_translation,269,0.137450,60.343374,13300039.7967,24.535378,11954.499076,9.210880,8.913355,12.446395,false
high_robot_intensity_translation,270,0.119599,65.660423,14478715.3181,26.709752,13042.669317,10.022481,9.703274,13.579341,false
high_robot_intensity_translation,271,0.144024,69.034891,14357893.1363,26.486864,17124.537366,10.537563,9.622302,17.829167,false
high_robot_intensity_translation,272,0.137887,67.840619,14627416.4368,26.984069,14727.550495,10.355268,9.802930,15.333550,false
high_robot_intensity_translation,273,0.154476,52.145863,10987858.5894,20.269960,11492.595317,7.959603,7.363789,11.965485,false
high_robot_intensity_translation,274,0.117203,74.305235,16368880.4218,30.196652,14961.676952,11.342035,10.970015,15.577310,false
high_robot_intensity_translation,275,0.173589,51.205157,11234886.3021,20.725666,10105.316650,7.816013,7.529341,10.521124,false
high_robot_intensity_translation,276,0.152924,60.660948,12831372.1899,23.670799,14013.083932,9.259355,8.599266,14.589685,false
high_robot_intensity_translation,277,0.157818,55.301900,12003840.4349,22.144202,11517.532710,8.441344,8.044675,11.991449,false
high_robot_intensity_translation,278,0.153721,54.713239,12023998.0766,22.181388,10278.487161,8.351490,8.058184,10.701420,false
high_robot_intensity_translation,279,0.157925,54.506426,11514728.8419,21.241909,12513.160737,8.319922,7.716884,13.028044,false
high_robot_intensity_translation,280,0.151525,53.350299,11465706.1670,21.151474,10944.830464,8.143450,7.684030,11.395181,false
high_robot_intensity_translation,281,0.124749,67.518654,15462016.7156,28.523706,11050.569009,10.306123,10.362258,11.505271,false
high_robot_intensity_translation,282,0.152980,57.209752,12512556.0232,23.082660,11545.137287,8.732561,8.385603,12.020189,false
high_robot_intensity_translation,283,0.158321,49.097810,10597283.7625,19.549443,10196.826619,7.494345,7.102035,10.616399,false
high_robot_intensity_translation,284,0.187446,39.640104,8557394.7810,15.786338,8114.916812,6.050710,5.734953,8.448824,false
high_robot_intensity_translation,285,0.120500,80.088726,17583024.3178,32.436456,16480.787077,12.224833,11.783704,17.158928,false
high_robot_intensity_translation,286,0.120871,102.916105,21922233.0409,40.441254,24399.668474,15.709230,14.691734,25.403650,false
high_robot_intensity_translation,287,0.147427,85.999781,17139835.3326,31.618879,24390.817016,13.127103,11.486690,25.394435,false
high_robot_intensity_translation,288,0.153176,54.495878,11795004.2424,21.758949,11537.767358,8.318312,7.904718,12.012516,false
high_robot_intensity_translation,289,0.141576,52.964280,11492064.5399,21.200098,10685.562915,8.084527,7.701695,11.125246,false
high_robot_intensity_translation,290,0.115717,75.200074,17065725.1110,31.482163,12904.872528,11.478624,11.437023,13.435874,false
high_robot_intensity_translation,291,0.170472,60.994557,12676964.0839,23.385953,15400.285029,9.310278,8.495785,16.033966,false
high_robot_intensity_translation,292,0.137768,56.675853,12355324.5246,22.792606,11853.964815,8.651066,8.280230,12.341724,false
high_robot_intensity_translation,293,0.148966,59.757988,12559462.2849,23.169191,13632.686941,9.121527,8.417038,14.193636,false
high_robot_intensity_translation,294,0.140863,63.276238,13895826.7739,25.634462,12782.693482,9.658556,9.312637,13.308668,false
high_robot_intensity_translation,295,0.156402,56.585779,12022995.6461,22.179539,12923.027646,8.637317,8.057512,13.454776,false
high_robot_intensity_translation,296,0.118216,79.679089,17261786.4288,31.843849,17277.046347,12.162306,11.568419,17.987951,false
high_robot_intensity_translation,297,0.140762,62.073536,13284780.4100,24.507229,13990.200423,9.474974,8.903129,14.565860,false
high_robot_intensity_translation,298,0.139563,56.990445,12998543.5719,23.979190,9528.261216,8.699086,8.711300,9.920324,false
high_robot_intensity_translation,299,0.125630,78.810669,17642618.2474,32.546392,14972.756338,12.029749,11.823643,15.588846,false
high_robot_intensity_translation,300,0.164211,48.709965,10657566.1480,19.660649,9747.623829,7.435144,7.142435,10.148713,false
high_robot_intensity_translation,301,0.142834,63.816202,13336125.7413,24.601948,14939.557842,9.740977,8.937539,15.554281,false
high_robot_intensity_translation,302,0.174784,51.169421,10618982.3481,19.589471,12279.598640,7.810558,7.116577,12.784872,false
high_robot_intensity_translation,303,0.131217,64.807403,13924360.4473,25.687100,13902.673286,9.892275,9.331759,14.474732,false
high_robot_intensity_translation,304,0.120886,68.845838,15374723.3300,28.362671,12384.241072,10.508706,10.303756,12.893820,false
high_robot_intensity_translation,305,0.134160,66.294181,14132029.6262,26.070200,15113.171992,10.119218,9.470934,15.735039,false
high_robot_intensity_translation,306,0.143358,66.320493,14139023.1216,26.083101,15314.490233,10.123235,9.475621,15.944641,false
high_robot_intensity_translation,307,0.138285,58.400066,12282922.3655,22.659041,13191.746849,8.914252,8.231708,13.734552,false
high_robot_intensity_translation,308,0.145040,58.214738,13328421.7025,24.587736,9547.982481,8.885963,8.932376,9.940857,false
high_robot_intensity_translation,309,0.135254,95.645106,21643243.4725,39.926585,17395.189178,14.599377,14.504762,18.110955,false
high_robot_intensity_translation,310,0.135496,61.676684,13309540.9506,24.552906,13312.689296,9.414398,8.919722,13.860471,false
high_robot_intensity_translation,311,0.135403,66.452871,14245426.5320,26.279390,15108.986831,10.143441,9.546930,15.730682,false
high_robot_intensity_translation,312,0.162644,51.428654,10950403.0211,20.200863,11303.843470,7.850128,7.338687,11.768967,false
high_robot_intensity_translation,313,0.175993,45.757837,9783867.5156,18.048885,10121.098513,6.984528,6.556904,10.537555,false
high_robot_intensity_translation,314,0.171694,40.863150,9021966.5381,16.643361,7079.522102,6.237397,6.046297,7.370826,false
high_robot_intensity_translation,315,0.130271,68.150015,14796572.0725,27.296121,14611.822106,10.402495,9.916294,15.213060,false
high_robot_intensity_translation,316,0.128833,56.530692,12579138.9129,23.205489,10725.714167,8.628908,8.430225,11.167049,false
high_robot_intensity_translation,317,0.139549,61.362930,13219653.6998,24.387085,13597.656436,9.366507,8.859482,14.157164,false
high_robot_intensity_translation,318,0.146188,62.383617,13685053.0865,25.245635,12523.446676,9.522306,9.171381,13.038753,false
high_robot_intensity_translation,319,0.139121,52.712654,11561944.0460,21.329009,10323.687718,8.046119,7.748527,10.748480,false
high_robot_intensity_translation,320,0.130874,70.816872,15190362.2676,28.022569,15847.557270,10.809567,10.180202,16.499642,false
high_robot_intensity_translation,321,0.136204,69.110381,14593676.2894,26.921827,15784.602416,10.549086,9.780318,16.434097,false
high_robot_intensity_translation,322,0.132518,75.592010,16604376.6372,30.631086,15118.795013,11.538449,11.127839,15.740893,false
high_robot_intensity_translation,323,0.134420,75.559047,15801500.9449,29.149973,18170.600876,11.533418,10.589772,18.918273,false
high_robot_intensity_translation,324,0.136275,61.827692,13572950.4271,25.038833,12335.351418,9.437448,9.096253,12.842919,false
high_robot_intensity_translation,325,0.123877,63.052911,13879800.8116,25.604898,12693.140923,9.624467,9.301896,13.215430,false
high_robot_intensity_translation,326,0.111872,72.844378,16731887.6148,30.866313,11635.163370,11.119048,11.213294,12.113920,false
high_robot_intensity_translation,327,0.128527,70.707571,14832025.5900,27.361524,17104.032737,10.792883,9.940054,17.807818,false
high_robot_intensity_translation,328,0.126318,72.602241,15451609.3890,28.504507,16771.979429,11.082088,10.355283,17.462102,false
high_robot_intensity_translation,329,0.121861,61.474962,13710491.3871,25.292563,11075.471789,9.383607,9.188429,11.531198,false
high_robot_intensity_translation,330,0.143824,73.664040,14972791.6250,27.621204,19456.260095,11.244162,10.034392,20.256834,false
high_robot_intensity_translation,331,0.199933,41.541891,8632898.3411,15.925624,9188.844964,6.341001,5.785553,9.566942,false
high_robot_intensity_translation,332,0.143331,54.098265,12128079.4774,22.373393,9933.756382,8.257620,8.127936,10.342504,false
high_robot_intensity_translation,333,0.142009,61.936748,13556483.6081,25.008456,12239.889226,9.454095,9.085217,12.743528,false
high_robot_intensity_translation,334,0.146945,64.020443,13578757.2888,25.049545,14920.337467,9.772152,9.100145,15.534270,false
high_robot_intensity_translation,335,0.124155,75.188496,16579095.8616,30.584449,14915.650470,11.476857,11.110897,15.529390,false
high_robot_intensity_translation,336,0.165641,61.647653,13044711.2376,24.064359,14582.566956,9.409967,8.742240,15.182601,false
high_robot_intensity_translation,337,0.123310,69.907515,15482308.6313,28.561140,13533.322456,10.670762,10.375857,14.090183,false
high_robot_intensity_translation,338,0.167561,51.389409,11298757.6685,20.843494,10316.482353,7.844137,7.572146,10.740978,false
high_robot_intensity_translation,339,0.150733,67.462304,14513631.0525,26.774163,14310.608044,10.297522,9.726674,14.899452,false
high_robot_intensity_translation,340,0.128193,65.235535,14236484.9814,26.262895,13212.603188,9.957625,9.540937,13.756267,false
high_robot_intensity_translation,341,0.130785,58.323682,12967170.4681,23.921314,11391.270493,8.902592,8.690274,11.859991,false
high_robot_intensity_translation,342,0.177277,53.734593,11821345.5005,21.807543,10387.322404,8.202109,7.922371,10.814733,false
high_robot_intensity_translation,343,0.143868,77.511118,16155370.7447,29.802778,19389.697364,11.831384,10.826927,20.187532,false
high_robot_intensity_translation,344,0.120776,69.326471,15708133.2944,28.977732,12451.349100,10.582070,10.527199,12.963689,false
high_robot_intensity_translation,345,0.129927,71.518035,16633234.0670,30.684321,10597.461568,10.916593,11.147179,11.033519,false
high_robot_intensity_translation,346,0.130925,65.773299,14168866.4345,26.138155,14246.529374,10.039710,9.495621,14.832736,false
high_robot_intensity_translation,347,0.128257,68.128420,14678846.0170,27.078945,14947.615228,10.399199,9.837397,15.562670,false
high_robot_intensity_translation,348,0.133839,65.793262,14515413.6341,26.777451,13052.206963,10.042757,9.727868,13.589271,false
high_robot_intensity_translation,349,0.139651,71.693316,15594365.5274,28.767858,15034.521203,10.943348,10.450955,15.653152,false
high_robot_intensity_translation,350,0.173974,54.573995,11527424.1908,21.265328,12745.081712,8.330236,7.725392,13.269508,false
high_robot_intensity_translation,351,0.150942,74.511735,15088204.8903,27.834113,20022.713989,11.373555,10.111739,20.846596,false
high_robot_intensity_translation,352,0.138059,53.459176,12046237.8226,22.222415,9627.366320,8.160069,8.073088,10.023507,false
high_robot_intensity_translation,353,0.126412,82.478369,17195096.4507,31.720822,20645.684134,12.589591,11.523725,21.495199,false
high_robot_intensity_translation,354,0.147612,53.711168,11842841.4871,21.847198,10385.307425,8.198533,7.936777,10.812635,false
high_robot_intensity_translation,355,0.145834,86.855923,17200042.6538,31.729947,25022.339839,13.257786,11.527040,26.051943,false
high_robot_intensity_translation,356,0.145341,60.711745,13261163.0945,24.463660,12775.111226,9.267109,8.887301,13.300773,false
high_robot_intensity_translation,357,0.157632,48.931508,10970275.1193,20.237522,8225.719433,7.468960,7.352005,8.564186,false
high_robot_intensity_translation,358,0.144043,54.113107,11813549.3520,21.793161,10778.769890,8.259886,7.917146,11.222288,false
high_robot_intensity_translation,359,0.137177,67.651599,14348411.1080,26.469372,15588.868578,10.326416,9.615947,16.230309,false
high_robot_intensity_translation,360,0.133684,56.716779,12633262.5087,23.305335,10367.184166,8.657313,8.466498,10.793766,false
high_robot_intensity_translation,361,0.128580,85.925282,19054656.8375,35.151264,16725.879468,13.115732,12.769956,17.414105,false
high_robot_intensity_translation,362,0.131557,62.365718,13321033.6206,24.574107,13849.428427,9.519573,8.927425,14.419296,false
high_robot_intensity_translation,363,0.133877,67.495032,14191556.3638,26.180012,15900.140462,10.302518,9.510827,16.554389,false
high_robot_intensity_translation,364,0.165136,52.538268,11059618.6638,20.402340,11378.747498,8.019500,7.411881,11.846953,false
high_robot_intensity_translation,365,0.132947,67.782385,14480126.9178,26.712356,14891.395855,10.346379,9.704220,15.504137,false
high_robot_intensity_translation,366,0.141606,67.603809,14992173.7579,27.656959,13457.889459,10.319121,10.047381,14.011646,false
high_robot_intensity_translation,367,0.134793,60.071467,13740613.8248,25.348132,10030.447477,9.169376,9.208617,10.443174,false
high_robot_intensity_translation,368,0.158585,48.105500,10654237.8961,19.654510,9133.674346,7.342878,7.140205,9.509501,false
high_robot_intensity_translation,369,0.136963,62.397388,13487963.9169,24.882053,13508.495749,9.524408,9.039297,14.064335,false
high_robot_intensity_translation,370,0.187926,46.008276,9781583.9676,18.044673,9967.543721,7.022755,6.555374,10.377682,false
high_robot_intensity_translation,371,0.160659,47.137153,10215638.9340,18.845400,9629.847650,7.195068,6.846266,10.026090,false
high_robot_intensity_translation,372,0.159330,62.400493,13261322.8521,24.463955,14191.951610,9.524881,8.887408,14.775913,false
high_robot_intensity_translation,373,0.156590,56.486755,11911113.0308,21.973142,13007.877953,8.622202,7.982531,13.543118,false
high_robot_intensity_translation,374,0.160546,57.679327,12717716.8704,23.461133,11392.758251,8.804237,8.523097,11.861540,false
high_robot_intensity_translation,375,0.144503,52.186958,11866949.2766,21.891671,8764.974826,7.965876,7.952933,9.125630,false
high_robot_intensity_translation,376,0.135919,68.609476,14155581.5805,26.113647,17093.486667,10.472628,9.486718,17.796838,false
high_robot_intensity_translation,377,0.141274,66.127120,14072354.4786,25.960113,15107.433032,10.093718,9.430941,15.729064,false
high_robot_intensity_translation,378,0.166276,45.666795,9984384.8204,18.418791,8874.627392,6.970631,6.691286,9.239795,false
high_robot_intensity_translation,379,0.150831,61.749285,13132686.7529,24.226652,14341.075845,9.425480,8.801199,14.931173,false
high_robot_intensity_translation,380,0.138050,58.610170,13349403.6595,24.626443,9816.025227,8.946322,8.946437,10.219929,false
high_robot_intensity_translation,381,0.162385,50.206352,10645193.0800,19.637824,11224.149164,7.663554,7.134143,11.685993,false
high_robot_intensity_translation,382,0.152760,64.159707,13345604.6336,24.619435,15518.072649,9.793410,8.943891,16.156600,false
high_robot_intensity_translation,383,0.147920,52.621326,11591973.8189,21.384407,10219.143352,8.032178,7.768652,10.639634,false
high_robot_intensity_translation,384,0.151286,57.434884,12279176.3373,22.652131,12925.671166,8.766925,8.229198,13.457528,false
high_robot_intensity_translation,385,0.145816,64.715511,13340452.6460,24.609930,16176.464779,9.878248,8.940439,16.842084,false
high_robot_intensity_translation,386,0.145260,53.283130,11615539.5275,21.427880,10777.411198,8.133197,7.784445,11.220873,false
high_robot_intensity_translation,387,0.132085,65.134321,14095861.4548,26.003478,14054.024207,9.942176,9.446695,14.632310,false
high_robot_intensity_translation,388,0.155502,63.753356,13725598.8482,25.320433,14003.670659,9.731384,9.198554,14.579885,false
high_robot_intensity_translation,389,0.125175,66.390578,14360640.7689,26.491932,14184.216685,10.133932,9.624143,14.767860,false
high_robot_intensity_translation,390,0.170772,54.920892,11627555.6324,21.450047,12486.322607,8.383187,7.792498,13.000102,false
high_robot_intensity_translation,391,0.129139,65.335551,14960693.6404,27.598886,10857.570657,9.972892,10.026284,11.304331,false
high_robot_intensity_translation,392,0.201930,40.578690,8820576.6013,16.271845,8289.811160,6.193977,5.911330,8.630915,false
high_robot_intensity_translation,393,0.130484,54.473348,12159277.6749,22.430946,9540.799362,8.314873,8.148845,9.933378,false
high_robot_intensity_translation,394,0.160367,46.369117,10220577.4380,18.854510,8561.024506,7.077834,6.849576,8.913288,false
high_robot_intensity_translation,395,0.162815,52.566361,11398295.1663,21.027116,10785.233686,8.023789,7.638853,11.229018,false
high_robot_intensity_translation,396,0.108141,80.993206,17788872.3042,32.816196,16474.981551,12.362894,11.921659,17.152884,false
high_robot_intensity_translation,397,0.119788,88.555612,18550374.0360,34.220984,21796.112896,13.517228,12.431998,22.692965,false
high_robot_intensity_translation,398,0.129921,57.247914,12557509.1581,23.165588,11100.382734,8.738386,8.415730,11.557134,false
high_robot_intensity_translation,399,0.140790,61.728894,13516794.3523,24.935239,12917.685395,9.422368,9.058619,13.449214,false
high_robot_intensity_translation,400,0.120578,73.766565,16481280.1624,30.404003,13988.244838,11.259812,11.045343,14.563824,false
high_robot_intensity_translation,401,0.141986,60.784222,13277117.6045,24.493092,12594.483139,9.278172,8.897993,13.112713,false
high_robot_intensity_translation,402,0.163604,52.809560,11605057.3129,21.408543,10239.741518,8.060911,7.777420,10.661080,false
high_robot_intensity_translation,403,0.125654,67.342314,14670203.5439,27.063001,14333.908938,10.279207,9.831605,14.923711,false
high_robot_intensity_translation,404,0.144557,74.714978,15744191.6389,29.044251,17709.103628,11.404578,10.551365,18.437786,false
high_robot_intensity_translation,405,0.143494,57.017335,12427499.7647,22.925752,11858.141159,8.703190,8.328600,12.346072,false
high_robot_intensity_translation,406,0.133774,69.109692,14881248.5816,27.452329,15434.043564,10.548981,9.973042,16.069114,false
high_robot_intensity_translation,407,0.138508,65.361767,14312175.5341,26.402526,12920.697421,9.976894,9.591663,13.452350,false
high_robot_intensity_translation,408,0.154669,55.657102,12433154.1384,22.936183,10046.698568,8.495563,8.332390,10.460094,false
high_robot_intensity_translation,409,0.123812,73.046666,15969891.7946,29.460614,14906.603453,11.149925,10.702623,15.519971,false
high_robot_intensity_translation,410,0.135095,74.912833,16068252.4348,29.642066,16588.927679,11.434779,10.768542,17.271518,false
high_robot_intensity_translation,411,0.143990,59.684956,13186511.0596,24.325945,11600.690863,9.110379,8.837271,12.078029,false
high_robot_intensity_translation,412,0.138312,71.783980,14987334.5661,27.648032,17332.207899,10.957188,10.044138,18.045382,false
high_robot_intensity_translation,413,0.121582,78.307005,16437413.2334,30.323079,18630.032707,11.952869,11.015944,19.396609,false
high_robot_intensity_translation,414,0.124607,73.905696,16272876.2152,30.019547,14952.787452,11.281049,10.905676,15.568055,false
high_robot_intensity_translation,415,0.131878,56.976601,12439148.0005,22.947240,11283.661356,8.696972,8.336407,11.747954,false
high_robot_intensity_translation,416,0.130380,64.434978,14491835.3334,26.733955,11494.465342,9.835428,9.712067,11.967432,false
high_robot_intensity_translation,417,0.126949,77.604742,16902372.2661,31.180816,16268.790476,11.845675,11.327548,16.938208,false
high_robot_intensity_translation,418,0.146150,49.147543,10852476.4922,20.020212,9220.038728,7.501936,7.273059,9.599419,false
high_robot_intensity_translation,419,0.142441,54.972021,12153547.3351,22.420375,10676.895916,8.390991,8.145004,11.116222,false
high_robot_intensity_translation,420,0.155743,61.495380,12811883.9055,23.634848,15172.442455,9.386724,8.586205,15.796748,false
high_robot_intensity_translation,421,0.144848,61.388186,13718429.4928,25.307207,11397.659360,9.370362,9.193749,11.866643,false
high_robot_intensity_translation,422,0.158632,63.231586,13120947.4930,24.204996,15699.287823,9.651740,8.793332,16.345272,false
high_robot_intensity_translation,423,0.145818,73.681471,15771075.2794,29.093845,16704.715977,11.246823,10.569381,17.392071,false
high_robot_intensity_translation,424,0.130326,73.441312,15657501.0082,28.884328,16552.067004,11.210164,10.493267,17.233141,false
high_robot_intensity_translation,425,0.124394,79.975163,16993709.2188,31.349311,18437.594489,12.207499,11.388760,19.196253,false
high_robot_intensity_translation,426,0.138224,56.898308,12530522.0509,23.115803,11455.796022,8.685022,8.397643,11.927172,false
high_robot_intensity_translation,427,0.123416,66.807724,14655660.3804,27.036173,13220.769118,10.197606,9.821858,13.764769,false
high_robot_intensity_translation,428,0.124774,86.288497,18065054.7568,33.325686,21515.045159,13.171173,12.106749,22.400332,false
high_robot_intensity_translation,429,0.158605,47.384239,10412170.6875,19.207954,9503.438657,7.232784,6.977977,9.894480,false
high_robot_intensity_translation,430,0.136675,63.376002,14105214.4370,26.020732,11939.293677,9.673784,9.452963,12.430564,false
high_robot_intensity_translation,431,0.131940,74.142494,15842992.0140,29.226514,16444.196817,11.317194,10.617578,17.120832,false
high_robot_intensity_translation,432,0.108631,88.466438,19946604.2993,36.796693,16411.190059,13.503617,13.367717,17.086467,false
high_robot_intensity_translation,433,0.129806,66.069685,14838526.1036,27.373516,12188.281536,10.084951,9.944410,12.689797,false
high_robot_intensity_translation,434,0.154560,62.390440,13516010.8012,24.933793,13501.253372,9.523347,9.058093,14.056794,false
high_robot_intensity_translation,435,0.141497,55.696419,12504226.8022,23.067295,9753.371134,8.501564,8.380021,10.154697,false
high_robot_intensity_translation,436,0.148543,52.030136,11858465.6321,21.876020,8668.749741,7.941938,7.947248,9.025446,false
high_robot_intensity_translation,437,0.161204,58.039732,12325500.5917,22.737588,13083.790746,8.859250,8.260243,13.622154,false
high_robot_intensity_translation,438,0.138021,54.833967,11881193.3271,21.917948,11298.809715,8.369918,7.962480,11.763726,false
high_robot_intensity_translation,439,0.137851,57.111190,12820905.8524,23.651491,9952.639592,8.717516,8.592251,10.362164,false
high_robot_intensity_translation,440,0.158375,54.603653,11836193.9084,21.834934,11799.463054,8.334763,7.932322,12.284980,false
high_robot_intensity_translation,441,0.136772,64.941695,14072292.8014,25.960000,13759.581828,9.912773,9.430900,14.325752,false
high_robot_intensity_translation,442,0.151145,55.344337,11832583.9495,21.828275,12219.561598,8.447822,7.929903,12.722364,false
high_robot_intensity_translation,443,0.153677,46.039691,10454285.2666,19.285645,7148.647381,7.027550,7.006201,7.442795,false
high_robot_intensity_translation,444,0.163919,49.984092,10729380.9647,19.793130,10989.142648,7.629628,7.190564,11.441317,false
high_robot_intensity_translation,445,0.163905,54.810977,11708204.1221,21.598824,11842.133952,8.366409,7.846546,12.329406,false
high_robot_intensity_translation,446,0.129878,59.156374,12868089.6087,23.738534,11762.875327,9.029696,8.623873,12.246887,false
high_robot_intensity_translation,447,0.139809,69.020227,14281938.3370,26.346745,17236.995690,10.535325,9.571399,17.946253,false
high_robot_intensity_translation,448,0.129648,64.590269,14222334.2691,26.236790,12918.106057,9.859131,9.531454,13.449652,false
high_robot_intensity_translation,449,0.170196,46.827514,10472103.1500,19.318515,8266.151586,7.147804,7.018142,8.606282,false
high_robot_intensity_translation,450,0.160298,47.429378,10560084.8950,19.480820,9024.557794,7.239674,7.077106,9.395895,false
high_robot_intensity_translation,451,0.163919,57.980832,11881362.3618,21.918259,14699.256080,8.850259,7.962593,15.304092,false
high_robot_intensity_translation,452,0.154138,52.849763,11393222.7356,21.017759,10903.841683,8.067047,7.635454,11.352506,false
high_robot_intensity_translation,453,0.133145,68.359310,14713717.5581,27.143274,14574.070661,10.434442,9.860767,15.173755,false
high_robot_intensity_translation,454,0.156390,50.808942,10963377.7222,20.224798,10647.389619,7.755534,7.347382,11.085502,false
high_robot_intensity_translation,455,0.142089,59.816500,12761224.3332,23.541393,12920.650563,9.130458,8.552254,13.452301,false
high_robot_intensity_translation,456,0.128246,83.042550,17583587.9266,32.437496,19396.837325,12.675708,11.784082,20.194966,false
high_robot_intensity_translation,457,0.143828,60.011309,13059459.1467,24.091565,12749.765615,9.160194,8.752124,13.274385,false
high_robot_intensity_translation,458,0.130821,59.578479,12917960.5383,23.830534,12217.446860,9.094126,8.657295,12.720163,false
high_robot_intensity_translation,459,0.172602,59.061654,12228278.2724,22.558236,15111.293951,9.015237,8.195087,15.733084,false
high_robot_intensity_translation,460,0.127082,78.943868,16294492.1660,30.059424,20203.702924,12.050081,10.920162,21.035032,false
high_robot_intensity_translation,461,0.142054,54.415380,12394572.0188,22.865008,9026.724474,8.306025,8.306533,9.398150,false
high_robot_intensity_translation,462,0.135993,60.439776,12919337.0737,23.833073,13339.660286,9.225595,8.658218,13.888552,false
high_robot_intensity_translation,463,0.152439,62.085648,13158717.7270,24.274673,14378.898527,9.476823,8.818645,14.970552,false
high_robot_intensity_translation,464,0.148761,73.632273,15850510.6414,29.240384,16459.017814,11.239313,10.622617,17.136263,false
high_robot_intensity_translation,465,0.107694,80.463696,18297702.3000,33.754865,14183.272226,12.282069,12.262664,14.766876,false
high_robot_intensity_translation,466,0.107304,80.887988,17808105.8428,32.851677,16451.863347,12.346834,11.934548,17.128814,false
high_robot_intensity_translation,467,0.150829,49.964491,10863930.4092,20.041342,10047.268201,7.626636,7.280735,10.460687,false
high_robot_intensity_translation,468,0.148376,54.621214,11695954.1939,21.576226,11975.181879,8.337444,7.838337,12.467929,false
high_robot_intensity_translation,469,0.151892,49.523263,11009687.3970,20.310228,9317.625061,7.559287,7.378418,9.701021,false
high_robot_intensity_translation,470,0.139405,63.521639,14094700.6803,26.001337,12154.163881,9.696014,9.445917,12.654276,false
high_robot_intensity_translation,471,0.163197,52.449895,11426687.2730,21.079493,10998.388667,8.006011,7.657881,11.450943,false
high_robot_intensity_translation,472,0.132734,76.075317,16640090.6414,30.696970,15453.423691,11.612222,11.151774,16.089291,false
high_robot_intensity_translation,473,0.122207,67.638101,14951953.7180,27.582763,13126.112344,10.324356,10.020427,13.666217,false
high_robot_intensity_translation,474,0.156081,53.366747,11178541.1449,20.621723,12368.203301,8.145960,7.491580,12.877122,false
high_robot_intensity_translation,475,0.148583,50.694872,10937072.8295,20.176272,10425.782502,7.738122,7.329753,10.854776,false
high_robot_intensity_translation,476,0.154715,52.415875,11839667.9718,21.841343,9470.633653,8.000818,7.934650,9.860325,false
high_robot_intensity_translation,477,0.166913,51.330304,11021566.2216,20.332142,10960.293754,7.835115,7.386379,11.411281,false
high_robot_intensity_translation,478,0.142832,69.090510,16043553.7414,29.596503,10423.266781,10.546053,10.751990,10.852157,false
high_robot_intensity_translation,479,0.156869,49.829442,11141246.2223,20.552923,8871.977097,7.606022,7.466585,9.237036,false
high_robot_intensity_translation,480,0.146697,67.977476,14280486.3535,26.344067,16314.869711,10.376158,9.570426,16.986183,false
high_robot_intensity_translation,481,0.125173,66.480203,14684880.0736,27.090076,13070.779799,10.147613,9.841440,13.608608,false
high_robot_intensity_translation,482,0.114349,71.431899,15511948.3789,28.615818,14988.196200,10.903445,10.395721,15.604921,false
high_robot_intensity_translation,483,0.162362,56.836186,12177383.9690,22.464348,13003.954387,8.675539,8.160979,13.539033,false
high_robot_intensity_translation,484,0.157568,56.911167,11920260.1179,21.990016,13587.729425,8.686985,7.988661,14.146829,false
high_robot_intensity_translation,485,0.154553,53.125847,11821622.0776,21.808053,10069.079062,8.109189,7.922556,10.483395,false
high_robot_intensity_translation,486,0.163450,49.778536,10937410.1398,20.176894,9977.119975,7.598252,7.329980,10.387652,false
high_robot_intensity_translation,487,0.178598,41.564082,8972448.5129,16.552012,8425.527170,6.344388,6.013111,8.772215,false
high_robot_intensity_translation,488,0.150069,51.400927,11392929.0629,21.017217,9675.999982,7.845895,7.635257,10.074142,false
high_robot_intensity_translation,489,0.124278,64.668560,14482396.4616,26.716542,11944.748243,9.871082,9.705741,12.436243,false
high_robot_intensity_translation,490,0.141719,75.158654,15384989.5026,28.381610,19781.279411,11.472301,10.310636,20.595227,false
high_robot_intensity_translation,491,0.134749,58.775145,12821590.7919,23.652755,11982.888443,8.971504,8.592710,12.475953,false
high_robot_intensity_translation,492,0.133704,55.398590,12525933.8639,23.107339,9588.412477,8.456103,8.394569,9.982950,false
high_robot_intensity_translation,493,0.128897,64.340058,14231820.4918,26.254290,12603.079545,9.820939,9.537811,13.121663,false
high_robot_intensity_translation,494,0.116786,91.975577,19270057.5914,35.548627,22651.834448,14.039256,12.914312,23.583898,false
high_robot_intensity_translation,495,0.145959,69.833457,14674413.8923,27.070768,16794.071714,10.659457,9.834426,17.485103,false
high_robot_intensity_translation,496,0.154790,45.405288,10092447.1257,18.618140,8300.872224,6.930714,6.763706,8.642431,false
high_robot_intensity_translation,497,0.136217,66.770211,13860483.2757,25.569262,16432.960491,10.191880,9.288950,17.109133,false
high_robot_intensity_translation,498,0.147994,50.604659,10980924.3814,20.257168,10163.031718,7.724352,7.359142,10.581214,false
high_robot_intensity_translation,499,0.127162,87.139112,17778988.1473,32.797962,23311.936772,13.301012,11.915035,24.271161,false
high_robot_intensity_translation,500,0.127094,65.752975,14014106.3814,25.852660,14298.639969,10.036608,9.391905,14.886991,false
high_robot_intensity_translation,501,0.145202,51.112382,11279458.2370,20.807891,9933.926264,7.801852,7.559212,10.342681,false
high_robot_intensity_translation,502,0.146149,71.084520,14576329.9887,26.889827,18640.652059,10.850421,9.768693,19.407666,false
high_robot_intensity_translation,503,0.174193,57.232889,12125165.5249,22.368018,13400.162482,8.736093,8.125984,13.951544,false
high_robot_intensity_translation,504,0.127354,79.725462,17078243.5086,31.505257,18182.825675,12.169384,11.445413,18.931001,false
high_robot_intensity_translation,505,0.142515,72.696217,14875695.1219,27.442084,18942.292771,11.096432,9.969320,19.721718,false
high_robot_intensity_translation,506,0.134142,71.010595,15851087.7376,29.241449,13235.282842,10.839137,10.623004,13.779880,false
high_robot_intensity_translation,507,0.125369,80.161024,16845311.5390,31.075553,19784.812932,12.235869,11.289308,20.598906,false
high_robot_intensity_translation,508,0.133429,80.574682,16946592.8253,31.262393,19369.382576,12.299010,11.357184,20.166381,false
high_robot_intensity_translation,509,0.146355,55.403305,11732051.5798,21.642817,12342.049948,8.456823,7.862528,12.849893,false
high_robot_intensity_translation,510,0.120367,69.687207,15167587.8835,27.980556,14471.975708,10.637134,10.164939,15.067459,false
high_robot_intensity_translation,511,0.141343,65.159524,14314176.9187,26.406218,13152.710167,9.946023,9.593004,13.693909,false
high_robot_intensity_translation,512,0.139723,64.181656,13779873.2217,25.420556,14207.271492,9.796760,9.234927,14.791863,false
high_robot_intensity_translation,513,0.172769,43.483348,9844944.9143,18.161558,7701.613564,6.637347,6.597837,8.018515,false
high_robot_intensity_translation,514,0.143495,66.957289,14481859.1887,26.715551,14567.197036,10.220436,9.705381,15.166599,false
high_robot_intensity_translation,515,0.159451,46.222809,10299638.7879,19.000359,8513.739248,7.055502,6.902561,8.864057,false
high_robot_intensity_translation,516,0.129161,62.962000,13887296.5348,25.618726,12310.636809,9.610591,9.306920,12.817187,false
high_robot_intensity_translation,517,0.153532,59.883274,12629927.8588,23.299183,14010.287433,9.140650,8.464263,14.586774,false
high_robot_intensity_translation,518,0.136726,73.190585,15923786.4300,29.375561,15601.440061,11.171893,10.671725,16.243398,false
high_robot_intensity_translation,519,0.124697,61.836989,13840647.8898,25.532670,11667.290351,9.438868,9.275657,12.147369,false
high_robot_intensity_translation,520,0.129650,68.197948,14883408.8283,27.456314,13357.974624,10.409812,9.974489,13.907620,false
high_robot_intensity_translation,521,0.135902,72.936777,14971049.3497,27.617990,18710.213696,11.133152,10.033224,19.480090,false
high_robot_intensity_translation,522,0.154228,56.029260,12314237.6162,22.716810,11079.696683,8.552369,8.252695,11.535597,false
high_robot_intensity_translation,523,0.152072,54.045531,11652967.6741,21.496926,11391.126929,8.249571,7.809528,11.859842,false
high_robot_intensity_translation,524,0.140304,67.233124,13935359.9439,25.707391,16574.843929,10.262540,9.339131,17.256855,false
high_robot_intensity_translation,525,0.159156,50.135266,10988773.8534,20.271648,10368.357087,7.652703,7.364402,10.794988,false
high_robot_intensity_translation,526,0.191504,45.377722,9626477.2365,17.758538,10199.011200,6.926506,6.451425,10.618674,false
high_robot_intensity_translation,527,0.151588,53.044216,11704828.1123,21.592596,10324.288043,8.096729,7.844284,10.749105,false
high_robot_intensity_translation,528,0.139268,63.438955,13575992.1153,25.044444,14532.093873,9.683393,9.098291,15.130051,false
high_robot_intensity_translation,529,0.156093,59.881211,13544733.0173,24.986779,10354.335955,9.140335,9.077342,10.780390,false
high_robot_intensity_translation,530,0.147939,54.032179,11757630.1188,21.690003,11028.728557,8.247533,7.879671,11.482532,false
high_robot_intensity_translation,531,0.171565,54.519330,11343802.1216,20.926590,13482.292614,8.321892,7.602333,14.037053,false
high_robot_intensity_translation,532,0.141602,51.708925,11596452.4708,21.392669,9048.272001,7.892908,7.771653,9.420584,false
high_robot_intensity_translation,533,0.172270,43.144045,9373582.6429,17.292008,8746.871012,6.585556,6.281941,9.106782,false
high_robot_intensity_translation,534,0.137080,62.161367,13565120.9801,25.024390,12602.615200,9.488381,9.091006,13.121180,false
high_robot_intensity_translation,535,0.128916,76.017257,17595781.4714,32.459990,11964.791999,11.603360,11.792254,12.457112,false
high_robot_intensity_translation,536,0.163957,56.990703,11771530.4394,21.715646,14147.036452,8.699125,7.888986,14.729150,false
high_robot_intensity_translation,537,0.151752,62.063616,13323543.7159,24.578738,13442.667419,9.473460,8.929107,13.995798,false
high_robot_intensity_translation,538,0.135217,63.456871,13459747.5585,24.830001,14336.340237,9.686128,9.020387,14.926243,false
high_robot_intensity_translation,539,0.136804,58.402895,12733120.2515,23.489548,12035.262092,8.914684,8.533420,12.530481,false
high_robot_intensity_translation,540,0.117908,75.163219,16382806.4407,30.222342,15600.020014,11.472998,10.979348,16.241920,false
high_robot_intensity_translation,541,0.155686,59.772298,12786385.3417,23.587809,13095.857758,9.123711,8.569117,13.634718,false
high_robot_intensity_translation,542,0.137172,58.270214,12940644.8216,23.872381,11071.251927,8.894431,8.672497,11.526805,false
high_robot_intensity_translation,543,0.131573,63.205478,13584327.8314,25.059822,14038.776016,9.647755,9.103878,14.616435,false
high_robot_intensity_translation,544,0.151300,51.606359,11804963.3286,21.777321,8454.428825,7.877253,7.911392,8.802306,false
high_robot_intensity_translation,545,0.142096,54.357654,11900552.4128,21.953660,10638.046697,8.297213,7.975453,11.075774,false
high_robot_intensity_translation,546,0.147923,66.678609,13811447.1539,25.478802,16682.205183,10.177898,9.256087,17.368634,false
high_robot_intensity_translation,547,0.136405,61.282873,13435984.7639,24.786164,12360.285772,9.354287,9.004462,12.868879,false
high_robot_intensity_translation,548,0.143596,62.195244,13340042.5604,24.609174,13763.616498,9.493552,8.940164,14.329953,false
high_robot_intensity_translation,549,0.142273,55.007598,12004880.2090,22.146120,11256.885850,8.396422,8.045371,11.720077,false
high_robot_intensity_translation,550,0.135219,71.987176,16337343.4567,30.138474,12410.697019,10.988203,10.948880,12.921364,false
high_robot_intensity_translation,551,0.142302,60.328741,12971392.9791,23.929104,13151.230382,9.208647,8.693104,13.692369,false
high_robot_intensity_translation,552,0.143498,69.028057,14712074.6754,27.140244,15289.807030,10.536520,9.859666,15.918942,false
high_robot_intensity_translation,553,0.147057,55.417841,11865189.8227,21.888425,12059.479162,8.459042,7.951754,12.555695,false
high_robot_intensity_translation,554,0.141144,61.623579,13205051.1440,24.360147,13689.544625,9.406292,8.849696,14.252833,false
high_robot_intensity_translation,555,0.122632,67.488825,14365474.7655,26.500850,15310.807410,10.301570,9.627383,15.940807,false
high_robot_intensity_translation,556,0.120676,63.113235,14523813.9612,26.792948,10289.447458,9.633675,9.733498,10.712831,false
high_robot_intensity_translation,557,0.139235,57.060059,12826474.7957,23.661765,10671.395179,8.709712,8.595984,11.110495,false
high_robot_intensity_translation,558,0.148106,70.277036,15446842.9428,28.495715,13962.910232,10.727166,10.352089,14.537447,false
high_robot_intensity_translation,559,0.126997,63.788421,14000321.3934,25.827230,13230.079902,9.736736,9.382666,13.774463,false
high_robot_intensity_translation,560,0.146937,56.014280,12460632.7234,22.986874,10296.345722,8.550083,8.350805,10.720013,false
high_robot_intensity_translation,561,0.120826,85.412343,17988042.9160,33.183618,20645.974921,13.037436,12.055138,21.495502,false
high_robot_intensity_translation,562,0.125721,69.216375,14986722.1541,27.646902,14949.985936,10.565265,10.043727,15.565138,false
high_robot_intensity_translation,563,0.160554,44.178466,9959536.2143,18.372952,7626.411889,6.743451,6.674633,7.940219,false
high_robot_intensity_translation,564,0.135843,60.641363,13055603.5934,24.084452,13180.205018,9.256366,8.749540,13.722536,false
high_robot_intensity_translation,565,0.127210,78.938298,16618396.7186,30.656950,18883.751774,12.049231,11.137235,19.660768,false
high_robot_intensity_translation,566,0.140967,54.813990,12149909.0535,22.413663,10294.669252,8.366869,8.142566,10.718268,false
high_robot_intensity_translation,567,0.123543,72.932001,15689763.6637,28.943845,16142.089784,11.132423,10.514888,16.806294,false
high_robot_intensity_translation,568,0.148248,56.423381,12044450.1548,22.219117,12280.285697,8.612528,8.071890,12.785587,false
high_robot_intensity_translation,569,0.148524,49.696170,11044891.7383,20.375172,9155.765282,7.585679,7.402011,9.532501,false
high_robot_intensity_translation,570,0.145983,61.536608,13041818.1751,24.059022,13704.011251,9.393017,8.740301,14.267895,false
high_robot_intensity_translation,571,0.151119,59.822365,12779918.7483,23.575880,13577.026186,9.131353,8.564783,14.135685,false
high_robot_intensity_translation,572,0.134414,83.802263,17585605.5080,32.441218,20281.102197,12.791672,11.785434,21.115616,false
high_robot_intensity_translation,573,0.108452,81.378964,17847898.9175,32.925086,16865.042086,12.421777,11.961217,17.558994,false
high_robot_intensity_translation,574,0.147512,60.496491,12615615.0851,23.272779,14649.974943,9.234253,8.454671,15.252783,false
high_robot_intensity_translation,575,0.166755,57.794149,12190610.5405,22.488748,13459.982609,8.821764,8.169843,14.013825,false
high_robot_intensity_translation,576,0.148937,54.229622,12014720.3827,22.164273,9691.353161,8.277670,8.051966,10.090127,false
high_robot_intensity_translation,577,0.141322,58.619743,13095337.1989,24.157751,11024.821675,8.947783,8.776168,11.478464,false
high_robot_intensity_translation,578,0.127593,72.474187,15760064.7052,29.073533,15349.929818,11.062541,10.562002,15.981539,false
high_robot_intensity_translation,579,0.153661,52.110424,11456946.1341,21.135313,10305.500819,7.954194,7.678160,10.729545,false
high_robot_intensity_translation,580,0.145671,60.570566,13408018.3043,24.734573,11527.281810,9.245559,8.985720,12.001599,false
high_robot_intensity_translation,581,0.151437,54.672337,12103877.1917,22.328746,10281.928183,8.345247,8.111717,10.705002,false
high_robot_intensity_translation,582,0.129154,73.728199,16169947.9358,29.829670,15120.850463,11.253955,10.836696,15.743034,false
high_robot_intensity_translation,583,0.165257,53.325180,11279180.2569,20.807378,12470.390642,8.139615,7.559025,12.983514,false
high_robot_intensity_translation,584,0.157980,57.726633,12203257.5368,22.512079,13152.203768,8.811458,8.178319,13.693382,false
high_robot_intensity_translation,585,0.156903,52.729694,11301830.3566,20.849162,11555.037420,8.048720,7.574205,12.030497,false
high_robot_intensity_translation,586,0.132139,68.180391,14861343.7744,27.415609,14658.393595,10.407132,9.959702,15.261548,false
high_robot_intensity_translation,587,0.148850,60.719524,13658758.4668,25.197128,10779.448290,9.268296,9.153759,11.222994,false
high_robot_intensity_translation,588,0.131864,67.978935,14960252.8938,27.598073,13781.755650,10.376381,10.025988,14.348838,false
high_robot_intensity_translation,589,0.153236,52.040682,11299668.9733,20.845175,10781.638227,7.943548,7.572756,11.225274,false
high_robot_intensity_translation,590,0.132168,66.568423,14402078.0639,26.568374,14615.009128,10.161079,9.651914,15.216378,false
high_robot_intensity_translation,591,0.147763,57.792408,12366462.4325,22.813152,12671.725471,8.821498,8.287695,13.193133,false
high_robot_intensity_translation,592,0.116701,70.870821,15156259.8216,27.959658,15638.647141,10.817802,10.157347,16.282136,false
high_robot_intensity_translation,593,0.140299,65.466767,14767352.1798,27.242217,11512.003611,9.992921,9.896711,11.985692,false
high_robot_intensity_translation,594,0.174467,43.375455,9390298.0530,17.322844,8912.622024,6.620878,6.293144,9.279353,false
high_robot_intensity_translation,595,0.148058,54.727586,11829302.3080,21.822221,11454.454959,8.353680,7.927703,11.925776,false
high_robot_intensity_translation,596,0.131918,80.778722,16636187.1717,30.689769,20703.076112,12.330155,11.149158,21.554953,false
high_robot_intensity_translation,597,0.146345,50.988195,11088314.4643,20.455277,10405.235063,7.782895,7.431112,10.833383,false
high_robot_intensity_translation,598,0.155327,58.090874,12875080.4436,23.751431,11351.399694,8.867056,8.628558,11.818480,false
high_robot_intensity_translation,599,0.129252,61.540761,13478269.8197,24.864170,12506.949405,9.393651,9.032800,13.021577,false
high_robot_intensity_translation,600,0.153916,47.478386,10620920.2525,19.593046,8778.603331,7.247154,7.117876,9.139820,false
high_robot_intensity_translation,601,0.145376,57.338827,12307102.6249,22.703648,12540.559456,8.752263,8.247913,13.056570,false
high_robot_intensity_translation,602,0.164304,41.439263,9199190.7577,16.970297,7153.455458,6.325336,6.165068,7.447801,false
high_robot_intensity_translation,603,0.151691,55.353704,12012526.3912,22.160225,11854.775091,8.449252,8.050496,12.342568,false
high_robot_intensity_translation,604,0.141686,64.807595,13906900.5311,25.654891,14432.690491,9.892304,9.320058,15.026558,false
high_robot_intensity_translation,605,0.140421,76.269777,16420113.1724,30.291164,17079.189646,11.641905,11.004350,17.781953,false
high_robot_intensity_translation,606,0.130888,75.485007,15905703.3400,29.342202,18122.715498,11.522116,10.659606,18.868417,false
high_robot_intensity_translation,607,0.139915,67.647827,14490114.5743,26.730781,15351.958155,10.325840,9.710913,15.983651,false
high_robot_intensity_translation,608,0.173602,61.033204,12332801.6085,22.751056,16267.683584,9.316177,8.265136,16.937056,false
high_robot_intensity_translation,609,0.120739,71.730400,15581348.0957,28.743844,15071.305119,10.949009,10.442231,15.691449,false
high_robot_intensity_translation,610,0.150597,68.062657,14712257.6679,27.140581,14767.950001,10.389161,9.859788,15.375612,false
high_robot_intensity_translation,611,0.146037,50.614672,10998841.5608,20.290220,10080.885258,7.725881,7.371149,10.495687,false
high_robot_intensity_translation,612,0.126356,62.525532,13859784.1053,25.567972,11807.811551,9.543968,9.288482,12.293672,false
high_robot_intensity_translation,613,0.140818,53.435271,11855562.6211,21.870665,9643.024908,8.156420,7.945302,10.039810,false
high_robot_intensity_translation,614,0.124132,76.271773,16420285.6203,30.291482,16407.627617,11.642209,11.004466,17.082758,false
high_robot_intensity_translation,615,0.135916,60.816341,13059653.5266,24.091924,13519.526529,9.283075,8.752254,14.075819,false
high_robot_intensity_translation,616,0.152677,52.574882,11396626.8037,21.024039,11223.762282,8.025089,7.637735,11.685590,false
high_robot_intensity_translation,617,0.132381,64.825069,13674213.3354,25.225639,15131.082488,9.894971,9.164117,15.753687,false
high_robot_intensity_translation,618,0.129557,59.473493,13054328.8150,24.082101,11873.154591,9.078101,8.748686,12.361704,false
high_robot_intensity_translation,619,0.116880,73.932585,15547486.6289,28.681378,17248.940294,11.285153,10.419538,17.958689,false
high_robot_intensity_translation,620,0.137763,64.603617,14217875.3155,26.228564,12571.081189,9.861169,9.528466,13.088348,false
high_robot_intensity_translation,621,0.179335,39.288780,8674034.3784,16.001510,7112.433789,5.997084,5.813122,7.405092,false
high_robot_intensity_translation,622,0.143745,67.799745,14176167.3223,26.151623,16450.105266,10.349029,9.500514,17.126984,false
high_robot_intensity_translation,623,0.140707,54.033476,11956303.6598,22.056508,10174.944300,8.247731,8.012817,10.593616,false
high_robot_intensity_translation,624,0.133430,76.217497,16395007.6541,30.244851,16906.973210,11.633925,10.987525,17.602650,false
high_robot_intensity_translation,625,0.140574,65.938006,14045802.4030,25.911131,14776.423956,10.064851,9.413147,15.384435,false
high_robot_intensity_translation,626,0.136931,72.437476,15520052.2406,28.630768,16131.833085,11.056938,10.401152,16.795615,false
high_robot_intensity_translation,627,0.138078,67.208195,14559906.6705,26.859530,14220.671191,10.258735,9.757686,14.805814,false
high_robot_intensity_translation,628,0.116617,80.716637,18437882.7424,34.013464,13546.586000,12.320678,12.356609,14.103992,false
high_robot_intensity_translation,629,0.154202,60.039776,12523102.2612,23.102115,14682.356267,9.164539,8.392671,15.286496,false
high_robot_intensity_translation,630,0.148847,55.875455,12390601.3187,22.857683,10590.811348,8.528892,8.303872,11.026595,false
high_robot_intensity_translation,631,0.149110,52.067050,11200121.4400,20.661534,11168.464338,7.947573,7.506042,11.628017,false
high_robot_intensity_translation,632,0.140276,62.514438,13383367.3734,24.689098,13871.019564,9.542274,8.969199,14.441775,false
high_robot_intensity_translation,633,0.142902,60.526685,13377215.2459,24.677749,11935.940442,9.238861,8.965076,12.427073,false
high_robot_intensity_translation,634,0.133733,65.187676,14712095.4661,27.140282,11641.010768,9.950320,9.859680,12.120008,false
high_robot_intensity_translation,635,0.147590,53.851239,11498908.5950,21.212724,11534.524538,8.219914,7.706282,12.009140,false
high_robot_intensity_translation,636,0.124273,73.497560,16411111.8702,30.274559,13669.478138,11.218750,10.998318,14.231941,false
high_robot_intensity_translation,637,0.150209,50.712322,11101166.0971,20.478985,10154.387298,7.740786,7.439725,10.572214,false
high_robot_intensity_translation,638,0.141393,78.884459,16349325.5730,30.160578,19811.414970,12.041013,10.956910,20.626602,false
high_robot_intensity_translation,639,0.151765,48.927988,11172258.4043,20.610133,8195.225096,7.468423,7.487369,8.532437,false
high_robot_intensity_translation,640,0.165712,51.909196,10858580.4834,20.031472,12303.667984,7.923478,7.277150,12.809931,false
high_robot_intensity_translation,641,0.165897,60.016979,12521391.2839,23.098959,14533.490382,9.161059,8.391524,15.131505,false
high_robot_intensity_translation,642,0.126871,71.053445,15875735.0164,29.286917,13190.459779,10.845678,10.639522,13.733212,false
high_robot_intensity_translation,643,0.153056,57.170879,11993838.4665,22.125751,13344.109342,8.726627,8.037971,13.893184,false
high_robot_intensity_translation,644,0.141518,71.007942,14788058.2104,27.280415,17661.172302,10.838732,9.910588,18.387883,false
high_robot_intensity_translation,645,0.135869,69.585336,14730024.8858,27.173357,15835.880355,10.621584,9.871695,16.487485,false
high_robot_intensity_translation,646,0.171477,46.197819,9797195.7698,18.073473,10116.762944,7.051687,6.565836,10.533041,false
high_robot_intensity_translation,647,0.133775,82.003307,16990847.6225,31.344032,20679.984038,12.517077,11.386842,21.530911,false
high_robot_intensity_translation,648,0.137312,58.616105,12473089.9609,23.009855,12634.917635,8.947228,8.359154,13.154811,false
high_robot_intensity_translation,649,0.141028,70.962969,15370898.3003,28.355615,15201.738165,10.831867,10.301193,15.827250,false
high_robot_intensity_translation,650,0.167168,47.043936,10226821.9912,18.866030,8908.924857,7.180839,6.853761,9.275504,false
high_robot_intensity_translation,651,0.144590,58.311629,12477396.4056,23.017799,12955.036157,8.900753,8.362040,13.488102,false
high_robot_intensity_translation,652,0.141570,59.297480,13257098.2125,24.456162,10540.137995,9.051234,8.884577,10.973837,false
high_robot_intensity_translation,653,0.113908,84.359472,17913562.8921,33.046220,19467.383529,12.876725,12.005223,20.268415,false
high_robot_intensity_translation,654,0.143783,55.424063,12070559.0237,22.267282,11243.566471,8.459991,8.089388,11.706210,false
high_robot_intensity_translation,655,0.156381,49.838161,10642540.8344,19.632931,10711.516380,7.607353,7.132365,11.152267,false
high_robot_intensity_translation,656,0.148618,60.963892,13763326.5352,25.390031,11249.327799,9.305597,9.223838,11.712208,false
high_robot_intensity_translation,657,0.128644,73.720454,15925210.0222,29.378187,15739.453965,11.252773,10.672679,16.387091,false
high_robot_intensity_translation,658,0.127682,56.172981,12797309.7120,23.607962,9359.320392,8.574307,8.576438,9.744432,false
high_robot_intensity_translation,659,0.118640,79.347995,17397990.0883,32.095112,16335.555524,12.111767,11.659699,17.007720,false
high_robot_intensity_translation,660,0.161467,56.607028,11972160.5962,22.085760,13250.485137,8.640561,8.023444,13.795708,false
high_robot_intensity_translation,661,0.137990,78.922676,16161577.8434,29.814229,20885.086800,12.046846,10.831086,21.744453,false
high_robot_intensity_translation,662,0.132315,57.811426,12721700.0529,23.468481,11408.730331,8.824401,8.525766,11.878169,false
high_robot_intensity_translation,663,0.136953,84.020546,17177682.0687,31.688697,22281.028555,12.824991,11.512054,23.197834,false
high_robot_intensity_translation,664,0.165725,66.948327,13645159.1815,25.172041,17735.470275,10.219068,9.144645,18.465238,false
high_robot_intensity_translation,665,0.137953,68.021451,14240246.3346,26.269834,16519.721524,10.382871,9.543458,17.199464,false
high_robot_intensity_translation,666,0.109682,84.298291,18194156.8897,33.563849,17950.152473,12.867386,12.193270,18.688754,false
high_robot_intensity_translation,667,0.134474,55.637642,12559539.0781,23.169332,9786.446042,8.492592,8.417090,10.189132,false
high_robot_intensity_translation,668,0.146080,55.432270,12213852.2068,22.531623,10460.608046,8.461244,8.185419,10.891034,false
high_robot_intensity_translation,669,0.150563,67.881295,14376691.5132,26.521542,15888.477837,10.361477,9.634900,16.542247,false
high_robot_intensity_translation,670,0.176205,48.719642,10274847.7881,18.954626,11391.422747,7.436621,6.885947,11.860150,false
high_robot_intensity_translation,671,0.121210,79.256338,17748126.8188,32.741030,14850.759089,12.097777,11.894352,15.461829,false
high_robot_intensity_translation,672,0.170773,58.488187,12155265.9996,22.423546,14449.216775,8.927703,8.146156,15.043764,false
high_robot_intensity_translation,673,0.132101,69.249228,14884098.4564,27.457586,15025.920849,10.570280,9.974952,15.644198,false
high_robot_intensity_translation,674,0.144617,69.055268,14560842.5461,26.861257,16399.400057,10.540674,9.758314,17.074192,false
high_robot_intensity_translation,675,0.138428,63.734054,13687598.6986,25.250332,14223.479978,9.728438,9.173087,14.808739,false
high_robot_intensity_translation,676,0.134479,63.845362,14152304.9896,26.107603,11734.558310,9.745428,9.484522,12.217404,false
high_robot_intensity_translation,677,0.120068,71.000183,15963248.9408,29.448360,13189.060768,10.837548,10.698171,13.731756,false
high_robot_intensity_translation,678,0.166764,49.402873,10537535.8567,19.439222,11046.238194,7.540910,7.061994,11.500762,false
high_robot_intensity_translation,679,0.137663,64.264388,13759392.6382,25.382774,14379.248067,9.809388,9.221202,14.970916,false
high_robot_intensity_translation,680,0.120765,61.713592,14088067.3443,25.989100,10278.256481,9.420032,9.441471,10.701180,false
high_robot_intensity_translation,681,0.137569,72.405243,14954404.9043,27.587285,18631.651191,11.052018,10.022069,19.398294,false
high_robot_intensity_translation,682,0.132257,56.113582,12817484.4751,23.645180,8900.954929,8.565240,8.589958,9.267206,false
high_robot_intensity_translation,683,0.169523,43.315706,9567630.4861,17.649980,8194.024957,6.611758,6.411987,8.531187,false
high_robot_intensity_translation,684,0.142541,55.083541,12109058.3253,22.338304,10724.482735,8.408014,8.115189,11.165767,false
high_robot_intensity_translation,685,0.129712,78.928614,16603704.5529,30.629846,18220.939735,12.047752,11.127389,18.970683,false
high_robot_intensity_translation,686,0.132176,82.905902,16892850.4204,31.163251,22293.767103,12.654850,11.321167,23.211097,false
high_robot_intensity_translation,687,0.145217,85.020337,17279348.3440,31.876247,23097.297203,12.977600,11.580188,24.047690,false
high_robot_intensity_translation,688,0.134495,59.014472,13205039.6603,24.360126,10897.784547,9.008035,8.849688,11.346200,false
high_robot_intensity_translation,689,0.162159,50.167211,10726096.0862,19.787071,10789.468490,7.657579,7.188362,11.233427,false
high_robot_intensity_translation,690,0.139443,70.526999,14974255.1869,27.623904,16812.532291,10.765321,10.035372,17.504324,false
high_robot_intensity_translation,691,0.129414,87.070383,18301807.9025,33.762439,20884.268400,13.290521,12.265415,21.743601,false
high_robot_intensity_translation,692,0.151144,56.688869,12200085.9760,22.506228,12432.115694,8.653053,8.176193,12.943664,false
high_robot_intensity_translation,693,0.152535,60.336962,12530003.5862,23.114847,14763.427517,9.209902,8.397296,15.370904,false
high_robot_intensity_translation,694,0.138014,60.702799,13022035.0870,24.022527,13468.313683,9.265744,8.727043,14.022499,false
high_robot_intensity_translation,695,0.175275,43.642905,9647094.4970,17.796572,8653.142896,6.661702,6.465242,9.009197,false
high_robot_intensity_translation,696,0.142531,61.592347,13899170.8088,25.640631,10968.770366,9.401525,9.314878,11.420106,false
high_robot_intensity_translation,697,0.122659,77.925429,17291020.9652,31.897780,15054.682720,11.894625,11.588011,15.674143,false
high_robot_intensity_translation,698,0.158884,62.509223,13398874.7691,24.717705,14394.120787,9.541478,8.979592,14.986401,false
high_robot_intensity_translation,699,0.135602,64.650627,14419763.4135,26.601000,12183.930216,9.868344,9.663766,12.685267,false
high_robot_intensity_translation,700,0.119168,79.539276,17233462.3989,31.791598,16583.210730,12.140965,11.549437,17.265566,false
high_robot_intensity_translation,701,0.122216,58.300528,13045869.5821,24.066495,10438.687517,8.899058,8.743016,10.868212,false
high_robot_intensity_translation,702,0.157140,59.444851,12657183.0130,23.349462,13368.695543,9.073729,8.482528,13.918782,false
high_robot_intensity_translation,703,0.136569,62.912012,14213008.8876,26.219587,11140.902607,9.602960,9.525204,11.599321,false
high_robot_intensity_translation,704,0.146406,61.611955,13031222.0578,24.039474,14393.628308,9.404518,8.733200,14.985888,false
high_robot_intensity_translation,705,0.114810,77.527826,16703504.8266,30.813954,16989.149147,11.833935,11.194272,17.688208,false
high_robot_intensity_translation,706,0.129232,60.276960,13188876.5868,24.330309,11899.324321,9.200743,8.838856,12.388950,false
high_robot_intensity_translation,707,0.146815,66.992875,14003746.7683,25.833549,16333.332581,10.225868,9.384962,17.005406,false
high_robot_intensity_translation,708,0.146421,58.065967,12762553.4349,23.543845,11733.945261,8.863255,8.553145,12.216766,false
high_robot_intensity_translation,709,0.116597,76.138073,16241636.2134,29.961917,17223.072765,11.621801,10.884740,17.931757,false
high_robot_intensity_translation,710,0.175598,52.737828,11089538.6817,20.457535,12594.126800,8.049961,7.431932,13.112342,false
high_robot_intensity_translation,711,0.153748,54.136562,11656218.3284,21.502923,11728.605198,8.263466,7.811707,12.211206,false
high_robot_intensity_translation,712,0.182186,53.766055,11218881.2994,20.696141,13234.336402,8.206911,7.518614,13.778894,false
high_robot_intensity_translation,713,0.135613,70.730655,15033974.2407,27.734071,16106.529187,10.796407,10.075395,16.769270,false
high_robot_intensity_translation,714,0.149675,51.007149,11335708.9717,20.911660,9571.483452,7.785789,7.596909,9.965325,false
high_robot_intensity_translation,715,0.141625,60.121738,12935178.1740,23.862296,12697.977185,9.177050,8.668834,13.220465,false
high_robot_intensity_translation,716,0.127044,60.940306,13584338.6283,25.059841,11532.348187,9.301997,9.103885,12.006874,false
high_robot_intensity_translation,717,0.136385,63.927801,14245471.5326,26.279473,12230.815518,9.758012,9.546960,12.734081,false
high_robot_intensity_translation,718,0.167401,50.358760,11605437.9228,21.409245,8021.879663,7.686818,7.777675,8.351959,false
high_robot_intensity_translation,719,0.147188,52.784533,11915144.2523,21.980579,9266.428888,8.057091,7.985233,9.647718,false
high_robot_intensity_translation,720,0.147858,82.352263,16645317.3345,30.706612,22770.800352,12.570342,11.155277,23.707759,false
high_robot_intensity_translation,721,0.132670,63.624251,14163206.2383,26.127713,12104.678560,9.711677,9.491828,12.602754,false
high_robot_intensity_translation,722,0.140834,61.155118,13127987.7123,24.217984,13549.673815,9.334786,8.798050,14.107207,false
high_robot_intensity_translation,723,0.166557,46.501640,9939830.8564,18.336600,9879.225272,7.098063,6.661427,10.285729,false
high_robot_intensity_translation,724,0.147283,55.787489,12315324.9965,22.718816,10707.888445,8.515465,8.253424,11.148490,false
high_robot_intensity_translation,725,0.162653,48.628070,10765582.2615,19.859913,9017.275075,7.422643,7.214825,9.388312,false
high_robot_intensity_translation,726,0.159333,46.515391,10378545.9268,19.145924,8875.261789,7.100162,6.955443,9.240455,false
high_robot_intensity_translation,727,0.149645,50.511237,11238512.1579,20.732355,9535.740130,7.710092,7.531771,9.928111,false
high_robot_intensity_translation,728,0.129990,78.038821,16559628.2138,30.548536,18099.254644,11.911933,11.097850,18.843991,false
high_robot_intensity_translation,729,0.126620,74.092836,15899586.7870,29.330918,16432.348284,11.309614,10.655507,17.108496,false
high_robot_intensity_translation,730,0.118016,74.019130,15851542.9094,29.242289,16574.795862,11.298363,10.623309,17.256805,false
high_robot_intensity_translation,731,0.119799,72.806835,16781529.7607,30.957891,11381.266398,11.113317,11.246563,11.849575,false
high_robot_intensity_translation,732,0.171649,71.767237,14161693.5065,26.124923,20340.745947,10.954632,9.490814,21.177714,false
high_robot_intensity_translation,733,0.163863,58.967065,12299767.7650,22.690117,13926.063838,9.000799,8.242998,14.499085,false
high_robot_intensity_translation,734,0.152578,75.407105,15462419.7186,28.524450,19711.172951,11.510225,10.362528,20.522236,false
high_robot_intensity_translation,735,0.137153,57.064927,12515019.7971,23.087205,11427.357336,8.710455,8.387254,11.897563,false
high_robot_intensity_translation,736,0.137650,70.606987,14512767.2449,26.772569,17991.498093,10.777530,9.726095,18.731801,false
high_robot_intensity_translation,737,0.138382,56.412034,12480564.4613,23.023643,11004.751518,8.610796,8.364163,11.457568,false
high_robot_intensity_translation,738,0.137449,58.660982,13064874.3507,24.101555,10830.953015,8.954078,8.755753,11.276618,false
high_robot_intensity_translation,739,0.133463,58.848779,12831543.9702,23.671116,12117.202238,8.982744,8.599381,12.615793,false
high_robot_intensity_translation,740,0.132456,66.582537,14956625.7967,27.591382,12093.882737,10.163233,10.023558,12.591514,false
high_robot_intensity_translation,741,0.146055,71.409930,14686364.8420,27.092815,18275.434486,10.900092,9.842436,19.027420,false
high_robot_intensity_translation,742,0.125784,60.441343,13761421.5164,25.386517,10580.853085,9.225835,9.222562,11.016227,false
high_robot_intensity_translation,743,0.130384,55.824753,12482491.0396,23.027197,10092.564506,8.521153,8.365454,10.507847,false
high_robot_intensity_translation,744,0.147418,53.538929,11985636.1484,22.110619,9277.660788,8.172242,8.032474,9.659412,false
high_robot_intensity_translation,745,0.150769,55.841278,12663122.5439,23.360419,9561.736514,8.523676,8.486509,9.955177,false
high_robot_intensity_translation,746,0.124645,87.804981,18344137.6671,33.840527,21935.972030,13.402651,12.293784,22.838579,false
high_robot_intensity_translation,747,0.142622,64.876089,13882958.1977,25.610723,14740.368980,9.902759,9.304012,15.346896,false
high_robot_intensity_translation,748,0.137883,65.313177,13826754.8954,25.507041,14973.758923,9.969477,9.266346,15.589890,false
high_robot_intensity_translation,749,0.151989,49.841379,10869419.4045,20.051468,10225.369134,7.607844,7.284414,10.646116,false
high_robot_intensity_translation,750,0.179662,55.337921,11363855.2747,20.963583,13723.625106,8.446843,7.615772,14.288316,false
high_robot_intensity_translation,751,0.142804,60.327512,13196134.4535,24.343698,12531.613875,9.208459,8.843720,13.047257,false
high_robot_intensity_translation,752,0.158141,59.561871,12412407.0830,22.897909,14338.743333,9.091591,8.318486,14.928745,false
high_robot_intensity_translation,753,0.138620,59.103156,12701013.9690,23.430320,12336.619575,9.021572,8.511903,12.844239,false
high_robot_intensity_translation,754,0.127161,64.774800,14100573.3501,26.012171,13655.570143,9.887298,9.449853,14.217461,false
high_robot_intensity_translation,755,0.151617,68.275686,13917788.9685,25.674977,17899.441650,10.421678,9.327355,18.635956,false
high_robot_intensity_translation,756,0.149961,50.824480,11116501.0647,20.507274,10322.747489,7.757906,7.450002,10.747501,false
high_robot_intensity_translation,757,0.147783,71.855728,14648920.9065,27.023740,19135.488069,10.968139,9.817342,19.922863,false
high_robot_intensity_translation,758,0.116503,77.212583,16751362.5898,30.902240,16039.023445,11.785816,11.226346,16.698987,false
high_robot_intensity_translation,759,0.149611,61.741691,12975069.9294,23.935887,14569.275153,9.424321,8.695568,15.168762,false
high_robot_intensity_translation,760,0.149451,64.115644,13377851.3039,24.678922,15660.313836,9.786684,8.965502,16.304694,false
high_robot_intensity_translation,761,0.127536,68.721294,15383723.9773,28.379275,12815.766701,10.489696,10.309788,13.343102,false
high_robot_intensity_translation,762,0.143144,63.094083,13651636.5378,25.183990,13983.719260,9.630752,9.148986,14.559112,false
high_robot_intensity_translation,763,0.139047,62.842075,13530328.7517,24.960206,13913.257838,9.592285,9.067689,14.485752,false
high_robot_intensity_translation,764,0.162529,53.911730,11446149.3391,21.115396,12114.284584,8.229147,7.670924,12.612755,false
high_robot_intensity_translation,765,0.144567,52.956676,11475259.2243,21.169097,10669.025990,8.083367,7.690433,11.108028,false
high_robot_intensity_translation,766,0.188332,46.870766,9972058.8721,18.396053,10470.493347,7.154406,6.683025,10.901326,false
high_robot_intensity_translation,767,0.167760,60.821359,12541865.3657,23.136729,15270.173798,9.283841,8.405245,15.898501,false
high_robot_intensity_translation,768,0.138103,81.255693,16530424.4737,30.494662,21805.395285,12.402960,11.078278,22.702630,false
high_robot_intensity_translation,769,0.126333,64.325428,14003889.0398,25.833811,13357.652488,9.818706,9.385057,13.907285,false
high_robot_intensity_translation,770,0.165707,43.812656,9797529.0646,18.074088,8053.962786,6.687613,6.566060,8.385362,false
high_robot_intensity_translation,771,0.123973,60.831441,13455957.8925,24.823010,11799.423434,9.285380,9.017847,12.284939,false
high_robot_intensity_translation,772,0.121042,61.098195,13920298.4901,25.679607,10255.106095,9.326097,9.329037,10.677077,false
high_robot_intensity_translation,773,0.177523,50.952359,11292137.7046,20.831281,9834.236311,7.777425,7.567709,10.238889,false
high_robot_intensity_translation,774,0.134225,68.188965,14816958.9311,27.333730,14891.332120,10.408440,9.929956,15.504071,false
high_robot_intensity_translation,775,0.149721,48.270274,10912779.2593,20.131456,8370.922409,7.368029,7.313473,8.715364,false
high_robot_intensity_translation,776,0.140310,76.930606,16971519.0827,31.308376,15121.877067,11.742774,11.373889,15.744102,false
high_robot_intensity_translation,777,0.139842,66.862066,14124207.8131,26.055770,15854.512950,10.205901,9.465692,16.506884,false
high_robot_intensity_translation,778,0.145522,65.868602,13469835.3433,24.848610,16852.487458,10.054258,9.027148,17.545923,false
high_robot_intensity_translation,779,0.137159,62.583064,13355753.4728,24.638157,14142.808395,9.552749,8.950693,14.724748,false
high_robot_intensity_translation,780,0.128618,65.557408,14454523.7551,26.665124,12869.084443,10.006756,9.687061,13.398613,false
high_robot_intensity_translation,781,0.147496,50.452867,11107807.4578,20.491236,9800.669009,7.701182,7.444176,10.203941,false
high_robot_intensity_translation,782,0.147396,60.166699,12868177.8071,23.738697,13536.201672,9.183913,8.623932,14.093181,false
high_robot_intensity_translation,783,0.155160,56.446691,12034371.3459,22.200524,12966.271380,8.616086,8.065136,13.499799,false
high_robot_intensity_translation,784,0.158657,49.834229,10661390.8771,19.667705,10456.570539,7.606753,7.144998,10.886831,false
high_robot_intensity_translation,785,0.144162,61.260375,13057774.2200,24.088457,13626.369871,9.350853,8.750995,14.187059,false
high_robot_intensity_translation,786,0.156203,52.001961,11006979.3609,20.305233,11696.657779,7.937638,7.376603,12.177944,false
high_robot_intensity_translation,787,0.125219,59.814572,13364523.4130,24.654335,10960.638550,9.130164,8.956570,11.411640,false
high_robot_intensity_translation,788,0.137430,67.307909,14018416.3209,25.860611,16365.085985,10.273955,9.394793,17.038466,false
high_robot_intensity_translation,789,0.133169,68.836087,14762436.3642,27.233149,15557.600714,10.507218,9.893417,16.197755,false
high_robot_intensity_translation,790,0.131636,59.786525,13095952.8281,24.158887,12103.628733,9.125882,8.776581,12.601661,false
high_robot_intensity_translation,791,0.151565,56.906698,12098592.6972,22.318997,12777.555844,8.686302,8.108175,13.303319,false
high_robot_intensity_translation,792,0.153626,56.642859,12628496.7035,23.296543,10767.188909,8.646030,8.463304,11.210230,false
high_robot_intensity_translation,793,0.122912,82.308449,19228132.6843,35.471286,12320.772761,12.563654,12.886215,12.827740,false
high_robot_intensity_translation,794,0.130895,80.400955,16639553.2623,30.695979,20222.878662,12.272492,11.151414,21.054997,false
high_robot_intensity_translation,795,0.158416,62.976666,12839286.2335,23.685399,16363.456287,9.612829,8.604569,17.036769,false
high_robot_intensity_translation,796,0.143345,56.352852,12438481.4591,22.946010,10973.060251,8.601763,8.335960,11.424573,false
high_robot_intensity_translation,797,0.147321,56.439694,12404343.2992,22.883034,10669.774282,8.615018,8.313082,11.108807,false
high_robot_intensity_translation,798,0.147570,55.505012,11906662.1767,21.964931,11874.840522,8.472347,7.979548,12.363459,false
high_robot_intensity_translation,799,0.162803,72.993323,14644870.5597,27.016268,19975.807284,11.141783,9.814627,20.797759,false
high_robot_intensity_translation,800,0.132389,62.505495,14065502.3357,25.947473,11376.946996,9.540909,9.426349,11.845078,false
high_robot_intensity_translation,801,0.142389,75.125000,16610109.5885,30.641662,14701.829250,11.467164,11.131681,15.306771,false
high_robot_intensity_translation,802,0.128041,65.602451,14432607.8833,26.624694,13741.065277,10.013632,9.672374,14.306474,false
high_robot_intensity_translation,803,0.133200,72.963180,15428176.9156,28.461280,16993.979630,11.137182,10.339579,17.693237,false
high_robot_intensity_translation,804,0.126916,77.716023,17893131.1701,33.008529,12615.010459,11.862661,11.991530,13.134085,false
high_robot_intensity_translation,805,0.129949,63.592311,14267384.2592,26.319897,11701.453263,9.706802,9.561645,12.182937,false
high_robot_intensity_translation,806,0.157063,50.336891,10751007.7953,19.833027,10621.518561,7.683480,7.205057,11.058566,false
high_robot_intensity_translation,807,0.149289,70.042805,14801200.5805,27.304659,17036.964500,10.691413,9.919396,17.737991,false
high_robot_intensity_translation,808,0.133753,72.495545,15296535.3810,28.218433,17592.541215,11.065802,10.251357,18.316428,false
high_robot_intensity_translation,809,0.117813,83.145646,18982603.4327,35.018343,14590.063134,12.691445,12.721667,15.190406,false
high_robot_intensity_translation,810,0.131634,66.379992,14818842.2426,27.337204,12160.056042,10.132317,9.931219,12.660410,false
high_robot_intensity_translation,811,0.168475,62.926183,13075438.5292,24.121043,15310.184852,9.605123,8.762833,15.940159,false
high_robot_intensity_translation,812,0.127403,70.727572,15516838.4423,28.624839,14140.696645,10.795936,10.398998,14.722549,false
high_robot_intensity_translation,813,0.164655,45.963508,9943085.0755,18.342603,9575.452863,7.015922,6.663608,9.969457,false
high_robot_intensity_translation,814,0.140687,59.723345,13280327.4760,24.499014,11087.833139,9.116239,8.900144,11.544068,false
high_robot_intensity_translation,815,0.135483,61.252545,13121396.3719,24.205824,13498.974412,9.349657,8.793633,14.054422,false
high_robot_intensity_translation,816,0.155894,49.573100,10756875.9251,19.843852,10354.962709,7.566894,7.208990,10.781042,false
high_robot_intensity_translation,817,0.132673,57.894143,12805201.8601,23.622521,11099.034666,8.837027,8.581727,11.555731,false
high_robot_intensity_translation,818,0.157145,54.691099,11688216.9413,21.561952,12039.128722,8.348111,7.833152,12.534507,false
high_robot_intensity_translation,819,0.143309,66.782647,15339650.8231,28.297971,10702.520556,10.193778,10.280251,11.142901,false
high_robot_intensity_translation,820,0.134758,56.129350,12534248.9406,23.122678,10412.639361,8.567647,8.400141,10.841092,false
high_robot_intensity_translation,821,0.123052,74.050612,16323344.6052,30.112650,14732.159045,11.303169,10.939499,15.338348,false
high_robot_intensity_translation,822,0.134866,61.524129,13655577.1757,25.191259,12427.258927,9.391112,9.151627,12.938608,false
high_robot_intensity_translation,823,0.147140,53.702139,12380803.0583,22.839607,8561.084578,8.197155,8.297305,8.913351,false
high_robot_intensity_translation,824,0.147861,56.368791,12551124.6012,23.153810,10723.052437,8.604196,8.411451,11.164278,false
high_robot_intensity_translation,825,0.159664,48.703265,10499135.6746,19.368383,9563.407090,7.434121,7.036259,9.956916,false
high_robot_intensity_translation,826,0.129938,55.875855,12467140.7855,22.998880,10284.156314,8.528953,8.355167,10.707322,false
high_robot_intensity_translation,827,0.129496,64.270860,13683588.6135,25.242934,14528.775689,9.810376,9.170400,15.126596,false
high_robot_intensity_translation,828,0.122191,83.114012,17743790.8163,32.733032,18871.583555,12.686616,11.891446,19.648099,false
high_robot_intensity_translation,829,0.122488,77.027918,16529094.3898,30.492208,17201.294000,11.757628,11.077387,17.909082,false
high_robot_intensity_translation,830,0.130495,57.928745,12980603.7180,23.946096,10661.885695,8.842309,8.699277,11.100594,false
high_robot_intensity_translation,831,0.140432,60.494412,13026044.7086,24.029923,13546.576893,9.233935,8.729730,14.103983,false
high_robot_intensity_translation,832,0.139117,65.703585,14031714.3878,25.885142,14856.015220,10.029069,9.403705,15.467301,false
high_robot_intensity_translation,833,0.144919,58.813401,12946252.7963,23.882726,11967.082247,8.977344,8.676256,12.459496,false
high_robot_intensity_translation,834,0.178293,43.168585,9431111.4748,17.398135,8541.862171,6.589301,6.320496,8.893337,false
high_robot_intensity_translation,835,0.149519,58.295228,12471631.3717,23.007164,12646.061277,8.898249,8.358176,13.166413,false
high_robot_intensity_translation,836,0.131348,70.303945,15325104.2839,28.271136,14754.416552,10.731273,10.270503,15.361522,false
high_robot_intensity_translation,837,0.145816,57.395546,12693192.5253,23.415891,11315.476841,8.760921,8.506661,11.781079,false
high_robot_intensity_translation,838,0.116845,79.007639,17746801.6377,32.738586,14871.678247,12.059815,11.893464,15.483609,false
high_robot_intensity_translation,839,0.123077,64.038784,13835869.0582,25.523855,13257.144215,9.774952,9.272454,13.802641,false
high_robot_intensity_translation,840,0.145218,74.902615,15134936.4481,27.920322,20150.459927,11.433219,10.143057,20.979598,false
high_robot_intensity_translation,841,0.146371,65.267407,14349676.5738,26.471706,13207.751648,9.962490,9.616795,13.751216,false
high_robot_intensity_translation,842,0.159959,54.420091,11528395.7393,21.267121,12546.222980,8.306744,7.726043,13.062467,false
high_robot_intensity_translation,843,0.134942,74.793749,15651854.8039,28.873912,18105.467631,11.416602,10.489483,18.850460,false
high_robot_intensity_translation,844,0.132259,58.260323,12785246.4454,23.585708,11817.151346,8.892921,8.568353,12.303396,false
high_robot_intensity_translation,845,0.172436,50.341115,11009002.4827,20.308965,10651.770334,7.684124,7.377959,11.090063,false
high_robot_intensity_translation,846,0.147693,53.123293,12017216.1135,22.168877,9349.264993,8.108799,8.053639,9.733963,false
high_robot_intensity_translation,847,0.149804,56.096712,11900488.3019,21.953542,12436.672554,8.562665,7.975411,12.948409,false
high_robot_intensity_translation,848,0.139549,54.177762,12066484.2481,22.259765,9690.859431,8.269754,8.086657,10.089613,false
high_robot_intensity_translation,849,0.160964,59.048870,13088816.5454,24.145722,11018.806045,9.013286,8.771798,11.472201,false
high_robot_intensity_translation,850,0.146057,77.728752,16175504.0097,29.839919,19340.634321,11.864604,10.840419,20.136450,false
high_robot_intensity_translation,851,0.156242,64.326794,13187304.5976,24.327409,16165.133424,9.818914,8.837803,16.830286,false
high_robot_intensity_translation,852,0.178941,54.738190,11288353.6342,20.824301,13978.879355,8.355299,7.565173,14.554073,false
high_robot_intensity_translation,853,0.139732,72.264027,15273002.7489,28.175021,17209.695516,11.030462,10.235586,17.917829,false
high_robot_intensity_translation,854,0.157144,52.214793,11430744.4696,21.086978,10348.774514,7.970125,7.660600,10.774599,false
high_robot_intensity_translation,855,0.150012,50.765245,11080830.0259,20.441470,10224.784452,7.748864,7.426096,10.645507,false
high_robot_intensity_translation,856,0.125852,69.758861,15846863.3044,29.233656,12263.768998,10.648071,10.620173,12.768391,false
high_robot_intensity_translation,857,0.155812,64.820075,13311992.1094,24.557428,16474.096537,9.894209,8.921365,17.151962,false
high_robot_intensity_translation,858,0.178406,45.008453,9630023.5148,17.765080,9634.380578,6.870141,6.453802,10.030810,false
high_robot_intensity_translation,859,0.176686,43.541392,9389130.7124,17.320691,8990.507314,6.646207,6.292361,9.360443,false
high_robot_intensity_translation,860,0.148457,80.067822,17112889.8521,31.569171,18285.682525,12.221642,11.468632,19.038090,false
high_robot_intensity_translation,861,0.127581,76.410494,16061190.6177,29.629038,18059.829713,11.663384,10.763809,18.802944,false
high_robot_intensity_translation,862,0.136641,63.329446,14657083.6153,27.038798,9631.602515,9.666678,9.822812,10.027918,false
high_robot_intensity_translation,863,0.144463,63.381306,13411303.4654,24.740633,14971.557393,9.674594,8.987921,15.587597,false
high_robot_intensity_translation,864,0.140575,66.779598,15356762.0843,28.329537,10764.369642,10.193313,10.291719,11.207295,false
high_robot_intensity_translation,865,0.151071,51.058880,11043990.0294,20.373509,10658.388189,7.793685,7.401407,11.096953,false
high_robot_intensity_translation,866,0.141936,61.225105,12911131.0269,23.817935,14194.790973,9.345469,8.652718,14.778869,false
high_robot_intensity_translation,867,0.142832,62.456871,13438904.7681,24.791551,13619.865117,9.533487,9.006419,14.180287,false
high_robot_intensity_translation,868,0.145782,53.374884,11653513.2154,21.497932,10795.097843,8.147202,7.809894,11.239288,false
high_robot_intensity_translation,869,0.161593,51.699254,11121565.2099,20.516616,11105.154883,7.891432,7.453396,11.562103,false
high_robot_intensity_translation,870,0.138586,64.869858,13434319.2002,24.783092,15846.859717,9.901808,9.003346,16.498916,false
high_robot_intensity_translation,871,0.131107,64.353930,13834015.7570,25.520436,13713.994434,9.823056,9.271212,14.278289,false
high_robot_intensity_translation,872,0.119456,66.193746,14810305.0960,27.321455,12288.458510,10.103888,9.925497,12.794096,false
high_robot_intensity_translation,873,0.142607,57.080348,12588384.8321,23.222546,10612.602657,8.712809,8.436422,11.049283,false
high_robot_intensity_translation,874,0.122177,73.011313,15567956.0158,28.719139,16025.487552,11.144529,10.433256,16.684894,false
high_robot_intensity_translation,875,0.137928,64.552640,13760805.5329,25.385381,14819.645807,9.853388,9.222149,15.429435,false
high_robot_intensity_translation,876,0.159208,69.238642,14330328.6599,26.436014,17696.844312,10.568664,9.603829,18.425023,false
high_robot_intensity_translation,877,0.123946,61.257760,13502452.9915,24.908782,11876.324127,9.350453,9.049007,12.365003,false
high_robot_intensity_translation,878,0.123413,67.860984,16018812.4217,29.550861,10081.941971,10.358377,10.735409,10.496787,false
high_robot_intensity_translation,879,0.151010,73.063423,15114976.2298,27.883500,19061.163250,11.152483,10.129680,19.845480,false
high_robot_intensity_translation,880,0.124992,61.742476,13792889.4664,25.444568,11098.022704,9.424441,9.243651,11.554677,false
high_robot_intensity_translation,881,0.117376,71.256869,15489478.5640,28.574367,15034.869844,10.876729,10.380662,15.653515,false
high_robot_intensity_translation,882,0.146852,88.432409,17619503.2191,32.503751,24596.824687,13.498422,11.808152,25.608919,false
high_robot_intensity_translation,883,0.158971,54.290870,11690997.5420,21.567082,11825.528991,8.287019,7.835015,12.312118,false
high_robot_intensity_translation,884,0.129985,68.438411,14814260.2807,27.328751,14658.385967,10.446516,9.928148,15.261540,false
high_robot_intensity_translation,885,0.144592,51.865929,11651999.2803,21.495140,9106.823830,7.916874,7.808879,9.481546,false
high_robot_intensity_translation,886,0.132592,67.609698,14479952.4102,26.712034,14940.169826,10.320020,9.704103,15.554918,false
high_robot_intensity_translation,887,0.184968,50.830602,10464456.5441,19.304409,12838.482223,7.758840,7.013018,13.366752,false
high_robot_intensity_translation,888,0.117400,78.867322,17023862.8471,31.404937,17345.884605,12.038397,11.408968,18.059622,false
high_robot_intensity_translation,889,0.140281,79.887260,16086898.4593,29.676463,21914.467654,12.194081,10.781038,22.816190,false
high_robot_intensity_translation,890,0.158776,57.145432,12515906.7994,23.088841,11563.057477,8.722743,8.387849,12.038847,false
high_robot_intensity_translation,891,0.137764,57.485076,12814885.6397,23.640386,10704.427752,8.774587,8.588217,11.144887,false
high_robot_intensity_translation,892,0.124452,76.898114,16588081.7380,30.601026,16722.892554,11.737815,11.116919,17.410995,false
high_robot_intensity_translation,893,0.136758,66.955417,14987225.3847,27.647831,12165.493331,10.220150,10.044065,12.666071,false
high_robot_intensity_translation,894,0.137560,59.612961,12880423.8589,23.761288,12975.635024,9.099389,8.632139,13.509548,false
high_robot_intensity_translation,895,0.128462,68.378812,15083870.1691,27.826117,13592.738467,10.437419,10.108834,14.152044,false
high_robot_intensity_translation,896,0.137663,62.263753,13557348.7194,25.010052,12957.590057,9.504009,9.085797,13.490761,false
high_robot_intensity_translation,897,0.147615,52.202025,11188029.4320,20.639227,11130.574906,7.968176,7.497938,11.588569,false
high_robot_intensity_translation,898,0.155113,47.872611,10379922.9246,19.148464,9694.878275,7.307329,6.956366,10.093797,false
high_robot_intensity_translation,899,0.164680,71.803857,14579378.4962,26.895451,19292.366645,10.960222,9.770736,20.086197,false
high_robot_intensity_translation,900,0.162975,53.754606,11492235.9712,21.200415,12102.445834,8.205163,7.701810,12.600430,false
high_robot_intensity_translation,901,0.130688,66.051860,14547965.2177,26.837501,13124.448560,10.082230,9.749684,13.664485,false
high_robot_intensity_translation,902,0.130804,66.905589,14906026.7117,27.498038,12419.156723,10.212544,9.989647,12.930172,false
high_robot_intensity_translation,903,0.160281,62.771032,12892499.2036,23.783564,15722.907232,9.581441,8.640231,16.369863,false
high_robot_intensity_translation,904,0.144952,63.298810,13264653.4517,24.470099,14991.392887,9.662002,8.889640,15.608249,false
high_robot_intensity_translation,905,0.142645,67.317664,14280649.6358,26.344368,15441.763313,10.275444,9.570535,16.077151,false
high_robot_intensity_translation,906,0.151727,56.201854,12310657.9433,22.710207,11171.068399,8.578714,8.250296,11.630728,false
high_robot_intensity_translation,907,0.148699,57.306406,12488412.5778,23.038121,11852.832495,8.747314,8.369423,12.340545,false
high_robot_intensity_translation,908,0.131999,67.007288,14443235.0973,26.644299,14073.598372,10.228068,9.679496,14.652690,false
high_robot_intensity_translation,909,0.132481,85.177303,17560460.6239,32.394831,22001.880798,13.001559,11.768583,22.907200,false
high_robot_intensity_translation,910,0.144662,73.727977,15316331.5448,28.254952,18488.829952,11.253921,10.264623,19.249596,false
high_robot_intensity_translation,911,0.135370,52.684111,11782454.6037,21.735798,9430.471589,8.041762,7.896307,9.818511,false
high_robot_intensity_translation,912,0.130942,72.987557,15570914.8278,28.724597,16895.427456,11.140903,10.435239,17.590630,false
high_robot_intensity_translation,913,0.153883,49.745649,11044681.7115,20.374785,9411.341045,7.593232,7.401870,9.798593,false
high_robot_intensity_translation,914,0.133000,72.293552,14942465.3888,27.565259,18364.994153,11.034969,10.014068,19.120665,false
high_robot_intensity_translation,915,0.160755,64.381494,13785871.4994,25.431621,14303.290313,9.827264,9.238947,14.891833,false
high_robot_intensity_translation,916,0.130748,70.431322,15244232.0981,28.121946,14942.240106,10.750716,10.216304,15.557074,false
high_robot_intensity_translation,917,0.145850,55.457874,12281605.7820,22.656612,10886.034364,8.465152,8.230826,11.333966,false
high_robot_intensity_translation,918,0.116275,77.056651,16555018.3304,30.540032,17002.838612,11.762014,11.094760,17.702460,false
high_robot_intensity_translation,919,0.182336,43.123133,9527268.7387,17.575522,8053.127797,6.582363,6.384938,8.384493,false
high_robot_intensity_translation,920,0.166484,51.065118,11318185.8077,20.879334,9627.575920,7.794637,7.585166,10.023725,false
high_robot_intensity_translation,921,0.180377,50.243397,10310066.8866,19.019597,12315.498523,7.669209,6.909550,12.822249,false
high_robot_intensity_translation,922,0.128009,73.272853,15270947.0939,28.171229,18027.374559,11.184451,10.234208,18.769153,false
high_robot_intensity_translation,923,0.151504,57.930664,12395608.4052,22.866920,12754.960109,8.842602,8.307228,13.279793,false
high_robot_intensity_translation,924,0.135180,64.829118,13876619.3219,25.599029,14488.530965,9.895589,9.299764,15.084696,false
high_robot_intensity_translation,925,0.146622,57.295514,12618625.3511,23.278332,11262.385284,8.745652,8.456688,11.725803,false
high_robot_intensity_translation,926,0.147833,69.321504,14783808.5498,27.272575,15685.283410,10.581312,9.907740,16.330691,false
high_robot_intensity_translation,927,0.137290,53.439870,12237323.8288,22.574923,8652.319056,8.157122,8.201149,9.008339,false
high_robot_intensity_translation,928,0.137283,57.813621,12640131.6801,23.318006,11613.184586,8.824736,8.471101,12.091036,false
high_robot_intensity_translation,929,0.152552,52.554962,11703610.3566,21.590350,9733.935056,8.022048,7.843468,10.134461,false
high_robot_intensity_translation,930,0.138112,59.670392,13478546.6140,24.864681,10738.843998,9.108156,9.032986,11.180719,false
high_robot_intensity_translation,931,0.122428,70.204130,16148690.3867,29.790454,11911.333416,10.716037,10.822450,12.401453,false
high_robot_intensity_translation,932,0.140634,57.198067,12397769.7735,22.870907,12118.337155,8.730777,8.308676,12.616975,false
high_robot_intensity_translation,933,0.143204,68.763867,14446636.4217,26.650574,16769.582291,10.496194,9.681775,17.459606,false
high_robot_intensity_translation,934,0.160639,48.119055,10645722.6793,19.638801,9181.370877,7.344947,7.134498,9.559160,false
high_robot_intensity_translation,935,0.156366,49.318199,10934231.7242,20.171031,9450.075298,7.527985,7.327849,9.838921,false
high_robot_intensity_translation,936,0.125246,64.493189,14527428.3938,26.799616,11580.991389,9.844313,9.735920,12.057519,false
high_robot_intensity_translation,937,0.143690,59.486680,12737880.4293,23.498329,13242.164504,9.080114,8.536610,13.787045,false
high_robot_intensity_translation,938,0.135168,65.722691,14430939.8679,26.621617,13340.123157,10.031985,9.671256,13.889034,false
high_robot_intensity_translation,939,0.150629,55.985317,12199825.8083,22.505748,11797.298555,8.545662,8.176019,12.282726,false
high_robot_intensity_translation,940,0.165718,64.833656,13385719.8201,24.693437,16460.251229,9.896282,8.970776,17.137547,false
high_robot_intensity_translation,941,0.164246,58.381626,12619752.8524,23.280412,12381.051499,8.911437,8.457444,12.890499,false
high_robot_intensity_translation,942,0.115959,99.876632,22055966.1954,40.687959,19462.448131,15.245282,14.781359,20.263276,false
high_robot_intensity_translation,943,0.145667,52.490665,11889123.4132,21.932577,8763.289673,8.012234,7.967794,9.123876,false
high_robot_intensity_translation,944,0.139638,55.973631,12510896.1917,23.079598,10228.340218,8.543878,8.384491,10.649209,false
high_robot_intensity_translation,945,0.173164,45.683807,10219974.0535,18.853397,8140.102976,6.973228,6.849172,8.475047,false
high_robot_intensity_translation,946,0.186859,62.499448,12396134.4032,22.867890,17505.881792,9.539986,8.307580,18.226203,false
high_robot_intensity_translation,947,0.148514,53.659049,11579435.7545,21.361277,11124.148950,8.190578,7.760249,11.581878,false
high_robot_intensity_translation,948,0.135482,55.107468,12060881.0861,22.249428,10592.859888,8.411666,8.082902,11.028728,false
high_robot_intensity_translation,949,0.163513,49.803178,10729582.6559,19.793502,10629.925813,7.602013,7.190699,11.067319,false
high_robot_intensity_translation,950,0.186593,47.246412,9903045.8137,18.268741,11185.306718,7.211746,6.636774,11.645553,false
high_robot_intensity_translation,951,0.169765,53.661458,11108437.0314,20.492398,13129.655784,8.190945,7.444598,13.669906,false
high_robot_intensity_translation,952,0.141485,55.169754,12020854.6121,22.175589,10802.727801,8.421173,8.056077,11.247232,false
high_robot_intensity_translation,953,0.119091,63.251008,13822523.5338,25.499235,12714.351555,9.654705,9.263511,13.237514,false
high_robot_intensity_translation,954,0.136427,62.657640,13921084.5730,25.681057,12129.693432,9.564133,9.329564,12.628798,false
high_robot_intensity_translation,955,0.120672,69.136763,15151609.7665,27.951080,13804.498149,10.553113,10.154231,14.372517,false
high_robot_intensity_translation,956,0.152326,52.750001,11575553.9110,21.354116,10780.852807,8.051820,7.757648,11.224456,false
high_robot_intensity_translation,957,0.155044,60.735034,12996032.1179,23.974557,13650.898608,9.270664,8.709617,14.212597,false
high_robot_intensity_translation,958,0.140398,70.866887,14896424.7592,27.480325,17113.457013,10.817201,9.983212,17.817631,false
high_robot_intensity_translation,959,0.135794,82.313539,16827820.3394,31.043286,21547.741725,12.564431,11.277586,22.434374,false
high_robot_intensity_translation,960,0.163671,49.863642,10536410.8668,19.437147,11131.370047,7.611242,7.061240,11.589397,false
high_robot_intensity_translation,961,0.150729,64.769488,14165018.3757,26.131056,13522.174858,9.886488,9.493042,14.078577,false
high_robot_intensity_translation,962,0.145466,59.912559,12578417.9826,23.204160,14124.580619,9.145120,8.429742,14.705770,false
high_robot_intensity_translation,963,0.156253,53.142563,11699665.6757,21.583073,10283.054287,8.111741,7.840824,10.706175,false
high_robot_intensity_translation,964,0.147522,53.623047,11685684.0043,21.557280,11128.685819,8.185082,7.831454,11.586602,false
high_robot_intensity_translation,965,0.136498,64.818855,14364960.1938,26.499901,12695.097810,9.894023,9.627038,13.217468,false
high_robot_intensity_translation,966,0.120093,71.854857,16068719.4409,29.642927,13658.979482,10.968006,10.768855,14.221010,false
high_robot_intensity_translation,967,0.148057,68.045081,14070326.5095,25.956372,17386.400108,10.386478,9.429582,18.101805,false
high_robot_intensity_translation,968,0.137703,72.536571,15259413.8298,28.149953,17671.339650,11.072064,10.226479,18.398469,false
high_robot_intensity_translation,969,0.132014,80.920874,17040482.9452,31.435597,19450.682095,12.351853,11.420107,20.251026,false
high_robot_intensity_translation,970,0.143446,75.602474,15763312.1934,29.079524,18848.849903,11.540047,10.564179,19.624430,false
high_robot_intensity_translation,971,0.171890,52.458455,11105165.0577,20.486362,12000.029415,8.007318,7.442405,12.493799,false
high_robot_intensity_translation,972,0.115600,79.316609,16776485.6971,30.948586,18742.286862,12.106976,11.243182,19.513482,false
high_robot_intensity_translation,973,0.159328,53.429768,11458767.7231,21.138674,11383.374594,8.155580,7.679380,11.851770,false
high_robot_intensity_translation,974,0.158356,57.501583,12148388.3786,22.410858,13296.590055,8.777106,8.141547,13.843710,false
high_robot_intensity_translation,975,0.167048,51.614767,11269763.1390,20.790006,10659.870645,7.878536,7.552714,11.098496,false
high_robot_intensity_translation,976,0.141698,65.478408,14356718.8300,26.484697,13609.796565,9.994698,9.621515,14.169804,false
high_robot_intensity_translation,977,0.150253,48.244170,10544480.5955,19.452034,9249.317909,7.364044,7.066648,9.629903,false
high_robot_intensity_translation,978,0.150724,56.290844,12245088.1291,22.589246,11278.823312,8.592298,8.206353,11.742917,false
high_robot_intensity_translation,979,0.120228,64.632866,14446785.9593,26.650850,11759.231568,9.865633,9.681876,12.243093,false
high_robot_intensity_translation,980,0.158507,55.800581,11658438.3953,21.507018,13422.929847,8.517463,7.813195,13.975248,false
high_robot_intensity_translation,981,0.151488,49.587242,10994435.5247,20.282092,9414.530969,7.569052,7.368197,9.801914,false
high_robot_intensity_translation,982,0.165058,55.969819,11971740.8810,22.084986,12149.449371,8.543296,8.023162,12.649367,false
high_robot_intensity_translation,983,0.154399,56.420604,12053709.4128,22.236198,12249.476330,8.612104,8.078095,12.753510,false
high_robot_intensity_translation,984,0.159772,53.565224,11256863.0326,20.766208,12524.513024,8.176256,7.544069,13.039864,false
high_robot_intensity_translation,985,0.161059,55.244087,11594681.4061,21.389402,12991.682170,8.432520,7.770466,13.526256,false
high_robot_intensity_translation,986,0.136023,54.774873,12105068.6793,22.330944,10717.798363,8.360898,8.112515,11.158807,false
high_robot_intensity_translation,987,0.108990,101.571274,21506951.3651,39.675159,24212.404407,15.503954,14.413423,25.208681,false
high_robot_intensity_translation,988,0.110421,80.783600,18229269.5582,33.628623,14599.344057,12.330900,12.216802,15.200068,false
high_robot_intensity_translation,989,0.155327,52.320483,11509888.1175,21.232979,9766.602396,7.986257,7.713640,10.168472,false
high_robot_intensity_translation,990,0.144632,55.627465,12246832.9113,22.592465,10554.545934,8.491039,8.207522,10.988838,false
high_robot_intensity_translation,991,0.171423,45.502008,9686021.5629,17.868383,9801.512595,6.945478,6.491330,10.204819,false
high_robot_intensity_translation,992,0.107520,72.082110,16378557.9892,30.214505,12075.703175,11.002694,10.976501,12.572586,false
high_robot_intensity_translation,993,0.159861,50.356262,10943451.9516,20.188040,10375.522204,7.686436,7.334029,10.802448,false
high_robot_intensity_translation,994,0.134677,57.176779,12664238.7211,23.362478,10914.696234,8.727528,8.487257,11.363807,false
high_robot_intensity_translation,995,0.145577,55.528175,11934993.1404,22.017195,11920.435049,8.475883,7.998535,12.410929,false
high_robot_intensity_translation,996,0.152499,50.825785,11109274.8134,20.493943,10368.002216,7.758105,7.445159,10.794618,false
high_robot_intensity_translation,997,0.148275,58.323229,12602975.6052,23.249462,12844.266388,8.902523,8.446200,13.372774,false
high_robot_intensity_translation,998,0.126148,62.376997,13971336.3742,25.773759,11362.500526,9.521295,9.363241,11.830037,false
high_robot_intensity_translation,999,0.161390,46.992124,10412206.5691,19.208020,9145.059394,7.172931,6.978001,9.521354,false
high_robot_intensity_translation,1000,0.178586,48.489406,10208079.5237,18.831454,11182.150311,7.401477,6.841200,11.642266,false
high_robot_intensity_translation,1001,0.114910,84.999736,18648621.7894,34.402227,17393.534727,12.974455,12.497841,18.109233,false
high_robot_intensity_translation,1002,0.135972,67.660334,14557032.0278,26.854227,15207.303285,10.327750,9.755760,15.833044,false
high_robot_intensity_translation,1003,0.168467,62.367391,12838269.2997,23.683523,15520.864558,9.519829,8.603888,16.159507,false
high_robot_intensity_translation,1004,0.128596,58.137089,13106085.8586,24.177580,10320.666158,8.874111,8.783372,10.745334,false
high_robot_intensity_translation,1005,0.129419,67.692154,14262315.1974,26.310545,15967.223954,10.332607,9.558248,16.624233,false
high_robot_intensity_translation,1006,0.154833,69.360620,14484652.3855,26.720704,16872.935457,10.587283,9.707253,17.567212,false
high_robot_intensity_translation,1007,0.152945,53.000230,11613949.2807,21.424946,10443.353100,8.090015,7.783379,10.873069,false
high_robot_intensity_translation,1008,0.109997,75.845933,16721061.5189,30.846342,15004.582928,11.577209,11.206038,15.621982,false
high_robot_intensity_translation,1009,0.135740,58.441134,12791609.0469,23.597446,11513.644457,8.920521,8.572617,11.987401,false
high_robot_intensity_translation,1010,0.134529,61.617171,13146556.8908,24.252239,13767.816274,9.405314,8.810495,14.334326,false
high_robot_intensity_translation,1011,0.126777,72.150084,15419208.4010,28.444735,16489.003439,11.013070,10.333569,17.167482,false
high_robot_intensity_translation,1012,0.167412,49.408895,11244368.9046,20.743159,8500.321223,7.541829,7.535696,8.850087,false
high_robot_intensity_translation,1013,0.147400,61.718496,13743394.5594,25.353261,11787.521263,9.420781,9.210480,12.272547,false
high_robot_intensity_translation,1014,0.181336,47.909174,10170516.6076,18.762160,10779.788429,7.312910,6.816027,11.223348,false
high_robot_intensity_translation,1015,0.128564,66.971717,14255771.4133,26.298474,15243.632226,10.222638,9.553863,15.870867,false
high_robot_intensity_translation,1016,0.157849,47.426640,10478423.8301,19.330175,9129.329181,7.239256,7.022378,9.504977,false
high_robot_intensity_translation,1017,0.149346,62.778630,13577663.2463,25.047527,13334.929101,9.582601,9.099411,13.883626,false
high_robot_intensity_translation,1018,0.177436,52.594228,10990570.5141,20.274962,12574.361197,8.028042,7.365606,13.091763,false
high_robot_intensity_translation,1019,0.133769,53.474747,11643766.8226,21.479953,10268.454412,8.162446,7.803362,10.690974,false
high_robot_intensity_translation,1020,0.142214,63.470884,13948800.1660,25.732185,12370.580880,9.688267,9.348138,12.879598,false
high_robot_intensity_translation,1021,0.182336,47.524424,10028757.8850,18.500649,10816.495349,7.254182,6.721023,11.261566,false
high_robot_intensity_translation,1022,0.159221,52.981162,11276644.7332,20.802701,11535.072511,8.087104,7.557326,12.009710,false
high_robot_intensity_translation,1023,0.123228,66.402570,14753885.4567,27.217374,12219.207794,10.135763,9.887686,12.721996,false
high_robot_intensity_translation,1024,0.182039,41.254143,8899124.5676,16.416747,8014.403110,6.297079,5.963971,8.344175,false
high_robot_intensity_translation,1025,0.155386,55.947542,12528479.3795,23.112035,10269.916094,8.539896,8.396274,10.692496,false
high_robot_intensity_translation,1026,0.157119,51.663577,11346761.3199,20.932049,10096.769987,7.885987,7.604316,10.512225,false
high_robot_intensity_translation,1027,0.128458,58.220819,12873610.3856,23.748719,11083.438107,8.886891,8.627573,11.539492,false
high_robot_intensity_translation,1028,0.139578,64.003060,14126694.7726,26.060358,13098.776317,9.769499,9.467359,13.637756,false
high_robot_intensity_translation,1029,0.125619,77.738416,16663069.2392,30.739360,17633.822741,11.866079,11.167174,18.359408,false
high_robot_intensity_translation,1030,0.162306,50.748880,11002341.0317,20.296676,10728.036655,7.746366,7.373495,11.169467,false
high_robot_intensity_translation,1031,0.154315,61.647242,13249201.4895,24.441594,13476.428313,9.409904,8.879284,14.030948,false
high_robot_intensity_translation,1032,0.133010,68.127068,14961316.9737,27.600036,13933.886488,10.398992,10.026702,14.507229,false
high_robot_intensity_translation,1033,0.159051,54.699042,11609648.8613,21.417013,12485.227873,8.349323,7.780497,12.998962,false
high_robot_intensity_translation,1034,0.122264,73.811454,15856103.9033,29.250703,16269.900809,11.266663,10.626365,16.939364,false
high_robot_intensity_translation,1035,0.130250,73.609449,15969929.4875,29.460684,15541.698671,11.235829,10.702649,16.181199,false
high_robot_intensity_translation,1036,0.150731,56.066443,12024627.3534,22.182549,12152.358864,8.558045,8.058605,12.652396,false
high_robot_intensity_translation,1037,0.151167,49.734083,11005734.3747,20.302936,9253.830741,7.591466,7.375769,9.634601,false
high_robot_intensity_translation,1038,0.122360,66.904337,14765590.9097,27.238968,13189.239759,10.212353,9.895531,13.731942,false
high_robot_intensity_translation,1039,0.159249,67.449391,14292185.6536,26.365649,15952.189204,10.295551,9.578266,16.608580,false
high_robot_intensity_translation,1040,0.132197,57.859846,12841561.5405,23.689596,11046.448259,8.831792,8.606094,11.500980,false
high_robot_intensity_translation,1041,0.139861,58.487547,12895698.7240,23.789466,11272.451148,8.927605,8.642376,11.736283,false
high_robot_intensity_translation,1042,0.149162,71.211881,14554083.4665,26.848788,18728.169248,10.869862,9.753784,19.498784,false
high_robot_intensity_translation,1043,0.134403,53.634723,12085818.4744,22.295432,9387.314994,8.186864,8.099614,9.773578,false
high_robot_intensity_translation,1044,0.156528,49.373876,10760222.7127,19.850026,9892.229057,7.536484,7.211233,10.299268,false
high_robot_intensity_translation,1045,0.171838,45.868698,10075132.8677,18.586200,8849.612117,7.001450,6.752103,9.213750,false
high_robot_intensity_translation,1046,0.134465,65.142577,14517386.4982,26.781091,12279.979253,9.943436,9.729190,12.785268,false
high_robot_intensity_translation,1047,0.151272,50.029072,10856984.1807,20.028528,9934.620357,7.636494,7.276080,10.343404,false
high_robot_intensity_translation,1048,0.142435,61.059574,13348414.6952,24.624618,12563.812804,9.320202,8.945775,13.080781,false
high_robot_intensity_translation,1049,0.170535,48.724339,10283345.5713,18.970302,10998.220374,7.437338,6.891642,11.450768,false
high_robot_intensity_translation,1050,0.140519,72.737889,15365821.9458,28.346250,17510.610145,11.102793,10.297791,18.231125,false
high_robot_intensity_translation,1051,0.127054,56.968879,12503380.8083,23.065734,10823.375288,8.695794,8.379454,11.268729,false
high_robot_intensity_translation,1052,0.154670,56.000151,11730545.5955,21.640039,13048.867977,8.547926,7.861519,13.585794,false
high_robot_intensity_translation,1053,0.125845,75.684488,15756238.5862,29.066475,18744.890557,11.552565,10.559438,19.516193,false
high_robot_intensity_translation,1054,0.134039,59.686980,13454321.0032,24.819990,10640.455664,9.110688,9.016750,11.078282,false
high_robot_intensity_translation,1055,0.114201,77.387640,16966686.3289,31.299460,15953.073868,11.812536,11.370650,16.609501,false
high_robot_intensity_translation,1056,0.139240,62.802610,13511078.0764,24.924693,13847.352965,9.586261,9.054788,14.417135,false
high_robot_intensity_translation,1057,0.151313,64.157756,13801632.2417,25.460696,14188.446192,9.793112,9.249510,14.772263,false
high_robot_intensity_translation,1058,0.138735,52.608276,11740580.5797,21.658551,9501.643923,8.030186,7.868244,9.892611,false
high_robot_intensity_translation,1059,0.149686,58.408705,12233501.8657,22.567872,13738.552464,8.915570,8.198588,14.303858,false
high_robot_intensity_translation,1060,0.128645,80.765772,16741338.2807,30.883747,19649.514534,12.328178,11.219627,20.458040,false
high_robot_intensity_translation,1061,0.139893,61.348413,13879692.1519,25.604698,10502.511618,9.364291,9.301824,10.934662,false
high_robot_intensity_translation,1062,0.139346,58.094557,13054353.5563,24.082146,10220.957704,8.867619,8.748702,10.641523,false
high_robot_intensity_translation,1063,0.161569,45.109086,10058466.5851,18.555455,8386.619520,6.885502,6.740933,8.731707,false
high_robot_intensity_translation,1064,0.142917,58.701584,13519247.2927,24.939764,9237.329960,8.960276,9.060262,9.617422,false
high_robot_intensity_translation,1065,0.166579,50.895064,10956723.8494,20.212523,10776.701078,7.768680,7.342923,11.220134,false
high_robot_intensity_translation,1066,0.139284,59.199618,12973116.5141,23.932284,11611.994423,9.036296,8.694259,12.089797,false
high_robot_intensity_translation,1067,0.187895,47.071270,10085870.0104,18.606007,10356.620580,7.185012,6.759299,10.782768,false
high_robot_intensity_translation,1068,0.120478,69.968447,15348657.3970,28.314586,13811.460700,10.680063,10.286287,14.379766,false
high_robot_intensity_translation,1069,0.138950,53.898056,12326307.2298,22.739076,8780.779383,8.227060,8.260784,9.142085,false
high_robot_intensity_translation,1070,0.128276,65.353905,14573830.2371,26.885216,12533.568898,9.975694,9.767018,13.049292,false
high_robot_intensity_translation,1071,0.139376,55.794326,12282500.8518,22.658264,11271.676636,8.516509,8.231426,11.735476,false
high_robot_intensity_translation,1072,0.125727,79.145615,17115810.4167,31.574559,17281.429381,12.080876,11.470589,17.992515,false
high_robot_intensity_translation,1073,0.146635,59.476572,13240704.7732,24.425920,11316.811781,9.078571,8.873590,11.782469,false
high_robot_intensity_translation,1074,0.135572,74.438748,16724574.5973,30.852822,13673.447707,11.362414,11.208393,14.236074,false
high_robot_intensity_translation,1075,0.133785,64.913071,14171470.2342,26.142958,13317.702160,9.908404,9.497366,13.865690,false
high_robot_intensity_translation,1076,0.133039,72.136530,15021662.5366,27.711359,17747.815608,11.011001,10.067144,18.478091,false
high_robot_intensity_translation,1077,0.161934,51.348742,11506707.3432,21.227111,9388.596727,7.837930,7.711508,9.774913,false
high_robot_intensity_translation,1078,0.148144,55.912507,12690321.5779,23.410595,9663.479176,8.534548,8.504737,10.061106,false
high_robot_intensity_translation,1079,0.131739,72.906242,16907881.1855,31.190979,11562.374393,11.128491,11.331240,12.038136,false
high_robot_intensity_translation,1080,0.165117,67.346824,13631296.7212,25.146468,17991.405084,10.279895,9.135355,18.731704,false
high_robot_intensity_translation,1081,0.147211,74.437181,15155536.6997,27.958324,19656.414796,11.362175,10.156863,20.465224,false
high_robot_intensity_translation,1082,0.140317,65.643478,14061547.5246,25.940177,14912.384765,10.019894,9.423699,15.525990,false
high_robot_intensity_translation,1083,0.150968,55.030661,11589481.7771,21.379810,12601.618484,8.399942,7.766982,13.120142,false
high_robot_intensity_translation,1084,0.146170,61.593249,14007536.3380,25.840540,10319.779496,9.401663,9.387502,10.744411,false
high_robot_intensity_translation,1085,0.154697,54.911171,11917090.8621,21.984170,11955.071849,8.381703,7.986537,12.446991,false
high_robot_intensity_translation,1086,0.138296,61.235086,13362479.7282,24.650565,12706.719167,9.346992,8.955201,13.229567,false
high_robot_intensity_translation,1087,0.154754,53.505845,11344366.9753,20.927632,11606.757254,8.167192,7.602712,12.084345,false
high_robot_intensity_translation,1088,0.144668,67.678890,14112503.3250,26.034178,16763.832442,10.330582,9.457848,17.453620,false
high_robot_intensity_translation,1089,0.139819,59.930066,13597965.3858,25.084980,10285.891309,9.147793,9.113017,10.709129,false
high_robot_intensity_translation,1090,0.145019,53.618511,12110212.9957,22.340434,9749.137726,8.184390,8.115963,10.150289,false
high_robot_intensity_translation,1091,0.184913,41.416382,9027677.3185,16.653896,8390.484031,6.321843,6.050124,8.735730,false
high_robot_intensity_translation,1092,0.114408,78.570080,16955412.4680,31.278663,17640.199329,11.993025,11.363095,18.366047,false
high_robot_intensity_translation,1093,0.158186,68.098505,14874731.1234,27.440306,14128.139656,10.394632,9.968674,14.709475,false
high_robot_intensity_translation,1094,0.144368,55.325872,11943099.8870,22.032150,11523.935697,8.445003,8.003968,11.998115,false
high_robot_intensity_translation,1095,0.125311,98.854961,20245118.3070,37.347380,25703.446744,15.089332,13.567773,26.761076,false
high_robot_intensity_translation,1096,0.152053,49.297161,10895436.6711,20.099463,9636.132764,7.524774,7.301850,10.032634,false
high_robot_intensity_translation,1097,0.153774,69.573182,14014815.4350,25.853968,18778.001444,10.619729,9.392380,19.550667,false
high_robot_intensity_translation,1098,0.111565,86.539897,18380248.0944,33.907142,19975.083225,13.209547,12.317984,20.797005,false
high_robot_intensity_translation,1099,0.174412,48.343906,10195723.3701,18.808660,11156.218557,7.379268,6.832920,11.615267,false
high_robot_intensity_translation,1100,0.179524,46.705270,10084092.3761,18.602728,9835.026747,7.129145,6.758107,10.239712,false
high_robot_intensity_translation,1101,0.132801,74.559849,15428438.6651,28.461763,18977.233398,11.380899,10.339755,19.758096,false
high_robot_intensity_translation,1102,0.156449,65.541312,13951119.5246,25.736464,14906.837130,10.004300,9.349692,15.520214,false
high_robot_intensity_translation,1103,0.130211,64.906079,14199651.2681,26.194945,13246.975072,9.907337,9.516252,13.792053,false
high_robot_intensity_translation,1104,0.160245,54.124487,11248183.3806,20.750196,12875.059878,8.261623,7.538252,13.404835,false
high_robot_intensity_translation,1105,0.140945,54.464361,12270977.3941,22.637006,9229.386093,8.313501,8.223703,9.609151,false
high_robot_intensity_translation,1106,0.130617,65.129438,13877973.6003,25.601527,14359.905370,9.941431,9.300672,14.950778,false
high_robot_intensity_translation,1107,0.139026,64.905288,13735550.9959,25.338792,14834.372628,9.907216,9.205224,15.444768,false
high_robot_intensity_translation,1108,0.134899,58.503441,12694354.5244,23.418035,12148.209035,8.930031,8.507440,12.648076,false
high_robot_intensity_translation,1109,0.136391,58.239721,13160634.1399,24.278208,10449.430044,8.889777,8.819929,10.879396,false
high_robot_intensity_translation,1110,0.147278,55.643821,12216634.2121,22.536755,11409.909083,8.493536,8.187284,11.879397,false
high_robot_intensity_translation,1111,0.139682,61.622112,13098500.4397,24.163587,14213.984784,9.406069,8.778288,14.798853,false
high_robot_intensity_translation,1112,0.123399,64.769621,14357934.5806,26.486940,12515.288939,9.886508,9.622330,13.030260,false
high_robot_intensity_translation,1113,0.123068,69.434851,14831445.8460,27.360455,14880.601404,10.598614,9.939665,15.492899,false
high_robot_intensity_translation,1114,0.162183,50.109539,10986816.6794,20.268037,9785.213207,7.648776,7.363091,10.187849,false
high_robot_intensity_translation,1115,0.131634,75.883309,16351476.1594,30.164545,16333.099747,11.582914,10.958352,17.005164,false
high_robot_intensity_translation,1116,0.123572,80.861271,16726208.3191,30.855836,20270.701960,12.342755,11.209488,21.104788,false
high_robot_intensity_translation,1117,0.146808,58.748900,12885490.9759,23.770635,11678.846901,8.967498,8.635535,12.159401,false
high_robot_intensity_translation,1118,0.141121,65.895493,13631620.4469,25.147065,16441.350840,10.058362,9.135572,17.117869,false
high_robot_intensity_translation,1119,0.129430,61.306353,13718296.7839,25.306962,10657.634608,9.357871,9.193660,11.096168,false
high_robot_intensity_translation,1120,0.136135,57.595263,12790495.5577,23.595392,11088.269902,8.791406,8.571871,11.544523,false
high_robot_intensity_translation,1121,0.131744,63.216612,13993605.4400,25.814840,12213.827770,9.649455,9.378165,12.716395,false
high_robot_intensity_translation,1122,0.132696,65.014615,14060278.9466,25.937837,14279.770582,9.923904,9.422848,14.867345,false
high_robot_intensity_translation,1123,0.168439,68.132133,13929559.9005,25.696692,17967.579128,10.399766,9.335244,18.706898,false
high_robot_intensity_translation,1124,0.135469,70.804148,15636234.1897,28.845096,13808.662485,10.807625,10.479014,14.376852,false
high_robot_intensity_translation,1125,0.130894,72.961907,16498564.7579,30.435889,12594.395315,11.136988,11.056927,13.112621,false
high_robot_intensity_translation,1126,0.129576,72.645645,15242397.3434,28.118561,17226.456694,11.088713,10.215075,17.935280,false
high_robot_intensity_translation,1127,0.141680,66.332693,14211982.4475,26.217694,14834.547810,10.125097,9.524516,15.444950,false
high_robot_intensity_translation,1128,0.169846,43.815846,9632788.7693,17.770181,8572.447123,6.688100,6.455655,8.925181,false
high_robot_intensity_translation,1129,0.151565,54.830432,11599965.2016,21.399149,12401.062550,8.369379,7.774007,12.911334,false
high_robot_intensity_translation,1130,0.124293,80.555355,16805415.1198,31.001954,20199.461602,12.296060,11.262570,21.030616,false
high_robot_intensity_translation,1131,0.166150,49.202161,10552128.0344,19.466141,10743.451830,7.510273,7.071773,11.185516,false
high_robot_intensity_translation,1132,0.157026,54.850008,11931684.6175,22.011092,10934.579632,8.372367,7.996318,11.384509,false
high_robot_intensity_translation,1133,0.143142,69.340449,14620727.4147,26.971730,16548.711745,10.584204,9.798447,17.229648,false
high_robot_intensity_translation,1134,0.158727,48.810463,10993349.6966,20.280089,8399.574411,7.450484,7.367469,8.745195,false
high_robot_intensity_translation,1135,0.151679,58.674511,12492470.3235,23.045607,13382.569692,8.956143,8.372142,13.933227,false
high_robot_intensity_translation,1136,0.131586,59.264492,12916203.2120,23.827292,11970.533047,9.046199,8.656117,12.463089,false
high_robot_intensity_translation,1137,0.122936,77.111596,16785777.8715,30.965728,16067.188841,11.770401,11.249410,16.728311,false
high_robot_intensity_translation,1138,0.127759,66.826424,14971885.6839,27.619532,12381.662369,10.200461,10.033784,12.891135,false
high_robot_intensity_translation,1139,0.139917,53.566616,11677408.7759,21.542014,10376.956899,8.176469,7.825908,10.803941,false
high_robot_intensity_translation,1140,0.134197,61.590042,13792726.1777,25.444266,11510.813973,9.401173,9.243541,11.984454,false
high_robot_intensity_translation,1141,0.135549,56.229245,12524311.9522,23.104347,10004.296006,8.582895,8.393482,10.415946,false
high_robot_intensity_translation,1142,0.147344,58.974568,13174314.9713,24.303446,10918.452146,9.001944,8.829097,11.367718,false
high_robot_intensity_translation,1143,0.155617,54.842145,12032258.5817,22.196627,10730.877727,8.371167,8.063720,11.172425,false
high_robot_intensity_translation,1144,0.126811,73.526284,15558828.3962,28.702301,17000.063728,11.223135,10.427139,17.699571,false
high_robot_intensity_translation,1145,0.121455,75.745936,16521483.3193,30.478168,15505.114009,11.561945,11.072286,16.143108,false
high_robot_intensity_translation,1146,0.152414,56.965048,12099106.2462,22.319945,13269.991609,8.695209,8.108519,13.816017,false
high_robot_intensity_translation,1147,0.135493,65.351569,13795850.7529,25.450031,15214.993735,9.975337,9.245635,15.841051,false
high_robot_intensity_translation,1148,0.133060,60.079507,13094574.9823,24.156345,12199.240727,9.170604,8.775658,12.701207,false
high_robot_intensity_translation,1149,0.135945,77.326731,15674708.2004,28.916071,20419.876405,11.803239,10.504799,21.260100,false
high_robot_intensity_translation,1150,0.129398,65.463774,14239494.1720,26.268446,13862.529367,9.992464,9.542954,14.432936,false
high_robot_intensity_translation,1151,0.152262,50.817806,11294703.5741,20.836015,9789.467574,7.756887,7.569429,10.192278,false
high_robot_intensity_translation,1152,0.124313,82.636127,17883374.3925,32.990530,18479.181102,12.613671,11.984992,19.239551,false
high_robot_intensity_translation,1153,0.151141,59.957844,12680829.6763,23.393085,14193.366849,9.152033,8.498376,14.777386,false
high_robot_intensity_translation,1154,0.133096,58.789563,12816994.9634,23.644277,12106.711239,8.973705,8.589630,12.604870,false
high_robot_intensity_translation,1155,0.153362,47.781311,10439173.6702,19.257768,9309.274038,7.293393,6.996074,9.692326,false
high_robot_intensity_translation,1156,0.160279,54.855409,11956771.8533,22.057372,11265.850984,8.373191,8.013130,11.729411,false
high_robot_intensity_translation,1157,0.142705,66.313768,13701168.8158,25.275365,16697.715828,10.122208,9.182182,17.384783,false
high_robot_intensity_translation,1158,0.148149,56.791508,12475933.8077,23.015101,11573.825228,8.668720,8.361060,12.050058,false
high_robot_intensity_translation,1159,0.159497,54.823345,11756274.9080,21.687503,12073.156070,8.368297,7.878762,12.569935,false
high_robot_intensity_translation,1160,0.123317,73.998894,16101350.3287,29.703123,15401.492651,11.295274,10.790723,16.035223,false
high_robot_intensity_translation,1161,0.184077,52.063146,11220057.5072,20.698311,10966.608673,7.946977,7.519403,11.417856,false
high_robot_intensity_translation,1162,0.153541,53.699297,11804786.9018,21.776996,10304.437406,8.196721,7.911274,10.728438,false
high_robot_intensity_translation,1163,0.186501,46.213160,10042553.3963,18.526099,9364.952585,7.054029,6.730269,9.750296,false
high_robot_intensity_translation,1164,0.127535,100.266402,20689788.8209,38.167690,26208.406279,15.304776,13.865781,27.286813,false
high_robot_intensity_translation,1165,0.117650,81.820914,17799198.8854,32.835246,17268.494085,12.489236,11.928579,17.979047,false
high_robot_intensity_translation,1166,0.152727,65.314876,13371907.4650,24.667957,16896.016438,9.969736,8.961519,17.591243,false
high_robot_intensity_translation,1167,0.139420,62.027952,13497179.3493,24.899054,12837.365984,9.468016,9.045473,13.365590,false
high_robot_intensity_translation,1168,0.132326,65.847054,14587750.7397,26.910896,12851.088444,10.050968,9.776347,13.379877,false
high_robot_intensity_translation,1169,0.138050,61.200979,13142859.5958,24.245419,13282.755625,9.341786,8.808017,13.829306,false
high_robot_intensity_translation,1170,0.129808,58.689277,13437519.3502,24.788995,9814.221813,8.958397,9.005490,10.218051,false
high_robot_intensity_translation,1171,0.130823,75.455105,16171615.7267,29.832746,17113.267215,11.517552,10.837814,17.817433,false
high_robot_intensity_translation,1172,0.123288,76.000454,17167512.2906,31.669936,13666.450672,11.600795,11.505239,14.228789,false
high_robot_intensity_translation,1173,0.143209,54.760204,11995902.2619,22.129558,10918.685920,8.358659,8.039355,11.367961,false
high_robot_intensity_translation,1174,0.179657,42.551228,9172405.3034,16.920884,8701.682739,6.495067,6.147117,9.059734,false
high_robot_intensity_translation,1175,0.123127,65.740097,13984937.1230,25.798849,14217.403258,10.034642,9.372356,14.802412,false
high_robot_intensity_translation,1176,0.118008,94.144401,20518212.9525,37.851174,20028.776025,14.370307,13.750795,20.852907,false
high_robot_intensity_translation,1177,0.148157,65.194505,13528632.9655,24.957078,15760.775244,9.951363,9.066552,16.409289,false
high_robot_intensity_translation,1178,0.138457,64.255474,13617355.3932,25.120749,14836.562258,9.808028,9.126012,15.447048,false
high_robot_intensity_translation,1179,0.149439,90.689921,18622482.6202,34.354007,23698.847019,13.843012,12.480323,24.673992,false
high_robot_intensity_translation,1180,0.136042,58.688672,12710626.5330,23.448053,12090.028572,8.958305,8.518345,12.587501,false
high_robot_intensity_translation,1181,0.128998,71.055788,15044081.4127,27.752716,16495.944898,10.846035,10.082168,17.174709,false
high_robot_intensity_translation,1182,0.145911,58.361355,12348978.5154,22.780899,13503.265786,8.908343,8.275977,14.058889,false
high_robot_intensity_translation,1183,0.168301,48.622133,10624683.3070,19.599988,9745.215958,7.421737,7.120398,10.146206,false
high_robot_intensity_translation,1184,0.138071,65.482552,14379672.3320,26.527041,12911.663039,9.995330,9.636898,13.442944,false
high_robot_intensity_translation,1185,0.124682,58.476120,13064213.1012,24.100335,10419.663630,8.925861,8.755310,10.848405,false
high_robot_intensity_translation,1186,0.129055,62.544722,13741920.4264,25.350542,12437.695126,9.546897,9.209492,12.949473,false
high_robot_intensity_translation,1187,0.129534,68.481266,14495714.2911,26.741111,15631.558432,10.453058,9.714666,16.274756,false
high_robot_intensity_translation,1188,0.147546,56.538694,12121967.8075,22.362119,12668.015084,8.630130,8.123841,13.189270,false
high_robot_intensity_translation,1189,0.150831,60.267766,12797565.7721,23.608435,13785.786758,9.199340,8.576609,14.353035,false
high_robot_intensity_translation,1190,0.143361,65.801541,14048193.7953,25.915543,14637.930847,10.044021,9.414749,15.240243,false
high_robot_intensity_translation,1191,0.127076,73.362821,15888601.4334,29.310653,16200.252048,11.198184,10.648144,16.866850,false
high_robot_intensity_translation,1192,0.147079,55.305628,11920186.0964,21.989880,11821.216567,8.441913,7.988611,12.307628,false
high_robot_intensity_translation,1193,0.140735,57.880901,12588942.2430,23.223574,11674.520405,8.835006,8.436795,12.154896,false
high_robot_intensity_translation,1194,0.150032,47.214547,10695141.3609,19.729967,8048.142482,7.206882,7.167617,8.379302,false
high_robot_intensity_translation,1195,0.172895,48.788517,10874607.7161,20.061039,9023.191438,7.447134,7.287891,9.394472,false
high_robot_intensity_translation,1196,0.150120,52.290007,11350500.3592,20.938946,10964.949990,7.981605,7.606822,11.416129,false
high_robot_intensity_translation,1197,0.136466,63.486249,13550024.8984,24.996541,14256.599571,9.690612,9.080889,14.843221,false
high_robot_intensity_translation,1198,0.145126,65.124479,13824216.2394,25.502358,14859.561131,9.940674,9.264645,15.470993,false
high_robot_intensity_translation,1199,0.140813,69.101680,14320210.7419,26.417349,17063.828951,10.547758,9.597048,17.765960,false
high_robot_intensity_translation,1200,0.116686,83.498893,18019342.8741,33.241359,18257.602157,12.745365,12.076114,19.008854,false
high_robot_intensity_translation,1201,0.128603,61.309786,14185722.1656,26.169250,9448.799557,9.358395,9.506917,9.837593,false
high_robot_intensity_translation,1202,0.132557,71.856660,15416166.3423,28.439124,15714.638343,10.968281,10.331530,16.361254,false
high_robot_intensity_translation,1203,0.105516,81.167210,18017142.4285,33.237300,15779.611095,12.389454,12.074640,16.428900,false
high_robot_intensity_translation,1204,0.129005,62.586048,13751953.5596,25.369051,12188.308584,9.553205,9.216216,12.689825,false
high_robot_intensity_translation,1205,0.134708,63.307933,13910044.9090,25.660691,12764.922505,9.663394,9.322165,13.290165,false
high_robot_intensity_translation,1206,0.148296,53.866474,11686695.2682,21.559145,11227.161270,8.222239,7.832132,11.689129,false
high_robot_intensity_translation,1207,0.159642,48.506587,10545776.0190,19.454423,10013.839337,7.404100,7.067516,10.425882,false
high_robot_intensity_translation,1208,0.135503,69.650197,14675144.2933,27.072116,16198.544811,10.631484,9.834916,16.865072,false
high_robot_intensity_translation,1209,0.136105,61.361991,13444917.2129,24.802642,12183.750395,9.366363,9.010448,12.685080,false
high_robot_intensity_translation,1210,0.134656,58.474683,12598428.2240,23.241074,12390.628158,8.925641,8.443152,12.900470,false
high_robot_intensity_translation,1211,0.163645,48.194667,10558241.7601,19.477420,9803.551779,7.356488,7.075870,10.206942,false
high_robot_intensity_translation,1212,0.137267,61.778312,13414690.3478,24.746881,13248.486500,9.429911,8.990191,13.793627,false
high_robot_intensity_translation,1213,0.150358,47.840958,10531571.6252,19.428220,9113.264243,7.302498,7.057997,9.488251,false
high_robot_intensity_translation,1214,0.155263,62.771712,13037501.2935,24.051058,15600.977048,9.581545,8.737408,16.242916,false
high_robot_intensity_translation,1215,0.134774,60.764110,13896306.9416,25.635348,10255.386759,9.275102,9.312958,10.677369,false
high_robot_intensity_translation,1216,0.155674,51.444223,11219359.0969,20.697022,10536.574105,7.852504,7.518935,10.970126,false
high_robot_intensity_translation,1217,0.136662,66.499261,14579359.7962,26.895417,13799.919326,10.150522,9.770723,14.367750,false
high_robot_intensity_translation,1218,0.141135,55.337223,12330545.3024,22.746894,9962.988893,8.446736,8.263624,10.372940,false
high_robot_intensity_translation,1219,0.119567,81.681353,16914713.7808,31.203584,20083.017081,12.467934,11.335819,20.909380,false
high_robot_intensity_translation,1220,0.133712,82.480851,18088497.9877,33.368933,17001.430146,12.589970,12.122460,17.700994,false
high_robot_intensity_translation,1221,0.160637,45.877906,9986021.6224,18.421811,9239.586231,7.002855,6.692383,9.619771,false
high_robot_intensity_translation,1222,0.148882,63.686424,13155833.3334,24.269352,15964.695115,9.721167,8.816711,16.621600,false
high_robot_intensity_translation,1223,0.140439,57.952470,12461823.6871,22.989071,12627.151214,8.845930,8.351603,13.146725,false
high_robot_intensity_translation,1224,0.140250,67.942655,13946147.8361,25.727293,17098.377722,10.370843,9.346361,17.801931,false
high_robot_intensity_translation,1225,0.148177,71.450074,14882397.9738,27.454449,17661.066516,10.906220,9.973812,18.387773,false
high_robot_intensity_translation,1226,0.140688,62.234398,13313721.6214,24.560618,14034.021630,9.499529,8.922524,14.611485,false
high_robot_intensity_translation,1227,0.147148,61.391408,13373888.3980,24.671611,12727.910386,9.370854,8.962847,13.251630,false
high_robot_intensity_translation,1228,0.137924,69.967799,14419971.3997,26.601383,17415.802079,10.679964,9.663905,18.132416,false
high_robot_intensity_translation,1229,0.121919,74.630118,16169930.8868,29.829638,16276.132180,11.391625,10.836684,16.945852,false
high_robot_intensity_translation,1230,0.111565,70.013184,15494486.1413,28.583605,13847.577343,10.686891,10.384018,14.417369,false
high_robot_intensity_translation,1231,0.128989,65.944129,15376661.6791,28.366247,10130.577185,10.065786,10.305055,10.547424,false
high_robot_intensity_translation,1232,0.129894,72.972876,14937515.9195,27.556129,18469.044336,11.138662,10.010751,19.228997,false
high_robot_intensity_translation,1233,0.136957,55.036071,11998566.5920,22.134473,10313.401725,8.400768,8.041140,10.737771,false
high_robot_intensity_translation,1234,0.143792,61.502525,13500770.8459,24.905679,11855.942480,9.387815,9.047880,12.343783,false
high_robot_intensity_translation,1235,0.153759,74.534948,15322488.9985,28.266311,19379.029838,11.377098,10.268750,20.176426,false
high_robot_intensity_translation,1236,0.149025,51.000200,11313996.1977,20.871605,9793.376558,7.784728,7.582358,10.196348,false
high_robot_intensity_translation,1237,0.148981,52.884802,12158811.0241,22.430085,8015.462552,8.072396,8.148532,8.345278,false
high_robot_intensity_translation,1238,0.122961,68.468117,15022039.1466,27.712054,13709.546872,10.451050,10.067396,14.273658,false
high_robot_intensity_translation,1239,0.149755,52.398578,11562201.0639,21.329483,10159.794992,7.998178,7.748699,10.577844,false
high_robot_intensity_translation,1240,0.139182,64.263736,13423558.1664,24.763240,15532.780008,9.809289,8.996134,16.171913,false
high_robot_intensity_translation,1241,0.123274,72.747774,16138308.4473,29.771302,13751.399465,11.104302,10.815492,14.317233,false
high_robot_intensity_translation,1242,0.151438,60.708314,12664857.4657,23.363620,14798.893973,9.266585,8.487672,15.407829,false
high_robot_intensity_translation,1243,0.134650,66.455000,14669829.2616,27.062311,13023.540959,10.143766,9.831354,13.559425,false
high_robot_intensity_translation,1244,0.119848,72.405640,15670612.3632,28.908515,15623.290768,11.052078,10.502054,16.266148,false
high_robot_intensity_translation,1245,0.187644,55.706696,11210049.9861,20.679849,14739.772209,8.503133,7.512696,15.346275,false
high_robot_intensity_translation,1246,0.138441,55.231780,12135003.5786,22.386166,11125.693141,8.430641,8.132577,11.583486,false
high_robot_intensity_translation,1247,0.138842,65.141416,14166295.3508,26.133412,13911.118624,9.943259,9.493898,14.483524,false
high_robot_intensity_translation,1248,0.123672,73.732111,15903829.3662,29.338745,16039.683206,11.254552,10.658350,16.699674,false
high_robot_intensity_translation,1249,0.116253,98.690909,20356418.4478,37.552702,25428.876737,15.064291,13.642364,26.475208,false
high_robot_intensity_translation,1250,0.142763,69.901594,14259176.8620,26.304756,18091.525097,10.669858,9.556145,18.835944,false
high_robot_intensity_translation,1251,0.147569,56.365842,12077011.4714,22.279185,12029.245308,8.603746,8.093712,12.524217,false
high_robot_intensity_translation,1252,0.161284,60.024683,12725238.8294,23.475009,13836.195717,9.162235,8.528138,14.405519,false
high_robot_intensity_translation,1253,0.148642,51.093945,11355783.7084,20.948693,9754.955187,7.799037,7.610363,10.156346,false
high_robot_intensity_translation,1254,0.134657,65.523530,14350150.5193,26.472580,13504.097256,10.001585,9.617113,14.059755,false
high_robot_intensity_translation,1255,0.137473,53.328268,11819768.1322,21.804633,9705.646964,8.140087,7.921314,10.105009,false
high_robot_intensity_translation,1256,0.162118,60.386205,12396737.5972,22.869003,15526.955578,9.217418,8.307984,16.165849,false
high_robot_intensity_translation,1257,0.124462,73.693678,15541602.8819,28.670524,17334.484058,11.248686,10.415595,18.047752,false
high_robot_intensity_translation,1258,0.159904,47.470003,10349786.1657,19.092869,9448.592625,7.245875,6.936169,9.837377,false
high_robot_intensity_translation,1259,0.148464,53.567846,11531111.4346,21.272131,11552.190703,8.176656,7.727863,12.027533,false
high_robot_intensity_translation,1260,0.158002,57.368523,12136468.8460,22.388870,13583.510924,8.756796,8.133559,14.142437,false
high_robot_intensity_translation,1261,0.154797,52.252494,11111571.5634,20.498180,11487.357035,7.975880,7.446698,11.960031,false
high_robot_intensity_translation,1262,0.168677,51.682168,11142206.1759,20.554694,10987.448695,7.888824,7.467229,11.439553,false
high_robot_intensity_translation,1263,0.153745,72.771484,14893620.2529,27.475152,19022.114606,11.107921,9.981333,19.804824,false
high_robot_intensity_translation,1264,0.158678,55.123344,11946114.3501,22.037711,11391.875743,8.414089,8.005988,11.860621,false
high_robot_intensity_translation,1265,0.152794,57.772689,12269620.8122,22.634503,13346.044965,8.818488,8.222794,13.895199,false
high_robot_intensity_translation,1266,0.149764,51.298994,11386002.9655,21.004440,9565.568005,7.830336,7.630615,9.959166,false
high_robot_intensity_translation,1267,0.122851,75.486454,16671439.0830,30.754800,14855.814730,11.522337,11.172783,15.467092,false
high_robot_intensity_translation,1268,0.156513,48.368926,10568859.0647,19.497006,9122.390670,7.383087,7.082986,9.497753,false
high_robot_intensity_translation,1269,0.148512,59.364862,13123167.1278,24.209091,11769.062072,9.061519,8.794819,12.253328,false
high_robot_intensity_translation,1270,0.160724,52.698458,11039571.1206,20.365357,12291.204170,8.043952,7.398445,12.796955,false
high_robot_intensity_translation,1271,0.162471,57.908104,12621379.3235,23.283413,12230.196204,8.839158,8.458534,12.733436,false
high_robot_intensity_translation,1272,0.119515,74.112358,15736775.6070,29.030571,16828.980853,11.312594,10.546395,17.521449,false
high_robot_intensity_translation,1273,0.153698,61.008725,12987106.8829,23.958092,13915.618678,9.312440,8.703635,14.488210,false
high_robot_intensity_translation,1274,0.155049,64.860539,14215510.8601,26.224203,12907.348605,9.900386,9.526881,13.438452,false
high_robot_intensity_translation,1275,0.184282,42.011485,9163441.5673,16.904348,8100.501879,6.412680,6.141110,8.433816,false
high_robot_intensity_translation,1276,0.167338,49.446323,10777617.4291,19.882115,10168.789140,7.547542,7.222890,10.587208,false
high_robot_intensity_translation,1277,0.126209,58.109007,12886906.4172,23.773247,10792.701617,8.869824,8.636483,11.236793,false
high_robot_intensity_translation,1278,0.154651,62.823979,13206494.0060,24.362809,14947.743519,9.589523,8.850663,15.562804,false
high_robot_intensity_translation,1279,0.159809,57.914457,12195801.4472,22.498324,13845.141671,8.840128,8.173322,14.414833,false
high_robot_intensity_translation,1280,0.130125,72.439032,15686183.8971,28.937241,15588.839093,11.057175,10.512489,16.230279,false
high_robot_intensity_translation,1281,0.159094,55.008683,11678645.5901,21.544296,12684.334498,8.396587,7.826737,13.206261,false
high_robot_intensity_translation,1282,0.152600,53.811011,11510916.1520,21.234875,11742.377214,8.213773,7.714329,12.225545,false
high_robot_intensity_translation,1283,0.163245,53.494134,11319363.6280,20.881507,12439.734044,8.165405,7.585955,12.951596,false
high_robot_intensity_translation,1284,0.142088,59.678601,13126827.3950,24.215843,12168.960194,9.109409,8.797272,12.669681,false
high_robot_intensity_translation,1285,0.163408,58.584909,12450672.2331,22.968499,13354.090084,8.942466,8.344130,13.903576,false
high_robot_intensity_translation,1286,0.139351,56.691407,12398035.0430,22.871396,11330.942265,8.653440,8.308854,11.797181,false
high_robot_intensity_translation,1287,0.149086,58.436375,12159618.4394,22.431575,14050.183260,8.919794,8.149073,14.628311,false
high_robot_intensity_translation,1288,0.108650,70.869091,16293409.3488,30.057426,11078.092867,10.817538,10.919437,11.533927,false
high_robot_intensity_translation,1289,0.136991,57.806481,12809235.9517,23.629963,10972.043847,8.823646,8.584431,11.423514,false
high_robot_intensity_translation,1290,0.143151,62.182723,14121126.5624,26.050086,10511.196583,9.491641,9.463627,10.943705,false
high_robot_intensity_translation,1291,0.130940,61.501147,13279648.1344,24.497761,13303.369996,9.387604,8.899689,13.850769,false
high_robot_intensity_translation,1292,0.138055,61.440417,13456421.3606,24.823865,12662.605242,9.378334,9.018158,13.183638,false
high_robot_intensity_translation,1293,0.124247,75.180638,15985699.3934,29.489775,17000.126022,11.475657,10.713217,17.699636,false
high_robot_intensity_translation,1294,0.142788,76.670828,16767045.8765,30.931172,15734.163593,11.703121,11.236856,16.381583,false
high_robot_intensity_translation,1295,0.178808,45.601565,9888676.0751,18.242232,9312.720039,6.960674,6.627144,9.695914,false
high_robot_intensity_translation,1296,0.130678,60.339191,13723623.8577,25.316789,10392.471220,9.210242,9.197231,10.820094,false
high_robot_intensity_translation,1297,0.139618,55.064006,12224653.0694,22.551548,10624.292876,8.405032,8.192658,11.061454,false
high_robot_intensity_translation,1298,0.138384,66.952156,14299558.7584,26.379251,14662.780971,10.219652,9.583208,15.266116,false
high_robot_intensity_translation,1299,0.157322,63.786175,13586096.2518,25.063084,14048.928617,9.736394,9.105063,14.627005,false
high_robot_intensity_translation,1300,0.166900,53.441853,11296828.2850,20.839934,12571.327532,8.157425,7.570853,13.088604,false
high_robot_intensity_translation,1301,0.128471,59.483987,12983474.4999,23.951392,11799.841885,9.079703,8.701201,12.285374,false
high_robot_intensity_translation,1302,0.160050,46.573879,10457628.5576,19.291813,8340.728936,7.109089,7.008442,8.683928,false
high_robot_intensity_translation,1303,0.141393,58.209038,12819590.9015,23.649066,11502.671702,8.885093,8.591370,11.975976,false
high_robot_intensity_translation,1304,0.127536,76.591325,16940275.8326,31.250739,14980.580125,11.690986,11.352950,15.596991,false
high_robot_intensity_translation,1305,0.141061,56.327376,12177579.5471,22.464709,11927.189668,8.597874,8.161110,12.417962,false
high_robot_intensity_translation,1306,0.142828,49.532710,11158535.3658,20.584817,8662.549688,7.560729,7.478172,9.018991,false
high_robot_intensity_translation,1307,0.143724,51.761329,11844498.9404,21.850255,8248.358210,7.900907,7.937888,8.587756,false
high_robot_intensity_translation,1308,0.137328,79.157761,17646981.2533,32.554441,14667.555570,12.082730,11.826567,15.271087,false
high_robot_intensity_translation,1309,0.130549,80.663651,17263728.2184,31.847431,18225.341601,12.312590,11.569720,18.975266,false
high_robot_intensity_translation,1310,0.147132,60.687552,13197661.6309,24.346515,13191.217973,9.263416,8.844744,13.734002,false
high_robot_intensity_translation,1311,0.131151,68.413898,14656451.6482,27.037632,15465.917984,10.442774,9.822388,16.102300,false
high_robot_intensity_translation,1312,0.132837,67.652893,15361756.8537,28.338751,11808.773268,10.326614,10.295066,12.294673,false
high_robot_intensity_translation,1313,0.116789,78.385042,17152284.5655,31.641845,15733.495728,11.964781,11.495033,16.380888,false
high_robot_intensity_translation,1314,0.137191,58.213376,13364201.4299,24.653741,9536.822780,8.885755,8.956355,9.929238,false
high_robot_intensity_translation,1315,0.125794,66.188946,14344789.7979,26.462691,13964.601200,10.103155,9.613520,14.539208,false
high_robot_intensity_translation,1316,0.147907,50.457028,11127648.7341,20.527839,9871.504580,7.701817,7.457473,10.277691,false
high_robot_intensity_translation,1317,0.115966,81.556232,17415703.5918,32.127789,18485.480173,12.448835,11.671570,19.246109,false
high_robot_intensity_translation,1318,0.128680,67.772532,15045312.3957,27.754987,13176.151890,10.344876,10.082993,13.718316,false
high_robot_intensity_translation,1319,0.154849,61.510365,13585935.3123,25.062787,11908.881808,9.389011,9.104955,12.398901,false
high_robot_intensity_translation,1320,0.124808,64.400216,14105240.1727,26.020780,12459.148121,9.830121,9.452980,12.971809,false
high_robot_intensity_translation,1321,0.145779,58.968817,12800678.5296,23.614177,12293.381679,9.001067,8.578696,12.799222,false
high_robot_intensity_translation,1322,0.134100,66.465367,14248414.5758,26.284902,14622.372476,10.145348,9.548932,15.224044,false
high_robot_intensity_translation,1323,0.099995,79.635347,17746111.9405,32.737313,14826.131902,12.155629,11.893002,15.436188,false
high_robot_intensity_translation,1324,0.133310,61.858667,13892129.3229,25.627641,11248.945305,9.442177,9.310159,11.711810,false
high_robot_intensity_translation,1325,0.160015,50.035533,10986139.0581,20.266787,10064.950726,7.637480,7.362636,10.479097,false
high_robot_intensity_translation,1326,0.124046,66.234465,14920626.9410,27.524972,12137.731458,10.110103,9.999432,12.637167,false
high_robot_intensity_translation,1327,0.159751,52.162715,11154805.0055,20.577936,11540.235255,7.962176,7.475672,12.015085,false
high_robot_intensity_translation,1328,0.146782,61.294535,13129189.9091,24.220201,13570.184228,9.356067,8.798856,14.128561,false
high_robot_intensity_translation,1329,0.133740,65.458904,14321234.0891,26.419237,13353.662268,9.991721,9.597734,13.903130,false
high_robot_intensity_translation,1330,0.157745,48.556499,10583519.6142,19.524051,9777.150860,7.411719,7.092811,10.179455,false
high_robot_intensity_translation,1331,0.145021,53.446018,11913534.8506,21.977610,9847.245640,8.158060,7.984154,10.252434,false
high_robot_intensity_translation,1332,0.154829,52.564880,11401219.5485,21.032511,11055.177038,8.023562,7.640813,11.510068,false
high_robot_intensity_translation,1333,0.146356,57.721870,13173265.8306,24.301511,9615.742394,8.810731,8.828394,10.011405,false
high_robot_intensity_translation,1334,0.155445,54.642844,11526516.1862,21.263653,12564.602591,8.340745,7.724784,13.081603,false
high_robot_intensity_translation,1335,0.158722,53.994422,11565728.2992,21.335990,11970.793504,8.241769,7.751063,12.463360,false
high_robot_intensity_translation,1336,0.156708,52.206396,11220474.7911,20.699081,11221.427309,7.968843,7.519682,11.683159,false
high_robot_intensity_translation,1337,0.123637,88.264345,18996019.7743,35.043093,19409.960752,13.472769,12.730659,20.208629,false
high_robot_intensity_translation,1338,0.133833,57.236966,12510849.2699,23.079511,11181.596717,8.736715,8.384459,11.641690,false
high_robot_intensity_translation,1339,0.122817,66.941709,14781840.6348,27.268945,13032.870261,10.218058,9.906421,13.569138,false
high_robot_intensity_translation,1340,0.149708,54.102468,11771174.5644,21.714989,11410.170876,8.258262,7.888748,11.879669,false
high_robot_intensity_translation,1341,0.168238,48.422619,10332405.8666,19.060807,10657.175097,7.391283,6.924521,11.095690,false
high_robot_intensity_translation,1342,0.108576,90.015873,20017136.6813,36.926809,17146.837399,13.740124,13.414986,17.852384,false
high_robot_intensity_translation,1343,0.156372,51.334090,11296993.3848,20.840239,9802.145492,7.835693,7.570963,10.205478,false
high_robot_intensity_translation,1344,0.131808,65.582074,14672860.2550,27.067902,11981.506351,10.010522,9.833385,12.474514,false
high_robot_intensity_translation,1345,0.119146,76.749951,17720691.1399,32.690418,12337.668000,11.715199,11.875965,12.845330,false
high_robot_intensity_translation,1346,0.154606,49.479299,10878681.5093,20.068554,9707.772835,7.552576,7.290621,10.107222,false
high_robot_intensity_translation,1347,0.152540,51.155829,11699519.9088,21.582804,8341.226504,7.808483,7.840727,8.684446,false
high_robot_intensity_translation,1348,0.166223,43.264926,9542924.0582,17.604402,7911.348806,6.604007,6.395430,8.236880,false
high_robot_intensity_translation,1349,0.131118,56.601427,12623917.6521,23.288095,10687.027292,8.639705,8.460235,11.126770,false
high_robot_intensity_translation,1350,0.151494,60.402901,13265686.7614,24.472005,12284.284583,9.219967,8.890332,12.789750,false
high_robot_intensity_translation,1351,0.182074,51.918163,10656652.5219,19.658964,12949.761909,7.924847,7.141823,13.482610,false
high_robot_intensity_translation,1352,0.147727,56.790393,12887795.1528,23.774886,9623.683394,8.668549,8.637079,10.019673,false
high_robot_intensity_translation,1353,0.120107,70.672130,15357077.8903,28.330120,14667.933850,10.787473,10.291931,15.271481,false
high_robot_intensity_translation,1354,0.142225,60.893015,13448639.8622,24.809510,11464.696241,9.294778,9.012943,11.936438,false
high_robot_intensity_translation,1355,0.189554,46.942031,9939091.9088,18.335237,10297.253260,7.165284,6.660932,10.720958,false
high_robot_intensity_translation,1356,0.125481,78.738983,16724526.4629,30.852734,18313.779753,12.018807,11.208361,19.067343,false
high_robot_intensity_translation,1357,0.128266,67.253048,15565246.2480,28.714140,10474.124217,10.265581,10.431440,10.905107,false
high_robot_intensity_translation,1358,0.155845,52.039339,11185951.8000,20.635394,11280.774146,7.943343,7.496546,11.744948,false
high_robot_intensity_translation,1359,0.126643,62.965847,13658853.9436,25.197304,12768.977484,9.611178,9.153823,13.294387,false
high_robot_intensity_translation,1360,0.136833,56.120319,12482640.4824,23.027473,10334.486794,8.566269,8.365554,10.759724,false
high_robot_intensity_translation,1361,0.169242,48.240348,10444157.1713,19.266961,10288.824769,7.363461,6.999414,10.712183,false
high_robot_intensity_translation,1362,0.141516,56.512928,12153056.6359,22.419470,11805.253379,8.626197,8.144676,12.291008,false
high_robot_intensity_translation,1363,0.157473,56.507682,12019913.9625,22.173854,12881.909019,8.625396,8.055447,13.411966,false
high_robot_intensity_translation,1364,0.141371,66.578789,14722966.0002,27.160335,13227.850883,10.162661,9.866965,13.772142,false
high_robot_intensity_translation,1365,0.137308,70.731644,14973411.9870,27.622348,16631.485431,10.796558,10.034807,17.315827,false
high_robot_intensity_translation,1366,0.151614,77.659810,16663091.4216,30.739401,17247.513365,11.854081,11.167188,17.957203,false
high_robot_intensity_translation,1367,0.142715,64.386842,13898833.2778,25.640009,13973.603364,9.828080,9.314651,14.548580,false
high_robot_intensity_translation,1368,0.141061,59.123771,13098039.4513,24.162736,11610.826828,9.024719,8.777979,12.088582,false
high_robot_intensity_translation,1369,0.113012,82.592925,18089503.4892,33.370788,17125.415857,12.607077,12.123134,17.830081,false
high_robot_intensity_translation,1370,0.135647,83.153575,18458694.8917,34.051858,16603.990582,12.692655,12.370557,17.287201,false
high_robot_intensity_translation,1371,0.151305,66.940734,13676855.2698,25.230512,17277.846638,10.217909,9.165887,17.988784,false
high_robot_intensity_translation,1372,0.146744,58.620494,12990273.8875,23.963935,11235.144202,8.947898,8.705758,11.697441,false
high_robot_intensity_translation,1373,0.116590,69.230963,14940357.7268,27.561371,14611.253825,10.567492,10.012655,15.212468,false
high_robot_intensity_translation,1374,0.128836,75.357062,15670448.4151,28.908213,18654.218798,11.502587,10.501944,19.421791,false
high_robot_intensity_translation,1375,0.137104,64.265089,13430812.4992,24.776623,15008.662614,9.809495,9.000996,15.626229,false
high_robot_intensity_translation,1376,0.136725,56.199939,12489478.7993,23.040088,10447.368081,8.578422,8.370137,10.877250,false
high_robot_intensity_translation,1377,0.170785,51.769591,10847570.3589,20.011161,12109.790757,7.902169,7.269771,12.608077,false
high_robot_intensity_translation,1378,0.135463,59.273935,13034993.0810,24.046431,11790.907885,9.047640,8.735727,12.276073,false
high_robot_intensity_translation,1379,0.139548,60.202017,13710122.4736,25.291882,10050.680609,9.189304,9.188182,10.464240,false
high_robot_intensity_translation,1380,0.145407,60.601876,13069258.5504,24.109642,13304.275946,9.250338,8.758691,13.851712,false
high_robot_intensity_translation,1381,0.152511,74.740295,15072731.0867,27.805568,20118.509296,11.408443,10.101369,20.946333,false
high_robot_intensity_translation,1382,0.153097,52.179931,11389606.7125,21.011088,10767.635701,7.964803,7.633030,11.210695,false
high_robot_intensity_translation,1383,0.162432,59.524580,12353689.7418,22.789590,14642.137833,9.085899,8.279135,15.244623,false
high_robot_intensity_translation,1384,0.127890,62.146313,14168983.4400,26.138371,10463.173118,9.486083,9.495699,10.893705,false
high_robot_intensity_translation,1385,0.154115,54.387107,11785210.8563,21.740883,11478.679597,8.301709,7.898154,11.950997,false
high_robot_intensity_translation,1386,0.145455,79.554903,16244414.1696,29.967042,21261.858106,12.143350,10.886601,22.136727,false
high_robot_intensity_translation,1387,0.138341,60.423084,13509342.2931,24.921491,11177.993717,9.223048,9.053624,11.637939,false
high_robot_intensity_translation,1388,0.152315,50.533026,10951261.9212,20.202447,10405.504119,7.713418,7.339263,10.833663,false
high_robot_intensity_translation,1389,0.150707,75.853784,15489901.2236,28.575147,19963.905818,11.578407,10.380946,20.785368,false
high_robot_intensity_translation,1390,0.135049,58.169940,12789597.7619,23.593735,11149.748371,8.879125,8.571270,11.608531,false
high_robot_intensity_translation,1391,0.148733,53.778035,11804208.4403,21.775929,10874.513468,8.208740,7.910886,11.321971,false
high_robot_intensity_translation,1392,0.143357,63.687346,13292461.8625,24.521399,15459.837875,9.721308,8.908276,16.095969,false
high_robot_intensity_translation,1393,0.117926,66.892875,14711512.0204,27.139206,13345.765781,10.210604,9.859289,13.894909,false
high_robot_intensity_translation,1394,0.154607,49.916018,11286981.2538,20.821769,8578.270877,7.619237,7.564253,8.931244,false
high_robot_intensity_translation,1395,0.163600,49.472630,10450085.0720,19.277897,10773.301822,7.551558,7.003386,11.216595,false
high_robot_intensity_translation,1396,0.118350,63.402678,14206432.2431,26.207455,11481.213991,9.677856,9.520797,11.953636,false
high_robot_intensity_translation,1397,0.142735,68.529100,15171828.7852,27.988379,13151.720610,10.460359,10.167781,13.692879,false
high_robot_intensity_translation,1398,0.160800,51.150018,11057425.2678,20.398293,10676.153141,7.807596,7.410411,11.115449,false
high_robot_intensity_translation,1399,0.129907,73.122726,15289929.0920,28.206246,17418.329207,11.161535,10.246929,18.135047,false
high_robot_intensity_translation,1400,0.146272,64.590494,13422517.7472,24.761321,15669.247607,9.859166,8.995437,16.313996,false
high_robot_intensity_translation,1401,0.148064,93.366714,18445870.9726,34.028201,27326.039137,14.251600,12.361963,28.450433,false
high_robot_intensity_translation,1402,0.142583,60.723056,12996978.8718,23.976304,13674.521186,9.268836,8.710251,14.237192,false
high_robot_intensity_translation,1403,0.136273,65.255086,14098707.1178,26.008728,14290.990438,9.960610,9.448602,14.879027,false
high_robot_intensity_translation,1404,0.114940,77.160973,16330676.6814,30.126175,17950.576021,11.777938,10.944412,18.689195,false
high_robot_intensity_translation,1405,0.115479,70.759752,15931653.6506,29.390074,12715.341271,10.800848,10.676997,13.238544,false
high_robot_intensity_translation,1406,0.165479,52.342742,10962241.2644,20.222702,12425.162297,7.989655,7.346621,12.936425,false
high_robot_intensity_translation,1407,0.130272,65.698691,14849015.0222,27.392866,12066.304873,10.028322,9.951440,12.562801,false
high_robot_intensity_translation,1408,0.154506,63.915629,13643069.9856,25.168187,14800.606432,9.756154,9.143245,15.409612,false
high_robot_intensity_translation,1409,0.165193,49.790990,10696237.5494,19.731989,10679.515501,7.600153,7.168352,11.118949,false
high_robot_intensity_translation,1410,0.151096,56.739697,12500131.0021,23.059739,10634.198108,8.660811,8.377276,11.071767,false
high_robot_intensity_translation,1411,0.122308,60.150387,13699927.7516,25.273076,10267.441181,9.181423,9.181350,10.689919,false
high_robot_intensity_translation,1412,0.130258,64.469925,14063953.1260,25.944615,13484.077460,9.840762,9.425311,14.038912,false
high_robot_intensity_translation,1413,0.138297,67.469465,14228211.5346,26.247632,16141.870607,10.298615,9.535393,16.806066,false
high_robot_intensity_translation,1414,0.138540,68.863451,14876876.2363,27.444263,15113.165251,10.511395,9.970111,15.735032,false
high_robot_intensity_translation,1415,0.103974,80.148493,17466236.1991,32.221010,16723.198600,12.233956,11.705436,17.411314,false
high_robot_intensity_translation,1416,0.162967,72.016025,14419101.9058,26.599779,19798.615999,10.992607,9.663323,20.613277,false
high_robot_intensity_translation,1417,0.127928,74.385806,15855984.9794,29.250483,17371.761921,11.354333,10.626286,18.086564,false
high_robot_intensity_translation,1418,0.130062,55.592921,12406677.9828,22.887340,10221.320484,8.485766,8.314646,10.641901,false
high_robot_intensity_translation,1419,0.137124,59.683698,12830296.2642,23.668814,12965.414407,9.110187,8.598545,13.498907,false
high_robot_intensity_translation,1420,0.115895,75.279775,16366527.1983,30.192311,15659.522144,11.490790,10.968438,16.303870,false
high_robot_intensity_translation,1421,0.162736,57.855958,12506230.2350,23.070990,12731.913776,8.831199,8.381364,13.255798,false
high_robot_intensity_translation,1422,0.101344,90.995657,19862996.3094,36.642457,19172.936357,13.889679,13.311685,19.961852,false
high_robot_intensity_translation,1423,0.129423,68.300559,14476299.3997,26.705295,16005.046153,10.425474,9.701655,16.663612,false
high_robot_intensity_translation,1424,0.127593,75.001348,17247462.7466,31.817426,12358.331915,11.448290,11.558819,12.866845,false
high_robot_intensity_translation,1425,0.147377,67.829639,14094634.7990,26.001215,16996.609087,10.353592,9.445873,17.695975,false
high_robot_intensity_translation,1426,0.139320,64.072559,13379808.1982,24.682532,15491.453909,9.780107,8.966814,16.128886,false
high_robot_intensity_translation,1427,0.145343,65.379108,13899047.6895,25.640404,14680.343640,9.979541,9.314795,15.284401,false
high_robot_intensity_translation,1428,0.139432,59.472352,12807228.2231,23.626259,12822.858184,9.077927,8.583085,13.350485,false
high_robot_intensity_translation,1429,0.111692,79.119430,17104231.5856,31.553198,17254.817339,12.076879,11.462830,17.964807,false
high_robot_intensity_translation,1430,0.153532,54.509192,12006266.6632,22.148678,10673.101280,8.320344,8.046301,11.112271,false
high_robot_intensity_translation,1431,0.153799,54.722494,11572573.9387,21.348619,12030.165402,8.352903,7.755650,12.525175,false
high_robot_intensity_translation,1432,0.126092,72.901425,15257666.3632,28.146729,17637.923851,11.127756,10.225308,18.363678,false
high_robot_intensity_translation,1433,0.142846,59.120560,12788009.9548,23.590806,12658.886489,9.024229,8.570205,13.179766,false
high_robot_intensity_translation,1434,0.168987,51.818820,11320146.4551,20.882951,10633.370171,7.909683,7.586480,11.070905,false
high_robot_intensity_translation,1435,0.142900,59.141570,12815466.2612,23.641457,12741.908461,9.027436,8.588606,13.266204,false
high_robot_intensity_translation,1436,0.121181,66.937093,15168074.4286,27.981454,11686.718475,10.217353,10.165265,12.167596,false
high_robot_intensity_translation,1437,0.144311,59.264840,12808649.6311,23.628882,12363.892111,9.046252,8.584038,12.872634,false
high_robot_intensity_translation,1438,0.125358,70.235504,16172095.0219,29.833630,11405.483381,10.720826,10.838135,11.874789,false
high_robot_intensity_translation,1439,0.136613,58.231843,12857678.4477,23.719328,11254.059253,8.888574,8.616895,11.717134,false
high_robot_intensity_translation,1440,0.144077,66.399432,13937947.9834,25.712166,15786.494597,10.135284,9.340865,16.436067,false
high_robot_intensity_translation,1441,0.141270,52.887882,11799030.7796,21.766377,9678.410512,8.072866,7.907416,10.076652,false
high_robot_intensity_translation,1442,0.154465,58.307435,12220692.4450,22.544242,13665.420356,8.900113,8.190003,14.227716,false
high_robot_intensity_translation,1443,0.131094,61.295601,13323675.4271,24.578980,12496.675173,9.356230,8.929195,13.010880,false
high_robot_intensity_translation,1444,0.125795,62.656003,14061100.3047,25.939352,11102.684895,9.563883,9.423399,11.559531,false
high_robot_intensity_translation,1445,0.140940,62.644931,13498426.8550,24.901355,13618.759799,9.562193,9.046309,14.179136,false
high_robot_intensity_translation,1446,0.139881,55.320391,12294278.2911,22.679990,10695.611616,8.444167,8.239319,11.135708,false
high_robot_intensity_translation,1447,0.140967,64.326398,13676572.5848,25.229991,14952.630697,9.818854,9.165698,15.567892,false
high_robot_intensity_translation,1448,0.129888,60.021667,13245222.2360,24.434253,12083.077056,9.161775,8.876618,12.580264,false
high_robot_intensity_translation,1449,0.136854,65.590839,13933066.8611,25.703161,14975.104424,10.011859,9.337594,15.591290,false
high_robot_intensity_translation,1450,0.123377,92.223739,18981078.7364,35.015531,24035.339218,14.077135,12.720646,25.024330,false
high_robot_intensity_translation,1451,0.126502,68.254644,14569479.3296,26.877189,14999.344703,10.418466,9.764102,15.616528,false
high_robot_intensity_translation,1452,0.140012,82.138064,16847270.1740,31.079166,21813.152531,12.537646,11.290620,22.710706,false
high_robot_intensity_translation,1453,0.133381,81.463535,16903848.6308,31.183540,20539.542211,12.434686,11.328538,21.384690,false
high_robot_intensity_translation,1454,0.167122,58.500625,12334959.4910,22.755037,13762.672559,8.929601,8.266582,14.328970,false
high_robot_intensity_translation,1455,0.158812,51.998086,11310965.0944,20.866013,10366.133412,7.937046,7.580327,10.792672,false
high_robot_intensity_translation,1456,0.139140,66.972315,14571637.5338,26.881171,13959.472326,10.222730,9.765548,14.533868,false
high_robot_intensity_translation,1457,0.132591,63.957745,13747035.5025,25.359978,14229.610468,9.762582,9.212920,14.815121,false
high_robot_intensity_translation,1458,0.125131,69.626346,14840991.5895,27.378064,15614.278013,10.627844,9.946062,16.256764,false
high_robot_intensity_translation,1459,0.128422,61.856078,13360511.7427,24.646935,13214.211467,9.441781,8.953882,13.757941,false
high_robot_intensity_translation,1460,0.143536,52.458077,11698452.6535,21.580835,9471.559711,8.007260,7.840011,9.861289,false
high_robot_intensity_translation,1461,0.154824,66.707495,13797755.8026,25.453545,16704.807979,10.182307,9.246912,17.392167,false
high_robot_intensity_translation,1462,0.146073,61.462609,13442299.6949,24.797814,12558.072873,9.381722,9.008694,13.074804,false
high_robot_intensity_translation,1463,0.152580,58.250887,12377962.5530,22.834367,12999.002145,8.891481,8.295402,13.533877,false
high_robot_intensity_translation,1464,0.127594,70.863648,15040372.7808,27.745875,16400.724925,10.816707,10.079683,17.075571,false
high_robot_intensity_translation,1465,0.109748,94.697361,20171926.0306,37.212358,22128.790532,14.454712,13.518722,23.039332,false
high_robot_intensity_translation,1466,0.149662,47.406833,10955414.8171,20.210109,7382.470659,7.236232,7.342046,7.686240,false
high_robot_intensity_translation,1467,0.152479,66.679976,14103005.2261,26.016657,15536.640065,10.178107,9.451482,16.175932,false
high_robot_intensity_translation,1468,0.135621,56.538581,12677266.7806,23.386512,10136.831657,8.630113,8.495988,10.553935,false
high_robot_intensity_translation,1469,0.213443,43.710049,8969738.2782,16.547012,10818.392386,6.671951,6.011295,11.263541,false
high_robot_intensity_translation,1470,0.131099,85.740836,18215818.9389,33.603810,19419.522864,13.087578,12.207788,20.218585,false
high_robot_intensity_translation,1471,0.142731,57.903992,13256394.5189,24.454863,9221.933405,8.838530,8.884105,9.601392,false
high_robot_intensity_translation,1472,0.137487,62.681609,13274494.7235,24.488254,14441.315901,9.567791,8.896235,15.035538,false
high_robot_intensity_translation,1473,0.158199,57.638244,12193231.8049,22.493584,13594.242678,8.797966,8.171600,14.153610,false
high_robot_intensity_translation,1474,0.144406,62.635014,12837263.0032,23.681666,15279.634052,9.560679,8.603214,15.908351,false
high_robot_intensity_translation,1475,0.165255,52.433213,11218835.7753,20.696057,11748.494204,8.003465,7.518584,12.231914,false
high_robot_intensity_translation,1476,0.152717,49.023056,10591685.9607,19.539116,10079.216205,7.482934,7.098284,10.493949,false
high_robot_intensity_translation,1477,0.132843,64.568358,14031306.2418,25.884389,13756.442444,9.855787,9.403432,14.322484,false
high_robot_intensity_translation,1478,0.164231,50.855714,11152903.3753,20.574428,10036.996837,7.762673,7.474398,10.449993,false
high_robot_intensity_translation,1479,0.132360,59.708524,12943037.1738,23.876794,12146.964488,9.113976,8.674101,12.646780,false
high_robot_intensity_translation,1480,0.154640,54.299954,11608744.8061,21.415345,12033.924537,8.288406,7.779891,12.529089,false
high_robot_intensity_translation,1481,0.128190,63.195373,13826080.6655,25.505797,12638.883840,9.646213,9.265895,13.158941,false
high_robot_intensity_translation,1482,0.123639,66.523607,14441250.7726,26.640639,14072.573282,10.154238,9.678166,14.651622,false
high_robot_intensity_translation,1483,0.158698,52.567824,11021551.0028,20.332114,11981.025432,8.024012,7.386369,12.474013,false
high_robot_intensity_translation,1484,0.145142,82.642930,16804815.5163,31.000848,21770.811633,12.614710,11.262168,22.666623,false
high_robot_intensity_translation,1485,0.120814,71.942213,15977204.2851,29.474104,13130.198624,10.981340,10.707524,13.670472,false
high_robot_intensity_translation,1486,0.137858,59.625058,12774827.1871,23.566487,13010.066366,9.101236,8.561371,13.545396,false
high_robot_intensity_translation,1487,0.141169,57.063214,12768742.1600,23.555262,10454.770985,8.710193,8.557293,10.884957,false
high_robot_intensity_translation,1488,0.133304,65.316666,14468538.2156,26.690977,12758.234546,9.970009,9.696454,13.283202,false
high_robot_intensity_translation,1489,0.122581,73.367567,16815090.7201,31.019803,12838.704504,11.198908,11.269055,13.366983,false
high_robot_intensity_translation,1490,0.133732,76.384543,16456187.4795,30.357713,16295.245418,11.659423,11.028527,16.965752,false
high_robot_intensity_translation,1491,0.120630,72.662514,16517638.5971,30.471075,12678.620361,11.091288,11.069710,13.200312,false
high_robot_intensity_translation,1492,0.146184,67.591902,14302332.8355,26.384368,16137.535087,10.317304,9.585067,16.801552,false
high_robot_intensity_translation,1493,0.136151,58.190427,12758919.5624,23.537142,11615.592631,8.882252,8.550710,12.093544,false
high_robot_intensity_translation,1494,0.162404,48.363442,10802403.3938,19.927839,8816.200823,7.382250,7.239501,9.178964,false
high_robot_intensity_translation,1495,0.126124,89.017439,19144172.1558,35.316399,20076.225316,13.587722,12.829947,20.902309,false
high_robot_intensity_translation,1496,0.177884,48.894930,10373620.3916,19.136838,11041.610422,7.463377,6.952142,11.495944,false
high_robot_intensity_translation,1497,0.113214,89.199494,18468239.2792,34.069465,22298.630243,13.615511,12.376953,23.216160,false
high_robot_intensity_translation,1498,0.135755,59.292856,13027036.3890,24.031753,11682.769448,9.050528,8.730395,12.163485,false
high_robot_intensity_translation,1499,0.131376,61.021237,13431663.4565,24.778192,11884.051493,9.314350,9.001566,12.373049,false
high_robot_intensity_translation,1500,0.136922,70.573507,14909796.0167,27.504992,16658.549440,10.772420,9.992174,17.344005,false
high_robot_intensity_translation,1501,0.153771,50.477454,10937299.3435,20.176690,10011.311251,7.704935,7.329905,10.423250,false
high_robot_intensity_translation,1502,0.119943,69.818867,15393724.7110,28.397724,13664.851303,10.657230,10.316490,14.227124,false
high_robot_intensity_translation,1503,0.134046,69.681876,15164959.2129,27.975707,14465.880447,10.636320,10.163178,15.061113,false
high_robot_intensity_translation,1504,0.141754,64.223098,13734141.0516,25.336191,14547.200960,9.803086,9.204279,15.145780,false
high_robot_intensity_translation,1505,0.157387,61.695630,12767375.4892,23.552741,15435.146527,9.417290,8.556377,16.070262,false
high_robot_intensity_translation,1506,0.122291,76.193067,16338302.6280,30.140243,16818.496799,11.630195,10.949523,17.510534,false
high_robot_intensity_translation,1507,0.143237,57.878375,12893376.8316,23.785183,10824.062442,8.834620,8.640820,11.269444,false
high_robot_intensity_translation,1508,0.127138,69.727279,15119519.0580,27.891881,14866.909543,10.643250,10.132725,15.478644,false
high_robot_intensity_translation,1509,0.140752,63.950394,14111519.4471,26.032363,12709.188034,9.761460,9.457188,13.232138,false
high_robot_intensity_translation,1510,0.155841,51.657158,11065560.3141,20.413301,11368.652725,7.885007,7.415863,11.836443,false
high_robot_intensity_translation,1511,0.145627,64.441248,13566697.6699,25.027298,15514.739273,9.836385,9.092062,16.153130,false
high_robot_intensity_translation,1512,0.172866,43.851552,9593568.1725,17.697829,8471.074616,6.693550,6.429370,8.819637,false
high_robot_intensity_translation,1513,0.127895,58.778409,13455658.5729,24.822458,9906.081488,8.972002,9.017647,10.313691,false
high_robot_intensity_translation,1514,0.159822,55.183306,12216382.1810,22.536290,10265.493699,8.423242,8.187115,10.687892,false
high_robot_intensity_translation,1515,0.151267,60.992660,13306680.1428,24.547628,12511.244500,9.309988,8.917805,13.026049,false
high_robot_intensity_translation,1516,0.150313,60.256169,12707876.4841,23.442979,13978.025057,9.197569,8.516502,14.553184,false
high_robot_intensity_translation,1517,0.152083,58.524062,12390134.5136,22.856822,13469.249738,8.933179,8.303559,14.023474,false
high_robot_intensity_translation,1518,0.134589,65.277238,14201447.5917,26.198259,14003.947364,9.963991,9.517456,14.580173,false
high_robot_intensity_translation,1519,0.163150,52.668045,11286953.1816,20.821717,11840.987393,8.039310,7.564235,12.328213,false
high_robot_intensity_translation,1520,0.139190,63.417616,13582736.5192,25.056886,14034.780623,9.680136,9.102811,14.612275,false
high_robot_intensity_translation,1521,0.115195,73.507098,16203020.2974,29.890680,15026.801568,11.220206,10.858860,15.645115,false
high_robot_intensity_translation,1522,0.151969,51.500970,11439532.9983,21.103190,9826.700693,7.861166,7.666490,10.231043,false
high_robot_intensity_translation,1523,0.138710,74.678842,15733526.3869,29.024577,17860.820298,11.399062,10.544217,18.595746,false
high_robot_intensity_translation,1524,0.135981,78.189286,16235111.6794,29.949881,19248.325765,11.934901,10.880367,20.040344,false
high_robot_intensity_translation,1525,0.172353,51.846588,10815370.9295,19.951761,12484.527716,7.913922,7.248192,12.998233,false
high_robot_intensity_translation,1526,0.153836,56.782847,11986768.8163,22.112709,13399.029286,8.667398,8.033234,13.950364,false
high_robot_intensity_translation,1527,0.149385,52.827481,11779817.7216,21.730934,9344.884319,8.063646,7.894540,9.729402,false
high_robot_intensity_translation,1528,0.159832,62.773470,12897285.7982,23.792394,16166.881137,9.581813,8.643439,16.832106,false
high_robot_intensity_translation,1529,0.162059,54.029332,11482764.6819,21.182942,11944.463040,8.247098,7.695463,12.435946,false
high_robot_intensity_translation,1530,0.149912,62.382743,13731375.1131,25.331088,12412.330963,9.522172,9.202425,12.923066,false
high_robot_intensity_translation,1531,0.140102,51.326837,11617019.7663,21.430611,8908.935052,7.834586,7.785437,9.275514,false
high_robot_intensity_translation,1532,0.168263,49.562757,10450089.3805,19.277905,11379.103979,7.565315,7.003389,11.847324,false
high_robot_intensity_translation,1533,0.113396,74.819659,16023819.5641,29.560098,16623.190352,11.420557,10.738764,17.307191,false
high_robot_intensity_translation,1534,0.162807,53.576349,11535340.4773,21.279932,11668.470773,8.177954,7.730698,12.148598,false
high_robot_intensity_translation,1535,0.156440,55.350970,11958378.2805,22.060335,11722.372428,8.448834,8.014207,12.204717,false
high_robot_intensity_translation,1536,0.146350,59.575707,13100927.4824,24.168064,11939.335630,9.093703,8.779915,12.430608,false
high_robot_intensity_translation,1537,0.127214,65.465606,14616664.5147,26.964235,11911.081006,9.992744,9.795724,12.401191,false
high_robot_intensity_translation,1538,0.138788,65.285950,13992100.6017,25.812064,14694.871367,9.965321,9.377157,15.299526,false
high_robot_intensity_translation,1539,0.162319,52.647511,11341536.9425,20.922411,11555.847153,8.036175,7.600815,12.031340,false
high_robot_intensity_translation,1540,0.119254,76.454012,17297809.0863,31.910302,13744.725976,11.670026,11.592560,14.310285,false
high_robot_intensity_translation,1541,0.166742,53.767563,11143994.3708,20.557993,13025.235711,8.207141,7.468427,13.561190,false
high_robot_intensity_translation,1542,0.133520,73.866734,16841537.4834,31.068591,12465.584677,11.275101,11.286778,12.978511,false
high_robot_intensity_translation,1543,0.122413,71.866195,15771450.2911,29.094537,14833.785979,10.969737,10.569633,15.444157,false
high_robot_intensity_translation,1544,0.126402,74.748872,16060460.5077,29.627692,16524.443765,11.409752,10.763320,17.204381,false
high_robot_intensity_translation,1545,0.146878,52.221455,11539503.4618,21.287612,10309.001324,7.971142,7.733487,10.733189,false
high_robot_intensity_translation,1546,0.120764,90.839467,18935410.3041,34.931283,23193.867928,13.865838,12.690040,24.148234,false
high_robot_intensity_translation,1547,0.138077,54.972661,11801543.1092,21.771012,11437.886647,8.391089,7.909100,11.908525,false
high_robot_intensity_translation,1548,0.149119,58.497016,12336495.0662,22.757870,13422.198397,8.929050,8.267611,13.974486,false
high_robot_intensity_translation,1549,0.133606,56.131217,12705084.7475,23.437829,9636.587538,8.567932,8.514631,10.033108,false
high_robot_intensity_translation,1550,0.138626,62.510853,13620847.1746,25.127191,12896.963591,9.541727,9.128352,13.427640,false
high_robot_intensity_translation,1551,0.147538,56.013595,11805517.4200,21.778344,12821.478005,8.549978,7.911763,13.349048,false
high_robot_intensity_translation,1552,0.151113,54.726307,12546556.7594,23.145383,8721.240034,8.353485,8.408389,9.080096,false
high_robot_intensity_translation,1553,0.129880,64.272400,14015199.7791,25.854677,13542.826262,9.810611,9.392637,14.100078,false
high_robot_intensity_translation,1554,0.148573,59.105483,12788704.8966,23.592088,12759.774999,9.021927,8.570671,13.284806,false
high_robot_intensity_translation,1555,0.148147,67.094072,14570024.3534,26.878195,14198.123652,10.241315,9.764467,14.782339,false
high_robot_intensity_translation,1556,0.142836,58.805958,12618862.8214,23.278771,12919.412913,8.976208,8.456847,13.451013,false
high_robot_intensity_translation,1557,0.137966,67.604425,14320276.6658,26.417470,15704.025281,10.319216,9.597092,16.350204,false
high_robot_intensity_translation,1558,0.133832,78.226178,16482144.6633,30.405597,18795.916167,11.940532,11.045922,19.569318,false
high_robot_intensity_translation,1559,0.152740,53.262628,11410662.3032,21.049931,11756.602096,8.130067,7.647141,12.240355,false
high_robot_intensity_translation,1560,0.154787,57.241736,12439983.8514,22.948782,12078.150868,8.737443,8.336967,12.575135,false
high_robot_intensity_translation,1561,0.168660,76.252724,15382154.6969,28.376380,20702.941134,11.639302,10.308737,21.554812,false
high_robot_intensity_translation,1562,0.134162,77.845435,16585233.4552,30.595772,17179.129014,11.882415,11.115010,17.886005,false
high_robot_intensity_translation,1563,0.140354,55.705055,12478710.6451,23.020223,9800.363022,8.502882,8.362921,10.203622,false
high_robot_intensity_translation,1564,0.136998,58.132621,13021293.1789,24.021158,10436.377210,8.873429,8.726546,10.865807,false
high_robot_intensity_translation,1565,0.173503,44.814703,9641544.6244,17.786334,9354.833965,6.840567,6.461523,9.739761,false
high_robot_intensity_translation,1566,0.142970,61.830236,13591584.1278,25.073208,12298.101525,9.437837,9.108741,12.804136,false
high_robot_intensity_translation,1567,0.129386,57.123758,12373671.4028,22.826451,11496.137133,8.719435,8.292526,11.969173,false
high_robot_intensity_translation,1568,0.149147,56.228649,11875708.2238,21.907829,12566.215994,8.582804,7.958804,13.083283,false
high_robot_intensity_translation,1569,0.122876,66.436807,14202496.4055,26.200194,14579.478465,10.140989,9.518159,15.179385,false
high_robot_intensity_translation,1570,0.115290,69.451796,15839366.7811,29.219827,11589.972962,10.601200,10.615149,12.066870,false
high_robot_intensity_translation,1571,0.134454,56.167221,12346446.5549,22.776228,10834.861399,8.573428,8.274281,11.280687,false
high_robot_intensity_translation,1572,0.153497,54.840302,12303386.4600,22.696792,9781.845453,8.370885,8.245423,10.184343,false
high_robot_intensity_translation,1573,0.152480,55.767572,12035577.3736,22.202749,11944.343863,8.512425,8.065944,12.435822,false
high_robot_intensity_translation,1574,0.128738,67.664386,14472874.9662,26.698978,14974.206269,10.328368,9.699360,15.590355,false
high_robot_intensity_translation,1575,0.148324,60.453410,12739937.5177,23.502124,14327.779482,9.227676,8.537988,14.917330,false
high_robot_intensity_translation,1576,0.142718,60.704859,13021192.8917,24.020973,13252.567825,9.266058,8.726479,13.797876,false
high_robot_intensity_translation,1577,0.145904,51.348107,11294065.0474,20.834837,9891.800211,7.837833,7.569001,10.298822,false
high_robot_intensity_translation,1578,0.149845,53.821037,11747371.0363,21.671078,11191.796249,8.215304,7.872795,11.652309,false
high_robot_intensity_translation,1579,0.157567,52.648769,11601437.7451,21.401866,10443.179682,8.036367,7.774994,10.872889,false
high_robot_intensity_translation,1580,0.155605,54.059113,11758894.4754,21.692336,11332.473263,8.251644,7.880518,11.798775,false
high_robot_intensity_translation,1581,0.187742,42.767783,9158417.9234,16.895081,9303.616492,6.528122,6.137743,9.686436,false
high_robot_intensity_translation,1582,0.147338,56.466665,12784025.1157,23.583455,9569.567887,8.619135,8.567535,9.963330,false
high_robot_intensity_translation,1583,0.145676,56.167284,12002133.0738,22.141052,12327.521637,8.573437,8.043530,12.834767,false
high_robot_intensity_translation,1584,0.171197,63.440575,12836731.3834,23.680686,16824.995812,9.683641,8.602857,17.517300,false
high_robot_intensity_translation,1585,0.142119,68.699119,14318484.2707,26.414164,16773.691637,10.486311,9.595891,17.463885,false
high_robot_intensity_translation,1586,0.172200,54.612033,11651440.5316,21.494109,12279.074883,8.336042,7.808505,12.784326,false
high_robot_intensity_translation,1587,0.130699,64.336732,14228105.4800,26.247437,12678.838640,9.820431,9.535322,13.200539,false
high_robot_intensity_translation,1588,0.134131,60.249335,13370297.3210,24.664987,11687.564593,9.196526,8.960440,12.168477,false
high_robot_intensity_translation,1589,0.134290,58.974770,12890688.7708,23.780224,11729.098839,9.001975,8.639018,12.211720,false
high_robot_intensity_translation,1590,0.120863,63.942555,14390455.6052,26.546934,11417.596909,9.760264,9.644125,11.887401,false
high_robot_intensity_translation,1591,0.135647,70.370389,14898104.8084,27.483424,16367.906592,10.741415,9.984338,17.041403,false
high_robot_intensity_translation,1592,0.125726,79.945606,17708006.8685,32.667019,15695.534111,12.202987,11.867465,16.341364,false
high_robot_intensity_translation,1593,0.164852,48.637815,10474204.9427,19.322392,9957.292952,7.424131,7.019551,10.367009,false
high_robot_intensity_translation,1594,0.134144,65.596562,14106968.1135,26.023967,14292.977686,10.012733,9.454138,14.881096,false
high_robot_intensity_translation,1595,0.133453,59.998689,12997262.3454,23.976827,12686.476536,9.158267,8.710441,13.208492,false
high_robot_intensity_translation,1596,0.158179,55.479922,11907691.8271,21.966831,11743.410676,8.468518,7.980238,12.226621,false
high_robot_intensity_translation,1597,0.118823,74.358186,16193305.7072,29.872759,15489.357864,11.350117,10.852350,16.126704,false
high_robot_intensity_translation,1598,0.134437,61.025993,13085769.6282,24.140101,13356.265274,9.315076,8.769757,13.905840,false
high_robot_intensity_translation,1599,0.166209,47.324293,10148619.4845,18.721765,9979.712328,7.223633,6.801352,10.390351,false
high_robot_intensity_translation,1600,0.181252,45.649406,9528457.0784,17.577714,10415.663732,6.967977,6.385734,10.844241,false
high_robot_intensity_translation,1601,0.129189,62.677453,13808190.0291,25.472794,12584.557139,9.567157,9.253905,13.102378,false
high_robot_intensity_translation,1602,0.133273,63.041018,13880849.4795,25.606833,12731.810218,9.622652,9.302599,13.255691,false
high_robot_intensity_translation,1603,0.143012,58.448089,12775820.6216,23.568320,12093.988184,8.921582,8.562036,12.591624,false
high_robot_intensity_translation,1604,0.146449,55.796725,12441717.2425,22.951980,10675.050716,8.516875,8.338129,11.114301,false
high_robot_intensity_translation,1605,0.156970,62.668107,12886570.1316,23.772626,15798.850899,9.565730,8.636258,16.448932,false
high_robot_intensity_translation,1606,0.143864,66.894074,13897385.6422,25.637338,16631.625032,10.210787,9.313681,17.315972,false
high_robot_intensity_translation,1607,0.141831,57.020364,12313890.0328,22.716169,11564.389647,8.703652,8.252462,12.040234,false
high_robot_intensity_translation,1608,0.143623,58.502737,13105889.5053,24.177218,10505.318047,8.929924,8.783240,10.937584,false
high_robot_intensity_translation,1609,0.129307,65.996230,14151130.3812,26.105436,14336.183227,10.073739,9.483735,14.926079,false
high_robot_intensity_translation,1610,0.144875,59.539011,12819701.2092,23.649269,12844.910652,9.088102,8.591444,13.373445,false
high_robot_intensity_translation,1611,0.165032,58.313268,12533313.0569,23.120952,12765.445267,8.901003,8.399514,13.290710,false
high_robot_intensity_translation,1612,0.153204,50.422689,10923183.0856,20.150649,10262.088106,7.696576,7.320445,10.684346,false
high_robot_intensity_translation,1613,0.144875,68.208113,14090178.6539,25.992995,16808.677462,10.411363,9.442886,17.500310,false
high_robot_intensity_translation,1614,0.125986,66.353307,14589579.5784,26.914270,13743.393238,10.128243,9.777572,14.308898,false
high_robot_intensity_translation,1615,0.140629,57.625575,12588515.5859,23.222787,12078.403912,8.796033,8.436509,12.575398,false
high_robot_intensity_translation,1616,0.161427,51.253677,11314605.8683,20.872730,9597.485498,7.823419,7.582767,9.992397,false
high_robot_intensity_translation,1617,0.189492,43.766529,9438267.4292,17.411336,9299.423688,6.680572,6.325291,9.682070,false
high_robot_intensity_translation,1618,0.137021,65.720312,14184520.6988,26.167033,14068.261269,10.031622,9.506112,14.647133,false
high_robot_intensity_translation,1619,0.136092,59.659944,13403833.8396,24.726854,10778.553047,9.106561,8.982915,11.222062,false
high_robot_intensity_translation,1620,0.122842,81.554573,17118003.6981,31.578605,19926.594484,12.448582,11.472059,20.746521,false
high_robot_intensity_translation,1621,0.158948,56.317588,11760979.0054,21.696181,13454.761252,8.596380,7.881915,14.008389,false
high_robot_intensity_translation,1622,0.144824,54.208652,12027813.5992,22.188427,9633.422946,8.274470,8.060741,10.029813,false
high_robot_intensity_translation,1623,0.129262,65.677112,14342164.2376,26.457848,13485.928291,10.025028,9.611761,14.040839,false
high_robot_intensity_translation,1624,0.160396,50.521704,11472686.2842,21.164350,8145.435346,7.711690,7.688708,8.480598,false
high_robot_intensity_translation,1625,0.129508,56.897337,12432569.5050,22.935104,11247.507133,8.684874,8.331998,11.710312,false
high_robot_intensity_translation,1626,0.131416,85.146635,18817705.2522,34.714146,17072.480502,12.996878,12.611157,17.774968,false
high_robot_intensity_translation,1627,0.138780,71.630463,14996281.9602,27.664538,17685.344053,10.933754,10.050134,18.413049,false
high_robot_intensity_translation,1628,0.136805,63.676949,13829349.3844,25.511827,12934.271216,9.719721,9.268085,13.466482,false
high_robot_intensity_translation,1629,0.131335,61.978239,13439844.5203,24.793285,12933.363281,9.460428,9.007049,13.465537,false
high_robot_intensity_translation,1630,0.121445,61.455287,14164109.3940,26.129379,9500.970810,9.380604,9.492433,9.891911,false
high_robot_intensity_translation,1631,0.141795,55.393072,11910207.6577,21.971472,11766.656459,8.455261,7.981924,12.250823,false
high_robot_intensity_translation,1632,0.151947,54.769912,11834407.5099,21.831639,11980.704196,8.360141,7.931125,12.473679,false
high_robot_intensity_translation,1633,0.170137,42.489089,9325815.7338,17.203890,7654.933792,6.485582,6.249929,7.969914,false
high_robot_intensity_translation,1634,0.148624,50.209519,10904130.4671,20.115501,10158.298837,7.664038,7.307676,10.576286,false
high_robot_intensity_translation,1635,0.132704,73.145225,15037832.7432,27.741189,18346.742950,11.164969,10.077981,19.101663,false
high_robot_intensity_translation,1636,0.109677,112.763021,24001936.6453,44.277807,26869.696087,17.212274,16.085499,27.975313,false
high_robot_intensity_translation,1637,0.140700,69.970591,15341436.4486,28.301265,14555.744179,10.680390,10.281448,15.154675,false
high_robot_intensity_translation,1638,0.166599,46.389288,10336645.5950,19.068628,8581.686636,7.080913,6.927362,8.934800,false
high_robot_intensity_translation,1639,0.171538,48.452258,10309277.7252,19.018141,10812.361680,7.395807,6.909021,11.257262,false
high_robot_intensity_translation,1640,0.132245,66.189023,14595530.9666,26.925248,13478.091535,10.103167,9.781561,14.032679,false
high_robot_intensity_translation,1641,0.129541,59.809360,13704198.8422,25.280955,9690.772767,9.129368,9.184212,10.089522,false
high_robot_intensity_translation,1642,0.123889,62.432860,14064294.6258,25.945245,11571.695058,9.529822,9.425540,12.047840,false
high_robot_intensity_translation,1643,0.136165,71.836859,15367170.5735,28.348738,15974.215428,10.965259,10.298695,16.631512,false
high_robot_intensity_translation,1644,0.126659,65.078918,14233060.7414,26.256578,13264.408061,9.933719,9.538642,13.810203,false
high_robot_intensity_translation,1645,0.105940,75.726868,16945042.7179,31.259533,13527.014913,11.559034,11.356145,14.083616,false
high_robot_intensity_translation,1646,0.172866,54.017903,11015840.3672,20.321579,13490.287704,8.245353,7.382542,14.045377,false
high_robot_intensity_translation,1647,0.138962,60.615764,13375347.9796,24.674304,12194.945419,9.252458,8.963825,12.696735,false
high_robot_intensity_translation,1648,0.169458,49.873570,10554725.5090,19.470933,11255.747807,7.612758,7.073514,11.718892,false
high_robot_intensity_translation,1649,0.136056,63.799102,14294085.3017,26.369154,11880.876406,9.738367,9.579540,12.369743,false
high_robot_intensity_translation,1650,0.103069,95.448281,21925876.4670,40.447975,16100.872816,14.569333,14.694176,16.763381,false
high_robot_intensity_translation,1651,0.134033,83.783941,18272943.7298,33.709192,17557.417130,12.788875,12.246071,18.279858,false
high_robot_intensity_translation,1652,0.139995,72.561348,15027010.1766,27.721224,18385.272729,11.075846,10.070728,19.141778,false
high_robot_intensity_translation,1653,0.147749,69.894824,14205890.9528,26.206456,18429.431587,10.668825,9.520434,19.187754,false
high_robot_intensity_translation,1654,0.126826,60.078738,13000344.0012,23.982512,12042.287225,9.170486,8.712506,12.537796,false
high_robot_intensity_translation,1655,0.175518,52.201751,10800434.0023,19.924206,12912.097925,7.968134,7.238182,13.443397,false
high_robot_intensity_translation,1656,0.146843,63.317354,13201017.4162,24.352706,15200.139654,9.664832,8.846993,15.825585,false
high_robot_intensity_translation,1657,0.137208,75.937279,15817043.5659,29.178646,18980.122506,11.591152,10.600188,19.761104,false
high_robot_intensity_translation,1658,0.163064,48.291767,10358806.0205,19.109509,10310.724046,7.371310,6.942213,10.734983,false
high_robot_intensity_translation,1659,0.161517,53.340433,11203623.5705,20.667994,12184.652188,8.141944,7.508389,12.686018,false
high_robot_intensity_translation,1660,0.145636,58.558537,12376823.6054,22.832266,13429.867260,8.938441,8.294639,13.982471,false
high_robot_intensity_translation,1661,0.134574,59.254918,13105438.7531,24.176386,11527.780682,9.044737,8.782938,12.002118,false
high_robot_intensity_translation,1662,0.154084,54.183588,12102968.8630,22.327070,10280.208629,8.270644,8.111108,10.703212,false
high_robot_intensity_translation,1663,0.131926,59.375874,12835958.8334,23.679261,12280.032988,9.063200,8.602340,12.785324,false
high_robot_intensity_translation,1664,0.139821,62.838643,13452072.3494,24.815842,14059.681398,9.591761,9.015243,14.638200,false
high_robot_intensity_translation,1665,0.151069,73.118962,14776517.1988,27.259125,19723.740949,11.160961,9.902853,20.535321,false
high_robot_intensity_translation,1666,0.136444,63.532315,13574756.9674,25.042166,14321.530391,9.697644,9.097464,14.910824,false
high_robot_intensity_translation,1667,0.113642,90.683867,18959643.0467,34.975987,21876.667586,13.842087,12.706280,22.776835,false
high_robot_intensity_translation,1668,0.143960,57.486828,12526946.2694,23.109207,11813.979266,8.774854,8.395247,12.300093,false
high_robot_intensity_translation,1669,0.145636,61.336146,12883350.2568,23.766686,14451.841871,9.362418,8.634100,15.046497,false
high_robot_intensity_translation,1670,0.123255,59.068492,13109583.5012,24.184032,11105.350107,9.016281,8.785716,11.562306,false
high_robot_intensity_translation,1671,0.155624,53.800429,11695423.9558,21.575248,10905.413795,8.212158,7.837982,11.354143,false
high_robot_intensity_translation,1672,0.154250,61.354617,13687218.8750,25.249631,11658.756429,9.365238,9.172833,12.138483,false
high_robot_intensity_translation,1673,0.146534,54.971222,12099518.2136,22.320705,11202.152261,8.390869,8.108795,11.663091,false
high_robot_intensity_translation,1674,0.167162,49.203133,11084167.7748,20.447627,8629.099471,7.510422,7.428333,8.984164,false
high_robot_intensity_translation,1675,0.153755,49.984148,11223780.2814,20.705178,8666.066845,7.629637,7.521898,9.022653,false
high_robot_intensity_translation,1676,0.142230,66.698382,14460220.6794,26.675633,14409.178158,10.180916,9.690879,15.002078,false
high_robot_intensity_translation,1677,0.140458,61.915297,13637749.6488,25.158372,12109.473757,9.450821,9.139680,12.607747,false
high_robot_intensity_translation,1678,0.117556,70.147843,15728557.8928,29.015411,13090.839179,10.707446,10.540887,13.629493,false
high_robot_intensity_translation,1679,0.169169,47.810135,10227800.8731,18.867836,10494.020043,7.297793,6.854417,10.925821,false
high_robot_intensity_translation,1680,0.138220,62.136949,13628546.9219,25.141395,12782.055635,9.484654,9.133512,13.308003,false
high_robot_intensity_translation,1681,0.165083,56.755286,11946109.4219,22.037702,13492.912273,8.663191,8.005985,14.048110,false
high_robot_intensity_translation,1682,0.147160,57.996862,12679643.3734,23.390896,11975.282266,8.852706,8.497581,12.468033,false
high_robot_intensity_translation,1683,0.130929,58.566875,13517464.2304,24.936474,9512.349502,8.939714,9.059067,9.903758,false
high_robot_intensity_translation,1684,0.157260,57.290822,12320488.6730,22.728342,12276.316427,8.744936,8.256884,12.781454,false
high_robot_intensity_translation,1685,0.164349,68.986712,13967820.3679,25.767273,18860.093317,10.530209,9.360885,19.636136,false
high_robot_intensity_translation,1686,0.137144,64.004962,13888045.4449,25.620108,13561.437844,9.769789,9.307422,14.119455,false
high_robot_intensity_translation,1687,0.141373,60.606149,13143585.2594,24.246757,12581.132266,9.250991,8.808503,13.098813,false
high_robot_intensity_translation,1688,0.148712,56.376141,12464338.0874,22.993710,10874.055506,8.605318,8.353289,11.321494,false
high_robot_intensity_translation,1689,0.153279,51.375384,11076897.4916,20.434215,11038.018394,7.841996,7.423460,11.492204,false
high_robot_intensity_translation,1690,0.165413,67.061364,13793392.2981,25.445495,16977.218194,10.236322,9.243988,17.675786,false
high_robot_intensity_translation,1691,0.145204,54.421835,11868333.7553,21.894225,10868.616973,8.307010,7.953861,11.315832,false
high_robot_intensity_translation,1692,0.117781,70.106597,15137065.3143,27.924249,14927.244941,10.701150,10.144484,15.541462,false
high_robot_intensity_translation,1693,0.135940,64.123153,13704326.7387,25.281191,14453.881833,9.787830,9.184298,15.048621,false
high_robot_intensity_translation,1694,0.145220,48.735605,10927247.5163,20.158147,8264.937756,7.439058,7.323169,8.605018,false
high_robot_intensity_translation,1695,0.164102,56.642755,12120539.6286,22.359484,12348.751048,8.646014,8.122883,12.856870,false
high_robot_intensity_translation,1696,0.140056,55.417817,12283974.5200,22.660982,10764.156208,8.459038,8.232413,11.207073,false
high_robot_intensity_translation,1697,0.138478,61.360296,12952790.3161,23.894787,14262.398821,9.366105,8.680637,14.849259,false
high_robot_intensity_translation,1698,0.127594,66.208886,14520790.5566,26.787370,12972.941675,10.106199,9.731472,13.506744,false
high_robot_intensity_translation,1699,0.145901,55.524479,12283966.6468,22.660968,11243.906359,8.475319,8.232408,11.706563,false
high_robot_intensity_translation,1700,0.142915,51.928601,11331585.6054,20.904053,10100.137593,7.926440,7.594146,10.515732,false
high_robot_intensity_translation,1701,0.140005,62.542184,13250185.3203,24.443409,14621.262175,9.546509,8.879944,15.222888,false
high_robot_intensity_translation,1702,0.145431,51.916901,11564771.3009,21.334225,9737.339443,7.924654,7.750421,10.138005,false
high_robot_intensity_translation,1703,0.132186,54.400252,12202843.4056,22.511315,9688.103580,8.303716,8.178041,10.086743,false
high_robot_intensity_translation,1704,0.145128,84.810954,16774347.4951,30.944642,24366.418785,12.945639,11.241749,25.369033,false
high_robot_intensity_translation,1705,0.150903,56.005408,12482358.5241,23.026953,10507.996292,8.548728,8.365365,10.940373,false
high_robot_intensity_translation,1706,0.132456,67.699295,14398157.9262,26.561143,15712.011634,10.333697,9.649286,16.358519,false
high_robot_intensity_translation,1707,0.124421,64.608200,14122075.7974,26.051837,13271.985147,9.861868,9.464263,13.818092,false
high_robot_intensity_translation,1708,0.141559,54.389268,12175969.7051,22.461739,9868.932113,8.302039,8.160031,10.275013,false
high_robot_intensity_translation,1709,0.167381,56.792950,11778466.9397,21.728442,14081.622871,8.668940,7.893635,14.661044,false
high_robot_intensity_translation,1710,0.107724,89.992202,19539372.3435,36.045448,18962.903088,13.736511,13.094800,19.743176,false
high_robot_intensity_translation,1711,0.170224,48.550310,10623420.5267,19.597659,9521.791569,7.410774,7.119552,9.913588,false
high_robot_intensity_translation,1712,0.126691,73.953218,16571169.0409,30.569826,14127.216436,11.288302,11.105584,14.708514,false
high_robot_intensity_translation,1713,0.155879,63.666702,13946637.2049,25.728195,12965.927631,9.718157,9.346688,13.499441,false
high_robot_intensity_translation,1714,0.137992,61.462296,13379618.6924,24.682182,12955.742343,9.381674,8.966687,13.488837,false
high_robot_intensity_translation,1715,0.141309,67.222390,13976030.1144,25.782418,16413.636381,10.260901,9.366387,17.089014,false
high_robot_intensity_translation,1716,0.162047,48.374666,10752557.7521,19.835886,9423.258411,7.383963,7.206096,9.811001,false
high_robot_intensity_translation,1717,0.144600,61.028430,13343309.2243,24.615200,12442.409566,9.315448,8.942353,12.954382,false
high_robot_intensity_translation,1718,0.147772,59.801626,12667630.6961,23.368736,13992.530345,9.128187,8.489530,14.568286,false
high_robot_intensity_translation,1719,0.151694,54.031776,11586500.3914,21.374310,11792.119106,8.247471,7.764984,12.277334,false
high_robot_intensity_translation,1720,0.121304,73.290780,15757698.3291,29.069168,16329.074848,11.187187,10.560416,17.000973,false
high_robot_intensity_translation,1721,0.155248,46.901572,10889414.5655,20.088354,7033.672808,7.159109,7.297814,7.323090,false
high_robot_intensity_translation,1722,0.123690,92.182200,19970324.2443,36.840451,19969.131491,14.070795,13.383613,20.790808,false
high_robot_intensity_translation,1723,0.151369,47.866682,10596974.3765,19.548872,8921.623915,7.306424,7.101828,9.288725,false
high_robot_intensity_translation,1724,0.136155,68.804012,14349190.6429,26.470810,16753.060740,10.502322,9.616470,17.442405,false
high_robot_intensity_translation,1725,0.149889,57.160465,12113374.4983,22.346266,12703.957883,8.725038,8.118082,13.226692,false
high_robot_intensity_translation,1726,0.136548,67.931969,14628435.0032,26.985948,14919.865226,10.369212,9.803612,15.533778,false
high_robot_intensity_translation,1727,0.122031,76.011827,16398496.7858,30.251287,15592.101064,11.602531,10.989864,16.233675,false
high_robot_intensity_translation,1728,0.143096,55.486421,12475120.7872,23.013601,9918.474149,8.469510,8.360515,10.326593,false
high_robot_intensity_translation,1729,0.139596,59.284773,12802302.5005,23.617173,12721.056666,9.049294,8.579784,13.244495,false
high_robot_intensity_translation,1730,0.121640,81.637777,17325694.6772,31.961745,18735.685941,12.461282,11.611249,19.506610,false
high_robot_intensity_translation,1731,0.142685,54.494985,11913449.8779,21.977453,11235.822738,8.318176,7.984097,11.698147,false
high_robot_intensity_translation,1732,0.152246,56.915008,12113766.4599,22.346989,12770.726751,8.687571,8.118344,13.296208,false
high_robot_intensity_translation,1733,0.136448,67.332337,14819678.9086,27.338748,13650.356430,10.277684,9.931779,14.212033,false
high_robot_intensity_translation,1734,0.150918,56.139811,11855182.5373,21.869964,12675.423859,8.569244,7.945048,13.196984,false
high_robot_intensity_translation,1735,0.140053,51.123610,11454927.2784,21.131589,9257.826528,7.803565,7.676807,9.638762,false
high_robot_intensity_translation,1736,0.155409,71.017653,14515093.3150,26.776860,18514.543899,10.840214,9.727654,19.276368,false
high_robot_intensity_translation,1737,0.152651,56.715148,12336324.3138,22.757555,12067.627379,8.657064,8.267497,12.564178,false
high_robot_intensity_translation,1738,0.131030,57.278684,12508251.3915,23.074719,11462.230011,8.743083,8.382718,11.933870,false
high_robot_intensity_translation,1739,0.174015,52.325978,10986212.0368,20.266922,12601.182240,7.987096,7.362685,13.119688,false
high_robot_intensity_translation,1740,0.130370,63.001116,13538314.1541,24.974937,13866.384207,9.616561,9.073041,14.436949,false
high_robot_intensity_translation,1741,0.136456,68.440570,14035340.0346,25.891831,17157.782961,10.446846,9.406135,17.863780,false
high_robot_intensity_translation,1742,0.122791,63.001292,13893006.7939,25.629260,12429.643870,9.616588,9.310747,12.941091,false
high_robot_intensity_translation,1743,0.131420,73.904701,15850390.8361,29.240163,16997.688080,11.280897,10.622537,17.697098,false
high_robot_intensity_translation,1744,0.141093,52.174045,11640971.4546,21.474796,9631.926437,7.963905,7.801489,10.028255,false
high_robot_intensity_translation,1745,0.170298,45.325261,9753386.8865,17.992656,9631.235443,6.918499,6.536477,10.027535,false
high_robot_intensity_translation,1746,0.119091,70.717002,15790685.3018,29.130021,13202.826611,10.794323,10.582524,13.746088,false
high_robot_intensity_translation,1747,0.156655,49.118703,11165694.0155,20.598023,8207.154671,7.497534,7.482970,8.544857,false
high_robot_intensity_translation,1748,0.134184,52.354079,11588830.9476,21.378609,9248.356000,7.991386,7.766546,9.628901,false
high_robot_intensity_translation,1749,0.143190,66.836196,14414894.1275,26.592017,14145.455617,10.201952,9.660503,14.727504,false
high_robot_intensity_translation,1750,0.156152,56.473747,12089625.8907,22.302456,12506.380949,8.620216,8.102166,13.020985,false
high_robot_intensity_translation,1751,0.159191,54.906785,11571731.7731,21.347065,12837.595188,8.381033,7.755086,13.365828,false
high_robot_intensity_translation,1752,0.161446,48.522950,10934943.4735,20.172344,8621.837740,7.406598,7.328326,8.976604,false
high_robot_intensity_translation,1753,0.171565,48.608901,10378164.2767,19.145220,10565.477608,7.419717,6.955187,11.000219,false
high_robot_intensity_translation,1754,0.114901,81.218490,17126836.4878,31.594899,18944.543638,12.397282,11.477979,19.724062,false
high_robot_intensity_translation,1755,0.147333,50.555134,11158446.1864,20.584653,9233.625754,7.716793,7.478112,9.613565,false
high_robot_intensity_translation,1756,0.131083,74.803960,16106462.1688,29.712554,16658.716693,11.418161,10.794149,17.344179,false
high_robot_intensity_translation,1757,0.134127,53.849597,12043897.3225,22.218097,9644.498719,8.219663,8.071520,10.041344,false
high_robot_intensity_translation,1758,0.159048,68.382477,14298399.5756,26.377112,16250.113780,10.437978,9.582431,16.918763,false
high_robot_intensity_translation,1759,0.129666,65.151522,14258678.2183,26.303836,13428.343199,9.944802,9.555811,13.980884,false
high_robot_intensity_translation,1760,0.132668,61.732525,13721265.1228,25.312438,11884.206014,9.422922,9.195650,12.373210,false
high_robot_intensity_translation,1761,0.129714,68.699979,15138465.9102,27.926833,13958.344964,10.486442,10.145422,14.532694,false
high_robot_intensity_translation,1762,0.157364,53.310660,11425693.0395,21.077659,11560.981280,8.137399,7.657215,12.036685,false
high_robot_intensity_translation,1763,0.138906,66.280458,15048800.2332,27.761421,11193.375807,10.117124,10.085331,11.653954,false
high_robot_intensity_translation,1764,0.180127,45.374370,9924313.4481,18.307974,9193.115017,6.925995,6.651027,9.571387,false
high_robot_intensity_translation,1765,0.117717,84.880359,18817944.2072,34.714587,16646.056097,12.956234,12.611317,17.330997,false
high_robot_intensity_translation,1766,0.123874,61.386811,14019283.9290,25.862211,10466.244984,9.370152,9.395375,10.896903,false
high_robot_intensity_translation,1767,0.140156,81.168734,16751142.3983,30.901834,20990.204189,12.389687,11.226198,21.853896,false
high_robot_intensity_translation,1768,0.129659,81.290521,17326692.4878,31.963585,18536.117704,12.408277,11.611917,19.298830,false
high_robot_intensity_translation,1769,0.166280,50.873091,10724844.6434,19.784762,11550.686579,7.765326,7.187523,12.025967,false
high_robot_intensity_translation,1770,0.141278,56.258792,12198107.1869,22.502577,11664.376486,8.587405,8.174867,12.144335,false
high_robot_intensity_translation,1771,0.148618,65.525021,13438580.9220,24.790954,16749.756724,10.001813,9.006202,17.438965,false
high_robot_intensity_translation,1772,0.152454,54.539200,11904319.6783,21.960610,10749.307440,8.324925,7.977978,11.191613,false
high_robot_intensity_translation,1773,0.133692,59.810629,13291719.5631,24.520030,11441.953408,9.129562,8.907779,11.912760,false
high_robot_intensity_translation,1774,0.129053,71.730634,15305465.9869,28.234908,15963.738916,10.949045,10.257342,16.620605,false
high_robot_intensity_translation,1775,0.116631,90.626832,20164214.3184,37.198131,17851.336218,13.833382,13.513554,18.585872,false
high_robot_intensity_translation,1776,0.124724,65.164788,14455545.8339,26.667009,12736.912739,9.946827,9.687746,13.261003,false
high_robot_intensity_translation,1777,0.136234,53.412632,11867229.2752,21.892187,10123.811437,8.152964,7.953121,10.540380,false
high_robot_intensity_translation,1778,0.129033,74.069833,16553250.6888,30.536771,14363.722363,11.306103,11.093576,14.954752,false
high_robot_intensity_translation,1779,0.124476,69.469112,15050905.9846,27.765306,14719.280453,10.603843,10.086742,15.324940,false
high_robot_intensity_translation,1780,0.129460,75.074792,16510852.4470,30.458556,15390.944910,11.459501,11.065162,16.024242,false
high_robot_intensity_translation,1781,0.158411,47.720907,10473407.7538,19.320921,9454.099718,7.284173,7.019017,9.843111,false
high_robot_intensity_translation,1782,0.149171,59.736021,12984743.5794,23.953733,12583.594566,9.118173,8.702051,13.101376,false
high_robot_intensity_translation,1783,0.152376,55.635152,11975854.4709,22.092575,12162.714750,8.492212,8.025919,12.663178,false
high_robot_intensity_translation,1784,0.158001,62.459702,13672704.6003,25.222855,12963.839130,9.533919,9.163106,13.497267,false
high_robot_intensity_translation,1785,0.167155,48.330392,10799148.8541,19.921835,8962.088069,7.377205,7.237320,9.330854,false
high_robot_intensity_translation,1786,0.124511,63.590640,13990837.1172,25.809734,12461.082843,9.706547,9.376310,12.973823,false
high_robot_intensity_translation,1787,0.159030,50.194414,10898896.2775,20.105845,10570.575498,7.661732,7.304169,11.005527,false
high_robot_intensity_translation,1788,0.119803,71.204499,15813169.2701,29.171499,13855.525174,10.868735,10.597592,14.425643,false
high_robot_intensity_translation,1789,0.161351,48.373252,10411418.1676,19.206565,10411.594227,7.383748,6.977473,10.840004,false
high_robot_intensity_translation,1790,0.139887,79.812464,18027619.5682,33.256627,14534.175730,12.182664,12.081661,15.132219,false
high_robot_intensity_translation,1791,0.175640,50.192152,10859481.3273,20.033134,10065.324466,7.661386,7.277754,10.479486,false
high_robot_intensity_translation,1792,0.161153,56.466269,12164988.8512,22.441482,12843.886829,8.619075,8.152672,13.372379,false
high_robot_intensity_translation,1793,0.124735,63.860691,14084171.2062,25.981913,12343.917336,9.747768,9.438860,12.851837,false
high_robot_intensity_translation,1794,0.148733,60.523971,12964502.9458,23.916394,13455.884702,9.238447,8.688487,14.009559,false
high_robot_intensity_translation,1795,0.142672,50.183038,11238497.0148,20.732327,8457.318054,7.659995,7.531760,8.805314,false
high_robot_intensity_translation,1796,0.150897,63.649636,13581234.0645,25.054114,14347.786257,9.715552,9.101804,14.938160,false
high_robot_intensity_translation,1797,0.150986,55.835031,12348644.5892,22.780283,10801.860117,8.522722,8.275754,11.246328,false
high_robot_intensity_translation,1798,0.137299,67.869244,14894909.0164,27.477529,14184.896306,10.359638,9.982197,14.768567,false
high_robot_intensity_translation,1799,0.131013,61.319567,13158597.3586,24.274451,13438.124835,9.359888,8.818564,13.991068,false
high_robot_intensity_translation,1800,0.134797,66.178629,13783150.4098,25.426601,15671.615790,10.101580,9.237124,16.316461,false
high_robot_intensity_translation,1801,0.153390,58.973371,12495592.0036,23.051365,13950.563087,9.001762,8.374234,14.524592,false
high_robot_intensity_translation,1802,0.130810,65.305883,14254257.4972,26.295681,13291.271489,9.968363,9.552848,13.838172,false
high_robot_intensity_translation,1803,0.164472,56.391125,11737058.8313,21.652054,13797.559674,8.607605,7.865884,14.365293,false
high_robot_intensity_translation,1804,0.143285,63.585220,13486873.4316,24.880042,14797.231778,9.705720,9.038566,15.406099,false
high_robot_intensity_translation,1805,0.123257,79.159084,17516125.1446,32.313043,15646.467899,12.082932,11.738870,16.290279,false
high_robot_intensity_translation,1806,0.141710,55.764093,12344314.6697,22.772295,10640.417887,8.511894,8.272852,11.078243,false
high_robot_intensity_translation,1807,0.162281,49.345260,10535232.0870,19.434972,10885.378028,7.532116,7.060450,11.333283,false
high_robot_intensity_translation,1808,0.124085,64.950750,14340605.6258,26.454972,12429.042570,9.914156,9.610716,12.940465,false
high_robot_intensity_translation,1809,0.122136,77.255805,15888298.9346,29.310095,19365.567181,11.792413,10.647942,20.162409,false
high_robot_intensity_translation,1810,0.125114,65.745018,14814382.3302,27.328977,11806.280874,10.035393,9.928230,12.292078,false
high_robot_intensity_translation,1811,0.159041,57.074539,12121743.1381,22.361704,12635.407706,8.711922,8.123690,13.155321,false
high_robot_intensity_translation,1812,0.132750,66.420272,14040929.3370,25.902142,15034.284495,10.138465,9.409881,15.652906,false
high_robot_intensity_translation,1813,0.145613,59.979654,12410633.3738,22.894637,14332.724827,9.155362,8.317297,14.922479,false
high_robot_intensity_translation,1814,0.161887,54.936579,11543274.4379,21.294568,12709.416414,8.385581,7.736015,13.232375,false
high_robot_intensity_translation,1815,0.135187,71.263135,15189845.2266,28.021615,16382.895962,10.877685,10.179856,17.057009,false
high_robot_intensity_translation,1816,0.137861,66.178758,14748946.8989,27.208264,12228.682877,10.101600,9.884376,12.731861,false
high_robot_intensity_translation,1817,0.140021,80.448966,16531080.0645,30.495872,20608.320276,12.279821,11.078718,21.456298,false
high_robot_intensity_translation,1818,0.163149,53.812341,11216153.7488,20.691109,12844.068699,8.213976,7.516787,13.372568,false
high_robot_intensity_translation,1819,0.140136,57.357575,12990995.3874,23.965266,10132.379038,8.755125,8.706241,10.549300,false
high_robot_intensity_translation,1820,0.137067,57.453425,12491463.6776,23.043750,12052.071865,8.769755,8.371467,12.547983,false
high_robot_intensity_translation,1821,0.141105,66.327311,14278345.1081,26.340117,14733.114455,10.124275,9.568991,15.339343,false
high_robot_intensity_translation,1822,0.134415,74.410818,15672213.6730,28.911469,18123.291390,11.358151,10.503127,18.869017,false
high_robot_intensity_translation,1823,0.143033,56.045703,12701096.5386,23.430472,9515.815655,8.554879,8.511958,9.907366,false
high_robot_intensity_translation,1824,0.164304,67.436662,13651416.4254,25.183584,17819.174573,10.293608,9.148839,18.552387,false
high_robot_intensity_translation,1825,0.173730,44.372427,9938873.5766,18.334834,7936.022992,6.773057,6.660785,8.262569,false
high_robot_intensity_translation,1826,0.181397,52.552502,10833183.7861,19.984622,12895.670348,8.021673,7.260130,13.426293,false
high_robot_intensity_translation,1827,0.119811,68.400477,14813025.5908,27.326474,14349.101902,10.440726,9.927320,14.939530,false
high_robot_intensity_translation,1828,0.150691,53.384845,11579143.7402,21.360739,11418.810995,8.148723,7.760053,11.888665,false
high_robot_intensity_translation,1829,0.117567,84.299156,17667628.5745,32.592531,20386.952281,12.867518,11.840404,21.225821,false
high_robot_intensity_translation,1830,0.134671,65.312493,13895175.3797,25.633261,14641.605544,9.969372,9.312200,15.244069,false
high_robot_intensity_translation,1831,0.142462,60.542477,12981091.2002,23.946995,13056.671614,9.241272,8.699604,13.593919,false
high_robot_intensity_translation,1832,0.123096,62.748239,13869554.8802,25.585997,11977.641573,9.577962,9.295030,12.470490,false
high_robot_intensity_translation,1833,0.133808,73.306164,16190433.9930,29.867461,14633.479608,11.189535,10.850425,15.235609,false
high_robot_intensity_translation,1834,0.141670,61.748566,13872643.4296,25.591695,11316.707891,9.425371,9.297100,11.782361,false
high_robot_intensity_translation,1835,0.157134,54.843533,11544631.7561,21.297072,12435.968264,8.371379,7.736924,12.947675,false
high_robot_intensity_translation,1836,0.147546,51.310661,11334772.2156,20.909932,9755.829098,7.832117,7.596282,10.157256,false
high_robot_intensity_translation,1837,0.131814,59.470726,13222259.1064,24.391892,11048.553653,9.077679,8.861228,11.503172,false
high_robot_intensity_translation,1838,0.133570,66.052854,14130487.0519,26.067354,14601.697172,10.082382,9.469900,15.202518,false
high_robot_intensity_translation,1839,0.111532,75.094719,16391042.2594,30.237535,15161.245673,11.462542,10.984868,15.785091,false
high_robot_intensity_translation,1840,0.118008,78.735019,16739859.4880,30.881019,17903.412285,12.018202,11.218636,18.640090,false
high_robot_intensity_translation,1841,0.134078,71.523718,14913874.9537,27.512517,17577.407243,10.917461,9.994907,18.300671,false
high_robot_intensity_translation,1842,0.123045,73.513143,15954124.4909,29.431527,15887.175179,11.221129,10.692056,16.540890,false
high_robot_intensity_translation,1843,0.137588,61.147578,13211219.3839,24.371526,12945.496645,9.333635,8.853830,13.478170,false
high_robot_intensity_translation,1844,0.208844,36.425540,7795643.0531,14.381089,7572.136870,5.560035,5.224446,7.883710,false
high_robot_intensity_translation,1845,0.143878,60.876140,13033474.0061,24.043629,13496.996310,9.292203,8.734709,14.052362,false
high_robot_intensity_translation,1846,0.138286,65.899792,13802836.3162,25.462917,15837.019806,10.059018,9.250317,16.488671,false
high_robot_intensity_translation,1847,0.192979,43.260883,9247064.0706,17.058612,9689.057214,6.603390,6.197152,10.087736,false
high_robot_intensity_translation,1848,0.122681,63.365600,14466740.6261,26.687661,11251.760278,9.672196,9.695249,11.714740,false
high_robot_intensity_translation,1849,0.177769,44.927070,10019554.6379,18.483671,8125.604076,6.857719,6.714856,8.459951,false
high_robot_intensity_translation,1850,0.159178,44.806631,9848455.6219,18.168035,8560.354234,6.839335,6.600189,8.912590,false
high_robot_intensity_translation,1851,0.148365,61.070635,13013382.0405,24.006564,13567.818346,9.321890,8.721244,14.126098,false
high_robot_intensity_translation,1852,0.176753,68.645536,13609980.5155,25.107145,19707.904213,10.478132,9.121070,20.518832,false
high_robot_intensity_translation,1853,0.159785,48.176412,10579838.2423,19.517260,9462.743682,7.353702,7.090344,9.852111,false
high_robot_intensity_translation,1854,0.155768,62.552522,12972260.0566,23.930704,15250.400761,9.548087,8.693685,15.877914,false
high_robot_intensity_translation,1855,0.154700,55.129170,12021134.6535,22.176106,11245.766310,8.414979,8.056265,11.708500,false
high_robot_intensity_translation,1856,0.130442,67.510631,14585902.4505,26.907486,14530.548146,10.304899,9.775108,15.128442,false
high_robot_intensity_translation,1857,0.155547,58.601326,12090517.0837,22.304100,14368.875645,8.944972,8.102763,14.960117,false
high_robot_intensity_translation,1858,0.145036,53.310675,12002108.7352,22.141007,9525.020409,8.137401,8.043514,9.916950,false
high_robot_intensity_translation,1859,0.140817,63.576010,13349786.2659,24.627149,15214.832433,9.704314,8.946694,15.840883,false
high_robot_intensity_translation,1860,0.137098,56.455030,12196397.3157,22.499423,11962.050050,8.617359,8.173721,12.454257,false
high_robot_intensity_translation,1861,0.142520,71.989316,14971465.5099,27.618757,17751.436487,10.988530,10.033503,18.481861,false
high_robot_intensity_translation,1862,0.141316,59.479372,13405781.4559,24.730446,10221.480758,9.078998,8.984220,10.642068,false
high_robot_intensity_translation,1863,0.148618,60.343498,12715238.8680,23.456561,14054.673978,9.210899,8.521436,14.632987,false
high_robot_intensity_translation,1864,0.145180,70.994596,14870234.8673,27.432011,17142.090272,10.836695,9.965661,17.847442,false
high_robot_intensity_translation,1865,0.160260,49.526115,10962000.5987,20.222258,9362.860346,7.559722,7.346459,9.748117,false
high_robot_intensity_translation,1866,0.110633,80.592680,17282157.9641,31.881430,18233.087877,12.301757,11.582071,18.983331,false
high_robot_intensity_translation,1867,0.148758,56.248762,12354276.8754,22.790673,11171.830037,8.585874,8.279528,11.631521,false
high_robot_intensity_translation,1868,0.139019,59.054419,13125895.7373,24.214124,11225.699301,9.014133,8.796648,11.687607,false
high_robot_intensity_translation,1869,0.121916,89.601548,19042623.0240,35.129065,21019.486370,13.676881,12.761891,21.884383,false
high_robot_intensity_translation,1870,0.158990,52.983824,11301796.9178,20.849100,11905.660425,8.087511,7.574182,12.395547,false
high_robot_intensity_translation,1871,0.134270,63.412516,13853267.2008,25.555950,13010.187901,9.679358,9.284114,13.545523,false
high_robot_intensity_translation,1872,0.159020,61.291987,13546511.7546,24.990060,12033.893507,9.355678,9.078534,12.529056,false
high_robot_intensity_translation,1873,0.164489,49.216635,10777513.6739,19.881924,9712.863022,7.512483,7.222821,10.112522,false
high_robot_intensity_translation,1874,0.132451,58.424325,13097605.0349,24.161935,10788.064711,8.917955,8.777688,11.231965,false
high_robot_intensity_translation,1875,0.149087,60.840550,12870182.2831,23.742395,14113.468401,9.286770,8.625275,14.694200,false
high_robot_intensity_translation,1876,0.125169,70.658303,15853479.4182,29.245861,12832.585900,10.785363,10.624607,13.360613,false
high_robot_intensity_translation,1877,0.144094,57.039024,12820871.0640,23.651427,10285.824127,8.706501,8.592228,10.709059,false
high_robot_intensity_translation,1878,0.124476,63.321625,13940414.8799,25.716717,12644.100885,9.665484,9.342518,13.164372,false
high_robot_intensity_translation,1879,0.156634,54.117967,11587407.5053,21.375983,11658.093731,8.260627,7.765592,12.137793,false
high_robot_intensity_translation,1880,0.155179,57.221011,12751346.8680,23.523172,10846.519820,8.734280,8.545635,11.292825,false
high_robot_intensity_translation,1881,0.157898,63.621508,13153825.9900,24.265649,16213.683604,9.711259,8.815366,16.880834,false
high_robot_intensity_translation,1882,0.131294,67.904747,14652785.2857,27.030869,14784.883431,10.365057,9.819931,15.393242,false
high_robot_intensity_translation,1883,0.135951,57.276017,12742909.9050,23.507608,11002.149060,8.742676,8.539980,11.454858,false
high_robot_intensity_translation,1884,0.145479,64.846519,13973180.2047,25.777161,14237.576045,9.898246,9.364477,14.823415,false
high_robot_intensity_translation,1885,0.128485,67.900821,14585594.7245,26.906918,14678.597914,10.364458,9.774902,15.282583,false
high_robot_intensity_translation,1886,0.148068,62.333486,13073539.6901,24.117540,14873.909698,9.514653,8.761560,15.485932,false
high_robot_intensity_translation,1887,0.148647,56.949916,12269814.6913,22.634861,12102.582014,8.692899,8.222924,12.600571,false
high_robot_intensity_translation,1888,0.145745,57.193078,12711229.3650,23.449165,11285.379213,8.730016,8.518749,11.749743,false
high_robot_intensity_translation,1889,0.143942,69.173860,14550768.9832,26.842673,16305.864877,10.558776,9.751563,16.976808,false
high_robot_intensity_translation,1890,0.135152,58.422938,12467247.2050,22.999076,12781.599755,8.917743,8.355238,13.307529,false
high_robot_intensity_translation,1891,0.169415,52.492595,10898744.5240,20.105565,12733.630880,8.012529,7.304067,13.257586,false
high_robot_intensity_translation,1892,0.112352,92.634228,20118335.5600,37.113496,20008.236340,14.139793,13.482807,20.831522,false
high_robot_intensity_translation,1893,0.150362,52.118122,11555887.0743,21.317836,9922.931534,7.955369,7.744467,10.331234,false
high_robot_intensity_translation,1894,0.151403,56.554568,12231413.3232,22.564019,11840.596928,8.632553,8.197188,12.327806,false
high_robot_intensity_translation,1895,0.156694,59.834951,12472109.9401,23.008047,14682.115309,9.133274,8.358497,15.286246,false
high_robot_intensity_translation,1896,0.133590,59.074499,12765914.6586,23.550046,12539.844743,9.017198,8.555398,13.055826,false
high_robot_intensity_translation,1897,0.165910,54.749420,11611270.2746,21.420004,12386.377414,8.357013,7.781584,12.896044,false
high_robot_intensity_translation,1898,0.130944,61.260940,13659453.1068,25.198410,11448.255592,9.350939,9.154225,11.919321,false
high_robot_intensity_translation,1899,0.146925,56.871439,12165748.8492,22.442884,12566.139646,8.680920,8.153182,13.083203,false
high_robot_intensity_translation,1900,0.140527,68.032724,14301959.8539,26.383680,16601.332675,10.384591,9.584817,17.284434,false
high_robot_intensity_translation,1901,0.139784,51.483899,11348967.7455,20.936119,9711.850053,7.858560,7.605795,10.111467,false
high_robot_intensity_translation,1902,0.155139,49.886938,10894802.8776,20.098294,9762.459368,7.614798,7.301425,10.164159,false
high_robot_intensity_translation,1903,0.167641,47.044100,9958140.8647,18.370378,10074.050123,7.180864,6.673698,10.488571,false
high_robot_intensity_translation,1904,0.116878,68.838212,14930085.4761,27.542421,14502.002671,10.507542,10.005771,15.098722,false
high_robot_intensity_translation,1905,0.143533,52.882982,11464516.9203,21.149280,10966.096862,8.072118,7.683233,11.417323,false
high_robot_intensity_translation,1906,0.130432,61.825017,13887653.8046,25.619385,11129.467194,9.437040,9.307159,11.587415,false
high_robot_intensity_translation,1907,0.136511,66.329619,14168042.5781,26.136635,14944.372890,10.124628,9.495069,15.559294,false
high_robot_intensity_translation,1908,0.122644,59.619347,13518954.5801,24.939224,10167.176881,9.100364,9.060066,10.585529,false
high_robot_intensity_translation,1909,0.163368,60.174875,12464665.2463,22.994313,15192.105264,9.185161,8.353508,15.817220,false
high_robot_intensity_translation,1910,0.137583,64.269485,14283337.5183,26.349327,12079.457320,9.810166,9.572337,12.576495,false
high_robot_intensity_translation,1911,0.125721,85.206505,18369451.5737,33.887225,19037.706424,13.006017,12.310748,19.821058,false
high_robot_intensity_translation,1912,0.139486,54.136677,12124920.2919,22.367565,9957.192682,8.263483,8.125819,10.366905,false
high_robot_intensity_translation,1913,0.128120,61.634269,13736908.3278,25.341296,11512.868283,9.407924,9.206133,11.986592,false
high_robot_intensity_translation,1914,0.121502,76.952091,16175636.9590,29.840164,18451.108145,11.746054,10.840509,19.210322,false
high_robot_intensity_translation,1915,0.151062,55.832563,12080996.7319,22.286537,11863.021641,8.522345,8.096383,12.351154,false
high_robot_intensity_translation,1916,0.123923,82.294685,17415710.4087,32.127802,19390.110674,12.561553,11.671575,20.187962,false
high_robot_intensity_translation,1917,0.121982,64.970004,14305600.2457,26.390396,12516.750230,9.917095,9.587257,13.031781,false
high_robot_intensity_translation,1918,0.133238,66.753373,14286793.3447,26.355702,14543.794184,10.189310,9.574653,15.142233,false
high_robot_intensity_translation,1919,0.148682,59.099878,13106408.4021,24.178175,11181.026917,9.021072,8.783588,11.641097,false
high_robot_intensity_translation,1920,0.128748,75.523714,15879976.1189,29.294741,17873.304735,11.528025,10.642364,18.608744,false
high_robot_intensity_translation,1921,0.168184,50.872188,10652696.6709,19.651666,11997.718990,7.765188,7.139172,12.491393,false
high_robot_intensity_translation,1922,0.130360,69.078320,15289839.9122,28.206082,13335.927830,10.544193,10.246869,13.884666,false
high_robot_intensity_translation,1923,0.157752,49.662787,10757908.7849,19.845757,10253.972629,7.580584,7.209682,10.675897,false
high_robot_intensity_translation,1924,0.162536,57.479308,12031959.3482,22.196075,13514.980889,8.773706,8.063519,14.071087,false
high_robot_intensity_translation,1925,0.149430,63.577415,13845265.6314,25.541189,13313.365994,9.704528,9.278752,13.861176,false
high_robot_intensity_translation,1926,0.139922,65.197024,14000328.7334,25.827243,14342.785327,9.951747,9.382671,14.932953,false
high_robot_intensity_translation,1927,0.138088,56.425865,12559681.1041,23.169594,10393.000918,8.612908,8.417185,10.820645,false
high_robot_intensity_translation,1928,0.145562,49.169991,11161956.7647,20.591129,7895.858906,7.505363,7.480465,8.220753,false
high_robot_intensity_translation,1929,0.170741,52.354523,11012190.6860,20.314846,12231.167253,7.991453,7.380096,12.734447,false
high_robot_intensity_translation,1930,0.189852,46.873295,9742358.2319,17.972311,11323.620672,7.154792,6.529086,11.789558,false
high_robot_intensity_translation,1931,0.172294,45.255378,10227516.6947,18.867311,8165.999203,6.907832,6.854227,8.502008,false
high_robot_intensity_translation,1932,0.132389,58.013970,12917897.8889,23.830418,10997.458120,8.855318,8.657253,11.449974,false
high_robot_intensity_translation,1933,0.144313,61.484139,12851353.8788,23.707661,14720.759247,9.385008,8.612657,15.326480,false
high_robot_intensity_translation,1934,0.093247,108.693794,23977950.6622,44.233559,21843.648107,16.591143,16.069425,22.742457,false
high_robot_intensity_translation,1935,0.135504,53.545493,12092543.9828,22.307839,9187.740887,8.173244,8.104121,9.565792,false
high_robot_intensity_translation,1936,0.123597,61.823204,13957999.7225,25.749156,10797.514338,9.436763,9.354303,11.241804,false
high_robot_intensity_translation,1937,0.150707,60.097289,12812974.0902,23.636859,13283.048379,9.173318,8.586936,13.829611,false
high_robot_intensity_translation,1938,0.130283,71.965516,15486033.7831,28.568012,16051.207628,10.984897,10.378354,16.711672,false
high_robot_intensity_translation,1939,0.148165,53.755924,11558219.6473,21.322139,11347.911316,8.205365,7.746031,11.814848,false
high_robot_intensity_translation,1940,0.104438,91.281183,19257703.3219,35.525836,21599.453487,13.933263,12.906033,22.488214,false
high_robot_intensity_translation,1941,0.122044,74.772667,15770153.4633,29.092145,17525.135968,11.413384,10.568764,18.246249,false
high_robot_intensity_translation,1942,0.169537,49.791479,10565688.3739,19.491157,11225.347565,7.600227,7.080861,11.687241,false
high_robot_intensity_translation,1943,0.139201,54.856077,12413247.9323,22.899460,9421.779166,8.373293,8.319049,9.809460,false
high_robot_intensity_translation,1944,0.169383,48.069672,10343480.7369,19.081237,10556.855274,7.337409,6.931943,10.991242,false
high_robot_intensity_translation,1945,0.158441,50.528504,11181800.2735,20.627735,9748.363764,7.712728,7.493764,10.149483,false
high_robot_intensity_translation,1946,0.128343,75.348158,16549634.3632,30.530100,15707.197503,11.501228,11.091152,16.353507,false
high_robot_intensity_translation,1947,0.142365,52.283090,11420690.3792,21.068430,10303.973122,7.980550,7.653862,10.727954,false
high_robot_intensity_translation,1948,0.175861,53.535951,11208413.5759,20.676831,12815.023166,8.171788,7.511599,13.342328,false
high_robot_intensity_translation,1949,0.140766,68.415507,14502106.3445,26.752902,16074.990793,10.443020,9.718950,16.736434,false
high_robot_intensity_translation,1950,0.134216,59.676153,13033155.8725,24.043042,12176.835080,9.109035,8.734496,12.677880,false
high_robot_intensity_translation,1951,0.142065,60.445248,12888112.1946,23.775471,13592.746036,9.226431,8.637291,14.152052,false
high_robot_intensity_translation,1952,0.154830,71.495267,15542786.2686,28.672707,15086.915128,10.913118,10.416388,15.707702,false
high_robot_intensity_translation,1953,0.142237,62.048813,13132678.4821,24.226637,14280.108046,9.471201,8.801194,14.867697,false
high_robot_intensity_translation,1954,0.164446,50.645743,10916793.3961,20.138861,11139.482508,7.730623,7.316163,11.597843,false
high_robot_intensity_translation,1955,0.123110,81.362685,17675565.5856,32.607172,17515.027298,12.419292,11.845723,18.235724,false
high_robot_intensity_translation,1956,0.169758,40.690659,9187199.1418,16.948175,7014.390630,6.211068,6.157032,7.303014,false
high_robot_intensity_translation,1957,0.155904,57.589067,12194345.6390,22.495638,12991.683164,8.790460,8.172346,13.526257,false
high_robot_intensity_translation,1958,0.138728,66.251547,14943606.6941,27.567365,11742.588363,10.112711,10.014833,12.225765,false
high_robot_intensity_translation,1959,0.123375,68.209490,14681287.5096,27.083449,15025.419029,10.411573,9.839033,15.643675,false
high_robot_intensity_translation,1960,0.144930,57.700833,12496576.4742,23.053182,12112.106386,8.807520,8.374894,12.610488,false
high_robot_intensity_translation,1961,0.132999,71.932297,15647934.2995,28.866680,15222.120075,10.979827,10.486855,15.848470,false
high_robot_intensity_translation,1962,0.154410,55.457566,11968882.0643,22.079712,11849.193686,8.465105,8.021246,12.336757,false
high_robot_intensity_translation,1963,0.150934,52.549420,11338732.5735,20.917238,10971.466320,8.021203,7.598936,11.422913,false
high_robot_intensity_translation,1964,0.139491,64.636936,13720818.1508,25.311613,15038.223397,9.866255,9.195350,15.657007,false
high_robot_intensity_translation,1965,0.145154,60.730999,13179573.0368,24.313146,12850.332387,9.270048,8.832621,13.379090,false
high_robot_intensity_translation,1966,0.142354,53.164484,11858576.9852,21.876226,9961.245363,8.115087,7.947323,10.371124,false
high_robot_intensity_translation,1967,0.119173,80.834842,17312514.6750,31.937431,18021.112011,12.338721,11.602416,18.762633,false
high_robot_intensity_translation,1968,0.186186,53.566570,10910546.4698,20.127337,13820.472950,8.176461,7.311976,14.389149,false
high_robot_intensity_translation,1969,0.156963,54.999358,11948368.3731,22.041869,11451.136255,8.395164,8.007499,11.922320,false
high_robot_intensity_translation,1970,0.128674,66.739968,14482631.5732,26.716976,14519.417886,10.187264,9.705899,15.116854,false
high_robot_intensity_translation,1971,0.137221,52.259715,11849771.9819,21.859983,8911.229765,7.976982,7.941422,9.277903,false
high_robot_intensity_translation,1972,0.132830,88.445825,18680727.5611,34.461455,20900.913397,13.500470,12.519358,21.760931,false
high_robot_intensity_translation,1973,0.164214,55.994993,11942393.6772,22.030847,12660.524933,8.547139,8.003494,13.181472,false
high_robot_intensity_translation,1974,0.142724,79.271124,16677924.3671,30.766764,19326.821909,12.100033,11.177129,20.122070,false
high_robot_intensity_translation,1975,0.135222,63.104868,13771799.9832,25.405663,13178.322433,9.632398,9.229517,13.720576,false
high_robot_intensity_translation,1976,0.173738,46.016471,10133826.1291,18.694475,8894.977439,7.024006,6.791438,9.260982,false
high_robot_intensity_translation,1977,0.162926,53.105551,11675069.7377,21.537699,10782.554770,8.106091,7.824341,11.226228,false
high_robot_intensity_translation,1978,0.139488,67.291434,14237991.1024,26.265673,15425.585718,10.271440,9.541947,16.060308,false
high_robot_intensity_translation,1979,0.151290,51.358832,11674406.3143,21.536475,8719.090391,7.839470,7.823896,9.077858,false
high_robot_intensity_translation,1980,0.159763,49.182516,10610153.3949,19.573184,10381.809598,7.507275,7.110660,10.808994,false
high_robot_intensity_translation,1981,0.154729,56.095028,12019432.2676,22.172965,12112.575572,8.562408,8.055124,12.610976,false
high_robot_intensity_translation,1982,0.162234,49.951115,11435420.4490,21.095604,8193.007619,7.624594,7.663734,8.530128,false
high_robot_intensity_translation,1983,0.155314,60.227913,12536349.3759,23.126553,14689.335109,9.193256,8.401549,15.293762,false
high_robot_intensity_translation,1984,0.144518,62.887057,13182255.2869,24.318094,14585.789438,9.599151,8.834419,15.185956,false
high_robot_intensity_translation,1985,0.131681,89.136546,17687560.0220,32.629299,25079.931979,13.605903,11.853762,26.111905,false
high_robot_intensity_translation,1986,0.138141,60.856207,13683955.6819,25.243611,10457.266455,9.289160,9.170646,10.887555,false
high_robot_intensity_translation,1987,0.131295,60.019013,13229043.4261,24.404407,11628.377709,9.161370,8.865775,12.106855,false
high_robot_intensity_translation,1988,0.132979,55.341682,12334534.2890,22.754253,10517.574671,8.447417,8.266297,10.950345,false
high_robot_intensity_translation,1989,0.137780,56.264226,12521530.2179,23.099215,10551.747605,8.588235,8.391617,10.985924,false
high_robot_intensity_translation,1990,0.165189,57.311217,11852866.5378,21.865691,14337.110713,8.748049,7.943496,14.927045,false
high_robot_intensity_translation,1991,0.139395,53.714764,11786789.6590,21.743795,10757.535497,8.199082,7.899213,11.200180,false
high_robot_intensity_translation,1992,0.138950,55.374487,12409931.2602,22.893342,10538.724358,8.452424,8.316826,10.972365,false
high_robot_intensity_translation,1993,0.119915,89.755958,18602070.8161,34.316352,22760.928488,13.700450,12.466644,23.697481,false
high_robot_intensity_translation,1994,0.144068,64.257442,13589192.1065,25.068795,14754.907760,9.808328,9.107138,15.362033,false
high_robot_intensity_translation,1995,0.141845,72.480943,15675831.1203,28.918143,15861.200726,11.063573,10.505551,16.513847,false
high_robot_intensity_translation,1996,0.148484,64.102681,13245147.7141,24.434116,15992.976174,9.784705,8.876568,16.651045,false
high_robot_intensity_translation,1997,0.154864,59.607118,12857154.0627,23.718361,12909.189570,9.098497,8.616544,13.440369,false
high_robot_intensity_translation,1998,0.156182,73.366702,15102211.6515,27.859953,18921.385038,11.198776,10.121126,19.699950,false
high_robot_intensity_translation,1999,0.112631,79.420128,17099489.0649,31.544450,17616.627844,12.122778,11.459651,18.341506,false
high_robot_intensity_translation,2000,0.162530,63.915784,13254109.2683,24.450648,15889.814164,9.756177,8.882574,16.543638,false
