check_id,category,formula_or_rule,calculated_value,expected_value,tolerance,unit,status,interpretation,source_artifacts
portfolio_gross_conservation,portfolio,sum(pathway gross allocation) = summary allocation,100.000000000,100.000000000,0.000001000,GtCO2/year,pass,Checks allocation bookkeeping only; the target remains a stress-test assumption.,aether_pathway_portfolio_allocation.csv; aether_pathway_portfolio_summary.csv
portfolio_cost_conservation,portfolio,sum(pathway annual cost) = summary annual cost,8.400000000,8.400000000,0.000001000,trillion USD/year,pass,Checks that aggregate cost is traceable to pathway rows.,aether_pathway_portfolio_allocation.csv; aether_pathway_portfolio_summary.csv
portfolio_energy_conservation,portfolio,sum(pathway annual energy) = summary annual energy,56527.777777778,56527.777777778,0.000001000,TWh/year,pass,Checks bookkeeping; it does not establish deliverable electricity or heat.,aether_pathway_portfolio_allocation.csv; aether_pathway_portfolio_summary.csv
storage_signed_retention_then_debit_daccs_geologic,lifecycle accounting,physically_retained_after_100y - lifecycle_emissions_proxy,37.560019794,37.560019794,0.000050000,GtCO2e/year,pass,The storage proxy retains negative net results; only a later credit layer may use a zero floor.,aether_storage_lifecycle_routes.csv
storage_retention_bound_daccs_geologic,lifecycle accounting,physically retained = gross * retained fraction,39.960019794,39.960019794,0.000050000,GtCO2/year,pass,Physical retention remains a distinct quantity from lifecycle emissions and credits.,aether_storage_lifecycle_routes.csv
storage_signed_retention_then_debit_enhanced_weathering,lifecycle accounting,physically_retained_after_100y - lifecycle_emissions_proxy,17.600000000,17.600000000,0.000050000,GtCO2e/year,pass,The storage proxy retains negative net results; only a later credit layer may use a zero floor.,aether_storage_lifecycle_routes.csv
storage_retention_bound_enhanced_weathering,lifecycle accounting,physically retained = gross * retained fraction,20.000000000,20.000000000,0.000050000,GtCO2/year,pass,Physical retention remains a distinct quantity from lifecycle emissions and credits.,aether_storage_lifecycle_routes.csv
storage_signed_retention_then_debit_ocean_alkalinity_enhancement,lifecycle accounting,physically_retained_after_100y - lifecycle_emissions_proxy,12.018262954,12.018262954,0.000050000,GtCO2e/year,pass,The storage proxy retains negative net results; only a later credit layer may use a zero floor.,aether_storage_lifecycle_routes.csv
storage_retention_bound_ocean_alkalinity_enhancement,lifecycle accounting,physically retained = gross * retained fraction,14.268262954,14.268262954,0.000050000,GtCO2/year,pass,Physical retention remains a distinct quantity from lifecycle emissions and credits.,aether_storage_lifecycle_routes.csv
storage_signed_retention_then_debit_beccs,lifecycle accounting,physically_retained_after_100y - lifecycle_emissions_proxy,7.990004948,7.990004948,0.000050000,GtCO2e/year,pass,The storage proxy retains negative net results; only a later credit layer may use a zero floor.,aether_storage_lifecycle_routes.csv
storage_retention_bound_beccs,lifecycle accounting,physically retained = gross * retained fraction,9.990004948,9.990004948,0.000050000,GtCO2/year,pass,Physical retention remains a distinct quantity from lifecycle emissions and credits.,aether_storage_lifecycle_routes.csv
storage_signed_retention_then_debit_biochar,lifecycle accounting,physically_retained_after_100y - lifecycle_emissions_proxy,3.831400828,3.831400828,0.000050000,GtCO2e/year,pass,The storage proxy retains negative net results; only a later credit layer may use a zero floor.,aether_storage_lifecycle_routes.csv
storage_retention_bound_biochar,lifecycle accounting,physically retained = gross * retained fraction,4.911400828,4.911400828,0.000050000,GtCO2/year,pass,Physical retention remains a distinct quantity from lifecycle emissions and credits.,aether_storage_lifecycle_routes.csv
storage_signed_retention_then_debit_afforestation_reforestation,lifecycle accounting,physically_retained_after_100y - lifecycle_emissions_proxy,1.489103508,1.489103508,0.000050000,GtCO2e/year,pass,The storage proxy retains negative net results; only a later credit layer may use a zero floor.,aether_storage_lifecycle_routes.csv
storage_retention_bound_afforestation_reforestation,lifecycle accounting,physically retained = gross * retained fraction,2.739103508,2.739103508,0.000050000,GtCO2/year,pass,Physical retention remains a distinct quantity from lifecycle emissions and credits.,aether_storage_lifecycle_routes.csv
storage_signed_retention_then_debit_direct_ocean_capture,lifecycle accounting,physically_retained_after_100y - lifecycle_emissions_proxy,3.516001979,3.516001979,0.000050000,GtCO2e/year,pass,The storage proxy retains negative net results; only a later credit layer may use a zero floor.,aether_storage_lifecycle_routes.csv
storage_retention_bound_direct_ocean_capture,lifecycle accounting,physically retained = gross * retained fraction,3.996001979,3.996001979,0.000050000,GtCO2/year,pass,Physical retention remains a distinct quantity from lifecycle emissions and credits.,aether_storage_lifecycle_routes.csv
storage_signed_net_conservation,lifecycle accounting,sum(route signed net) = storage summary signed net,84.004794011,84.004794011,0.000050000,GtCO2e/year,pass,Portfolio storage summary must preserve signed accounting across pathways.,aether_storage_lifecycle_routes.csv; aether_storage_lifecycle_summary.csv
lca_signed_retention_then_debit_near_zero_clean_power_daccs_geologic,lifecycle accounting,gross * retained_fraction_after_100y - lifecycle_emissions,37.053909000,37.053889000,0.000050000,GtCO2e/year,pass,Signed net benefit preserves any negative physical-accounting result; lifecycle emissions are not reduced by the permanence haircut.,aether_lifecycle_emissions_by_pathway.csv
lca_credit_floor_then_mrv_near_zero_clean_power_daccs_geologic,lifecycle accounting,"max(signed_net, 0) * mrv_multiplier",34.173708000,34.173690208,0.000050000,GtCO2e/year,pass,Only the credit-eligible layer is floored at zero before MRV buffers apply.,aether_lifecycle_emissions_by_pathway.csv
lca_source_review_near_zero_clean_power_daccs_geologic,evidence boundary,human source and model review required,,,,,review_required,This LCA row is a scenario placeholder or lacks a source key; arithmetic agreement is not source validation.,aether_lifecycle_emissions_by_pathway.csv
lca_signed_retention_then_debit_near_zero_clean_power_enhanced_weathering,lifecycle accounting,gross * retained_fraction_after_100y - lifecycle_emissions,17.319722000,17.319722000,0.000050000,GtCO2e/year,pass,Signed net benefit preserves any negative physical-accounting result; lifecycle emissions are not reduced by the permanence haircut.,aether_lifecycle_emissions_by_pathway.csv
lca_credit_floor_then_mrv_near_zero_clean_power_enhanced_weathering,lifecycle accounting,"max(signed_net, 0) * mrv_multiplier",11.610276000,11.610275643,0.000050000,GtCO2e/year,pass,Only the credit-eligible layer is floored at zero before MRV buffers apply.,aether_lifecycle_emissions_by_pathway.csv
lca_source_review_near_zero_clean_power_enhanced_weathering,evidence boundary,human source and model review required,,,,,review_required,This LCA row is a scenario placeholder or lacks a source key; arithmetic agreement is not source validation.,aether_lifecycle_emissions_by_pathway.csv
lca_signed_retention_then_debit_near_zero_clean_power_ocean_alkalinity_enhancement,lifecycle accounting,gross * retained_fraction_after_100y - lifecycle_emissions,12.228471000,12.228478000,0.000050000,GtCO2e/year,pass,Signed net benefit preserves any negative physical-accounting result; lifecycle emissions are not reduced by the permanence haircut.,aether_lifecycle_emissions_by_pathway.csv
lca_credit_floor_then_mrv_near_zero_clean_power_ocean_alkalinity_enhancement,lifecycle accounting,"max(signed_net, 0) * mrv_multiplier",7.156346000,7.156349895,0.000050000,GtCO2e/year,pass,Only the credit-eligible layer is floored at zero before MRV buffers apply.,aether_lifecycle_emissions_by_pathway.csv
lca_source_review_near_zero_clean_power_ocean_alkalinity_enhancement,evidence boundary,human source and model review required,,,,,review_required,This LCA row is a scenario placeholder or lacks a source key; arithmetic agreement is not source validation.,aether_lifecycle_emissions_by_pathway.csv
lca_signed_retention_then_debit_near_zero_clean_power_beccs,lifecycle accounting,gross * retained_fraction_after_100y - lifecycle_emissions,8.140977000,8.140972000,0.000050000,GtCO2e/year,pass,Signed net benefit preserves any negative physical-accounting result; lifecycle emissions are not reduced by the permanence haircut.,aether_lifecycle_emissions_by_pathway.csv
lca_credit_floor_then_mrv_near_zero_clean_power_beccs,lifecycle accounting,"max(signed_net, 0) * mrv_multiplier",6.912259000,6.912255096,0.000050000,GtCO2e/year,pass,Only the credit-eligible layer is floored at zero before MRV buffers apply.,aether_lifecycle_emissions_by_pathway.csv
lca_source_review_near_zero_clean_power_beccs,evidence boundary,human source and model review required,,,,,review_required,This LCA row is a scenario placeholder or lacks a source key; arithmetic agreement is not source validation.,aether_lifecycle_emissions_by_pathway.csv
lca_signed_retention_then_debit_near_zero_clean_power_biochar,lifecycle accounting,gross * retained_fraction_after_100y - lifecycle_emissions,4.294401000,4.294402000,0.000050000,GtCO2e/year,pass,Signed net benefit preserves any negative physical-accounting result; lifecycle emissions are not reduced by the permanence haircut.,aether_lifecycle_emissions_by_pathway.csv
lca_credit_floor_then_mrv_near_zero_clean_power_biochar,lifecycle accounting,"max(signed_net, 0) * mrv_multiplier",2.617051000,2.617051523,0.000050000,GtCO2e/year,pass,Only the credit-eligible layer is floored at zero before MRV buffers apply.,aether_lifecycle_emissions_by_pathway.csv
lca_source_review_near_zero_clean_power_biochar,evidence boundary,human source and model review required,,,,,review_required,This LCA row is a scenario placeholder or lacks a source key; arithmetic agreement is not source validation.,aether_lifecycle_emissions_by_pathway.csv
lca_signed_retention_then_debit_near_zero_clean_power_afforestation_reforestation,lifecycle accounting,gross * retained_fraction_after_100y - lifecycle_emissions,2.483062000,2.483063000,0.000050000,GtCO2e/year,pass,Signed net benefit preserves any negative physical-accounting result; lifecycle emissions are not reduced by the permanence haircut.,aether_lifecycle_emissions_by_pathway.csv
lca_credit_floor_then_mrv_near_zero_clean_power_afforestation_reforestation,lifecycle accounting,"max(signed_net, 0) * mrv_multiplier",0.932886000,0.932886769,0.000050000,GtCO2e/year,pass,Only the credit-eligible layer is floored at zero before MRV buffers apply.,aether_lifecycle_emissions_by_pathway.csv
lca_source_review_near_zero_clean_power_afforestation_reforestation,evidence boundary,human source and model review required,,,,,review_required,This LCA row is a scenario placeholder or lacks a source key; arithmetic agreement is not source validation.,aether_lifecycle_emissions_by_pathway.csv
lca_signed_retention_then_debit_near_zero_clean_power_direct_ocean_capture,lifecycle accounting,gross * retained_fraction_after_100y - lifecycle_emissions,3.342502000,3.342500000,0.000050000,GtCO2e/year,pass,Signed net benefit preserves any negative physical-accounting result; lifecycle emissions are not reduced by the permanence haircut.,aether_lifecycle_emissions_by_pathway.csv
lca_credit_floor_then_mrv_near_zero_clean_power_direct_ocean_capture,lifecycle accounting,"max(signed_net, 0) * mrv_multiplier",2.751147000,2.751144900,0.000050000,GtCO2e/year,pass,Only the credit-eligible layer is floored at zero before MRV buffers apply.,aether_lifecycle_emissions_by_pathway.csv
lca_source_review_near_zero_clean_power_direct_ocean_capture,evidence boundary,human source and model review required,,,,,review_required,This LCA row is a scenario placeholder or lacks a source key; arithmetic agreement is not source validation.,aether_lifecycle_emissions_by_pathway.csv
lca_signed_retention_then_debit_low_carbon_mixed_power_daccs_geologic,lifecycle accounting,gross * retained_fraction_after_100y - lifecycle_emissions,36.309464000,36.309444000,0.000050000,GtCO2e/year,pass,Signed net benefit preserves any negative physical-accounting result; lifecycle emissions are not reduced by the permanence haircut.,aether_lifecycle_emissions_by_pathway.csv
lca_credit_floor_then_mrv_low_carbon_mixed_power_daccs_geologic,lifecycle accounting,"max(signed_net, 0) * mrv_multiplier",33.487130000,33.487110918,0.000050000,GtCO2e/year,pass,Only the credit-eligible layer is floored at zero before MRV buffers apply.,aether_lifecycle_emissions_by_pathway.csv
lca_source_review_low_carbon_mixed_power_daccs_geologic,evidence boundary,human source and model review required,,,,,review_required,This LCA row is a scenario placeholder or lacks a source key; arithmetic agreement is not source validation.,aether_lifecycle_emissions_by_pathway.csv
lca_signed_retention_then_debit_low_carbon_mixed_power_enhanced_weathering,lifecycle accounting,gross * retained_fraction_after_100y - lifecycle_emissions,17.158611000,17.158611000,0.000050000,GtCO2e/year,pass,Signed net benefit preserves any negative physical-accounting result; lifecycle emissions are not reduced by the permanence haircut.,aether_lifecycle_emissions_by_pathway.csv
lca_credit_floor_then_mrv_low_carbon_mixed_power_enhanced_weathering,lifecycle accounting,"max(signed_net, 0) * mrv_multiplier",11.502275000,11.502274884,0.000050000,GtCO2e/year,pass,Only the credit-eligible layer is floored at zero before MRV buffers apply.,aether_lifecycle_emissions_by_pathway.csv
lca_source_review_low_carbon_mixed_power_enhanced_weathering,evidence boundary,human source and model review required,,,,,review_required,This LCA row is a scenario placeholder or lacks a source key; arithmetic agreement is not source validation.,aether_lifecycle_emissions_by_pathway.csv
lca_signed_retention_then_debit_low_carbon_mixed_power_ocean_alkalinity_enhancement,lifecycle accounting,gross * retained_fraction_after_100y - lifecycle_emissions,12.049305000,12.049312000,0.000050000,GtCO2e/year,pass,Signed net benefit preserves any negative physical-accounting result; lifecycle emissions are not reduced by the permanence haircut.,aether_lifecycle_emissions_by_pathway.csv
lca_credit_floor_then_mrv_low_carbon_mixed_power_ocean_alkalinity_enhancement,lifecycle accounting,"max(signed_net, 0) * mrv_multiplier",7.051494000,7.051498369,0.000050000,GtCO2e/year,pass,Only the credit-eligible layer is floored at zero before MRV buffers apply.,aether_lifecycle_emissions_by_pathway.csv
lca_source_review_low_carbon_mixed_power_ocean_alkalinity_enhancement,evidence boundary,human source and model review required,,,,,review_required,This LCA row is a scenario placeholder or lacks a source key; arithmetic agreement is not source validation.,aether_lifecycle_emissions_by_pathway.csv
lca_signed_retention_then_debit_low_carbon_mixed_power_beccs,lifecycle accounting,gross * retained_fraction_after_100y - lifecycle_emissions,8.104866000,8.104861000,0.000050000,GtCO2e/year,pass,Signed net benefit preserves any negative physical-accounting result; lifecycle emissions are not reduced by the permanence haircut.,aether_lifecycle_emissions_by_pathway.csv
lca_credit_floor_then_mrv_low_carbon_mixed_power_beccs,lifecycle accounting,"max(signed_net, 0) * mrv_multiplier",6.881599000,6.881594329,0.000050000,GtCO2e/year,pass,Only the credit-eligible layer is floored at zero before MRV buffers apply.,aether_lifecycle_emissions_by_pathway.csv
lca_source_review_low_carbon_mixed_power_beccs,evidence boundary,human source and model review required,,,,,review_required,This LCA row is a scenario placeholder or lacks a source key; arithmetic agreement is not source validation.,aether_lifecycle_emissions_by_pathway.csv
lca_signed_retention_then_debit_low_carbon_mixed_power_biochar,lifecycle accounting,gross * retained_fraction_after_100y - lifecycle_emissions,4.274401000,4.274402000,0.000050000,GtCO2e/year,pass,Signed net benefit preserves any negative physical-accounting result; lifecycle emissions are not reduced by the permanence haircut.,aether_lifecycle_emissions_by_pathway.csv
lca_credit_floor_then_mrv_low_carbon_mixed_power_biochar,lifecycle accounting,"max(signed_net, 0) * mrv_multiplier",2.604863000,2.604863323,0.000050000,GtCO2e/year,pass,Only the credit-eligible layer is floored at zero before MRV buffers apply.,aether_lifecycle_emissions_by_pathway.csv
lca_source_review_low_carbon_mixed_power_biochar,evidence boundary,human source and model review required,,,,,review_required,This LCA row is a scenario placeholder or lacks a source key; arithmetic agreement is not source validation.,aether_lifecycle_emissions_by_pathway.csv
lca_signed_retention_then_debit_low_carbon_mixed_power_afforestation_reforestation,lifecycle accounting,gross * retained_fraction_after_100y - lifecycle_emissions,2.478895000,2.478897000,0.000050000,GtCO2e/year,pass,Signed net benefit preserves any negative physical-accounting result; lifecycle emissions are not reduced by the permanence haircut.,aether_lifecycle_emissions_by_pathway.csv
lca_credit_floor_then_mrv_low_carbon_mixed_power_afforestation_reforestation,lifecycle accounting,"max(signed_net, 0) * mrv_multiplier",0.931321000,0.931321603,0.000050000,GtCO2e/year,pass,Only the credit-eligible layer is floored at zero before MRV buffers apply.,aether_lifecycle_emissions_by_pathway.csv
lca_source_review_low_carbon_mixed_power_afforestation_reforestation,evidence boundary,human source and model review required,,,,,review_required,This LCA row is a scenario placeholder or lacks a source key; arithmetic agreement is not source validation.,aether_lifecycle_emissions_by_pathway.csv
lca_signed_retention_then_debit_low_carbon_mixed_power_direct_ocean_capture,lifecycle accounting,gross * retained_fraction_after_100y - lifecycle_emissions,3.192502000,3.192500000,0.000050000,GtCO2e/year,pass,Signed net benefit preserves any negative physical-accounting result; lifecycle emissions are not reduced by the permanence haircut.,aether_lifecycle_emissions_by_pathway.csv
lca_credit_floor_then_mrv_low_carbon_mixed_power_direct_ocean_capture,lifecycle accounting,"max(signed_net, 0) * mrv_multiplier",2.627685000,2.627682900,0.000050000,GtCO2e/year,pass,Only the credit-eligible layer is floored at zero before MRV buffers apply.,aether_lifecycle_emissions_by_pathway.csv
lca_source_review_low_carbon_mixed_power_direct_ocean_capture,evidence boundary,human source and model review required,,,,,review_required,This LCA row is a scenario placeholder or lacks a source key; arithmetic agreement is not source validation.,aether_lifecycle_emissions_by_pathway.csv
lca_signed_retention_then_debit_grid_leakage_case_daccs_geologic,lifecycle accounting,gross * retained_fraction_after_100y - lifecycle_emissions,33.517798000,33.517778000,0.000050000,GtCO2e/year,pass,Signed net benefit preserves any negative physical-accounting result; lifecycle emissions are not reduced by the permanence haircut.,aether_lifecycle_emissions_by_pathway.csv
lca_credit_floor_then_mrv_grid_leakage_case_daccs_geologic,lifecycle accounting,"max(signed_net, 0) * mrv_multiplier",30.912459000,30.912441116,0.000050000,GtCO2e/year,pass,Only the credit-eligible layer is floored at zero before MRV buffers apply.,aether_lifecycle_emissions_by_pathway.csv
lca_source_review_grid_leakage_case_daccs_geologic,evidence boundary,human source and model review required,,,,,review_required,This LCA row is a scenario placeholder or lacks a source key; arithmetic agreement is not source validation.,aether_lifecycle_emissions_by_pathway.csv
lca_signed_retention_then_debit_grid_leakage_case_enhanced_weathering,lifecycle accounting,gross * retained_fraction_after_100y - lifecycle_emissions,16.554444000,16.554444000,0.000050000,GtCO2e/year,pass,Signed net benefit preserves any negative physical-accounting result; lifecycle emissions are not reduced by the permanence haircut.,aether_lifecycle_emissions_by_pathway.csv
lca_credit_floor_then_mrv_grid_leakage_case_enhanced_weathering,lifecycle accounting,"max(signed_net, 0) * mrv_multiplier",11.097272000,11.097271535,0.000050000,GtCO2e/year,pass,Only the credit-eligible layer is floored at zero before MRV buffers apply.,aether_lifecycle_emissions_by_pathway.csv
lca_source_review_grid_leakage_case_enhanced_weathering,evidence boundary,human source and model review required,,,,,review_required,This LCA row is a scenario placeholder or lacks a source key; arithmetic agreement is not source validation.,aether_lifecycle_emissions_by_pathway.csv
lca_signed_retention_then_debit_grid_leakage_case_ocean_alkalinity_enhancement,lifecycle accounting,gross * retained_fraction_after_100y - lifecycle_emissions,11.377430000,11.377437000,0.000050000,GtCO2e/year,pass,Signed net benefit preserves any negative physical-accounting result; lifecycle emissions are not reduced by the permanence haircut.,aether_lifecycle_emissions_by_pathway.csv
lca_credit_floor_then_mrv_grid_leakage_case_ocean_alkalinity_enhancement,lifecycle accounting,"max(signed_net, 0) * mrv_multiplier",6.658299000,6.658303681,0.000050000,GtCO2e/year,pass,Only the credit-eligible layer is floored at zero before MRV buffers apply.,aether_lifecycle_emissions_by_pathway.csv
lca_source_review_grid_leakage_case_ocean_alkalinity_enhancement,evidence boundary,human source and model review required,,,,,review_required,This LCA row is a scenario placeholder or lacks a source key; arithmetic agreement is not source validation.,aether_lifecycle_emissions_by_pathway.csv
lca_signed_retention_then_debit_grid_leakage_case_beccs,lifecycle accounting,gross * retained_fraction_after_100y - lifecycle_emissions,7.969449000,7.969444000,0.000050000,GtCO2e/year,pass,Signed net benefit preserves any negative physical-accounting result; lifecycle emissions are not reduced by the permanence haircut.,aether_lifecycle_emissions_by_pathway.csv
lca_credit_floor_then_mrv_grid_leakage_case_beccs,lifecycle accounting,"max(signed_net, 0) * mrv_multiplier",6.766620000,6.766615817,0.000050000,GtCO2e/year,pass,Only the credit-eligible layer is floored at zero before MRV buffers apply.,aether_lifecycle_emissions_by_pathway.csv
lca_source_review_grid_leakage_case_beccs,evidence boundary,human source and model review required,,,,,review_required,This LCA row is a scenario placeholder or lacks a source key; arithmetic agreement is not source validation.,aether_lifecycle_emissions_by_pathway.csv
lca_signed_retention_then_debit_grid_leakage_case_biochar,lifecycle accounting,gross * retained_fraction_after_100y - lifecycle_emissions,4.199401000,4.199402000,0.000050000,GtCO2e/year,pass,Signed net benefit preserves any negative physical-accounting result; lifecycle emissions are not reduced by the permanence haircut.,aether_lifecycle_emissions_by_pathway.csv
lca_credit_floor_then_mrv_grid_leakage_case_biochar,lifecycle accounting,"max(signed_net, 0) * mrv_multiplier",2.559157000,2.559157573,0.000050000,GtCO2e/year,pass,Only the credit-eligible layer is floored at zero before MRV buffers apply.,aether_lifecycle_emissions_by_pathway.csv
lca_source_review_grid_leakage_case_biochar,evidence boundary,human source and model review required,,,,,review_required,This LCA row is a scenario placeholder or lacks a source key; arithmetic agreement is not source validation.,aether_lifecycle_emissions_by_pathway.csv
lca_signed_retention_then_debit_grid_leakage_case_afforestation_reforestation,lifecycle accounting,gross * retained_fraction_after_100y - lifecycle_emissions,2.463270000,2.463272000,0.000050000,GtCO2e/year,pass,Signed net benefit preserves any negative physical-accounting result; lifecycle emissions are not reduced by the permanence haircut.,aether_lifecycle_emissions_by_pathway.csv
lca_credit_floor_then_mrv_grid_leakage_case_afforestation_reforestation,lifecycle accounting,"max(signed_net, 0) * mrv_multiplier",0.925451000,0.925451290,0.000050000,GtCO2e/year,pass,Only the credit-eligible layer is floored at zero before MRV buffers apply.,aether_lifecycle_emissions_by_pathway.csv
lca_source_review_grid_leakage_case_afforestation_reforestation,evidence boundary,human source and model review required,,,,,review_required,This LCA row is a scenario placeholder or lacks a source key; arithmetic agreement is not source validation.,aether_lifecycle_emissions_by_pathway.csv
lca_signed_retention_then_debit_grid_leakage_case_direct_ocean_capture,lifecycle accounting,gross * retained_fraction_after_100y - lifecycle_emissions,2.630002000,2.630000000,0.000050000,GtCO2e/year,pass,Signed net benefit preserves any negative physical-accounting result; lifecycle emissions are not reduced by the permanence haircut.,aether_lifecycle_emissions_by_pathway.csv
lca_credit_floor_then_mrv_grid_leakage_case_direct_ocean_capture,lifecycle accounting,"max(signed_net, 0) * mrv_multiplier",2.164702000,2.164700400,0.000050000,GtCO2e/year,pass,Only the credit-eligible layer is floored at zero before MRV buffers apply.,aether_lifecycle_emissions_by_pathway.csv
lca_source_review_grid_leakage_case_direct_ocean_capture,evidence boundary,human source and model review required,,,,,review_required,This LCA row is a scenario placeholder or lacks a source key; arithmetic agreement is not source validation.,aether_lifecycle_emissions_by_pathway.csv
lca_signed_retention_then_debit_fossil_contaminated_case_daccs_geologic,lifecycle accounting,gross * retained_fraction_after_100y - lifecycle_emissions,27.934464000,27.934444000,0.000050000,GtCO2e/year,pass,Signed net benefit preserves any negative physical-accounting result; lifecycle emissions are not reduced by the permanence haircut.,aether_lifecycle_emissions_by_pathway.csv
lca_credit_floor_then_mrv_fossil_contaminated_case_daccs_geologic,lifecycle accounting,"max(signed_net, 0) * mrv_multiplier",25.763118000,25.763099668,0.000050000,GtCO2e/year,pass,Only the credit-eligible layer is floored at zero before MRV buffers apply.,aether_lifecycle_emissions_by_pathway.csv
lca_source_review_fossil_contaminated_case_daccs_geologic,evidence boundary,human source and model review required,,,,,review_required,This LCA row is a scenario placeholder or lacks a source key; arithmetic agreement is not source validation.,aether_lifecycle_emissions_by_pathway.csv
lca_signed_retention_then_debit_fossil_contaminated_case_enhanced_weathering,lifecycle accounting,gross * retained_fraction_after_100y - lifecycle_emissions,15.346111000,15.346111000,0.000050000,GtCO2e/year,pass,Signed net benefit preserves any negative physical-accounting result; lifecycle emissions are not reduced by the permanence haircut.,aether_lifecycle_emissions_by_pathway.csv
lca_credit_floor_then_mrv_fossil_contaminated_case_enhanced_weathering,lifecycle accounting,"max(signed_net, 0) * mrv_multiplier",10.287266000,10.287265509,0.000050000,GtCO2e/year,pass,Only the credit-eligible layer is floored at zero before MRV buffers apply.,aether_lifecycle_emissions_by_pathway.csv
lca_source_review_fossil_contaminated_case_enhanced_weathering,evidence boundary,human source and model review required,,,,,review_required,This LCA row is a scenario placeholder or lacks a source key; arithmetic agreement is not source validation.,aether_lifecycle_emissions_by_pathway.csv
lca_signed_retention_then_debit_fossil_contaminated_case_ocean_alkalinity_enhancement,lifecycle accounting,gross * retained_fraction_after_100y - lifecycle_emissions,10.033680000,10.033687000,0.000050000,GtCO2e/year,pass,Signed net benefit preserves any negative physical-accounting result; lifecycle emissions are not reduced by the permanence haircut.,aether_lifecycle_emissions_by_pathway.csv
lca_credit_floor_then_mrv_fossil_contaminated_case_ocean_alkalinity_enhancement,lifecycle accounting,"max(signed_net, 0) * mrv_multiplier",5.871910000,5.871914306,0.000050000,GtCO2e/year,pass,Only the credit-eligible layer is floored at zero before MRV buffers apply.,aether_lifecycle_emissions_by_pathway.csv
lca_source_review_fossil_contaminated_case_ocean_alkalinity_enhancement,evidence boundary,human source and model review required,,,,,review_required,This LCA row is a scenario placeholder or lacks a source key; arithmetic agreement is not source validation.,aether_lifecycle_emissions_by_pathway.csv
lca_signed_retention_then_debit_fossil_contaminated_case_beccs,lifecycle accounting,gross * retained_fraction_after_100y - lifecycle_emissions,7.698616000,7.698611000,0.000050000,GtCO2e/year,pass,Signed net benefit preserves any negative physical-accounting result; lifecycle emissions are not reduced by the permanence haircut.,aether_lifecycle_emissions_by_pathway.csv
lca_credit_floor_then_mrv_fossil_contaminated_case_beccs,lifecycle accounting,"max(signed_net, 0) * mrv_multiplier",6.536664000,6.536659642,0.000050000,GtCO2e/year,pass,Only the credit-eligible layer is floored at zero before MRV buffers apply.,aether_lifecycle_emissions_by_pathway.csv
lca_source_review_fossil_contaminated_case_beccs,evidence boundary,human source and model review required,,,,,review_required,This LCA row is a scenario placeholder or lacks a source key; arithmetic agreement is not source validation.,aether_lifecycle_emissions_by_pathway.csv
lca_signed_retention_then_debit_fossil_contaminated_case_biochar,lifecycle accounting,gross * retained_fraction_after_100y - lifecycle_emissions,4.049401000,4.049402000,0.000050000,GtCO2e/year,pass,Signed net benefit preserves any negative physical-accounting result; lifecycle emissions are not reduced by the permanence haircut.,aether_lifecycle_emissions_by_pathway.csv
lca_credit_floor_then_mrv_fossil_contaminated_case_biochar,lifecycle accounting,"max(signed_net, 0) * mrv_multiplier",2.467745000,2.467746073,0.000050000,GtCO2e/year,pass,Only the credit-eligible layer is floored at zero before MRV buffers apply.,aether_lifecycle_emissions_by_pathway.csv
lca_source_review_fossil_contaminated_case_biochar,evidence boundary,human source and model review required,,,,,review_required,This LCA row is a scenario placeholder or lacks a source key; arithmetic agreement is not source validation.,aether_lifecycle_emissions_by_pathway.csv
lca_signed_retention_then_debit_fossil_contaminated_case_afforestation_reforestation,lifecycle accounting,gross * retained_fraction_after_100y - lifecycle_emissions,2.432020000,2.432022000,0.000050000,GtCO2e/year,pass,Signed net benefit preserves any negative physical-accounting result; lifecycle emissions are not reduced by the permanence haircut.,aether_lifecycle_emissions_by_pathway.csv
lca_credit_floor_then_mrv_fossil_contaminated_case_afforestation_reforestation,lifecycle accounting,"max(signed_net, 0) * mrv_multiplier",0.913710000,0.913710665,0.000050000,GtCO2e/year,pass,Only the credit-eligible layer is floored at zero before MRV buffers apply.,aether_lifecycle_emissions_by_pathway.csv
lca_source_review_fossil_contaminated_case_afforestation_reforestation,evidence boundary,human source and model review required,,,,,review_required,This LCA row is a scenario placeholder or lacks a source key; arithmetic agreement is not source validation.,aether_lifecycle_emissions_by_pathway.csv
lca_signed_retention_then_debit_fossil_contaminated_case_direct_ocean_capture,lifecycle accounting,gross * retained_fraction_after_100y - lifecycle_emissions,1.505002000,1.505000000,0.000050000,GtCO2e/year,pass,Signed net benefit preserves any negative physical-accounting result; lifecycle emissions are not reduced by the permanence haircut.,aether_lifecycle_emissions_by_pathway.csv
lca_credit_floor_then_mrv_fossil_contaminated_case_direct_ocean_capture,lifecycle accounting,"max(signed_net, 0) * mrv_multiplier",1.238737000,1.238735400,0.000050000,GtCO2e/year,pass,Only the credit-eligible layer is floored at zero before MRV buffers apply.,aether_lifecycle_emissions_by_pathway.csv
lca_source_review_fossil_contaminated_case_direct_ocean_capture,evidence boundary,human source and model review required,,,,,review_required,This LCA row is a scenario placeholder or lacks a source key; arithmetic agreement is not source validation.,aether_lifecycle_emissions_by_pathway.csv
lca_summary_net_conservation_near_zero_clean_power,lifecycle accounting,sum(pathway net_after_retention_minus_lifecycle),84.863044000,84.863044000,0.000001000,GtCO2e/year,pass,Summary must equal the separately accounted pathway ledger.,aether_lifecycle_emissions_by_pathway.csv; aether_lifecycle_emissions_summary.csv
lca_summary_creditable_conservation_near_zero_clean_power,lifecycle accounting,sum(pathway creditable output),66.153673000,66.153673000,0.000001000,GtCO2e/year,pass,Summary creditable output must equal the pathway sum.,aether_lifecycle_emissions_by_pathway.csv; aether_lifecycle_emissions_summary.csv
lca_summary_net_conservation_low_carbon_mixed_power,lifecycle accounting,sum(pathway net_after_retention_minus_lifecycle),83.568044000,83.568044000,0.000001000,GtCO2e/year,pass,Summary must equal the separately accounted pathway ledger.,aether_lifecycle_emissions_by_pathway.csv; aether_lifecycle_emissions_summary.csv
lca_summary_creditable_conservation_low_carbon_mixed_power,lifecycle accounting,sum(pathway creditable output),65.086367000,65.086367000,0.000001000,GtCO2e/year,pass,Summary creditable output must equal the pathway sum.,aether_lifecycle_emissions_by_pathway.csv; aether_lifecycle_emissions_summary.csv
lca_summary_net_conservation_grid_leakage_case,lifecycle accounting,sum(pathway net_after_retention_minus_lifecycle),78.711794000,78.711794000,0.000001000,GtCO2e/year,pass,Summary must equal the separately accounted pathway ledger.,aether_lifecycle_emissions_by_pathway.csv; aether_lifecycle_emissions_summary.csv
lca_summary_creditable_conservation_grid_leakage_case,lifecycle accounting,sum(pathway creditable output),61.083960000,61.083960000,0.000001000,GtCO2e/year,pass,Summary creditable output must equal the pathway sum.,aether_lifecycle_emissions_by_pathway.csv; aether_lifecycle_emissions_summary.csv
lca_summary_net_conservation_fossil_contaminated_case,lifecycle accounting,sum(pathway net_after_retention_minus_lifecycle),68.999294000,68.999294000,0.000001000,GtCO2e/year,pass,Summary must equal the separately accounted pathway ledger.,aether_lifecycle_emissions_by_pathway.csv; aether_lifecycle_emissions_summary.csv
lca_summary_creditable_conservation_fossil_contaminated_case,lifecycle accounting,sum(pathway creditable output),53.079150000,53.079150000,0.000001000,GtCO2e/year,pass,Summary creditable output must equal the pathway sum.,aether_lifecycle_emissions_by_pathway.csv; aether_lifecycle_emissions_summary.csv
mrv_creditable_conservation,MRV accounting,sum(pathway creditable removal) = MRV summary,66.044000000,66.044000000,0.010000000,GtCO2e/year,pass,"MRV table consistency does not validate reversal, fraud, or liability assumptions.",aether_mrv_credit_integrity_by_pathway.csv; aether_mrv_credit_integrity_summary.csv
integrated_scope_label,integration boundary,all integration_scope values equal partially_coupled_screening,1.000000000,1.000000000,0.000000000,boolean,pass,The legacy screen must not be represented as a full coupled model.,aether_integrated_feasibility_timepaths.csv
learning_state_conservation_reference_extrapolation_2026,learning state,end cumulative production = start + operated annual capacity,0.002040000,0.002040000,0.000001000,GtCO2,pass,"Only constrained, actually operated capacity increments learning state.",aether_integrated_feasibility_timepaths.csv
learning_state_conservation_reference_extrapolation_2027,learning state,end cumulative production = start + operated annual capacity,0.159630000,0.159630000,0.000001000,GtCO2,pass,"Only constrained, actually operated capacity increments learning state.",aether_integrated_feasibility_timepaths.csv
learning_cost_nonincreasing_reference_extrapolation_2027,learning state,cost cannot increase as realized state grows,500.000000000,500.000000000,0.000001000,USD/tCO2,pass,"A functional-form check, not evidence that real-world learning is monotonic.",aether_integrated_feasibility_timepaths.csv
learning_state_conservation_reference_extrapolation_2028,learning state,end cumulative production = start + operated annual capacity,0.403175400,0.403175400,0.000001000,GtCO2,pass,"Only constrained, actually operated capacity increments learning state.",aether_integrated_feasibility_timepaths.csv
learning_cost_nonincreasing_reference_extrapolation_2028,learning state,cost cannot increase as realized state grows,257.723800094,257.723800094,0.000001000,USD/tCO2,pass,"A functional-form check, not evidence that real-world learning is monotonic.",aether_integrated_feasibility_timepaths.csv
learning_state_conservation_reference_extrapolation_2029,learning state,end cumulative production = start + operated annual capacity,0.737833524,0.737833524,0.000001000,GtCO2,pass,"Only constrained, actually operated capacity increments learning state.",aether_integrated_feasibility_timepaths.csv
learning_cost_nonincreasing_reference_extrapolation_2029,learning state,cost cannot increase as realized state grows,223.867781653,223.867781653,0.000001000,USD/tCO2,pass,"A functional-form check, not evidence that real-world learning is monotonic.",aether_integrated_feasibility_timepaths.csv
learning_state_conservation_reference_extrapolation_2030,learning state,end cumulative production = start + operated annual capacity,1.169071135,1.169071135,0.000001000,GtCO2,pass,"Only constrained, actually operated capacity increments learning state.",aether_integrated_feasibility_timepaths.csv
learning_cost_nonincreasing_reference_extrapolation_2030,learning state,cost cannot increase as realized state grows,204.219026402,204.219026402,0.000001000,USD/tCO2,pass,"A functional-form check, not evidence that real-world learning is monotonic.",aether_integrated_feasibility_timepaths.csv
learning_state_conservation_reference_extrapolation_2031,learning state,end cumulative production = start + operated annual capacity,1.702683004,1.702683004,0.000001000,GtCO2,pass,"Only constrained, actually operated capacity increments learning state.",aether_integrated_feasibility_timepaths.csv
learning_cost_nonincreasing_reference_extrapolation_2031,learning state,cost cannot increase as realized state grows,190.420383230,190.420383230,0.000001000,USD/tCO2,pass,"A functional-form check, not evidence that real-world learning is monotonic.",aether_integrated_feasibility_timepaths.csv
learning_state_conservation_reference_extrapolation_2032,learning state,end cumulative production = start + operated annual capacity,2.344811584,2.344811584,0.000001000,GtCO2,pass,"Only constrained, actually operated capacity increments learning state.",aether_integrated_feasibility_timepaths.csv
learning_cost_nonincreasing_reference_extrapolation_2032,learning state,cost cannot increase as realized state grows,180.000000000,180.000000000,0.000001000,USD/tCO2,pass,"A functional-form check, not evidence that real-world learning is monotonic.",aether_integrated_feasibility_timepaths.csv
learning_state_conservation_reference_extrapolation_2033,learning state,end cumulative production = start + operated annual capacity,3.101967879,3.101967879,0.000001000,GtCO2,pass,"Only constrained, actually operated capacity increments learning state.",aether_integrated_feasibility_timepaths.csv
learning_cost_nonincreasing_reference_extrapolation_2033,learning state,cost cannot increase as realized state grows,180.000000000,180.000000000,0.000001000,USD/tCO2,pass,"A functional-form check, not evidence that real-world learning is monotonic.",aether_integrated_feasibility_timepaths.csv
learning_state_conservation_reference_extrapolation_2034,learning state,end cumulative production = start + operated annual capacity,3.981053552,3.981053552,0.000001000,GtCO2,pass,"Only constrained, actually operated capacity increments learning state.",aether_integrated_feasibility_timepaths.csv
learning_cost_nonincreasing_reference_extrapolation_2034,learning state,cost cannot increase as realized state grows,180.000000000,180.000000000,0.000001000,USD/tCO2,pass,"A functional-form check, not evidence that real-world learning is monotonic.",aether_integrated_feasibility_timepaths.csv
learning_state_conservation_reference_extrapolation_2035,learning state,end cumulative production = start + operated annual capacity,4.989384365,4.989384365,0.000001000,GtCO2,pass,"Only constrained, actually operated capacity increments learning state.",aether_integrated_feasibility_timepaths.csv
learning_cost_nonincreasing_reference_extrapolation_2035,learning state,cost cannot increase as realized state grows,180.000000000,180.000000000,0.000001000,USD/tCO2,pass,"A functional-form check, not evidence that real-world learning is monotonic.",aether_integrated_feasibility_timepaths.csv
learning_state_conservation_reference_extrapolation_2036,learning state,end cumulative production = start + operated annual capacity,6.134715027,6.134715027,0.000001000,GtCO2,pass,"Only constrained, actually operated capacity increments learning state.",aether_integrated_feasibility_timepaths.csv
learning_cost_nonincreasing_reference_extrapolation_2036,learning state,cost cannot increase as realized state grows,180.000000000,180.000000000,0.000001000,USD/tCO2,pass,"A functional-form check, not evidence that real-world learning is monotonic.",aether_integrated_feasibility_timepaths.csv
learning_state_conservation_reference_extrapolation_2037,learning state,end cumulative production = start + operated annual capacity,7.425265528,7.425265528,0.000001000,GtCO2,pass,"Only constrained, actually operated capacity increments learning state.",aether_integrated_feasibility_timepaths.csv
learning_cost_nonincreasing_reference_extrapolation_2037,learning state,cost cannot increase as realized state grows,180.000000000,180.000000000,0.000001000,USD/tCO2,pass,"A functional-form check, not evidence that real-world learning is monotonic.",aether_integrated_feasibility_timepaths.csv
learning_state_conservation_reference_extrapolation_2038,learning state,end cumulative production = start + operated annual capacity,8.869749060,8.869749060,0.000001000,GtCO2,pass,"Only constrained, actually operated capacity increments learning state.",aether_integrated_feasibility_timepaths.csv
learning_cost_nonincreasing_reference_extrapolation_2038,learning state,cost cannot increase as realized state grows,180.000000000,180.000000000,0.000001000,USD/tCO2,pass,"A functional-form check, not evidence that real-world learning is monotonic.",aether_integrated_feasibility_timepaths.csv
learning_state_conservation_reference_extrapolation_2039,learning state,end cumulative production = start + operated annual capacity,10.477401603,10.477401603,0.000001000,GtCO2,pass,"Only constrained, actually operated capacity increments learning state.",aether_integrated_feasibility_timepaths.csv
learning_cost_nonincreasing_reference_extrapolation_2039,learning state,cost cannot increase as realized state grows,180.000000000,180.000000000,0.000001000,USD/tCO2,pass,"A functional-form check, not evidence that real-world learning is monotonic.",aether_integrated_feasibility_timepaths.csv
learning_state_conservation_reference_extrapolation_2040,learning state,end cumulative production = start + operated annual capacity,12.258013300,12.258013300,0.000001000,GtCO2,pass,"Only constrained, actually operated capacity increments learning state.",aether_integrated_feasibility_timepaths.csv
learning_cost_nonincreasing_reference_extrapolation_2040,learning state,cost cannot increase as realized state grows,180.000000000,180.000000000,0.000001000,USD/tCO2,pass,"A functional-form check, not evidence that real-world learning is monotonic.",aether_integrated_feasibility_timepaths.csv
learning_state_conservation_reference_extrapolation_2041,learning state,end cumulative production = start + operated annual capacity,14.221961698,14.221961698,0.000001000,GtCO2,pass,"Only constrained, actually operated capacity increments learning state.",aether_integrated_feasibility_timepaths.csv
learning_cost_nonincreasing_reference_extrapolation_2041,learning state,cost cannot increase as realized state grows,180.000000000,180.000000000,0.000001000,USD/tCO2,pass,"A functional-form check, not evidence that real-world learning is monotonic.",aether_integrated_feasibility_timepaths.csv
learning_state_conservation_reference_extrapolation_2042,learning state,end cumulative production = start + operated annual capacity,16.380246999,16.380246999,0.000001000,GtCO2,pass,"Only constrained, actually operated capacity increments learning state.",aether_integrated_feasibility_timepaths.csv
learning_cost_nonincreasing_reference_extrapolation_2042,learning state,cost cannot increase as realized state grows,180.000000000,180.000000000,0.000001000,USD/tCO2,pass,"A functional-form check, not evidence that real-world learning is monotonic.",aether_integrated_feasibility_timepaths.csv
learning_state_conservation_reference_extrapolation_2043,learning state,end cumulative production = start + operated annual capacity,18.744529419,18.744529419,0.000001000,GtCO2,pass,"Only constrained, actually operated capacity increments learning state.",aether_integrated_feasibility_timepaths.csv
learning_cost_nonincreasing_reference_extrapolation_2043,learning state,cost cannot increase as realized state grows,180.000000000,180.000000000,0.000001000,USD/tCO2,pass,"A functional-form check, not evidence that real-world learning is monotonic.",aether_integrated_feasibility_timepaths.csv
learning_state_conservation_reference_extrapolation_2044,learning state,end cumulative production = start + operated annual capacity,21.327168785,21.327168785,0.000001000,GtCO2,pass,"Only constrained, actually operated capacity increments learning state.",aether_integrated_feasibility_timepaths.csv
learning_cost_nonincreasing_reference_extrapolation_2044,learning state,cost cannot increase as realized state grows,180.000000000,180.000000000,0.000001000,USD/tCO2,pass,"A functional-form check, not evidence that real-world learning is monotonic.",aether_integrated_feasibility_timepaths.csv
learning_state_conservation_reference_extrapolation_2045,learning state,end cumulative production = start + operated annual capacity,24.141266512,24.141266512,0.000001000,GtCO2,pass,"Only constrained, actually operated capacity increments learning state.",aether_integrated_feasibility_timepaths.csv
learning_cost_nonincreasing_reference_extrapolation_2045,learning state,cost cannot increase as realized state grows,180.000000000,180.000000000,0.000001000,USD/tCO2,pass,"A functional-form check, not evidence that real-world learning is monotonic.",aether_integrated_feasibility_timepaths.csv
learning_state_conservation_reference_extrapolation_2046,learning state,end cumulative production = start + operated annual capacity,27.200710102,27.200710102,0.000001000,GtCO2,pass,"Only constrained, actually operated capacity increments learning state.",aether_integrated_feasibility_timepaths.csv
learning_cost_nonincreasing_reference_extrapolation_2046,learning state,cost cannot increase as realized state grows,180.000000000,180.000000000,0.000001000,USD/tCO2,pass,"A functional-form check, not evidence that real-world learning is monotonic.",aether_integrated_feasibility_timepaths.csv
learning_no_unbuilt_plan_credit_reference_extrapolation,learning state,planned capacity cannot change cost before operation,500.000000000,500.000000000,0.000001000,USD/tCO2,pass,The plan may grow while the learning state and cost remain unchanged.,aether_integrated_feasibility_timepaths.csv
learning_first_planned_year_uses_prior_state_reference_extrapolation,learning state,first planned year cost = initial-state cost,500.000000000,500.000000000,0.000001000,USD/tCO2,pass,The first scheduled capacity does not earn same-year learning before it operates.,aether_integrated_feasibility_timepaths.csv
learning_reference_review_reference_extrapolation,evidence boundary,human source and model review required,,,,,review_required,"The initial cumulative-production reference is a screening proxy, not a sourced historical cumulative-production series.",aether_integrated_feasibility_timepaths.csv
learning_state_conservation_fast_learning_energy_constrained_2026,learning state,end cumulative production = start + operated annual capacity,0.002040000,0.002040000,0.000001000,GtCO2,pass,"Only constrained, actually operated capacity increments learning state.",aether_integrated_feasibility_timepaths.csv
learning_state_conservation_fast_learning_energy_constrained_2027,learning state,end cumulative production = start + operated annual capacity,0.644640000,0.644640000,0.000001000,GtCO2,pass,"Only constrained, actually operated capacity increments learning state.",aether_integrated_feasibility_timepaths.csv
learning_cost_nonincreasing_fast_learning_energy_constrained_2027,learning state,cost cannot increase as realized state grows,400.000000000,400.000000000,0.000001000,USD/tCO2,pass,"A functional-form check, not evidence that real-world learning is monotonic.",aether_integrated_feasibility_timepaths.csv
learning_state_conservation_fast_learning_energy_constrained_2028,learning state,end cumulative production = start + operated annual capacity,1.657500000,1.657500000,0.000001000,GtCO2,pass,"Only constrained, actually operated capacity increments learning state.",aether_integrated_feasibility_timepaths.csv
learning_cost_nonincreasing_fast_learning_energy_constrained_2028,learning state,cost cannot increase as realized state grows,90.000000000,90.000000000,0.000001000,USD/tCO2,pass,"A functional-form check, not evidence that real-world learning is monotonic.",aether_integrated_feasibility_timepaths.csv
learning_state_conservation_fast_learning_energy_constrained_2029,learning state,end cumulative production = start + operated annual capacity,3.077646000,3.077646000,0.000001000,GtCO2,pass,"Only constrained, actually operated capacity increments learning state.",aether_integrated_feasibility_timepaths.csv
learning_cost_nonincreasing_fast_learning_energy_constrained_2029,learning state,cost cannot increase as realized state grows,90.000000000,90.000000000,0.000001000,USD/tCO2,pass,"A functional-form check, not evidence that real-world learning is monotonic.",aether_integrated_feasibility_timepaths.csv
learning_state_conservation_fast_learning_energy_constrained_2030,learning state,end cumulative production = start + operated annual capacity,4.945806600,4.945806600,0.000001000,GtCO2,pass,"Only constrained, actually operated capacity increments learning state.",aether_integrated_feasibility_timepaths.csv
learning_cost_nonincreasing_fast_learning_energy_constrained_2030,learning state,cost cannot increase as realized state grows,90.000000000,90.000000000,0.000001000,USD/tCO2,pass,"A functional-form check, not evidence that real-world learning is monotonic.",aether_integrated_feasibility_timepaths.csv
learning_state_conservation_fast_learning_energy_constrained_2031,learning state,end cumulative production = start + operated annual capacity,7.306783260,7.306783260,0.000001000,GtCO2,pass,"Only constrained, actually operated capacity increments learning state.",aether_integrated_feasibility_timepaths.csv
learning_cost_nonincreasing_fast_learning_energy_constrained_2031,learning state,cost cannot increase as realized state grows,90.000000000,90.000000000,0.000001000,USD/tCO2,pass,"A functional-form check, not evidence that real-world learning is monotonic.",aether_integrated_feasibility_timepaths.csv
learning_state_conservation_fast_learning_energy_constrained_2032,learning state,end cumulative production = start + operated annual capacity,10.209857586,10.209857586,0.000001000,GtCO2,pass,"Only constrained, actually operated capacity increments learning state.",aether_integrated_feasibility_timepaths.csv
learning_cost_nonincreasing_fast_learning_energy_constrained_2032,learning state,cost cannot increase as realized state grows,90.000000000,90.000000000,0.000001000,USD/tCO2,pass,"A functional-form check, not evidence that real-world learning is monotonic.",aether_integrated_feasibility_timepaths.csv
learning_state_conservation_fast_learning_energy_constrained_2033,learning state,end cumulative production = start + operated annual capacity,13.709239345,13.709239345,0.000001000,GtCO2,pass,"Only constrained, actually operated capacity increments learning state.",aether_integrated_feasibility_timepaths.csv
learning_cost_nonincreasing_fast_learning_energy_constrained_2033,learning state,cost cannot increase as realized state grows,90.000000000,90.000000000,0.000001000,USD/tCO2,pass,"A functional-form check, not evidence that real-world learning is monotonic.",aether_integrated_feasibility_timepaths.csv
learning_state_conservation_fast_learning_energy_constrained_2034,learning state,end cumulative production = start + operated annual capacity,17.864559279,17.864559279,0.000001000,GtCO2,pass,"Only constrained, actually operated capacity increments learning state.",aether_integrated_feasibility_timepaths.csv
learning_cost_nonincreasing_fast_learning_energy_constrained_2034,learning state,cost cannot increase as realized state grows,90.000000000,90.000000000,0.000001000,USD/tCO2,pass,"A functional-form check, not evidence that real-world learning is monotonic.",aether_integrated_feasibility_timepaths.csv
learning_state_conservation_fast_learning_energy_constrained_2035,learning state,end cumulative production = start + operated annual capacity,22.741411207,22.741411207,0.000001000,GtCO2,pass,"Only constrained, actually operated capacity increments learning state.",aether_integrated_feasibility_timepaths.csv
learning_cost_nonincreasing_fast_learning_energy_constrained_2035,learning state,cost cannot increase as realized state grows,90.000000000,90.000000000,0.000001000,USD/tCO2,pass,"A functional-form check, not evidence that real-world learning is monotonic.",aether_integrated_feasibility_timepaths.csv
learning_state_conservation_fast_learning_energy_constrained_2036,learning state,end cumulative production = start + operated annual capacity,28.411948328,28.411948328,0.000001000,GtCO2,pass,"Only constrained, actually operated capacity increments learning state.",aether_integrated_feasibility_timepaths.csv
learning_cost_nonincreasing_fast_learning_energy_constrained_2036,learning state,cost cannot increase as realized state grows,90.000000000,90.000000000,0.000001000,USD/tCO2,pass,"A functional-form check, not evidence that real-world learning is monotonic.",aether_integrated_feasibility_timepaths.csv
learning_state_conservation_fast_learning_energy_constrained_2037,learning state,end cumulative production = start + operated annual capacity,34.955539160,34.955539160,0.000001000,GtCO2,pass,"Only constrained, actually operated capacity increments learning state.",aether_integrated_feasibility_timepaths.csv
learning_cost_nonincreasing_fast_learning_energy_constrained_2037,learning state,cost cannot increase as realized state grows,90.000000000,90.000000000,0.000001000,USD/tCO2,pass,"A functional-form check, not evidence that real-world learning is monotonic.",aether_integrated_feasibility_timepaths.csv
learning_state_conservation_fast_learning_energy_constrained_2038,learning state,end cumulative production = start + operated annual capacity,42.459489076,42.459489076,0.000001000,GtCO2,pass,"Only constrained, actually operated capacity increments learning state.",aether_integrated_feasibility_timepaths.csv
learning_cost_nonincreasing_fast_learning_energy_constrained_2038,learning state,cost cannot increase as realized state grows,90.000000000,90.000000000,0.000001000,USD/tCO2,pass,"A functional-form check, not evidence that real-world learning is monotonic.",aether_integrated_feasibility_timepaths.csv
learning_state_conservation_fast_learning_energy_constrained_2039,learning state,end cumulative production = start + operated annual capacity,51.019833984,51.019833984,0.000001000,GtCO2,pass,"Only constrained, actually operated capacity increments learning state.",aether_integrated_feasibility_timepaths.csv
learning_cost_nonincreasing_fast_learning_energy_constrained_2039,learning state,cost cannot increase as realized state grows,90.000000000,90.000000000,0.000001000,USD/tCO2,pass,"A functional-form check, not evidence that real-world learning is monotonic.",aether_integrated_feasibility_timepaths.csv
learning_state_conservation_fast_learning_energy_constrained_2040,learning state,end cumulative production = start + operated annual capacity,60.742213383,60.742213383,0.000001000,GtCO2,pass,"Only constrained, actually operated capacity increments learning state.",aether_integrated_feasibility_timepaths.csv
learning_cost_nonincreasing_fast_learning_energy_constrained_2040,learning state,cost cannot increase as realized state grows,90.000000000,90.000000000,0.000001000,USD/tCO2,pass,"A functional-form check, not evidence that real-world learning is monotonic.",aether_integrated_feasibility_timepaths.csv
learning_state_conservation_fast_learning_energy_constrained_2041,learning state,end cumulative production = start + operated annual capacity,71.742830721,71.742830721,0.000001000,GtCO2,pass,"Only constrained, actually operated capacity increments learning state.",aether_integrated_feasibility_timepaths.csv
learning_cost_nonincreasing_fast_learning_energy_constrained_2041,learning state,cost cannot increase as realized state grows,90.000000000,90.000000000,0.000001000,USD/tCO2,pass,"A functional-form check, not evidence that real-world learning is monotonic.",aether_integrated_feasibility_timepaths.csv
learning_state_conservation_fast_learning_energy_constrained_2042,learning state,end cumulative production = start + operated annual capacity,84.149509793,84.149509793,0.000001000,GtCO2,pass,"Only constrained, actually operated capacity increments learning state.",aether_integrated_feasibility_timepaths.csv
learning_cost_nonincreasing_fast_learning_energy_constrained_2042,learning state,cost cannot increase as realized state grows,90.000000000,90.000000000,0.000001000,USD/tCO2,pass,"A functional-form check, not evidence that real-world learning is monotonic.",aether_integrated_feasibility_timepaths.csv
learning_state_conservation_fast_learning_energy_constrained_2043,learning state,end cumulative production = start + operated annual capacity,98.102856772,98.102856772,0.000001000,GtCO2,pass,"Only constrained, actually operated capacity increments learning state.",aether_integrated_feasibility_timepaths.csv
learning_cost_nonincreasing_fast_learning_energy_constrained_2043,learning state,cost cannot increase as realized state grows,90.000000000,90.000000000,0.000001000,USD/tCO2,pass,"A functional-form check, not evidence that real-world learning is monotonic.",aether_integrated_feasibility_timepaths.csv
learning_state_conservation_fast_learning_energy_constrained_2044,learning state,end cumulative production = start + operated annual capacity,113.757538449,113.757538449,0.000001000,GtCO2,pass,"Only constrained, actually operated capacity increments learning state.",aether_integrated_feasibility_timepaths.csv
learning_cost_nonincreasing_fast_learning_energy_constrained_2044,learning state,cost cannot increase as realized state grows,90.000000000,90.000000000,0.000001000,USD/tCO2,pass,"A functional-form check, not evidence that real-world learning is monotonic.",aether_integrated_feasibility_timepaths.csv
learning_state_conservation_fast_learning_energy_constrained_2045,learning state,end cumulative production = start + operated annual capacity,131.283688294,131.283688294,0.000001000,GtCO2,pass,"Only constrained, actually operated capacity increments learning state.",aether_integrated_feasibility_timepaths.csv
learning_cost_nonincreasing_fast_learning_energy_constrained_2045,learning state,cost cannot increase as realized state grows,90.000000000,90.000000000,0.000001000,USD/tCO2,pass,"A functional-form check, not evidence that real-world learning is monotonic.",aether_integrated_feasibility_timepaths.csv
learning_state_conservation_fast_learning_energy_constrained_2046,learning state,end cumulative production = start + operated annual capacity,150.868453124,150.868453124,0.000001000,GtCO2,pass,"Only constrained, actually operated capacity increments learning state.",aether_integrated_feasibility_timepaths.csv
learning_cost_nonincreasing_fast_learning_energy_constrained_2046,learning state,cost cannot increase as realized state grows,90.000000000,90.000000000,0.000001000,USD/tCO2,pass,"A functional-form check, not evidence that real-world learning is monotonic.",aether_integrated_feasibility_timepaths.csv
learning_no_unbuilt_plan_credit_fast_learning_energy_constrained,learning state,planned capacity cannot change cost before operation,400.000000000,400.000000000,0.000001000,USD/tCO2,pass,The plan may grow while the learning state and cost remain unchanged.,aether_integrated_feasibility_timepaths.csv
learning_first_planned_year_uses_prior_state_fast_learning_energy_constrained,learning state,first planned year cost = initial-state cost,400.000000000,400.000000000,0.000001000,USD/tCO2,pass,The first scheduled capacity does not earn same-year learning before it operates.,aether_integrated_feasibility_timepaths.csv
learning_reference_review_fast_learning_energy_constrained,evidence boundary,human source and model review required,,,,,review_required,"The initial cumulative-production reference is a screening proxy, not a sourced historical cumulative-production series.",aether_integrated_feasibility_timepaths.csv
learning_state_conservation_aether_portfolio_push_2026,learning state,end cumulative production = start + operated annual capacity,0.002040000,0.002040000,0.000001000,GtCO2,pass,"Only constrained, actually operated capacity increments learning state.",aether_integrated_feasibility_timepaths.csv
learning_state_conservation_aether_portfolio_push_2027,learning state,end cumulative production = start + operated annual capacity,2.103440491,2.103440491,0.000001000,GtCO2,pass,"Only constrained, actually operated capacity increments learning state.",aether_integrated_feasibility_timepaths.csv
learning_cost_nonincreasing_aether_portfolio_push_2027,learning state,cost cannot increase as realized state grows,300.000000000,300.000000000,0.000001000,USD/tCO2,pass,"A functional-form check, not evidence that real-world learning is monotonic.",aether_integrated_feasibility_timepaths.csv
learning_state_conservation_aether_portfolio_push_2028,learning state,end cumulative production = start + operated annual capacity,5.497446634,5.497446634,0.000001000,GtCO2,pass,"Only constrained, actually operated capacity increments learning state.",aether_integrated_feasibility_timepaths.csv
learning_cost_nonincreasing_aether_portfolio_push_2028,learning state,cost cannot increase as realized state grows,84.000000000,84.000000000,0.000001000,USD/tCO2,pass,"A functional-form check, not evidence that real-world learning is monotonic.",aether_integrated_feasibility_timepaths.csv
learning_state_conservation_aether_portfolio_push_2029,learning state,end cumulative production = start + operated annual capacity,10.377949275,10.377949275,0.000001000,GtCO2,pass,"Only constrained, actually operated capacity increments learning state.",aether_integrated_feasibility_timepaths.csv
learning_cost_nonincreasing_aether_portfolio_push_2029,learning state,cost cannot increase as realized state grows,84.000000000,84.000000000,0.000001000,USD/tCO2,pass,"A functional-form check, not evidence that real-world learning is monotonic.",aether_integrated_feasibility_timepaths.csv
learning_state_conservation_aether_portfolio_push_2030,learning state,end cumulative production = start + operated annual capacity,16.967922890,16.967922890,0.000001000,GtCO2,pass,"Only constrained, actually operated capacity increments learning state.",aether_integrated_feasibility_timepaths.csv
learning_cost_nonincreasing_aether_portfolio_push_2030,learning state,cost cannot increase as realized state grows,84.000000000,84.000000000,0.000001000,USD/tCO2,pass,"A functional-form check, not evidence that real-world learning is monotonic.",aether_integrated_feasibility_timepaths.csv
learning_state_conservation_aether_portfolio_push_2031,learning state,end cumulative production = start + operated annual capacity,25.523788125,25.523788125,0.000001000,GtCO2,pass,"Only constrained, actually operated capacity increments learning state.",aether_integrated_feasibility_timepaths.csv
learning_cost_nonincreasing_aether_portfolio_push_2031,learning state,cost cannot increase as realized state grows,84.000000000,84.000000000,0.000001000,USD/tCO2,pass,"A functional-form check, not evidence that real-world learning is monotonic.",aether_integrated_feasibility_timepaths.csv
learning_state_conservation_aether_portfolio_push_2032,learning state,end cumulative production = start + operated annual capacity,36.340428722,36.340428722,0.000001000,GtCO2,pass,"Only constrained, actually operated capacity increments learning state.",aether_integrated_feasibility_timepaths.csv
learning_cost_nonincreasing_aether_portfolio_push_2032,learning state,cost cannot increase as realized state grows,84.000000000,84.000000000,0.000001000,USD/tCO2,pass,"A functional-form check, not evidence that real-world learning is monotonic.",aether_integrated_feasibility_timepaths.csv
learning_state_conservation_aether_portfolio_push_2033,learning state,end cumulative production = start + operated annual capacity,49.756960986,49.756960986,0.000001000,GtCO2,pass,"Only constrained, actually operated capacity increments learning state.",aether_integrated_feasibility_timepaths.csv
learning_cost_nonincreasing_aether_portfolio_push_2033,learning state,cost cannot increase as realized state grows,84.000000000,84.000000000,0.000001000,USD/tCO2,pass,"A functional-form check, not evidence that real-world learning is monotonic.",aether_integrated_feasibility_timepaths.csv
learning_state_conservation_aether_portfolio_push_2034,learning state,end cumulative production = start + operated annual capacity,66.163368667,66.163368667,0.000001000,GtCO2,pass,"Only constrained, actually operated capacity increments learning state.",aether_integrated_feasibility_timepaths.csv
learning_cost_nonincreasing_aether_portfolio_push_2034,learning state,cost cannot increase as realized state grows,84.000000000,84.000000000,0.000001000,USD/tCO2,pass,"A functional-form check, not evidence that real-world learning is monotonic.",aether_integrated_feasibility_timepaths.csv
learning_state_conservation_aether_portfolio_push_2035,learning state,end cumulative production = start + operated annual capacity,86.008133077,86.008133077,0.000001000,GtCO2,pass,"Only constrained, actually operated capacity increments learning state.",aether_integrated_feasibility_timepaths.csv
learning_cost_nonincreasing_aether_portfolio_push_2035,learning state,cost cannot increase as realized state grows,84.000000000,84.000000000,0.000001000,USD/tCO2,pass,"A functional-form check, not evidence that real-world learning is monotonic.",aether_integrated_feasibility_timepaths.csv
learning_state_conservation_aether_portfolio_push_2036,learning state,end cumulative production = start + operated annual capacity,109.807007727,109.807007727,0.000001000,GtCO2,pass,"Only constrained, actually operated capacity increments learning state.",aether_integrated_feasibility_timepaths.csv
learning_cost_nonincreasing_aether_portfolio_push_2036,learning state,cost cannot increase as realized state grows,84.000000000,84.000000000,0.000001000,USD/tCO2,pass,"A functional-form check, not evidence that real-world learning is monotonic.",aether_integrated_feasibility_timepaths.csv
learning_state_conservation_aether_portfolio_push_2037,learning state,end cumulative production = start + operated annual capacity,138.153109151,138.153109151,0.000001000,GtCO2,pass,"Only constrained, actually operated capacity increments learning state.",aether_integrated_feasibility_timepaths.csv
learning_cost_nonincreasing_aether_portfolio_push_2037,learning state,cost cannot increase as realized state grows,84.000000000,84.000000000,0.000001000,USD/tCO2,pass,"A functional-form check, not evidence that real-world learning is monotonic.",aether_integrated_feasibility_timepaths.csv
learning_state_conservation_aether_portfolio_push_2038,learning state,end cumulative production = start + operated annual capacity,171.728521366,171.728521366,0.000001000,GtCO2,pass,"Only constrained, actually operated capacity increments learning state.",aether_integrated_feasibility_timepaths.csv
learning_cost_nonincreasing_aether_portfolio_push_2038,learning state,cost cannot increase as realized state grows,84.000000000,84.000000000,0.000001000,USD/tCO2,pass,"A functional-form check, not evidence that real-world learning is monotonic.",aether_integrated_feasibility_timepaths.csv
learning_state_conservation_aether_portfolio_push_2039,learning state,end cumulative production = start + operated annual capacity,211.317640992,211.317640992,0.000001000,GtCO2,pass,"Only constrained, actually operated capacity increments learning state.",aether_integrated_feasibility_timepaths.csv
learning_cost_nonincreasing_aether_portfolio_push_2039,learning state,cost cannot increase as realized state grows,84.000000000,84.000000000,0.000001000,USD/tCO2,pass,"A functional-form check, not evidence that real-world learning is monotonic.",aether_integrated_feasibility_timepaths.csv
learning_state_conservation_aether_portfolio_push_2040,learning state,end cumulative production = start + operated annual capacity,257.822524138,257.822524138,0.000001000,GtCO2,pass,"Only constrained, actually operated capacity increments learning state.",aether_integrated_feasibility_timepaths.csv
learning_cost_nonincreasing_aether_portfolio_push_2040,learning state,cost cannot increase as realized state grows,84.000000000,84.000000000,0.000001000,USD/tCO2,pass,"A functional-form check, not evidence that real-world learning is monotonic.",aether_integrated_feasibility_timepaths.csv
learning_state_conservation_aether_portfolio_push_2041,learning state,end cumulative production = start + operated annual capacity,312.280535334,312.280535334,0.000001000,GtCO2,pass,"Only constrained, actually operated capacity increments learning state.",aether_integrated_feasibility_timepaths.csv
learning_cost_nonincreasing_aether_portfolio_push_2041,learning state,cost cannot increase as realized state grows,84.000000000,84.000000000,0.000001000,USD/tCO2,pass,"A functional-form check, not evidence that real-world learning is monotonic.",aether_integrated_feasibility_timepaths.csv
learning_state_conservation_aether_portfolio_push_2042,learning state,end cumulative production = start + operated annual capacity,375.884643786,375.884643786,0.000001000,GtCO2,pass,"Only constrained, actually operated capacity increments learning state.",aether_integrated_feasibility_timepaths.csv
learning_cost_nonincreasing_aether_portfolio_push_2042,learning state,cost cannot increase as realized state grows,84.000000000,84.000000000,0.000001000,USD/tCO2,pass,"A functional-form check, not evidence that real-world learning is monotonic.",aether_integrated_feasibility_timepaths.csv
learning_state_conservation_aether_portfolio_push_2043,learning state,end cumulative production = start + operated annual capacity,450.006764084,450.006764084,0.000001000,GtCO2,pass,"Only constrained, actually operated capacity increments learning state.",aether_integrated_feasibility_timepaths.csv
learning_cost_nonincreasing_aether_portfolio_push_2043,learning state,cost cannot increase as realized state grows,84.000000000,84.000000000,0.000001000,USD/tCO2,pass,"A functional-form check, not evidence that real-world learning is monotonic.",aether_integrated_feasibility_timepaths.csv
learning_state_conservation_aether_portfolio_push_2044,learning state,end cumulative production = start + operated annual capacity,536.224598003,536.224598003,0.000001000,GtCO2,pass,"Only constrained, actually operated capacity increments learning state.",aether_integrated_feasibility_timepaths.csv
learning_cost_nonincreasing_aether_portfolio_push_2044,learning state,cost cannot increase as realized state grows,84.000000000,84.000000000,0.000001000,USD/tCO2,pass,"A functional-form check, not evidence that real-world learning is monotonic.",aether_integrated_feasibility_timepaths.csv
learning_state_conservation_aether_portfolio_push_2045,learning state,end cumulative production = start + operated annual capacity,631.224598003,631.224598003,0.000001000,GtCO2,pass,"Only constrained, actually operated capacity increments learning state.",aether_integrated_feasibility_timepaths.csv
learning_cost_nonincreasing_aether_portfolio_push_2045,learning state,cost cannot increase as realized state grows,84.000000000,84.000000000,0.000001000,USD/tCO2,pass,"A functional-form check, not evidence that real-world learning is monotonic.",aether_integrated_feasibility_timepaths.csv
learning_state_conservation_aether_portfolio_push_2046,learning state,end cumulative production = start + operated annual capacity,731.224598003,731.224598003,0.000001000,GtCO2,pass,"Only constrained, actually operated capacity increments learning state.",aether_integrated_feasibility_timepaths.csv
learning_cost_nonincreasing_aether_portfolio_push_2046,learning state,cost cannot increase as realized state grows,84.000000000,84.000000000,0.000001000,USD/tCO2,pass,"A functional-form check, not evidence that real-world learning is monotonic.",aether_integrated_feasibility_timepaths.csv
learning_no_unbuilt_plan_credit_aether_portfolio_push,learning state,planned capacity cannot change cost before operation,300.000000000,300.000000000,0.000001000,USD/tCO2,pass,The plan may grow while the learning state and cost remain unchanged.,aether_integrated_feasibility_timepaths.csv
learning_first_planned_year_uses_prior_state_aether_portfolio_push,learning state,first planned year cost = initial-state cost,300.000000000,300.000000000,0.000001000,USD/tCO2,pass,The first scheduled capacity does not earn same-year learning before it operates.,aether_integrated_feasibility_timepaths.csv
learning_reference_review_aether_portfolio_push,evidence boundary,human source and model review required,,,,,review_required,"The initial cumulative-production reference is a screening proxy, not a sourced historical cumulative-production series.",aether_integrated_feasibility_timepaths.csv
learning_state_conservation_moonshot_low_energy_2026,learning state,end cumulative production = start + operated annual capacity,0.002040000,0.002040000,0.000001000,GtCO2,pass,"Only constrained, actually operated capacity increments learning state.",aether_integrated_feasibility_timepaths.csv
learning_state_conservation_moonshot_low_energy_2027,learning state,end cumulative production = start + operated annual capacity,2.472706667,2.472706667,0.000001000,GtCO2,pass,"Only constrained, actually operated capacity increments learning state.",aether_integrated_feasibility_timepaths.csv
learning_cost_nonincreasing_moonshot_low_energy_2027,learning state,cost cannot increase as realized state grows,250.000000000,250.000000000,0.000001000,USD/tCO2,pass,"A functional-form check, not evidence that real-world learning is monotonic.",aether_integrated_feasibility_timepaths.csv
learning_state_conservation_moonshot_low_energy_2028,learning state,end cumulative production = start + operated annual capacity,6.521426667,6.521426667,0.000001000,GtCO2,pass,"Only constrained, actually operated capacity increments learning state.",aether_integrated_feasibility_timepaths.csv
learning_cost_nonincreasing_moonshot_low_energy_2028,learning state,cost cannot increase as realized state grows,35.000000000,35.000000000,0.000001000,USD/tCO2,pass,"A functional-form check, not evidence that real-world learning is monotonic.",aether_integrated_feasibility_timepaths.csv
learning_state_conservation_moonshot_low_energy_2029,learning state,end cumulative production = start + operated annual capacity,12.432249600,12.432249600,0.000001000,GtCO2,pass,"Only constrained, actually operated capacity increments learning state.",aether_integrated_feasibility_timepaths.csv
learning_cost_nonincreasing_moonshot_low_energy_2029,learning state,cost cannot increase as realized state grows,35.000000000,35.000000000,0.000001000,USD/tCO2,pass,"A functional-form check, not evidence that real-world learning is monotonic.",aether_integrated_feasibility_timepaths.csv
learning_state_conservation_moonshot_low_energy_2030,learning state,end cumulative production = start + operated annual capacity,20.540353995,20.540353995,0.000001000,GtCO2,pass,"Only constrained, actually operated capacity increments learning state.",aether_integrated_feasibility_timepaths.csv
learning_cost_nonincreasing_moonshot_low_energy_2030,learning state,cost cannot increase as realized state grows,35.000000000,35.000000000,0.000001000,USD/tCO2,pass,"A functional-form check, not evidence that real-world learning is monotonic.",aether_integrated_feasibility_timepaths.csv
learning_state_conservation_moonshot_low_energy_2031,learning state,end cumulative production = start + operated annual capacity,31.241250514,31.241250514,0.000001000,GtCO2,pass,"Only constrained, actually operated capacity increments learning state.",aether_integrated_feasibility_timepaths.csv
learning_cost_nonincreasing_moonshot_low_energy_2031,learning state,cost cannot increase as realized state grows,35.000000000,35.000000000,0.000001000,USD/tCO2,pass,"A functional-form check, not evidence that real-world learning is monotonic.",aether_integrated_feasibility_timepaths.csv
learning_state_conservation_moonshot_low_energy_2032,learning state,end cumulative production = start + operated annual capacity,45.001641740,45.001641740,0.000001000,GtCO2,pass,"Only constrained, actually operated capacity increments learning state.",aether_integrated_feasibility_timepaths.csv
learning_cost_nonincreasing_moonshot_low_energy_2032,learning state,cost cannot increase as realized state grows,35.000000000,35.000000000,0.000001000,USD/tCO2,pass,"A functional-form check, not evidence that real-world learning is monotonic.",aether_integrated_feasibility_timepaths.csv
learning_state_conservation_moonshot_low_energy_2033,learning state,end cumulative production = start + operated annual capacity,62.372236719,62.372236719,0.000001000,GtCO2,pass,"Only constrained, actually operated capacity increments learning state.",aether_integrated_feasibility_timepaths.csv
learning_cost_nonincreasing_moonshot_low_energy_2033,learning state,cost cannot increase as realized state grows,35.000000000,35.000000000,0.000001000,USD/tCO2,pass,"A functional-form check, not evidence that real-world learning is monotonic.",aether_integrated_feasibility_timepaths.csv
learning_state_conservation_moonshot_low_energy_2034,learning state,end cumulative production = start + operated annual capacity,84.002872129,84.002872129,0.000001000,GtCO2,pass,"Only constrained, actually operated capacity increments learning state.",aether_integrated_feasibility_timepaths.csv
learning_cost_nonincreasing_moonshot_low_energy_2034,learning state,cost cannot increase as realized state grows,35.000000000,35.000000000,0.000001000,USD/tCO2,pass,"A functional-form check, not evidence that real-world learning is monotonic.",aether_integrated_feasibility_timepaths.csv
learning_state_conservation_moonshot_low_energy_2035,learning state,end cumulative production = start + operated annual capacity,110.660355245,110.660355245,0.000001000,GtCO2,pass,"Only constrained, actually operated capacity increments learning state.",aether_integrated_feasibility_timepaths.csv
learning_cost_nonincreasing_moonshot_low_energy_2035,learning state,cost cannot increase as realized state grows,35.000000000,35.000000000,0.000001000,USD/tCO2,pass,"A functional-form check, not evidence that real-world learning is monotonic.",aether_integrated_feasibility_timepaths.csv
learning_state_conservation_moonshot_low_energy_2036,learning state,end cumulative production = start + operated annual capacity,143.249518656,143.249518656,0.000001000,GtCO2,pass,"Only constrained, actually operated capacity increments learning state.",aether_integrated_feasibility_timepaths.csv
learning_cost_nonincreasing_moonshot_low_energy_2036,learning state,cost cannot increase as realized state grows,35.000000000,35.000000000,0.000001000,USD/tCO2,pass,"A functional-form check, not evidence that real-world learning is monotonic.",aether_integrated_feasibility_timepaths.csv
learning_state_conservation_moonshot_low_energy_2037,learning state,end cumulative production = start + operated annual capacity,182.838064814,182.838064814,0.000001000,GtCO2,pass,"Only constrained, actually operated capacity increments learning state.",aether_integrated_feasibility_timepaths.csv
learning_cost_nonincreasing_moonshot_low_energy_2037,learning state,cost cannot increase as realized state grows,35.000000000,35.000000000,0.000001000,USD/tCO2,pass,"A functional-form check, not evidence that real-world learning is monotonic.",aether_integrated_feasibility_timepaths.csv
learning_state_conservation_moonshot_low_energy_2038,learning state,end cumulative production = start + operated annual capacity,230.685882614,230.685882614,0.000001000,GtCO2,pass,"Only constrained, actually operated capacity increments learning state.",aether_integrated_feasibility_timepaths.csv
learning_cost_nonincreasing_moonshot_low_energy_2038,learning state,cost cannot increase as realized state grows,35.000000000,35.000000000,0.000001000,USD/tCO2,pass,"A functional-form check, not evidence that real-world learning is monotonic.",aether_integrated_feasibility_timepaths.csv
learning_state_conservation_moonshot_low_energy_2039,learning state,end cumulative production = start + operated annual capacity,288.279640951,288.279640951,0.000001000,GtCO2,pass,"Only constrained, actually operated capacity increments learning state.",aether_integrated_feasibility_timepaths.csv
learning_cost_nonincreasing_moonshot_low_energy_2039,learning state,cost cannot increase as realized state grows,35.000000000,35.000000000,0.000001000,USD/tCO2,pass,"A functional-form check, not evidence that real-world learning is monotonic.",aether_integrated_feasibility_timepaths.csv
learning_state_conservation_moonshot_low_energy_2040,learning state,end cumulative production = start + operated annual capacity,357.373609122,357.373609122,0.000001000,GtCO2,pass,"Only constrained, actually operated capacity increments learning state.",aether_integrated_feasibility_timepaths.csv
learning_cost_nonincreasing_moonshot_low_energy_2040,learning state,cost cannot increase as realized state grows,35.000000000,35.000000000,0.000001000,USD/tCO2,pass,"A functional-form check, not evidence that real-world learning is monotonic.",aether_integrated_feasibility_timepaths.csv
learning_state_conservation_moonshot_low_energy_2041,learning state,end cumulative production = start + operated annual capacity,432.373609122,432.373609122,0.000001000,GtCO2,pass,"Only constrained, actually operated capacity increments learning state.",aether_integrated_feasibility_timepaths.csv
learning_cost_nonincreasing_moonshot_low_energy_2041,learning state,cost cannot increase as realized state grows,35.000000000,35.000000000,0.000001000,USD/tCO2,pass,"A functional-form check, not evidence that real-world learning is monotonic.",aether_integrated_feasibility_timepaths.csv
learning_state_conservation_moonshot_low_energy_2042,learning state,end cumulative production = start + operated annual capacity,512.373609122,512.373609122,0.000001000,GtCO2,pass,"Only constrained, actually operated capacity increments learning state.",aether_integrated_feasibility_timepaths.csv
learning_cost_nonincreasing_moonshot_low_energy_2042,learning state,cost cannot increase as realized state grows,35.000000000,35.000000000,0.000001000,USD/tCO2,pass,"A functional-form check, not evidence that real-world learning is monotonic.",aether_integrated_feasibility_timepaths.csv
learning_state_conservation_moonshot_low_energy_2043,learning state,end cumulative production = start + operated annual capacity,597.373609122,597.373609122,0.000001000,GtCO2,pass,"Only constrained, actually operated capacity increments learning state.",aether_integrated_feasibility_timepaths.csv
learning_cost_nonincreasing_moonshot_low_energy_2043,learning state,cost cannot increase as realized state grows,35.000000000,35.000000000,0.000001000,USD/tCO2,pass,"A functional-form check, not evidence that real-world learning is monotonic.",aether_integrated_feasibility_timepaths.csv
learning_state_conservation_moonshot_low_energy_2044,learning state,end cumulative production = start + operated annual capacity,687.373609122,687.373609122,0.000001000,GtCO2,pass,"Only constrained, actually operated capacity increments learning state.",aether_integrated_feasibility_timepaths.csv
learning_cost_nonincreasing_moonshot_low_energy_2044,learning state,cost cannot increase as realized state grows,35.000000000,35.000000000,0.000001000,USD/tCO2,pass,"A functional-form check, not evidence that real-world learning is monotonic.",aether_integrated_feasibility_timepaths.csv
learning_state_conservation_moonshot_low_energy_2045,learning state,end cumulative production = start + operated annual capacity,782.373609122,782.373609122,0.000001000,GtCO2,pass,"Only constrained, actually operated capacity increments learning state.",aether_integrated_feasibility_timepaths.csv
learning_cost_nonincreasing_moonshot_low_energy_2045,learning state,cost cannot increase as realized state grows,35.000000000,35.000000000,0.000001000,USD/tCO2,pass,"A functional-form check, not evidence that real-world learning is monotonic.",aether_integrated_feasibility_timepaths.csv
learning_state_conservation_moonshot_low_energy_2046,learning state,end cumulative production = start + operated annual capacity,882.373609122,882.373609122,0.000001000,GtCO2,pass,"Only constrained, actually operated capacity increments learning state.",aether_integrated_feasibility_timepaths.csv
learning_cost_nonincreasing_moonshot_low_energy_2046,learning state,cost cannot increase as realized state grows,35.000000000,35.000000000,0.000001000,USD/tCO2,pass,"A functional-form check, not evidence that real-world learning is monotonic.",aether_integrated_feasibility_timepaths.csv
learning_no_unbuilt_plan_credit_moonshot_low_energy,learning state,planned capacity cannot change cost before operation,250.000000000,250.000000000,0.000001000,USD/tCO2,pass,The plan may grow while the learning state and cost remain unchanged.,aether_integrated_feasibility_timepaths.csv
learning_first_planned_year_uses_prior_state_moonshot_low_energy,learning state,first planned year cost = initial-state cost,250.000000000,250.000000000,0.000001000,USD/tCO2,pass,The first scheduled capacity does not earn same-year learning before it operates.,aether_integrated_feasibility_timepaths.csv
learning_reference_review_moonshot_low_energy,evidence boundary,human source and model review required,,,,,review_required,"The initial cumulative-production reference is a screening proxy, not a sourced historical cumulative-production series.",aether_integrated_feasibility_timepaths.csv
learning_state_conservation_rebound_failure_2026,learning state,end cumulative production = start + operated annual capacity,0.002040000,0.002040000,0.000001000,GtCO2,pass,"Only constrained, actually operated capacity increments learning state.",aether_integrated_feasibility_timepaths.csv
learning_state_conservation_rebound_failure_2027,learning state,end cumulative production = start + operated annual capacity,2.103440491,2.103440491,0.000001000,GtCO2,pass,"Only constrained, actually operated capacity increments learning state.",aether_integrated_feasibility_timepaths.csv
learning_cost_nonincreasing_rebound_failure_2027,learning state,cost cannot increase as realized state grows,300.000000000,300.000000000,0.000001000,USD/tCO2,pass,"A functional-form check, not evidence that real-world learning is monotonic.",aether_integrated_feasibility_timepaths.csv
learning_state_conservation_rebound_failure_2028,learning state,end cumulative production = start + operated annual capacity,5.497446634,5.497446634,0.000001000,GtCO2,pass,"Only constrained, actually operated capacity increments learning state.",aether_integrated_feasibility_timepaths.csv
learning_cost_nonincreasing_rebound_failure_2028,learning state,cost cannot increase as realized state grows,84.000000000,84.000000000,0.000001000,USD/tCO2,pass,"A functional-form check, not evidence that real-world learning is monotonic.",aether_integrated_feasibility_timepaths.csv
learning_state_conservation_rebound_failure_2029,learning state,end cumulative production = start + operated annual capacity,10.377949275,10.377949275,0.000001000,GtCO2,pass,"Only constrained, actually operated capacity increments learning state.",aether_integrated_feasibility_timepaths.csv
learning_cost_nonincreasing_rebound_failure_2029,learning state,cost cannot increase as realized state grows,84.000000000,84.000000000,0.000001000,USD/tCO2,pass,"A functional-form check, not evidence that real-world learning is monotonic.",aether_integrated_feasibility_timepaths.csv
learning_state_conservation_rebound_failure_2030,learning state,end cumulative production = start + operated annual capacity,16.967922890,16.967922890,0.000001000,GtCO2,pass,"Only constrained, actually operated capacity increments learning state.",aether_integrated_feasibility_timepaths.csv
learning_cost_nonincreasing_rebound_failure_2030,learning state,cost cannot increase as realized state grows,84.000000000,84.000000000,0.000001000,USD/tCO2,pass,"A functional-form check, not evidence that real-world learning is monotonic.",aether_integrated_feasibility_timepaths.csv
learning_state_conservation_rebound_failure_2031,learning state,end cumulative production = start + operated annual capacity,25.523788125,25.523788125,0.000001000,GtCO2,pass,"Only constrained, actually operated capacity increments learning state.",aether_integrated_feasibility_timepaths.csv
learning_cost_nonincreasing_rebound_failure_2031,learning state,cost cannot increase as realized state grows,84.000000000,84.000000000,0.000001000,USD/tCO2,pass,"A functional-form check, not evidence that real-world learning is monotonic.",aether_integrated_feasibility_timepaths.csv
learning_state_conservation_rebound_failure_2032,learning state,end cumulative production = start + operated annual capacity,36.340428722,36.340428722,0.000001000,GtCO2,pass,"Only constrained, actually operated capacity increments learning state.",aether_integrated_feasibility_timepaths.csv
learning_cost_nonincreasing_rebound_failure_2032,learning state,cost cannot increase as realized state grows,84.000000000,84.000000000,0.000001000,USD/tCO2,pass,"A functional-form check, not evidence that real-world learning is monotonic.",aether_integrated_feasibility_timepaths.csv
learning_state_conservation_rebound_failure_2033,learning state,end cumulative production = start + operated annual capacity,49.756960986,49.756960986,0.000001000,GtCO2,pass,"Only constrained, actually operated capacity increments learning state.",aether_integrated_feasibility_timepaths.csv
learning_cost_nonincreasing_rebound_failure_2033,learning state,cost cannot increase as realized state grows,84.000000000,84.000000000,0.000001000,USD/tCO2,pass,"A functional-form check, not evidence that real-world learning is monotonic.",aether_integrated_feasibility_timepaths.csv
learning_state_conservation_rebound_failure_2034,learning state,end cumulative production = start + operated annual capacity,66.163368667,66.163368667,0.000001000,GtCO2,pass,"Only constrained, actually operated capacity increments learning state.",aether_integrated_feasibility_timepaths.csv
learning_cost_nonincreasing_rebound_failure_2034,learning state,cost cannot increase as realized state grows,84.000000000,84.000000000,0.000001000,USD/tCO2,pass,"A functional-form check, not evidence that real-world learning is monotonic.",aether_integrated_feasibility_timepaths.csv
learning_state_conservation_rebound_failure_2035,learning state,end cumulative production = start + operated annual capacity,86.008133077,86.008133077,0.000001000,GtCO2,pass,"Only constrained, actually operated capacity increments learning state.",aether_integrated_feasibility_timepaths.csv
learning_cost_nonincreasing_rebound_failure_2035,learning state,cost cannot increase as realized state grows,84.000000000,84.000000000,0.000001000,USD/tCO2,pass,"A functional-form check, not evidence that real-world learning is monotonic.",aether_integrated_feasibility_timepaths.csv
learning_state_conservation_rebound_failure_2036,learning state,end cumulative production = start + operated annual capacity,109.807007727,109.807007727,0.000001000,GtCO2,pass,"Only constrained, actually operated capacity increments learning state.",aether_integrated_feasibility_timepaths.csv
learning_cost_nonincreasing_rebound_failure_2036,learning state,cost cannot increase as realized state grows,84.000000000,84.000000000,0.000001000,USD/tCO2,pass,"A functional-form check, not evidence that real-world learning is monotonic.",aether_integrated_feasibility_timepaths.csv
learning_state_conservation_rebound_failure_2037,learning state,end cumulative production = start + operated annual capacity,138.153109151,138.153109151,0.000001000,GtCO2,pass,"Only constrained, actually operated capacity increments learning state.",aether_integrated_feasibility_timepaths.csv
learning_cost_nonincreasing_rebound_failure_2037,learning state,cost cannot increase as realized state grows,84.000000000,84.000000000,0.000001000,USD/tCO2,pass,"A functional-form check, not evidence that real-world learning is monotonic.",aether_integrated_feasibility_timepaths.csv
learning_state_conservation_rebound_failure_2038,learning state,end cumulative production = start + operated annual capacity,171.728521366,171.728521366,0.000001000,GtCO2,pass,"Only constrained, actually operated capacity increments learning state.",aether_integrated_feasibility_timepaths.csv
learning_cost_nonincreasing_rebound_failure_2038,learning state,cost cannot increase as realized state grows,84.000000000,84.000000000,0.000001000,USD/tCO2,pass,"A functional-form check, not evidence that real-world learning is monotonic.",aether_integrated_feasibility_timepaths.csv
learning_state_conservation_rebound_failure_2039,learning state,end cumulative production = start + operated annual capacity,211.317640992,211.317640992,0.000001000,GtCO2,pass,"Only constrained, actually operated capacity increments learning state.",aether_integrated_feasibility_timepaths.csv
learning_cost_nonincreasing_rebound_failure_2039,learning state,cost cannot increase as realized state grows,84.000000000,84.000000000,0.000001000,USD/tCO2,pass,"A functional-form check, not evidence that real-world learning is monotonic.",aether_integrated_feasibility_timepaths.csv
learning_state_conservation_rebound_failure_2040,learning state,end cumulative production = start + operated annual capacity,257.822524138,257.822524138,0.000001000,GtCO2,pass,"Only constrained, actually operated capacity increments learning state.",aether_integrated_feasibility_timepaths.csv
learning_cost_nonincreasing_rebound_failure_2040,learning state,cost cannot increase as realized state grows,84.000000000,84.000000000,0.000001000,USD/tCO2,pass,"A functional-form check, not evidence that real-world learning is monotonic.",aether_integrated_feasibility_timepaths.csv
learning_state_conservation_rebound_failure_2041,learning state,end cumulative production = start + operated annual capacity,312.280535334,312.280535334,0.000001000,GtCO2,pass,"Only constrained, actually operated capacity increments learning state.",aether_integrated_feasibility_timepaths.csv
learning_cost_nonincreasing_rebound_failure_2041,learning state,cost cannot increase as realized state grows,84.000000000,84.000000000,0.000001000,USD/tCO2,pass,"A functional-form check, not evidence that real-world learning is monotonic.",aether_integrated_feasibility_timepaths.csv
learning_state_conservation_rebound_failure_2042,learning state,end cumulative production = start + operated annual capacity,375.884643786,375.884643786,0.000001000,GtCO2,pass,"Only constrained, actually operated capacity increments learning state.",aether_integrated_feasibility_timepaths.csv
learning_cost_nonincreasing_rebound_failure_2042,learning state,cost cannot increase as realized state grows,84.000000000,84.000000000,0.000001000,USD/tCO2,pass,"A functional-form check, not evidence that real-world learning is monotonic.",aether_integrated_feasibility_timepaths.csv
learning_state_conservation_rebound_failure_2043,learning state,end cumulative production = start + operated annual capacity,450.006764084,450.006764084,0.000001000,GtCO2,pass,"Only constrained, actually operated capacity increments learning state.",aether_integrated_feasibility_timepaths.csv
learning_cost_nonincreasing_rebound_failure_2043,learning state,cost cannot increase as realized state grows,84.000000000,84.000000000,0.000001000,USD/tCO2,pass,"A functional-form check, not evidence that real-world learning is monotonic.",aether_integrated_feasibility_timepaths.csv
learning_state_conservation_rebound_failure_2044,learning state,end cumulative production = start + operated annual capacity,536.224598003,536.224598003,0.000001000,GtCO2,pass,"Only constrained, actually operated capacity increments learning state.",aether_integrated_feasibility_timepaths.csv
learning_cost_nonincreasing_rebound_failure_2044,learning state,cost cannot increase as realized state grows,84.000000000,84.000000000,0.000001000,USD/tCO2,pass,"A functional-form check, not evidence that real-world learning is monotonic.",aether_integrated_feasibility_timepaths.csv
learning_state_conservation_rebound_failure_2045,learning state,end cumulative production = start + operated annual capacity,631.224598003,631.224598003,0.000001000,GtCO2,pass,"Only constrained, actually operated capacity increments learning state.",aether_integrated_feasibility_timepaths.csv
learning_cost_nonincreasing_rebound_failure_2045,learning state,cost cannot increase as realized state grows,84.000000000,84.000000000,0.000001000,USD/tCO2,pass,"A functional-form check, not evidence that real-world learning is monotonic.",aether_integrated_feasibility_timepaths.csv
learning_state_conservation_rebound_failure_2046,learning state,end cumulative production = start + operated annual capacity,731.224598003,731.224598003,0.000001000,GtCO2,pass,"Only constrained, actually operated capacity increments learning state.",aether_integrated_feasibility_timepaths.csv
learning_cost_nonincreasing_rebound_failure_2046,learning state,cost cannot increase as realized state grows,84.000000000,84.000000000,0.000001000,USD/tCO2,pass,"A functional-form check, not evidence that real-world learning is monotonic.",aether_integrated_feasibility_timepaths.csv
learning_no_unbuilt_plan_credit_rebound_failure,learning state,planned capacity cannot change cost before operation,300.000000000,300.000000000,0.000001000,USD/tCO2,pass,The plan may grow while the learning state and cost remain unchanged.,aether_integrated_feasibility_timepaths.csv
learning_first_planned_year_uses_prior_state_rebound_failure,learning state,first planned year cost = initial-state cost,300.000000000,300.000000000,0.000001000,USD/tCO2,pass,The first scheduled capacity does not earn same-year learning before it operates.,aether_integrated_feasibility_timepaths.csv
learning_reference_review_rebound_failure,evidence boundary,human source and model review required,,,,,review_required,"The initial cumulative-production reference is a screening proxy, not a sourced historical cumulative-production series.",aether_integrated_feasibility_timepaths.csv
regional_allowance_conservation_1,regional energy conservation,annual electricity allowance = allocated + unallocated,0.550000000,0.550000000,0.000001000,TWh/year,pass,Annual envelope accounting; this is not an hourly generation or dispatch claim.,aether_regional_reference_resource_ledger.csv
regional_load_conservation_1,regional energy conservation,requested load = allocated + unserved,0.453160000,0.453160000,0.000001000,TWh/year,pass,Unserved load remains explicit and is not presented as delivered energy.,aether_regional_reference_resource_ledger.csv
regional_cyclic_storage_1,regional energy conservation,final storage - initial storage = reported change,0.000000000,0.000000000,0.000001000,GWh,pass,The benchmark has no implicit storage-energy carryover.,aether_regional_reference_resource_ledger.csv
regional_allowance_conservation_2,regional energy conservation,annual electricity allowance = allocated + unallocated,0.550000000,0.550000000,0.000001000,TWh/year,pass,Annual envelope accounting; this is not an hourly generation or dispatch claim.,aether_regional_reference_resource_ledger.csv
regional_load_conservation_2,regional energy conservation,requested load = allocated + unserved,0.479816000,0.479816000,0.000001000,TWh/year,pass,Unserved load remains explicit and is not presented as delivered energy.,aether_regional_reference_resource_ledger.csv
regional_cyclic_storage_2,regional energy conservation,final storage - initial storage = reported change,0.000000000,0.000000000,0.000001000,GWh,pass,The benchmark has no implicit storage-energy carryover.,aether_regional_reference_resource_ledger.csv
generated_csv_nonfinite_values,data quality,count(explicit NaN or infinity tokens),0.000000000,0.000000000,0.000000000,tokens,pass,Generated tables must not hide undefined or infinite outputs.,analysis/tables/*.csv
