case,display_name,forcing_policy,forcing_policy_name,year,co2_ppm,co2_erf_w_m2,non_co2_positive_forcing_w_m2,aerosol_forcing_w_m2,total_erf_w_m2,surface_temperature_anomaly_c,deep_ocean_temperature_index_c,ocean_heat_uptake_w_m2,temperature_change_vs_2026_c,emulator_caveat
baseline_constant_emissions_no_aether,"No AETHER, constant emissions",co2_only_screen,CO2-only emulator screen,2026,433.940256,2.524677,0.000000,0.000000,2.524677,1.352807,0.656100,0.659913,0.000000,"Two-box screening emulator with scenario non-CO2 and aerosol forcing; not FAIR, not CMIP, and not publication-grade attribution."
baseline_constant_emissions_no_aether,"No AETHER, constant emissions",co2_only_screen,CO2-only emulator screen,2027,438.996277,2.590357,0.000000,0.000000,2.590357,1.365832,0.662718,0.661872,0.013026,"Two-box screening emulator with scenario non-CO2 and aerosol forcing; not FAIR, not CMIP, and not publication-grade attribution."
baseline_constant_emissions_no_aether,"No AETHER, constant emissions",co2_only_screen,CO2-only emulator screen,2028,443.763438,2.651594,0.000000,0.000000,2.651594,1.382032,0.669398,0.667958,0.029225,"Two-box screening emulator with scenario non-CO2 and aerosol forcing; not FAIR, not CMIP, and not publication-grade attribution."
baseline_constant_emissions_no_aether,"No AETHER, constant emissions",co2_only_screen,CO2-only emulator screen,2029,448.293762,2.709183,0.000000,0.000000,2.709183,1.400508,0.676168,0.677002,0.047702,"Two-box screening emulator with scenario non-CO2 and aerosol forcing; not FAIR, not CMIP, and not publication-grade attribution."
baseline_constant_emissions_no_aether,"No AETHER, constant emissions",co2_only_screen,CO2-only emulator screen,2030,452.628685,2.763746,0.000000,0.000000,2.763746,1.420588,0.683049,0.688124,0.067782,"Two-box screening emulator with scenario non-CO2 and aerosol forcing; not FAIR, not CMIP, and not publication-grade attribution."
baseline_constant_emissions_no_aether,"No AETHER, constant emissions",co2_only_screen,CO2-only emulator screen,2031,456.801243,2.815773,0.000000,0.000000,2.815773,1.441766,0.690056,0.700662,0.088960,"Two-box screening emulator with scenario non-CO2 and aerosol forcing; not FAIR, not CMIP, and not publication-grade attribution."
baseline_constant_emissions_no_aether,"No AETHER, constant emissions",co2_only_screen,CO2-only emulator screen,2032,460.837809,2.865655,0.000000,0.000000,2.865655,1.463668,0.697197,0.714125,0.110861,"Two-box screening emulator with scenario non-CO2 and aerosol forcing; not FAIR, not CMIP, and not publication-grade attribution."
baseline_constant_emissions_no_aether,"No AETHER, constant emissions",co2_only_screen,CO2-only emulator screen,2033,464.759472,2.913700,0.000000,0.000000,2.913700,1.486013,0.704478,0.728147,0.133207,"Two-box screening emulator with scenario non-CO2 and aerosol forcing; not FAIR, not CMIP, and not publication-grade attribution."
baseline_constant_emissions_no_aether,"No AETHER, constant emissions",co2_only_screen,CO2-only emulator screen,2034,468.583122,2.960155,0.000000,0.000000,2.960155,1.508598,0.711903,0.742458,0.155792,"Two-box screening emulator with scenario non-CO2 and aerosol forcing; not FAIR, not CMIP, and not publication-grade attribution."
baseline_constant_emissions_no_aether,"No AETHER, constant emissions",co2_only_screen,CO2-only emulator screen,2035,472.322321,3.005219,0.000000,0.000000,3.005219,1.531273,0.719472,0.756861,0.178466,"Two-box screening emulator with scenario non-CO2 and aerosol forcing; not FAIR, not CMIP, and not publication-grade attribution."
baseline_constant_emissions_no_aether,"No AETHER, constant emissions",co2_only_screen,CO2-only emulator screen,2036,475.987987,3.049052,0.000000,0.000000,3.049052,1.553929,0.727184,0.771211,0.201122,"Two-box screening emulator with scenario non-CO2 and aerosol forcing; not FAIR, not CMIP, and not publication-grade attribution."
baseline_constant_emissions_no_aether,"No AETHER, constant emissions",co2_only_screen,CO2-only emulator screen,2037,479.588938,3.091784,0.000000,0.000000,3.091784,1.576490,0.735038,0.785408,0.223683,"Two-box screening emulator with scenario non-CO2 and aerosol forcing; not FAIR, not CMIP, and not publication-grade attribution."
baseline_constant_emissions_no_aether,"No AETHER, constant emissions",co2_only_screen,CO2-only emulator screen,2038,483.132319,3.133521,0.000000,0.000000,3.133521,1.598901,0.743032,0.799379,0.246095,"Two-box screening emulator with scenario non-CO2 and aerosol forcing; not FAIR, not CMIP, and not publication-grade attribution."
baseline_constant_emissions_no_aether,"No AETHER, constant emissions",co2_only_screen,CO2-only emulator screen,2039,486.623952,3.174349,0.000000,0.000000,3.174349,1.621127,0.751162,0.813076,0.268321,"Two-box screening emulator with scenario non-CO2 and aerosol forcing; not FAIR, not CMIP, and not publication-grade attribution."
baseline_constant_emissions_no_aether,"No AETHER, constant emissions",co2_only_screen,CO2-only emulator screen,2040,490.068599,3.214342,0.000000,0.000000,3.214342,1.643144,0.759427,0.826467,0.290337,"Two-box screening emulator with scenario non-CO2 and aerosol forcing; not FAIR, not CMIP, and not publication-grade attribution."
baseline_constant_emissions_no_aether,"No AETHER, constant emissions",co2_only_screen,CO2-only emulator screen,2041,493.470182,3.253561,0.000000,0.000000,3.253561,1.664937,0.767822,0.839531,0.312130,"Two-box screening emulator with scenario non-CO2 and aerosol forcing; not FAIR, not CMIP, and not publication-grade attribution."
baseline_constant_emissions_no_aether,"No AETHER, constant emissions",co2_only_screen,CO2-only emulator screen,2042,496.831953,3.292055,0.000000,0.000000,3.292055,1.686497,0.776345,0.852258,0.333691,"Two-box screening emulator with scenario non-CO2 and aerosol forcing; not FAIR, not CMIP, and not publication-grade attribution."
baseline_constant_emissions_no_aether,"No AETHER, constant emissions",co2_only_screen,CO2-only emulator screen,2043,500.156627,3.329870,0.000000,0.000000,3.329870,1.707823,0.784991,0.864645,0.355017,"Two-box screening emulator with scenario non-CO2 and aerosol forcing; not FAIR, not CMIP, and not publication-grade attribution."
baseline_constant_emissions_no_aether,"No AETHER, constant emissions",co2_only_screen,CO2-only emulator screen,2044,503.446491,3.367042,0.000000,0.000000,3.367042,1.728915,0.793758,0.876690,0.376109,"Two-box screening emulator with scenario non-CO2 and aerosol forcing; not FAIR, not CMIP, and not publication-grade attribution."
baseline_constant_emissions_no_aether,"No AETHER, constant emissions",co2_only_screen,CO2-only emulator screen,2045,506.703489,3.403604,0.000000,0.000000,3.403604,1.749776,0.802642,0.888399,0.396969,"Two-box screening emulator with scenario non-CO2 and aerosol forcing; not FAIR, not CMIP, and not publication-grade attribution."
baseline_constant_emissions_no_aether,"No AETHER, constant emissions",co2_only_screen,CO2-only emulator screen,2046,509.929290,3.439584,0.000000,0.000000,3.439584,1.770409,0.811640,0.899777,0.417603,"Two-box screening emulator with scenario non-CO2 and aerosol forcing; not FAIR, not CMIP, and not publication-grade attribution."
baseline_constant_emissions_no_aether,"No AETHER, constant emissions",co2_only_screen,CO2-only emulator screen,2047,513.125341,3.475010,0.000000,0.000000,3.475010,1.790821,0.820748,0.910831,0.438015,"Two-box screening emulator with scenario non-CO2 and aerosol forcing; not FAIR, not CMIP, and not publication-grade attribution."
baseline_constant_emissions_no_aether,"No AETHER, constant emissions",co2_only_screen,CO2-only emulator screen,2048,516.292910,3.509902,0.000000,0.000000,3.509902,1.811018,0.829964,0.921569,0.458211,"Two-box screening emulator with scenario non-CO2 and aerosol forcing; not FAIR, not CMIP, and not publication-grade attribution."
baseline_constant_emissions_no_aether,"No AETHER, constant emissions",co2_only_screen,CO2-only emulator screen,2049,519.433119,3.544283,0.000000,0.000000,3.544283,1.831005,0.839284,0.932001,0.478198,"Two-box screening emulator with scenario non-CO2 and aerosol forcing; not FAIR, not CMIP, and not publication-grade attribution."
baseline_constant_emissions_no_aether,"No AETHER, constant emissions",co2_only_screen,CO2-only emulator screen,2050,522.546973,3.578170,0.000000,0.000000,3.578170,1.850790,0.848705,0.942135,0.497983,"Two-box screening emulator with scenario non-CO2 and aerosol forcing; not FAIR, not CMIP, and not publication-grade attribution."
baseline_constant_emissions_no_aether,"No AETHER, constant emissions",co2_only_screen,CO2-only emulator screen,2051,525.635379,3.611582,0.000000,0.000000,3.611582,1.870379,0.858225,0.951980,0.517572,"Two-box screening emulator with scenario non-CO2 and aerosol forcing; not FAIR, not CMIP, and not publication-grade attribution."
baseline_constant_emissions_no_aether,"No AETHER, constant emissions",co2_only_screen,CO2-only emulator screen,2052,528.699166,3.644533,0.000000,0.000000,3.644533,1.889778,0.867841,0.961546,0.536971,"Two-box screening emulator with scenario non-CO2 and aerosol forcing; not FAIR, not CMIP, and not publication-grade attribution."
baseline_constant_emissions_no_aether,"No AETHER, constant emissions",co2_only_screen,CO2-only emulator screen,2053,531.739095,3.677040,0.000000,0.000000,3.677040,1.908994,0.877549,0.970840,0.556187,"Two-box screening emulator with scenario non-CO2 and aerosol forcing; not FAIR, not CMIP, and not publication-grade attribution."
baseline_constant_emissions_no_aether,"No AETHER, constant emissions",co2_only_screen,CO2-only emulator screen,2054,534.755873,3.709116,0.000000,0.000000,3.709116,1.928032,0.887348,0.979873,0.575226,"Two-box screening emulator with scenario non-CO2 and aerosol forcing; not FAIR, not CMIP, and not publication-grade attribution."
baseline_constant_emissions_no_aether,"No AETHER, constant emissions",co2_only_screen,CO2-only emulator screen,2055,537.750161,3.740775,0.000000,0.000000,3.740775,1.946899,0.897234,0.988650,0.594093,"Two-box screening emulator with scenario non-CO2 and aerosol forcing; not FAIR, not CMIP, and not publication-grade attribution."
baseline_constant_emissions_no_aether,"No AETHER, constant emissions",co2_only_screen,CO2-only emulator screen,2056,540.722579,3.772029,0.000000,0.000000,3.772029,1.965600,0.907206,0.997182,0.612793,"Two-box screening emulator with scenario non-CO2 and aerosol forcing; not FAIR, not CMIP, and not publication-grade attribution."
baseline_constant_emissions_no_aether,"No AETHER, constant emissions",co2_only_screen,CO2-only emulator screen,2057,543.673714,3.802889,0.000000,0.000000,3.802889,1.984140,0.917261,1.005474,0.631333,"Two-box screening emulator with scenario non-CO2 and aerosol forcing; not FAIR, not CMIP, and not publication-grade attribution."
baseline_constant_emissions_no_aether,"No AETHER, constant emissions",co2_only_screen,CO2-only emulator screen,2058,546.604123,3.833367,0.000000,0.000000,3.833367,2.002524,0.927396,1.013535,0.649717,"Two-box screening emulator with scenario non-CO2 and aerosol forcing; not FAIR, not CMIP, and not publication-grade attribution."
baseline_constant_emissions_no_aether,"No AETHER, constant emissions",co2_only_screen,CO2-only emulator screen,2059,549.514339,3.863474,0.000000,0.000000,3.863474,2.020757,0.937610,1.021371,0.667950,"Two-box screening emulator with scenario non-CO2 and aerosol forcing; not FAIR, not CMIP, and not publication-grade attribution."
baseline_constant_emissions_no_aether,"No AETHER, constant emissions",co2_only_screen,CO2-only emulator screen,2060,552.404870,3.893220,0.000000,0.000000,3.893220,2.038844,0.947900,1.028990,0.686037,"Two-box screening emulator with scenario non-CO2 and aerosol forcing; not FAIR, not CMIP, and not publication-grade attribution."
baseline_constant_emissions_no_aether,"No AETHER, constant emissions",co2_only_screen,CO2-only emulator screen,2061,555.276205,3.922614,0.000000,0.000000,3.922614,2.056788,0.958264,1.036396,0.703981,"Two-box screening emulator with scenario non-CO2 and aerosol forcing; not FAIR, not CMIP, and not publication-grade attribution."
baseline_constant_emissions_no_aether,"No AETHER, constant emissions",co2_only_screen,CO2-only emulator screen,2062,558.128813,3.951667,0.000000,0.000000,3.951667,2.074594,0.968700,1.043598,0.721788,"Two-box screening emulator with scenario non-CO2 and aerosol forcing; not FAIR, not CMIP, and not publication-grade attribution."
baseline_constant_emissions_no_aether,"No AETHER, constant emissions",co2_only_screen,CO2-only emulator screen,2063,560.963149,3.980387,0.000000,0.000000,3.980387,2.092267,0.979206,1.050600,0.739460,"Two-box screening emulator with scenario non-CO2 and aerosol forcing; not FAIR, not CMIP, and not publication-grade attribution."
baseline_constant_emissions_no_aether,"No AETHER, constant emissions",co2_only_screen,CO2-only emulator screen,2064,563.779649,4.008783,0.000000,0.000000,4.008783,2.109809,0.989780,1.057408,0.757002,"Two-box screening emulator with scenario non-CO2 and aerosol forcing; not FAIR, not CMIP, and not publication-grade attribution."
baseline_constant_emissions_no_aether,"No AETHER, constant emissions",co2_only_screen,CO2-only emulator screen,2065,566.578738,4.036863,0.000000,0.000000,4.036863,2.127224,1.000420,1.064028,0.774418,"Two-box screening emulator with scenario non-CO2 and aerosol forcing; not FAIR, not CMIP, and not publication-grade attribution."
baseline_constant_emissions_no_aether,"No AETHER, constant emissions",co2_only_screen,CO2-only emulator screen,2066,569.360825,4.064635,0.000000,0.000000,4.064635,2.144517,1.011125,1.070464,0.791710,"Two-box screening emulator with scenario non-CO2 and aerosol forcing; not FAIR, not CMIP, and not publication-grade attribution."
baseline_constant_emissions_no_aether,"No AETHER, constant emissions",co2_only_screen,CO2-only emulator screen,2067,572.126308,4.092108,0.000000,0.000000,4.092108,2.161689,1.021892,1.076722,0.808882,"Two-box screening emulator with scenario non-CO2 and aerosol forcing; not FAIR, not CMIP, and not publication-grade attribution."
baseline_constant_emissions_no_aether,"No AETHER, constant emissions",co2_only_screen,CO2-only emulator screen,2068,574.875572,4.119288,0.000000,0.000000,4.119288,2.178745,1.032720,1.082807,0.825938,"Two-box screening emulator with scenario non-CO2 and aerosol forcing; not FAIR, not CMIP, and not publication-grade attribution."
baseline_constant_emissions_no_aether,"No AETHER, constant emissions",co2_only_screen,CO2-only emulator screen,2069,577.608992,4.146183,0.000000,0.000000,4.146183,2.195687,1.043607,1.088723,0.842880,"Two-box screening emulator with scenario non-CO2 and aerosol forcing; not FAIR, not CMIP, and not publication-grade attribution."
baseline_constant_emissions_no_aether,"No AETHER, constant emissions",co2_only_screen,CO2-only emulator screen,2070,580.326931,4.172799,0.000000,0.000000,4.172799,2.212518,1.054552,1.094475,0.859711,"Two-box screening emulator with scenario non-CO2 and aerosol forcing; not FAIR, not CMIP, and not publication-grade attribution."
baseline_constant_emissions_no_aether,"No AETHER, constant emissions",co2_only_screen,CO2-only emulator screen,2071,583.029742,4.199144,0.000000,0.000000,4.199144,2.229241,1.065553,1.100068,0.876435,"Two-box screening emulator with scenario non-CO2 and aerosol forcing; not FAIR, not CMIP, and not publication-grade attribution."
baseline_constant_emissions_no_aether,"No AETHER, constant emissions",co2_only_screen,CO2-only emulator screen,2072,585.717769,4.225225,0.000000,0.000000,4.225225,2.245859,1.076608,1.105504,0.893052,"Two-box screening emulator with scenario non-CO2 and aerosol forcing; not FAIR, not CMIP, and not publication-grade attribution."
baseline_constant_emissions_no_aether,"No AETHER, constant emissions",co2_only_screen,CO2-only emulator screen,2073,588.391345,4.251046,0.000000,0.000000,4.251046,2.262374,1.087716,1.110789,0.909568,"Two-box screening emulator with scenario non-CO2 and aerosol forcing; not FAIR, not CMIP, and not publication-grade attribution."
baseline_constant_emissions_no_aether,"No AETHER, constant emissions",co2_only_screen,CO2-only emulator screen,2074,591.050795,4.276615,0.000000,0.000000,4.276615,2.278789,1.098875,1.115926,0.925983,"Two-box screening emulator with scenario non-CO2 and aerosol forcing; not FAIR, not CMIP, and not publication-grade attribution."
baseline_constant_emissions_no_aether,"No AETHER, constant emissions",co2_only_screen,CO2-only emulator screen,2075,593.696435,4.301937,0.000000,0.000000,4.301937,2.295106,1.110084,1.120919,0.942300,"Two-box screening emulator with scenario non-CO2 and aerosol forcing; not FAIR, not CMIP, and not publication-grade attribution."
baseline_constant_emissions_no_aether,"No AETHER, constant emissions",co2_only_screen,CO2-only emulator screen,2076,596.328571,4.327019,0.000000,0.000000,4.327019,2.311328,1.121342,1.125771,0.958521,"Two-box screening emulator with scenario non-CO2 and aerosol forcing; not FAIR, not CMIP, and not publication-grade attribution."
baseline_constant_emissions_no_aether,"No AETHER, constant emissions",co2_only_screen,CO2-only emulator screen,2077,598.947503,4.351865,0.000000,0.000000,4.351865,2.327456,1.132647,1.130487,0.974649,"Two-box screening emulator with scenario non-CO2 and aerosol forcing; not FAIR, not CMIP, and not publication-grade attribution."
baseline_constant_emissions_no_aether,"No AETHER, constant emissions",co2_only_screen,CO2-only emulator screen,2078,601.553521,4.376480,0.000000,0.000000,4.376480,2.343493,1.143997,1.135069,0.990686,"Two-box screening emulator with scenario non-CO2 and aerosol forcing; not FAIR, not CMIP, and not publication-grade attribution."
baseline_constant_emissions_no_aether,"No AETHER, constant emissions",co2_only_screen,CO2-only emulator screen,2079,604.146909,4.400871,0.000000,0.000000,4.400871,2.359441,1.155393,1.139521,1.006634,"Two-box screening emulator with scenario non-CO2 and aerosol forcing; not FAIR, not CMIP, and not publication-grade attribution."
baseline_constant_emissions_no_aether,"No AETHER, constant emissions",co2_only_screen,CO2-only emulator screen,2080,606.727942,4.425042,0.000000,0.000000,4.425042,2.375302,1.166831,1.143846,1.022495,"Two-box screening emulator with scenario non-CO2 and aerosol forcing; not FAIR, not CMIP, and not publication-grade attribution."
baseline_constant_emissions_no_aether,"No AETHER, constant emissions",co2_only_screen,CO2-only emulator screen,2081,609.296888,4.448998,0.000000,0.000000,4.448998,2.391077,1.178311,1.148047,1.038270,"Two-box screening emulator with scenario non-CO2 and aerosol forcing; not FAIR, not CMIP, and not publication-grade attribution."
baseline_constant_emissions_no_aether,"No AETHER, constant emissions",co2_only_screen,CO2-only emulator screen,2082,611.854008,4.472743,0.000000,0.000000,4.472743,2.406769,1.189833,1.152127,1.053963,"Two-box screening emulator with scenario non-CO2 and aerosol forcing; not FAIR, not CMIP, and not publication-grade attribution."
baseline_constant_emissions_no_aether,"No AETHER, constant emissions",co2_only_screen,CO2-only emulator screen,2083,614.399556,4.496283,0.000000,0.000000,4.496283,2.422380,1.201394,1.156090,1.069573,"Two-box screening emulator with scenario non-CO2 and aerosol forcing; not FAIR, not CMIP, and not publication-grade attribution."
baseline_constant_emissions_no_aether,"No AETHER, constant emissions",co2_only_screen,CO2-only emulator screen,2084,616.933780,4.519621,0.000000,0.000000,4.519621,2.437910,1.212993,1.159937,1.085104,"Two-box screening emulator with scenario non-CO2 and aerosol forcing; not FAIR, not CMIP, and not publication-grade attribution."
baseline_constant_emissions_no_aether,"No AETHER, constant emissions",co2_only_screen,CO2-only emulator screen,2085,619.456920,4.542762,0.000000,0.000000,4.542762,2.453363,1.224630,1.163671,1.100556,"Two-box screening emulator with scenario non-CO2 and aerosol forcing; not FAIR, not CMIP, and not publication-grade attribution."
baseline_constant_emissions_no_aether,"No AETHER, constant emissions",co2_only_screen,CO2-only emulator screen,2086,621.969212,4.565710,0.000000,0.000000,4.565710,2.468738,1.236303,1.167296,1.115932,"Two-box screening emulator with scenario non-CO2 and aerosol forcing; not FAIR, not CMIP, and not publication-grade attribution."
baseline_constant_emissions_no_aether,"No AETHER, constant emissions",co2_only_screen,CO2-only emulator screen,2087,624.470882,4.588469,0.000000,0.000000,4.588469,2.484039,1.248011,1.170814,1.131232,"Two-box screening emulator with scenario non-CO2 and aerosol forcing; not FAIR, not CMIP, and not publication-grade attribution."
baseline_constant_emissions_no_aether,"No AETHER, constant emissions",co2_only_screen,CO2-only emulator screen,2088,626.962155,4.611043,0.000000,0.000000,4.611043,2.499266,1.259753,1.174227,1.146460,"Two-box screening emulator with scenario non-CO2 and aerosol forcing; not FAIR, not CMIP, and not publication-grade attribution."
baseline_constant_emissions_no_aether,"No AETHER, constant emissions",co2_only_screen,CO2-only emulator screen,2089,629.443245,4.633436,0.000000,0.000000,4.633436,2.514421,1.271528,1.177537,1.161615,"Two-box screening emulator with scenario non-CO2 and aerosol forcing; not FAIR, not CMIP, and not publication-grade attribution."
baseline_constant_emissions_no_aether,"No AETHER, constant emissions",co2_only_screen,CO2-only emulator screen,2090,631.914364,4.655652,0.000000,0.000000,4.655652,2.529505,1.283336,1.180748,1.176699,"Two-box screening emulator with scenario non-CO2 and aerosol forcing; not FAIR, not CMIP, and not publication-grade attribution."
baseline_constant_emissions_no_aether,"No AETHER, constant emissions",co2_only_screen,CO2-only emulator screen,2091,634.375717,4.677693,0.000000,0.000000,4.677693,2.544520,1.295175,1.183861,1.191714,"Two-box screening emulator with scenario non-CO2 and aerosol forcing; not FAIR, not CMIP, and not publication-grade attribution."
baseline_constant_emissions_no_aether,"No AETHER, constant emissions",co2_only_screen,CO2-only emulator screen,2092,636.827504,4.699564,0.000000,0.000000,4.699564,2.559467,1.307043,1.186879,1.206661,"Two-box screening emulator with scenario non-CO2 and aerosol forcing; not FAIR, not CMIP, and not publication-grade attribution."
baseline_constant_emissions_no_aether,"No AETHER, constant emissions",co2_only_screen,CO2-only emulator screen,2093,639.269919,4.721267,0.000000,0.000000,4.721267,2.574348,1.318941,1.189803,1.221541,"Two-box screening emulator with scenario non-CO2 and aerosol forcing; not FAIR, not CMIP, and not publication-grade attribution."
baseline_constant_emissions_no_aether,"No AETHER, constant emissions",co2_only_screen,CO2-only emulator screen,2094,641.703152,4.742807,0.000000,0.000000,4.742807,2.589162,1.330868,1.192636,1.236356,"Two-box screening emulator with scenario non-CO2 and aerosol forcing; not FAIR, not CMIP, and not publication-grade attribution."
baseline_constant_emissions_no_aether,"No AETHER, constant emissions",co2_only_screen,CO2-only emulator screen,2095,644.127387,4.764186,0.000000,0.000000,4.764186,2.603913,1.342822,1.195380,1.251106,"Two-box screening emulator with scenario non-CO2 and aerosol forcing; not FAIR, not CMIP, and not publication-grade attribution."
baseline_constant_emissions_no_aether,"No AETHER, constant emissions",co2_only_screen,CO2-only emulator screen,2096,646.542805,4.785408,0.000000,0.000000,4.785408,2.618600,1.354802,1.198036,1.265793,"Two-box screening emulator with scenario non-CO2 and aerosol forcing; not FAIR, not CMIP, and not publication-grade attribution."
baseline_constant_emissions_no_aether,"No AETHER, constant emissions",co2_only_screen,CO2-only emulator screen,2097,648.949579,4.806475,0.000000,0.000000,4.806475,2.633225,1.366808,1.200608,1.280418,"Two-box screening emulator with scenario non-CO2 and aerosol forcing; not FAIR, not CMIP, and not publication-grade attribution."
baseline_constant_emissions_no_aether,"No AETHER, constant emissions",co2_only_screen,CO2-only emulator screen,2098,651.347882,4.827390,0.000000,0.000000,4.827390,2.647789,1.378839,1.203096,1.294982,"Two-box screening emulator with scenario non-CO2 and aerosol forcing; not FAIR, not CMIP, and not publication-grade attribution."
baseline_constant_emissions_no_aether,"No AETHER, constant emissions",co2_only_screen,CO2-only emulator screen,2099,653.737878,4.848156,0.000000,0.000000,4.848156,2.662293,1.390894,1.205502,1.309487,"Two-box screening emulator with scenario non-CO2 and aerosol forcing; not FAIR, not CMIP, and not publication-grade attribution."
baseline_constant_emissions_no_aether,"No AETHER, constant emissions",co2_only_screen,CO2-only emulator screen,2100,656.119729,4.868776,0.000000,0.000000,4.868776,2.676738,1.402972,1.207829,1.323932,"Two-box screening emulator with scenario non-CO2 and aerosol forcing; not FAIR, not CMIP, and not publication-grade attribution."
baseline_constant_emissions_no_aether,"No AETHER, constant emissions",mitigation_with_aerosol_cleanup,Mitigation with aerosol cleanup,2026,433.940256,2.524677,1.200000,-0.700000,3.024677,1.613376,0.772719,0.795947,0.000000,"Two-box screening emulator with scenario non-CO2 and aerosol forcing; not FAIR, not CMIP, and not publication-grade attribution."
baseline_constant_emissions_no_aether,"No AETHER, constant emissions",mitigation_with_aerosol_cleanup,Mitigation with aerosol cleanup,2027,438.996277,2.590357,1.181250,-0.681250,3.090357,1.628227,0.780705,0.798624,0.014851,"Two-box screening emulator with scenario non-CO2 and aerosol forcing; not FAIR, not CMIP, and not publication-grade attribution."
baseline_constant_emissions_no_aether,"No AETHER, constant emissions",mitigation_with_aerosol_cleanup,Mitigation with aerosol cleanup,2028,443.763438,2.651594,1.162500,-0.662500,3.151594,1.646016,0.788757,0.805145,0.032640,"Two-box screening emulator with scenario non-CO2 and aerosol forcing; not FAIR, not CMIP, and not publication-grade attribution."
baseline_constant_emissions_no_aether,"No AETHER, constant emissions",mitigation_with_aerosol_cleanup,Mitigation with aerosol cleanup,2029,448.293762,2.709183,1.143750,-0.643750,3.209183,1.665892,0.796901,0.814396,0.052516,"Two-box screening emulator with scenario non-CO2 and aerosol forcing; not FAIR, not CMIP, and not publication-grade attribution."
baseline_constant_emissions_no_aether,"No AETHER, constant emissions",mitigation_with_aerosol_cleanup,Mitigation with aerosol cleanup,2030,452.628685,2.763746,1.125000,-0.625000,3.263746,1.687215,0.805156,0.825541,0.073839,"Two-box screening emulator with scenario non-CO2 and aerosol forcing; not FAIR, not CMIP, and not publication-grade attribution."
baseline_constant_emissions_no_aether,"No AETHER, constant emissions",mitigation_with_aerosol_cleanup,Mitigation with aerosol cleanup,2031,456.801243,2.815773,1.106250,-0.606250,3.315773,1.709512,0.813536,0.837956,0.096136,"Two-box screening emulator with scenario non-CO2 and aerosol forcing; not FAIR, not CMIP, and not publication-grade attribution."
baseline_constant_emissions_no_aether,"No AETHER, constant emissions",mitigation_with_aerosol_cleanup,Mitigation with aerosol cleanup,2032,460.837809,2.865655,1.087500,-0.587500,3.365655,1.732430,0.822047,0.851178,0.119054,"Two-box screening emulator with scenario non-CO2 and aerosol forcing; not FAIR, not CMIP, and not publication-grade attribution."
baseline_constant_emissions_no_aether,"No AETHER, constant emissions",mitigation_with_aerosol_cleanup,Mitigation with aerosol cleanup,2033,464.759472,2.913700,1.068750,-0.568750,3.413700,1.755710,0.830696,0.864864,0.142334,"Two-box screening emulator with scenario non-CO2 and aerosol forcing; not FAIR, not CMIP, and not publication-grade attribution."
baseline_constant_emissions_no_aether,"No AETHER, constant emissions",mitigation_with_aerosol_cleanup,Mitigation with aerosol cleanup,2034,468.583122,2.960155,1.050000,-0.550000,3.460155,1.779161,0.839484,0.878763,0.165785,"Two-box screening emulator with scenario non-CO2 and aerosol forcing; not FAIR, not CMIP, and not publication-grade attribution."
baseline_constant_emissions_no_aether,"No AETHER, constant emissions",mitigation_with_aerosol_cleanup,Mitigation with aerosol cleanup,2035,472.322321,3.005219,1.031250,-0.531250,3.505219,1.802646,0.848411,0.892693,0.189270,"Two-box screening emulator with scenario non-CO2 and aerosol forcing; not FAIR, not CMIP, and not publication-grade attribution."
baseline_constant_emissions_no_aether,"No AETHER, constant emissions",mitigation_with_aerosol_cleanup,Mitigation with aerosol cleanup,2036,475.987987,3.049052,1.012500,-0.512500,3.549052,1.826068,0.857476,0.906524,0.212692,"Two-box screening emulator with scenario non-CO2 and aerosol forcing; not FAIR, not CMIP, and not publication-grade attribution."
baseline_constant_emissions_no_aether,"No AETHER, constant emissions",mitigation_with_aerosol_cleanup,Mitigation with aerosol cleanup,2037,479.588938,3.091784,0.993750,-0.493750,3.591784,1.849357,0.866678,0.920163,0.235981,"Two-box screening emulator with scenario non-CO2 and aerosol forcing; not FAIR, not CMIP, and not publication-grade attribution."
baseline_constant_emissions_no_aether,"No AETHER, constant emissions",mitigation_with_aerosol_cleanup,Mitigation with aerosol cleanup,2038,483.132319,3.133521,0.975000,-0.475000,3.633521,1.872467,0.876013,0.933546,0.259091,"Two-box screening emulator with scenario non-CO2 and aerosol forcing; not FAIR, not CMIP, and not publication-grade attribution."
baseline_constant_emissions_no_aether,"No AETHER, constant emissions",mitigation_with_aerosol_cleanup,Mitigation with aerosol cleanup,2039,486.623952,3.174349,0.956250,-0.456250,3.674349,1.895366,0.885479,0.946631,0.281990,"Two-box screening emulator with scenario non-CO2 and aerosol forcing; not FAIR, not CMIP, and not publication-grade attribution."
baseline_constant_emissions_no_aether,"No AETHER, constant emissions",mitigation_with_aerosol_cleanup,Mitigation with aerosol cleanup,2040,490.068599,3.214342,0.937500,-0.437500,3.714342,1.918034,0.895073,0.959392,0.304658,"Two-box screening emulator with scenario non-CO2 and aerosol forcing; not FAIR, not CMIP, and not publication-grade attribution."
baseline_constant_emissions_no_aether,"No AETHER, constant emissions",mitigation_with_aerosol_cleanup,Mitigation with aerosol cleanup,2041,493.470182,3.253561,0.918750,-0.418750,3.753561,1.940461,0.904791,0.971813,0.327085,"Two-box screening emulator with scenario non-CO2 and aerosol forcing; not FAIR, not CMIP, and not publication-grade attribution."
baseline_constant_emissions_no_aether,"No AETHER, constant emissions",mitigation_with_aerosol_cleanup,Mitigation with aerosol cleanup,2042,496.831953,3.292055,0.900000,-0.400000,3.792055,1.962642,0.914630,0.983886,0.349266,"Two-box screening emulator with scenario non-CO2 and aerosol forcing; not FAIR, not CMIP, and not publication-grade attribution."
baseline_constant_emissions_no_aether,"No AETHER, constant emissions",mitigation_with_aerosol_cleanup,Mitigation with aerosol cleanup,2043,500.156627,3.329870,0.881250,-0.381250,3.829870,1.984575,0.924586,0.995611,0.371199,"Two-box screening emulator with scenario non-CO2 and aerosol forcing; not FAIR, not CMIP, and not publication-grade attribution."
baseline_constant_emissions_no_aether,"No AETHER, constant emissions",mitigation_with_aerosol_cleanup,Mitigation with aerosol cleanup,2044,503.446491,3.367042,0.862500,-0.362500,3.867042,2.006263,0.934656,1.006989,0.392887,"Two-box screening emulator with scenario non-CO2 and aerosol forcing; not FAIR, not CMIP, and not publication-grade attribution."
baseline_constant_emissions_no_aether,"No AETHER, constant emissions",mitigation_with_aerosol_cleanup,Mitigation with aerosol cleanup,2045,506.703489,3.403604,0.843750,-0.343750,3.903604,2.027711,0.944837,1.018027,0.414335,"Two-box screening emulator with scenario non-CO2 and aerosol forcing; not FAIR, not CMIP, and not publication-grade attribution."
baseline_constant_emissions_no_aether,"No AETHER, constant emissions",mitigation_with_aerosol_cleanup,Mitigation with aerosol cleanup,2046,509.929290,3.439584,0.825000,-0.325000,3.939584,2.048924,0.955124,1.028731,0.435547,"Two-box screening emulator with scenario non-CO2 and aerosol forcing; not FAIR, not CMIP, and not publication-grade attribution."
baseline_constant_emissions_no_aether,"No AETHER, constant emissions",mitigation_with_aerosol_cleanup,Mitigation with aerosol cleanup,2047,513.125341,3.475010,0.806250,-0.306250,3.975010,2.069908,0.965515,1.039110,0.456532,"Two-box screening emulator with scenario non-CO2 and aerosol forcing; not FAIR, not CMIP, and not publication-grade attribution."
baseline_constant_emissions_no_aether,"No AETHER, constant emissions",mitigation_with_aerosol_cleanup,Mitigation with aerosol cleanup,2048,516.292910,3.509902,0.787500,-0.287500,4.009902,2.090670,0.976007,1.049173,0.477294,"Two-box screening emulator with scenario non-CO2 and aerosol forcing; not FAIR, not CMIP, and not publication-grade attribution."
baseline_constant_emissions_no_aether,"No AETHER, constant emissions",mitigation_with_aerosol_cleanup,Mitigation with aerosol cleanup,2049,519.433119,3.544283,0.768750,-0.268750,4.044283,2.111218,0.986596,1.058930,0.497842,"Two-box screening emulator with scenario non-CO2 and aerosol forcing; not FAIR, not CMIP, and not publication-grade attribution."
baseline_constant_emissions_no_aether,"No AETHER, constant emissions",mitigation_with_aerosol_cleanup,Mitigation with aerosol cleanup,2050,522.546973,3.578170,0.750000,-0.250000,4.078170,2.131558,0.997280,1.068391,0.518182,"Two-box screening emulator with scenario non-CO2 and aerosol forcing; not FAIR, not CMIP, and not publication-grade attribution."
baseline_constant_emissions_no_aether,"No AETHER, constant emissions",mitigation_with_aerosol_cleanup,Mitigation with aerosol cleanup,2051,525.635379,3.611582,0.744000,-0.246000,4.109582,2.151531,1.008055,1.077565,0.538155,"Two-box screening emulator with scenario non-CO2 and aerosol forcing; not FAIR, not CMIP, and not publication-grade attribution."
baseline_constant_emissions_no_aether,"No AETHER, constant emissions",mitigation_with_aerosol_cleanup,Mitigation with aerosol cleanup,2052,528.699166,3.644533,0.738000,-0.242000,4.140533,2.171175,1.018919,1.086302,0.557799,"Two-box screening emulator with scenario non-CO2 and aerosol forcing; not FAIR, not CMIP, and not publication-grade attribution."
baseline_constant_emissions_no_aether,"No AETHER, constant emissions",mitigation_with_aerosol_cleanup,Mitigation with aerosol cleanup,2053,531.739095,3.677040,0.732000,-0.238000,4.171040,2.190522,1.029865,1.094644,0.577145,"Two-box screening emulator with scenario non-CO2 and aerosol forcing; not FAIR, not CMIP, and not publication-grade attribution."
baseline_constant_emissions_no_aether,"No AETHER, constant emissions",mitigation_with_aerosol_cleanup,Mitigation with aerosol cleanup,2054,534.755873,3.709116,0.726000,-0.234000,4.201116,2.209597,1.040891,1.102624,0.596221,"Two-box screening emulator with scenario non-CO2 and aerosol forcing; not FAIR, not CMIP, and not publication-grade attribution."
baseline_constant_emissions_no_aether,"No AETHER, constant emissions",mitigation_with_aerosol_cleanup,Mitigation with aerosol cleanup,2055,537.750161,3.740775,0.720000,-0.230000,4.230775,2.228425,1.051994,1.110271,0.615049,"Two-box screening emulator with scenario non-CO2 and aerosol forcing; not FAIR, not CMIP, and not publication-grade attribution."
baseline_constant_emissions_no_aether,"No AETHER, constant emissions",mitigation_with_aerosol_cleanup,Mitigation with aerosol cleanup,2056,540.722579,3.772029,0.714000,-0.226000,4.260029,2.247023,1.063170,1.117610,0.633647,"Two-box screening emulator with scenario non-CO2 and aerosol forcing; not FAIR, not CMIP, and not publication-grade attribution."
baseline_constant_emissions_no_aether,"No AETHER, constant emissions",mitigation_with_aerosol_cleanup,Mitigation with aerosol cleanup,2057,543.673714,3.802889,0.708000,-0.222000,4.288889,2.265409,1.074417,1.124661,0.652033,"Two-box screening emulator with scenario non-CO2 and aerosol forcing; not FAIR, not CMIP, and not publication-grade attribution."
baseline_constant_emissions_no_aether,"No AETHER, constant emissions",mitigation_with_aerosol_cleanup,Mitigation with aerosol cleanup,2058,546.604123,3.833367,0.702000,-0.218000,4.317367,2.283596,1.085731,1.131443,0.670220,"Two-box screening emulator with scenario non-CO2 and aerosol forcing; not FAIR, not CMIP, and not publication-grade attribution."
baseline_constant_emissions_no_aether,"No AETHER, constant emissions",mitigation_with_aerosol_cleanup,Mitigation with aerosol cleanup,2059,549.514339,3.863474,0.696000,-0.214000,4.345474,2.301595,1.097111,1.137971,0.688219,"Two-box screening emulator with scenario non-CO2 and aerosol forcing; not FAIR, not CMIP, and not publication-grade attribution."
baseline_constant_emissions_no_aether,"No AETHER, constant emissions",mitigation_with_aerosol_cleanup,Mitigation with aerosol cleanup,2060,552.404870,3.893220,0.690000,-0.210000,4.373220,2.319418,1.108553,1.144260,0.706041,"Two-box screening emulator with scenario non-CO2 and aerosol forcing; not FAIR, not CMIP, and not publication-grade attribution."
baseline_constant_emissions_no_aether,"No AETHER, constant emissions",mitigation_with_aerosol_cleanup,Mitigation with aerosol cleanup,2061,555.276205,3.922614,0.684000,-0.206000,4.400614,2.337072,1.120057,1.150321,0.723696,"Two-box screening emulator with scenario non-CO2 and aerosol forcing; not FAIR, not CMIP, and not publication-grade attribution."
baseline_constant_emissions_no_aether,"No AETHER, constant emissions",mitigation_with_aerosol_cleanup,Mitigation with aerosol cleanup,2062,558.128813,3.951667,0.678000,-0.202000,4.427667,2.354567,1.131618,1.156165,0.741191,"Two-box screening emulator with scenario non-CO2 and aerosol forcing; not FAIR, not CMIP, and not publication-grade attribution."
baseline_constant_emissions_no_aether,"No AETHER, constant emissions",mitigation_with_aerosol_cleanup,Mitigation with aerosol cleanup,2063,560.963149,3.980387,0.672000,-0.198000,4.454387,2.371909,1.143236,1.161801,0.758533,"Two-box screening emulator with scenario non-CO2 and aerosol forcing; not FAIR, not CMIP, and not publication-grade attribution."
baseline_constant_emissions_no_aether,"No AETHER, constant emissions",mitigation_with_aerosol_cleanup,Mitigation with aerosol cleanup,2064,563.779649,4.008783,0.666000,-0.194000,4.480783,2.389104,1.154909,1.167239,0.775728,"Two-box screening emulator with scenario non-CO2 and aerosol forcing; not FAIR, not CMIP, and not publication-grade attribution."
baseline_constant_emissions_no_aether,"No AETHER, constant emissions",mitigation_with_aerosol_cleanup,Mitigation with aerosol cleanup,2065,566.578738,4.036863,0.660000,-0.190000,4.506863,2.406158,1.166633,1.172486,0.792782,"Two-box screening emulator with scenario non-CO2 and aerosol forcing; not FAIR, not CMIP, and not publication-grade attribution."
baseline_constant_emissions_no_aether,"No AETHER, constant emissions",mitigation_with_aerosol_cleanup,Mitigation with aerosol cleanup,2066,569.360825,4.064635,0.654000,-0.186000,4.532635,2.423077,1.178409,1.177549,0.809701,"Two-box screening emulator with scenario non-CO2 and aerosol forcing; not FAIR, not CMIP, and not publication-grade attribution."
baseline_constant_emissions_no_aether,"No AETHER, constant emissions",mitigation_with_aerosol_cleanup,Mitigation with aerosol cleanup,2067,572.126308,4.092108,0.648000,-0.182000,4.558108,2.439864,1.190233,1.182434,0.826488,"Two-box screening emulator with scenario non-CO2 and aerosol forcing; not FAIR, not CMIP, and not publication-grade attribution."
baseline_constant_emissions_no_aether,"No AETHER, constant emissions",mitigation_with_aerosol_cleanup,Mitigation with aerosol cleanup,2068,574.875572,4.119288,0.642000,-0.178000,4.583288,2.456523,1.202105,1.187149,0.843147,"Two-box screening emulator with scenario non-CO2 and aerosol forcing; not FAIR, not CMIP, and not publication-grade attribution."
baseline_constant_emissions_no_aether,"No AETHER, constant emissions",mitigation_with_aerosol_cleanup,Mitigation with aerosol cleanup,2069,577.608992,4.146183,0.636000,-0.174000,4.608183,2.473060,1.214022,1.191698,0.859684,"Two-box screening emulator with scenario non-CO2 and aerosol forcing; not FAIR, not CMIP, and not publication-grade attribution."
baseline_constant_emissions_no_aether,"No AETHER, constant emissions",mitigation_with_aerosol_cleanup,Mitigation with aerosol cleanup,2070,580.326931,4.172799,0.630000,-0.170000,4.632799,2.489477,1.225983,1.196086,0.876101,"Two-box screening emulator with scenario non-CO2 and aerosol forcing; not FAIR, not CMIP, and not publication-grade attribution."
baseline_constant_emissions_no_aether,"No AETHER, constant emissions",mitigation_with_aerosol_cleanup,Mitigation with aerosol cleanup,2071,583.029742,4.199144,0.624000,-0.166000,4.657144,2.505778,1.237986,1.200320,0.892402,"Two-box screening emulator with scenario non-CO2 and aerosol forcing; not FAIR, not CMIP, and not publication-grade attribution."
baseline_constant_emissions_no_aether,"No AETHER, constant emissions",mitigation_with_aerosol_cleanup,Mitigation with aerosol cleanup,2072,585.717769,4.225225,0.618000,-0.162000,4.681225,2.521966,1.250030,1.204402,0.908590,"Two-box screening emulator with scenario non-CO2 and aerosol forcing; not FAIR, not CMIP, and not publication-grade attribution."
baseline_constant_emissions_no_aether,"No AETHER, constant emissions",mitigation_with_aerosol_cleanup,Mitigation with aerosol cleanup,2073,588.391345,4.251046,0.612000,-0.158000,4.705046,2.538043,1.262113,1.208339,0.924667,"Two-box screening emulator with scenario non-CO2 and aerosol forcing; not FAIR, not CMIP, and not publication-grade attribution."
baseline_constant_emissions_no_aether,"No AETHER, constant emissions",mitigation_with_aerosol_cleanup,Mitigation with aerosol cleanup,2074,591.050795,4.276615,0.606000,-0.154000,4.728615,2.554014,1.274235,1.212134,0.940638,"Two-box screening emulator with scenario non-CO2 and aerosol forcing; not FAIR, not CMIP, and not publication-grade attribution."
baseline_constant_emissions_no_aether,"No AETHER, constant emissions",mitigation_with_aerosol_cleanup,Mitigation with aerosol cleanup,2075,593.696435,4.301937,0.600000,-0.150000,4.751937,2.569879,1.286392,1.215790,0.956503,"Two-box screening emulator with scenario non-CO2 and aerosol forcing; not FAIR, not CMIP, and not publication-grade attribution."
baseline_constant_emissions_no_aether,"No AETHER, constant emissions",mitigation_with_aerosol_cleanup,Mitigation with aerosol cleanup,2076,596.328571,4.327019,0.594000,-0.146000,4.775019,2.585643,1.298586,1.219313,0.972267,"Two-box screening emulator with scenario non-CO2 and aerosol forcing; not FAIR, not CMIP, and not publication-grade attribution."
baseline_constant_emissions_no_aether,"No AETHER, constant emissions",mitigation_with_aerosol_cleanup,Mitigation with aerosol cleanup,2077,598.947503,4.351865,0.588000,-0.142000,4.797865,2.601307,1.310813,1.222705,0.987931,"Two-box screening emulator with scenario non-CO2 and aerosol forcing; not FAIR, not CMIP, and not publication-grade attribution."
baseline_constant_emissions_no_aether,"No AETHER, constant emissions",mitigation_with_aerosol_cleanup,Mitigation with aerosol cleanup,2078,601.553521,4.376480,0.582000,-0.138000,4.820480,2.616874,1.323072,1.225970,1.003498,"Two-box screening emulator with scenario non-CO2 and aerosol forcing; not FAIR, not CMIP, and not publication-grade attribution."
baseline_constant_emissions_no_aether,"No AETHER, constant emissions",mitigation_with_aerosol_cleanup,Mitigation with aerosol cleanup,2079,604.146909,4.400871,0.576000,-0.134000,4.842871,2.632345,1.335363,1.229111,1.018969,"Two-box screening emulator with scenario non-CO2 and aerosol forcing; not FAIR, not CMIP, and not publication-grade attribution."
baseline_constant_emissions_no_aether,"No AETHER, constant emissions",mitigation_with_aerosol_cleanup,Mitigation with aerosol cleanup,2080,606.727942,4.425042,0.570000,-0.130000,4.865042,2.647723,1.347685,1.232132,1.034347,"Two-box screening emulator with scenario non-CO2 and aerosol forcing; not FAIR, not CMIP, and not publication-grade attribution."
baseline_constant_emissions_no_aether,"No AETHER, constant emissions",mitigation_with_aerosol_cleanup,Mitigation with aerosol cleanup,2081,609.296888,4.448998,0.564000,-0.126000,4.886998,2.663010,1.360035,1.235036,1.049634,"Two-box screening emulator with scenario non-CO2 and aerosol forcing; not FAIR, not CMIP, and not publication-grade attribution."
baseline_constant_emissions_no_aether,"No AETHER, constant emissions",mitigation_with_aerosol_cleanup,Mitigation with aerosol cleanup,2082,611.854008,4.472743,0.558000,-0.122000,4.908743,2.678208,1.372413,1.237826,1.064832,"Two-box screening emulator with scenario non-CO2 and aerosol forcing; not FAIR, not CMIP, and not publication-grade attribution."
baseline_constant_emissions_no_aether,"No AETHER, constant emissions",mitigation_with_aerosol_cleanup,Mitigation with aerosol cleanup,2083,614.399556,4.496283,0.552000,-0.118000,4.930283,2.693318,1.384818,1.240505,1.079942,"Two-box screening emulator with scenario non-CO2 and aerosol forcing; not FAIR, not CMIP, and not publication-grade attribution."
baseline_constant_emissions_no_aether,"No AETHER, constant emissions",mitigation_with_aerosol_cleanup,Mitigation with aerosol cleanup,2084,616.933780,4.519621,0.546000,-0.114000,4.951621,2.708343,1.397249,1.243075,1.094967,"Two-box screening emulator with scenario non-CO2 and aerosol forcing; not FAIR, not CMIP, and not publication-grade attribution."
baseline_constant_emissions_no_aether,"No AETHER, constant emissions",mitigation_with_aerosol_cleanup,Mitigation with aerosol cleanup,2085,619.456920,4.542762,0.540000,-0.110000,4.972762,2.723284,1.409705,1.245539,1.109908,"Two-box screening emulator with scenario non-CO2 and aerosol forcing; not FAIR, not CMIP, and not publication-grade attribution."
baseline_constant_emissions_no_aether,"No AETHER, constant emissions",mitigation_with_aerosol_cleanup,Mitigation with aerosol cleanup,2086,621.969212,4.565710,0.534000,-0.106000,4.993710,2.738143,1.422184,1.247901,1.124767,"Two-box screening emulator with scenario non-CO2 and aerosol forcing; not FAIR, not CMIP, and not publication-grade attribution."
baseline_constant_emissions_no_aether,"No AETHER, constant emissions",mitigation_with_aerosol_cleanup,Mitigation with aerosol cleanup,2087,624.470882,4.588469,0.528000,-0.102000,5.014469,2.752922,1.434685,1.250162,1.139546,"Two-box screening emulator with scenario non-CO2 and aerosol forcing; not FAIR, not CMIP, and not publication-grade attribution."
baseline_constant_emissions_no_aether,"No AETHER, constant emissions",mitigation_with_aerosol_cleanup,Mitigation with aerosol cleanup,2088,626.962155,4.611043,0.522000,-0.098000,5.035043,2.767621,1.447208,1.252325,1.154245,"Two-box screening emulator with scenario non-CO2 and aerosol forcing; not FAIR, not CMIP, and not publication-grade attribution."
baseline_constant_emissions_no_aether,"No AETHER, constant emissions",mitigation_with_aerosol_cleanup,Mitigation with aerosol cleanup,2089,629.443245,4.633436,0.516000,-0.094000,5.055436,2.782243,1.459752,1.254392,1.168867,"Two-box screening emulator with scenario non-CO2 and aerosol forcing; not FAIR, not CMIP, and not publication-grade attribution."
baseline_constant_emissions_no_aether,"No AETHER, constant emissions",mitigation_with_aerosol_cleanup,Mitigation with aerosol cleanup,2090,631.914364,4.655652,0.510000,-0.090000,5.075652,2.796788,1.472316,1.256366,1.183412,"Two-box screening emulator with scenario non-CO2 and aerosol forcing; not FAIR, not CMIP, and not publication-grade attribution."
baseline_constant_emissions_no_aether,"No AETHER, constant emissions",mitigation_with_aerosol_cleanup,Mitigation with aerosol cleanup,2091,634.375717,4.677693,0.504000,-0.086000,5.095693,2.811259,1.484899,1.258249,1.197883,"Two-box screening emulator with scenario non-CO2 and aerosol forcing; not FAIR, not CMIP, and not publication-grade attribution."
baseline_constant_emissions_no_aether,"No AETHER, constant emissions",mitigation_with_aerosol_cleanup,Mitigation with aerosol cleanup,2092,636.827504,4.699564,0.498000,-0.082000,5.115564,2.825657,1.497499,1.260043,1.212281,"Two-box screening emulator with scenario non-CO2 and aerosol forcing; not FAIR, not CMIP, and not publication-grade attribution."
baseline_constant_emissions_no_aether,"No AETHER, constant emissions",mitigation_with_aerosol_cleanup,Mitigation with aerosol cleanup,2093,639.269919,4.721267,0.492000,-0.078000,5.135267,2.839982,1.510116,1.261750,1.226606,"Two-box screening emulator with scenario non-CO2 and aerosol forcing; not FAIR, not CMIP, and not publication-grade attribution."
baseline_constant_emissions_no_aether,"No AETHER, constant emissions",mitigation_with_aerosol_cleanup,Mitigation with aerosol cleanup,2094,641.703152,4.742807,0.486000,-0.074000,5.154807,2.854237,1.522750,1.263373,1.240861,"Two-box screening emulator with scenario non-CO2 and aerosol forcing; not FAIR, not CMIP, and not publication-grade attribution."
baseline_constant_emissions_no_aether,"No AETHER, constant emissions",mitigation_with_aerosol_cleanup,Mitigation with aerosol cleanup,2095,644.127387,4.764186,0.480000,-0.070000,5.174186,2.868422,1.535399,1.264913,1.255046,"Two-box screening emulator with scenario non-CO2 and aerosol forcing; not FAIR, not CMIP, and not publication-grade attribution."
baseline_constant_emissions_no_aether,"No AETHER, constant emissions",mitigation_with_aerosol_cleanup,Mitigation with aerosol cleanup,2096,646.542805,4.785408,0.474000,-0.066000,5.193408,2.882539,1.548063,1.266372,1.269163,"Two-box screening emulator with scenario non-CO2 and aerosol forcing; not FAIR, not CMIP, and not publication-grade attribution."
baseline_constant_emissions_no_aether,"No AETHER, constant emissions",mitigation_with_aerosol_cleanup,Mitigation with aerosol cleanup,2097,648.949579,4.806475,0.468000,-0.062000,5.212475,2.896589,1.560741,1.267753,1.283213,"Two-box screening emulator with scenario non-CO2 and aerosol forcing; not FAIR, not CMIP, and not publication-grade attribution."
baseline_constant_emissions_no_aether,"No AETHER, constant emissions",mitigation_with_aerosol_cleanup,Mitigation with aerosol cleanup,2098,651.347882,4.827390,0.462000,-0.058000,5.231390,2.910572,1.573431,1.269056,1.297196,"Two-box screening emulator with scenario non-CO2 and aerosol forcing; not FAIR, not CMIP, and not publication-grade attribution."
baseline_constant_emissions_no_aether,"No AETHER, constant emissions",mitigation_with_aerosol_cleanup,Mitigation with aerosol cleanup,2099,653.737878,4.848156,0.456000,-0.054000,5.250156,2.924491,1.586134,1.270284,1.311115,"Two-box screening emulator with scenario non-CO2 and aerosol forcing; not FAIR, not CMIP, and not publication-grade attribution."
baseline_constant_emissions_no_aether,"No AETHER, constant emissions",mitigation_with_aerosol_cleanup,Mitigation with aerosol cleanup,2100,656.119729,4.868776,0.450000,-0.050000,5.268776,2.938345,1.598848,1.271439,1.324969,"Two-box screening emulator with scenario non-CO2 and aerosol forcing; not FAIR, not CMIP, and not publication-grade attribution."
baseline_constant_emissions_no_aether,"No AETHER, constant emissions",nonco2_delay_aerosol_unmasking,Delayed non-CO2 mitigation plus aerosol unmasking,2026,433.940256,2.524677,1.200000,-0.700000,3.024677,1.613376,0.772719,0.795947,0.000000,"Two-box screening emulator with scenario non-CO2 and aerosol forcing; not FAIR, not CMIP, and not publication-grade attribution."
baseline_constant_emissions_no_aether,"No AETHER, constant emissions",nonco2_delay_aerosol_unmasking,Delayed non-CO2 mitigation plus aerosol unmasking,2027,438.996277,2.590357,1.197917,-0.677083,3.111190,1.629963,0.780705,0.798624,0.016587,"Two-box screening emulator with scenario non-CO2 and aerosol forcing; not FAIR, not CMIP, and not publication-grade attribution."
baseline_constant_emissions_no_aether,"No AETHER, constant emissions",nonco2_delay_aerosol_unmasking,Delayed non-CO2 mitigation plus aerosol unmasking,2028,443.763438,2.651594,1.195833,-0.654167,3.193261,1.650898,0.788773,0.806795,0.037521,"Two-box screening emulator with scenario non-CO2 and aerosol forcing; not FAIR, not CMIP, and not publication-grade attribution."
baseline_constant_emissions_no_aether,"No AETHER, constant emissions",nonco2_delay_aerosol_unmasking,Delayed non-CO2 mitigation plus aerosol unmasking,2029,448.293762,2.709183,1.193750,-0.631250,3.271683,1.675063,0.796963,0.819018,0.061687,"Two-box screening emulator with scenario non-CO2 and aerosol forcing; not FAIR, not CMIP, and not publication-grade attribution."
baseline_constant_emissions_no_aether,"No AETHER, constant emissions",nonco2_delay_aerosol_unmasking,Delayed non-CO2 mitigation plus aerosol unmasking,2030,452.628685,2.763746,1.191667,-0.608333,3.347079,1.701609,0.805305,0.834195,0.088233,"Two-box screening emulator with scenario non-CO2 and aerosol forcing; not FAIR, not CMIP, and not publication-grade attribution."
baseline_constant_emissions_no_aether,"No AETHER, constant emissions",nonco2_delay_aerosol_unmasking,Delayed non-CO2 mitigation plus aerosol unmasking,2031,456.801243,2.815773,1.189583,-0.585417,3.419940,1.729888,0.813820,0.851489,0.116512,"Two-box screening emulator with scenario non-CO2 and aerosol forcing; not FAIR, not CMIP, and not publication-grade attribution."
baseline_constant_emissions_no_aether,"No AETHER, constant emissions",nonco2_delay_aerosol_unmasking,Delayed non-CO2 mitigation plus aerosol unmasking,2032,460.837809,2.865655,1.187500,-0.562500,3.490655,1.759408,0.822523,0.870264,0.146032,"Two-box screening emulator with scenario non-CO2 and aerosol forcing; not FAIR, not CMIP, and not publication-grade attribution."
baseline_constant_emissions_no_aether,"No AETHER, constant emissions",nonco2_delay_aerosol_unmasking,Delayed non-CO2 mitigation plus aerosol unmasking,2033,464.759472,2.913700,1.185417,-0.539583,3.559533,1.789797,0.831423,0.890040,0.176421,"Two-box screening emulator with scenario non-CO2 and aerosol forcing; not FAIR, not CMIP, and not publication-grade attribution."
baseline_constant_emissions_no_aether,"No AETHER, constant emissions",nonco2_delay_aerosol_unmasking,Delayed non-CO2 mitigation plus aerosol unmasking,2034,468.583122,2.960155,1.183333,-0.516667,3.626822,1.820774,0.840528,0.910455,0.207398,"Two-box screening emulator with scenario non-CO2 and aerosol forcing; not FAIR, not CMIP, and not publication-grade attribution."
baseline_constant_emissions_no_aether,"No AETHER, constant emissions",nonco2_delay_aerosol_unmasking,Delayed non-CO2 mitigation plus aerosol unmasking,2035,472.322321,3.005219,1.181250,-0.493750,3.692719,1.852130,0.849840,0.931234,0.238754,"Two-box screening emulator with scenario non-CO2 and aerosol forcing; not FAIR, not CMIP, and not publication-grade attribution."
baseline_constant_emissions_no_aether,"No AETHER, constant emissions",nonco2_delay_aerosol_unmasking,Delayed non-CO2 mitigation plus aerosol unmasking,2036,475.987987,3.049052,1.179167,-0.470833,3.757386,1.883707,0.859362,0.952176,0.270331,"Two-box screening emulator with scenario non-CO2 and aerosol forcing; not FAIR, not CMIP, and not publication-grade attribution."
baseline_constant_emissions_no_aether,"No AETHER, constant emissions",nonco2_delay_aerosol_unmasking,Delayed non-CO2 mitigation plus aerosol unmasking,2037,479.588938,3.091784,1.177083,-0.447917,3.820951,1.915387,0.869093,0.973128,0.302011,"Two-box screening emulator with scenario non-CO2 and aerosol forcing; not FAIR, not CMIP, and not publication-grade attribution."
baseline_constant_emissions_no_aether,"No AETHER, constant emissions",nonco2_delay_aerosol_unmasking,Delayed non-CO2 mitigation plus aerosol unmasking,2038,483.132319,3.133521,1.175000,-0.425000,3.883521,1.947086,0.879033,0.993980,0.333710,"Two-box screening emulator with scenario non-CO2 and aerosol forcing; not FAIR, not CMIP, and not publication-grade attribution."
baseline_constant_emissions_no_aether,"No AETHER, constant emissions",nonco2_delay_aerosol_unmasking,Delayed non-CO2 mitigation plus aerosol unmasking,2039,486.623952,3.174349,1.172917,-0.402083,3.945183,1.978740,0.889180,1.014650,0.365364,"Two-box screening emulator with scenario non-CO2 and aerosol forcing; not FAIR, not CMIP, and not publication-grade attribution."
baseline_constant_emissions_no_aether,"No AETHER, constant emissions",nonco2_delay_aerosol_unmasking,Delayed non-CO2 mitigation plus aerosol unmasking,2040,490.068599,3.214342,1.170833,-0.379167,4.006009,2.010305,0.899530,1.035083,0.396929,"Two-box screening emulator with scenario non-CO2 and aerosol forcing; not FAIR, not CMIP, and not publication-grade attribution."
baseline_constant_emissions_no_aether,"No AETHER, constant emissions",nonco2_delay_aerosol_unmasking,Delayed non-CO2 mitigation plus aerosol unmasking,2041,493.470182,3.253561,1.168750,-0.356250,4.066061,2.041749,0.910083,1.055236,0.428373,"Two-box screening emulator with scenario non-CO2 and aerosol forcing; not FAIR, not CMIP, and not publication-grade attribution."
baseline_constant_emissions_no_aether,"No AETHER, constant emissions",nonco2_delay_aerosol_unmasking,Delayed non-CO2 mitigation plus aerosol unmasking,2042,496.831953,3.292055,1.166667,-0.333333,4.125389,2.073050,0.920834,1.075083,0.459674,"Two-box screening emulator with scenario non-CO2 and aerosol forcing; not FAIR, not CMIP, and not publication-grade attribution."
baseline_constant_emissions_no_aether,"No AETHER, constant emissions",nonco2_delay_aerosol_unmasking,Delayed non-CO2 mitigation plus aerosol unmasking,2043,500.156627,3.329870,1.164583,-0.310417,4.184036,2.104195,0.931780,1.094606,0.490819,"Two-box screening emulator with scenario non-CO2 and aerosol forcing; not FAIR, not CMIP, and not publication-grade attribution."
baseline_constant_emissions_no_aether,"No AETHER, constant emissions",nonco2_delay_aerosol_unmasking,Delayed non-CO2 mitigation plus aerosol unmasking,2044,503.446491,3.367042,1.162500,-0.287500,4.242042,2.135174,0.942918,1.113794,0.521798,"Two-box screening emulator with scenario non-CO2 and aerosol forcing; not FAIR, not CMIP, and not publication-grade attribution."
baseline_constant_emissions_no_aether,"No AETHER, constant emissions",nonco2_delay_aerosol_unmasking,Delayed non-CO2 mitigation plus aerosol unmasking,2045,506.703489,3.403604,1.160417,-0.264583,4.299437,2.165984,0.954244,1.132644,0.552608,"Two-box screening emulator with scenario non-CO2 and aerosol forcing; not FAIR, not CMIP, and not publication-grade attribution."
baseline_constant_emissions_no_aether,"No AETHER, constant emissions",nonco2_delay_aerosol_unmasking,Delayed non-CO2 mitigation plus aerosol unmasking,2046,509.929290,3.439584,1.158333,-0.241667,4.356251,2.196622,0.965756,1.151153,0.583246,"Two-box screening emulator with scenario non-CO2 and aerosol forcing; not FAIR, not CMIP, and not publication-grade attribution."
baseline_constant_emissions_no_aether,"No AETHER, constant emissions",nonco2_delay_aerosol_unmasking,Delayed non-CO2 mitigation plus aerosol unmasking,2047,513.125341,3.475010,1.156250,-0.218750,4.412510,2.227090,0.977449,1.169323,0.613714,"Two-box screening emulator with scenario non-CO2 and aerosol forcing; not FAIR, not CMIP, and not publication-grade attribution."
baseline_constant_emissions_no_aether,"No AETHER, constant emissions",nonco2_delay_aerosol_unmasking,Delayed non-CO2 mitigation plus aerosol unmasking,2048,516.292910,3.509902,1.154167,-0.195833,4.468236,2.257389,0.989320,1.187159,0.644013,"Two-box screening emulator with scenario non-CO2 and aerosol forcing; not FAIR, not CMIP, and not publication-grade attribution."
baseline_constant_emissions_no_aether,"No AETHER, constant emissions",nonco2_delay_aerosol_unmasking,Delayed non-CO2 mitigation plus aerosol unmasking,2049,519.433119,3.544283,1.152083,-0.172917,4.523449,2.287522,1.001367,1.204665,0.674146,"Two-box screening emulator with scenario non-CO2 and aerosol forcing; not FAIR, not CMIP, and not publication-grade attribution."
baseline_constant_emissions_no_aether,"No AETHER, constant emissions",nonco2_delay_aerosol_unmasking,Delayed non-CO2 mitigation plus aerosol unmasking,2050,522.546973,3.578170,1.150000,-0.150000,4.578170,2.317495,1.013585,1.221848,0.704119,"Two-box screening emulator with scenario non-CO2 and aerosol forcing; not FAIR, not CMIP, and not publication-grade attribution."
baseline_constant_emissions_no_aether,"No AETHER, constant emissions",nonco2_delay_aerosol_unmasking,Delayed non-CO2 mitigation plus aerosol unmasking,2051,525.635379,3.611582,1.148000,-0.148000,4.611582,2.345574,1.025973,1.238714,0.732198,"Two-box screening emulator with scenario non-CO2 and aerosol forcing; not FAIR, not CMIP, and not publication-grade attribution."
baseline_constant_emissions_no_aether,"No AETHER, constant emissions",nonco2_delay_aerosol_unmasking,Delayed non-CO2 mitigation plus aerosol unmasking,2052,528.699166,3.644533,1.146000,-0.146000,4.644533,2.372091,1.038509,1.253621,0.758715,"Two-box screening emulator with scenario non-CO2 and aerosol forcing; not FAIR, not CMIP, and not publication-grade attribution."
baseline_constant_emissions_no_aether,"No AETHER, constant emissions",nonco2_delay_aerosol_unmasking,Delayed non-CO2 mitigation plus aerosol unmasking,2053,531.739095,3.677040,1.144000,-0.144000,4.677040,2.397316,1.051178,1.266903,0.783940,"Two-box screening emulator with scenario non-CO2 and aerosol forcing; not FAIR, not CMIP, and not publication-grade attribution."
baseline_constant_emissions_no_aether,"No AETHER, constant emissions",nonco2_delay_aerosol_unmasking,Delayed non-CO2 mitigation plus aerosol unmasking,2054,534.755873,3.709116,1.142000,-0.142000,4.709116,2.421466,1.063966,1.278831,0.808090,"Two-box screening emulator with scenario non-CO2 and aerosol forcing; not FAIR, not CMIP, and not publication-grade attribution."
baseline_constant_emissions_no_aether,"No AETHER, constant emissions",nonco2_delay_aerosol_unmasking,Delayed non-CO2 mitigation plus aerosol unmasking,2055,537.750161,3.740775,1.140000,-0.140000,4.740775,2.444719,1.076862,1.289625,0.831343,"Two-box screening emulator with scenario non-CO2 and aerosol forcing; not FAIR, not CMIP, and not publication-grade attribution."
baseline_constant_emissions_no_aether,"No AETHER, constant emissions",nonco2_delay_aerosol_unmasking,Delayed non-CO2 mitigation plus aerosol unmasking,2056,540.722579,3.772029,1.138000,-0.138000,4.772029,2.467217,1.089857,1.299463,0.853841,"Two-box screening emulator with scenario non-CO2 and aerosol forcing; not FAIR, not CMIP, and not publication-grade attribution."
baseline_constant_emissions_no_aether,"No AETHER, constant emissions",nonco2_delay_aerosol_unmasking,Delayed non-CO2 mitigation plus aerosol unmasking,2057,543.673714,3.802889,1.136000,-0.136000,4.802889,2.489079,1.102942,1.308492,0.875703,"Two-box screening emulator with scenario non-CO2 and aerosol forcing; not FAIR, not CMIP, and not publication-grade attribution."
baseline_constant_emissions_no_aether,"No AETHER, constant emissions",nonco2_delay_aerosol_unmasking,Delayed non-CO2 mitigation plus aerosol unmasking,2058,546.604123,3.833367,1.134000,-0.134000,4.833367,2.510399,1.116110,1.316830,0.897023,"Two-box screening emulator with scenario non-CO2 and aerosol forcing; not FAIR, not CMIP, and not publication-grade attribution."
baseline_constant_emissions_no_aether,"No AETHER, constant emissions",nonco2_delay_aerosol_unmasking,Delayed non-CO2 mitigation plus aerosol unmasking,2059,549.514339,3.863474,1.132000,-0.132000,4.863474,2.531256,1.129356,1.324575,0.917880,"Two-box screening emulator with scenario non-CO2 and aerosol forcing; not FAIR, not CMIP, and not publication-grade attribution."
baseline_constant_emissions_no_aether,"No AETHER, constant emissions",nonco2_delay_aerosol_unmasking,Delayed non-CO2 mitigation plus aerosol unmasking,2060,552.404870,3.893220,1.130000,-0.130000,4.893220,2.551712,1.142674,1.331805,0.938336,"Two-box screening emulator with scenario non-CO2 and aerosol forcing; not FAIR, not CMIP, and not publication-grade attribution."
baseline_constant_emissions_no_aether,"No AETHER, constant emissions",nonco2_delay_aerosol_unmasking,Delayed non-CO2 mitigation plus aerosol unmasking,2061,555.276205,3.922614,1.128000,-0.128000,4.922614,2.571819,1.156060,1.338586,0.958443,"Two-box screening emulator with scenario non-CO2 and aerosol forcing; not FAIR, not CMIP, and not publication-grade attribution."
baseline_constant_emissions_no_aether,"No AETHER, constant emissions",nonco2_delay_aerosol_unmasking,Delayed non-CO2 mitigation plus aerosol unmasking,2062,558.128813,3.951667,1.126000,-0.126000,4.951667,2.591620,1.169510,1.344971,0.978244,"Two-box screening emulator with scenario non-CO2 and aerosol forcing; not FAIR, not CMIP, and not publication-grade attribution."
baseline_constant_emissions_no_aether,"No AETHER, constant emissions",nonco2_delay_aerosol_unmasking,Delayed non-CO2 mitigation plus aerosol unmasking,2063,560.963149,3.980387,1.124000,-0.124000,4.980387,2.611150,1.183020,1.351005,0.997774,"Two-box screening emulator with scenario non-CO2 and aerosol forcing; not FAIR, not CMIP, and not publication-grade attribution."
baseline_constant_emissions_no_aether,"No AETHER, constant emissions",nonco2_delay_aerosol_unmasking,Delayed non-CO2 mitigation plus aerosol unmasking,2064,563.779649,4.008783,1.122000,-0.122000,5.008783,2.630438,1.196587,1.356724,1.017062,"Two-box screening emulator with scenario non-CO2 and aerosol forcing; not FAIR, not CMIP, and not publication-grade attribution."
baseline_constant_emissions_no_aether,"No AETHER, constant emissions",nonco2_delay_aerosol_unmasking,Delayed non-CO2 mitigation plus aerosol unmasking,2065,566.578738,4.036863,1.120000,-0.120000,5.036863,2.649507,1.210208,1.362158,1.036131,"Two-box screening emulator with scenario non-CO2 and aerosol forcing; not FAIR, not CMIP, and not publication-grade attribution."
baseline_constant_emissions_no_aether,"No AETHER, constant emissions",nonco2_delay_aerosol_unmasking,Delayed non-CO2 mitigation plus aerosol unmasking,2066,569.360825,4.064635,1.118000,-0.118000,5.064635,2.668378,1.223882,1.367334,1.055002,"Two-box screening emulator with scenario non-CO2 and aerosol forcing; not FAIR, not CMIP, and not publication-grade attribution."
baseline_constant_emissions_no_aether,"No AETHER, constant emissions",nonco2_delay_aerosol_unmasking,Delayed non-CO2 mitigation plus aerosol unmasking,2067,572.126308,4.092108,1.116000,-0.116000,5.092108,2.687066,1.237605,1.372271,1.073690,"Two-box screening emulator with scenario non-CO2 and aerosol forcing; not FAIR, not CMIP, and not publication-grade attribution."
baseline_constant_emissions_no_aether,"No AETHER, constant emissions",nonco2_delay_aerosol_unmasking,Delayed non-CO2 mitigation plus aerosol unmasking,2068,574.875572,4.119288,1.114000,-0.114000,5.119288,2.705586,1.251374,1.376988,1.092210,"Two-box screening emulator with scenario non-CO2 and aerosol forcing; not FAIR, not CMIP, and not publication-grade attribution."
baseline_constant_emissions_no_aether,"No AETHER, constant emissions",nonco2_delay_aerosol_unmasking,Delayed non-CO2 mitigation plus aerosol unmasking,2069,577.608992,4.146183,1.112000,-0.112000,5.146183,2.723950,1.265189,1.381501,1.110574,"Two-box screening emulator with scenario non-CO2 and aerosol forcing; not FAIR, not CMIP, and not publication-grade attribution."
baseline_constant_emissions_no_aether,"No AETHER, constant emissions",nonco2_delay_aerosol_unmasking,Delayed non-CO2 mitigation plus aerosol unmasking,2070,580.326931,4.172799,1.110000,-0.110000,5.172799,2.742167,1.279048,1.385822,1.128791,"Two-box screening emulator with scenario non-CO2 and aerosol forcing; not FAIR, not CMIP, and not publication-grade attribution."
baseline_constant_emissions_no_aether,"No AETHER, constant emissions",nonco2_delay_aerosol_unmasking,Delayed non-CO2 mitigation plus aerosol unmasking,2071,583.029742,4.199144,1.108000,-0.108000,5.199144,2.760245,1.292947,1.389963,1.146869,"Two-box screening emulator with scenario non-CO2 and aerosol forcing; not FAIR, not CMIP, and not publication-grade attribution."
baseline_constant_emissions_no_aether,"No AETHER, constant emissions",nonco2_delay_aerosol_unmasking,Delayed non-CO2 mitigation plus aerosol unmasking,2072,585.717769,4.225225,1.106000,-0.106000,5.225225,2.778193,1.306887,1.393933,1.164817,"Two-box screening emulator with scenario non-CO2 and aerosol forcing; not FAIR, not CMIP, and not publication-grade attribution."
baseline_constant_emissions_no_aether,"No AETHER, constant emissions",nonco2_delay_aerosol_unmasking,Delayed non-CO2 mitigation plus aerosol unmasking,2073,588.391345,4.251046,1.104000,-0.104000,5.251046,2.796016,1.320864,1.397741,1.182640,"Two-box screening emulator with scenario non-CO2 and aerosol forcing; not FAIR, not CMIP, and not publication-grade attribution."
baseline_constant_emissions_no_aether,"No AETHER, constant emissions",nonco2_delay_aerosol_unmasking,Delayed non-CO2 mitigation plus aerosol unmasking,2074,591.050795,4.276615,1.102000,-0.102000,5.276615,2.813719,1.334878,1.401394,1.200343,"Two-box screening emulator with scenario non-CO2 and aerosol forcing; not FAIR, not CMIP, and not publication-grade attribution."
baseline_constant_emissions_no_aether,"No AETHER, constant emissions",nonco2_delay_aerosol_unmasking,Delayed non-CO2 mitigation plus aerosol unmasking,2075,593.696435,4.301937,1.100000,-0.100000,5.301937,2.831308,1.348927,1.404899,1.217932,"Two-box screening emulator with scenario non-CO2 and aerosol forcing; not FAIR, not CMIP, and not publication-grade attribution."
baseline_constant_emissions_no_aether,"No AETHER, constant emissions",nonco2_delay_aerosol_unmasking,Delayed non-CO2 mitigation plus aerosol unmasking,2076,596.328571,4.327019,1.098000,-0.098000,5.327019,2.848786,1.363010,1.408262,1.235410,"Two-box screening emulator with scenario non-CO2 and aerosol forcing; not FAIR, not CMIP, and not publication-grade attribution."
baseline_constant_emissions_no_aether,"No AETHER, constant emissions",nonco2_delay_aerosol_unmasking,Delayed non-CO2 mitigation plus aerosol unmasking,2077,598.947503,4.351865,1.096000,-0.096000,5.351865,2.866159,1.377124,1.411488,1.252783,"Two-box screening emulator with scenario non-CO2 and aerosol forcing; not FAIR, not CMIP, and not publication-grade attribution."
baseline_constant_emissions_no_aether,"No AETHER, constant emissions",nonco2_delay_aerosol_unmasking,Delayed non-CO2 mitigation plus aerosol unmasking,2078,601.553521,4.376480,1.094000,-0.094000,5.376480,2.883428,1.391270,1.414583,1.270052,"Two-box screening emulator with scenario non-CO2 and aerosol forcing; not FAIR, not CMIP, and not publication-grade attribution."
baseline_constant_emissions_no_aether,"No AETHER, constant emissions",nonco2_delay_aerosol_unmasking,Delayed non-CO2 mitigation plus aerosol unmasking,2079,604.146909,4.400871,1.092000,-0.092000,5.400871,2.900597,1.405446,1.417550,1.287221,"Two-box screening emulator with scenario non-CO2 and aerosol forcing; not FAIR, not CMIP, and not publication-grade attribution."
baseline_constant_emissions_no_aether,"No AETHER, constant emissions",nonco2_delay_aerosol_unmasking,Delayed non-CO2 mitigation plus aerosol unmasking,2080,606.727942,4.425042,1.090000,-0.090000,5.425042,2.917669,1.419650,1.420394,1.304293,"Two-box screening emulator with scenario non-CO2 and aerosol forcing; not FAIR, not CMIP, and not publication-grade attribution."
baseline_constant_emissions_no_aether,"No AETHER, constant emissions",nonco2_delay_aerosol_unmasking,Delayed non-CO2 mitigation plus aerosol unmasking,2081,609.296888,4.448998,1.088000,-0.088000,5.448998,2.934647,1.433881,1.423119,1.321271,"Two-box screening emulator with scenario non-CO2 and aerosol forcing; not FAIR, not CMIP, and not publication-grade attribution."
baseline_constant_emissions_no_aether,"No AETHER, constant emissions",nonco2_delay_aerosol_unmasking,Delayed non-CO2 mitigation plus aerosol unmasking,2082,611.854008,4.472743,1.086000,-0.086000,5.472743,2.951533,1.448138,1.425728,1.338157,"Two-box screening emulator with scenario non-CO2 and aerosol forcing; not FAIR, not CMIP, and not publication-grade attribution."
baseline_constant_emissions_no_aether,"No AETHER, constant emissions",nonco2_delay_aerosol_unmasking,Delayed non-CO2 mitigation plus aerosol unmasking,2083,614.399556,4.496283,1.084000,-0.084000,5.496283,2.968328,1.462420,1.428225,1.354952,"Two-box screening emulator with scenario non-CO2 and aerosol forcing; not FAIR, not CMIP, and not publication-grade attribution."
baseline_constant_emissions_no_aether,"No AETHER, constant emissions",nonco2_delay_aerosol_unmasking,Delayed non-CO2 mitigation plus aerosol unmasking,2084,616.933780,4.519621,1.082000,-0.082000,5.519621,2.985037,1.476727,1.430613,1.371661,"Two-box screening emulator with scenario non-CO2 and aerosol forcing; not FAIR, not CMIP, and not publication-grade attribution."
baseline_constant_emissions_no_aether,"No AETHER, constant emissions",nonco2_delay_aerosol_unmasking,Delayed non-CO2 mitigation plus aerosol unmasking,2085,619.456920,4.542762,1.080000,-0.080000,5.542762,3.001659,1.491056,1.432895,1.388283,"Two-box screening emulator with scenario non-CO2 and aerosol forcing; not FAIR, not CMIP, and not publication-grade attribution."
baseline_constant_emissions_no_aether,"No AETHER, constant emissions",nonco2_delay_aerosol_unmasking,Delayed non-CO2 mitigation plus aerosol unmasking,2086,621.969212,4.565710,1.078000,-0.078000,5.565710,3.018198,1.505406,1.435073,1.404822,"Two-box screening emulator with scenario non-CO2 and aerosol forcing; not FAIR, not CMIP, and not publication-grade attribution."
baseline_constant_emissions_no_aether,"No AETHER, constant emissions",nonco2_delay_aerosol_unmasking,Delayed non-CO2 mitigation plus aerosol unmasking,2087,624.470882,4.588469,1.076000,-0.076000,5.588469,3.034654,1.519778,1.437152,1.421278,"Two-box screening emulator with scenario non-CO2 and aerosol forcing; not FAIR, not CMIP, and not publication-grade attribution."
baseline_constant_emissions_no_aether,"No AETHER, constant emissions",nonco2_delay_aerosol_unmasking,Delayed non-CO2 mitigation plus aerosol unmasking,2088,626.962155,4.611043,1.074000,-0.074000,5.611043,3.051030,1.534169,1.439133,1.437654,"Two-box screening emulator with scenario non-CO2 and aerosol forcing; not FAIR, not CMIP, and not publication-grade attribution."
baseline_constant_emissions_no_aether,"No AETHER, constant emissions",nonco2_delay_aerosol_unmasking,Delayed non-CO2 mitigation plus aerosol unmasking,2089,629.443245,4.633436,1.072000,-0.072000,5.633436,3.067328,1.548579,1.441018,1.453952,"Two-box screening emulator with scenario non-CO2 and aerosol forcing; not FAIR, not CMIP, and not publication-grade attribution."
baseline_constant_emissions_no_aether,"No AETHER, constant emissions",nonco2_delay_aerosol_unmasking,Delayed non-CO2 mitigation plus aerosol unmasking,2090,631.914364,4.655652,1.070000,-0.070000,5.655652,3.083548,1.563007,1.442811,1.470172,"Two-box screening emulator with scenario non-CO2 and aerosol forcing; not FAIR, not CMIP, and not publication-grade attribution."
baseline_constant_emissions_no_aether,"No AETHER, constant emissions",nonco2_delay_aerosol_unmasking,Delayed non-CO2 mitigation plus aerosol unmasking,2091,634.375717,4.677693,1.068000,-0.068000,5.677693,3.099692,1.577453,1.444513,1.486316,"Two-box screening emulator with scenario non-CO2 and aerosol forcing; not FAIR, not CMIP, and not publication-grade attribution."
baseline_constant_emissions_no_aether,"No AETHER, constant emissions",nonco2_delay_aerosol_unmasking,Delayed non-CO2 mitigation plus aerosol unmasking,2092,636.827504,4.699564,1.066000,-0.066000,5.699564,3.115762,1.591914,1.446128,1.502386,"Two-box screening emulator with scenario non-CO2 and aerosol forcing; not FAIR, not CMIP, and not publication-grade attribution."
baseline_constant_emissions_no_aether,"No AETHER, constant emissions",nonco2_delay_aerosol_unmasking,Delayed non-CO2 mitigation plus aerosol unmasking,2093,639.269919,4.721267,1.064000,-0.064000,5.721267,3.131759,1.606390,1.447656,1.518383,"Two-box screening emulator with scenario non-CO2 and aerosol forcing; not FAIR, not CMIP, and not publication-grade attribution."
baseline_constant_emissions_no_aether,"No AETHER, constant emissions",nonco2_delay_aerosol_unmasking,Delayed non-CO2 mitigation plus aerosol unmasking,2094,641.703152,4.742807,1.062000,-0.062000,5.742807,3.147684,1.620881,1.449100,1.534308,"Two-box screening emulator with scenario non-CO2 and aerosol forcing; not FAIR, not CMIP, and not publication-grade attribution."
baseline_constant_emissions_no_aether,"No AETHER, constant emissions",nonco2_delay_aerosol_unmasking,Delayed non-CO2 mitigation plus aerosol unmasking,2095,644.127387,4.764186,1.060000,-0.060000,5.764186,3.163539,1.635386,1.450463,1.550163,"Two-box screening emulator with scenario non-CO2 and aerosol forcing; not FAIR, not CMIP, and not publication-grade attribution."
baseline_constant_emissions_no_aether,"No AETHER, constant emissions",nonco2_delay_aerosol_unmasking,Delayed non-CO2 mitigation plus aerosol unmasking,2096,646.542805,4.785408,1.058000,-0.058000,5.785408,3.179325,1.649903,1.451745,1.565949,"Two-box screening emulator with scenario non-CO2 and aerosol forcing; not FAIR, not CMIP, and not publication-grade attribution."
baseline_constant_emissions_no_aether,"No AETHER, constant emissions",nonco2_delay_aerosol_unmasking,Delayed non-CO2 mitigation plus aerosol unmasking,2097,648.949579,4.806475,1.056000,-0.056000,5.806475,3.195042,1.664433,1.452950,1.581666,"Two-box screening emulator with scenario non-CO2 and aerosol forcing; not FAIR, not CMIP, and not publication-grade attribution."
baseline_constant_emissions_no_aether,"No AETHER, constant emissions",nonco2_delay_aerosol_unmasking,Delayed non-CO2 mitigation plus aerosol unmasking,2098,651.347882,4.827390,1.054000,-0.054000,5.827390,3.210692,1.678974,1.454079,1.597316,"Two-box screening emulator with scenario non-CO2 and aerosol forcing; not FAIR, not CMIP, and not publication-grade attribution."
baseline_constant_emissions_no_aether,"No AETHER, constant emissions",nonco2_delay_aerosol_unmasking,Delayed non-CO2 mitigation plus aerosol unmasking,2099,653.737878,4.848156,1.052000,-0.052000,5.848156,3.226277,1.693525,1.455133,1.612901,"Two-box screening emulator with scenario non-CO2 and aerosol forcing; not FAIR, not CMIP, and not publication-grade attribution."
baseline_constant_emissions_no_aether,"No AETHER, constant emissions",nonco2_delay_aerosol_unmasking,Delayed non-CO2 mitigation plus aerosol unmasking,2100,656.119729,4.868776,1.050000,-0.050000,5.868776,3.241797,1.708086,1.456114,1.628421,"Two-box screening emulator with scenario non-CO2 and aerosol forcing; not FAIR, not CMIP, and not publication-grade attribution."
baseline_constant_emissions_no_aether,"No AETHER, constant emissions",active_full_forcing_management,Active full-forcing management,2026,433.940256,2.524677,1.200000,-0.700000,3.024677,1.613376,0.772719,0.795947,0.000000,"Two-box screening emulator with scenario non-CO2 and aerosol forcing; not FAIR, not CMIP, and not publication-grade attribution."
baseline_constant_emissions_no_aether,"No AETHER, constant emissions",active_full_forcing_management,Active full-forcing management,2027,438.996277,2.590357,1.172917,-0.677083,3.086190,1.627880,0.780705,0.798624,0.014504,"Two-box screening emulator with scenario non-CO2 and aerosol forcing; not FAIR, not CMIP, and not publication-grade attribution."
baseline_constant_emissions_no_aether,"No AETHER, constant emissions",active_full_forcing_management,Active full-forcing management,2028,443.763438,2.651594,1.145833,-0.654167,3.143261,1.645040,0.788753,0.804816,0.031664,"Two-box screening emulator with scenario non-CO2 and aerosol forcing; not FAIR, not CMIP, and not publication-grade attribution."
baseline_constant_emissions_no_aether,"No AETHER, constant emissions",active_full_forcing_management,Active full-forcing management,2029,448.293762,2.709183,1.118750,-0.631250,3.196683,1.664057,0.796888,0.813472,0.050681,"Two-box screening emulator with scenario non-CO2 and aerosol forcing; not FAIR, not CMIP, and not publication-grade attribution."
baseline_constant_emissions_no_aether,"No AETHER, constant emissions",active_full_forcing_management,Active full-forcing management,2030,452.628685,2.763746,1.091667,-0.608333,3.247079,1.684337,0.805126,0.823811,0.070961,"Two-box screening emulator with scenario non-CO2 and aerosol forcing; not FAIR, not CMIP, and not publication-grade attribution."
baseline_constant_emissions_no_aether,"No AETHER, constant emissions",active_full_forcing_management,Active full-forcing management,2031,456.801243,2.815773,1.064583,-0.585417,3.294940,1.705437,0.813479,0.835250,0.092061,"Two-box screening emulator with scenario non-CO2 and aerosol forcing; not FAIR, not CMIP, and not publication-grade attribution."
baseline_constant_emissions_no_aether,"No AETHER, constant emissions",active_full_forcing_management,Active full-forcing management,2032,460.837809,2.865655,1.037500,-0.562500,3.340655,1.727035,0.821952,0.847361,0.113659,"Two-box screening emulator with scenario non-CO2 and aerosol forcing; not FAIR, not CMIP, and not publication-grade attribution."
baseline_constant_emissions_no_aether,"No AETHER, constant emissions",active_full_forcing_management,Active full-forcing management,2033,464.759472,2.913700,1.010417,-0.539583,3.384533,1.748892,0.830551,0.859828,0.135516,"Two-box screening emulator with scenario non-CO2 and aerosol forcing; not FAIR, not CMIP, and not publication-grade attribution."
baseline_constant_emissions_no_aether,"No AETHER, constant emissions",active_full_forcing_management,Active full-forcing management,2034,468.583122,2.960155,0.983333,-0.516667,3.426822,1.770838,0.839275,0.872425,0.157462,"Two-box screening emulator with scenario non-CO2 and aerosol forcing; not FAIR, not CMIP, and not publication-grade attribution."
baseline_constant_emissions_no_aether,"No AETHER, constant emissions",active_full_forcing_management,Active full-forcing management,2035,472.322321,3.005219,0.956250,-0.493750,3.467719,1.792749,0.848125,0.884985,0.179373,"Two-box screening emulator with scenario non-CO2 and aerosol forcing; not FAIR, not CMIP, and not publication-grade attribution."
baseline_constant_emissions_no_aether,"No AETHER, constant emissions",active_full_forcing_management,Active full-forcing management,2036,475.987987,3.049052,0.929167,-0.470833,3.507386,1.814540,0.857099,0.897393,0.201164,"Two-box screening emulator with scenario non-CO2 and aerosol forcing; not FAIR, not CMIP, and not publication-grade attribution."
baseline_constant_emissions_no_aether,"No AETHER, constant emissions",active_full_forcing_management,Active full-forcing management,2037,479.588938,3.091784,0.902083,-0.447917,3.545951,1.836151,0.866194,0.909570,0.222775,"Two-box screening emulator with scenario non-CO2 and aerosol forcing; not FAIR, not CMIP, and not publication-grade attribution."
baseline_constant_emissions_no_aether,"No AETHER, constant emissions",active_full_forcing_management,Active full-forcing management,2038,483.132319,3.133521,0.875000,-0.425000,3.583521,1.857543,0.875409,0.921459,0.244167,"Two-box screening emulator with scenario non-CO2 and aerosol forcing; not FAIR, not CMIP, and not publication-grade attribution."
baseline_constant_emissions_no_aether,"No AETHER, constant emissions",active_full_forcing_management,Active full-forcing management,2039,486.623952,3.174349,0.847917,-0.402083,3.620183,1.878691,0.884739,0.933028,0.265315,"Two-box screening emulator with scenario non-CO2 and aerosol forcing; not FAIR, not CMIP, and not publication-grade attribution."
baseline_constant_emissions_no_aether,"No AETHER, constant emissions",active_full_forcing_management,Active full-forcing management,2040,490.068599,3.214342,0.820833,-0.379167,3.656009,1.899580,0.894182,0.944254,0.286204,"Two-box screening emulator with scenario non-CO2 and aerosol forcing; not FAIR, not CMIP, and not publication-grade attribution."
baseline_constant_emissions_no_aether,"No AETHER, constant emissions",active_full_forcing_management,Active full-forcing management,2041,493.470182,3.253561,0.793750,-0.356250,3.691061,1.920204,0.903733,0.955128,0.306828,"Two-box screening emulator with scenario non-CO2 and aerosol forcing; not FAIR, not CMIP, and not publication-grade attribution."
baseline_constant_emissions_no_aether,"No AETHER, constant emissions",active_full_forcing_management,Active full-forcing management,2042,496.831953,3.292055,0.766667,-0.333333,3.725389,1.940560,0.913390,0.965647,0.327184,"Two-box screening emulator with scenario non-CO2 and aerosol forcing; not FAIR, not CMIP, and not publication-grade attribution."
baseline_constant_emissions_no_aether,"No AETHER, constant emissions",active_full_forcing_management,Active full-forcing management,2043,500.156627,3.329870,0.739583,-0.310417,3.759036,1.960651,0.923148,0.975812,0.347275,"Two-box screening emulator with scenario non-CO2 and aerosol forcing; not FAIR, not CMIP, and not publication-grade attribution."
baseline_constant_emissions_no_aether,"No AETHER, constant emissions",active_full_forcing_management,Active full-forcing management,2044,503.446491,3.367042,0.712500,-0.287500,3.792042,1.980481,0.933004,0.985628,0.367105,"Two-box screening emulator with scenario non-CO2 and aerosol forcing; not FAIR, not CMIP, and not publication-grade attribution."
baseline_constant_emissions_no_aether,"No AETHER, constant emissions",active_full_forcing_management,Active full-forcing management,2045,506.703489,3.403604,0.685417,-0.264583,3.824437,2.000056,0.942955,0.995103,0.386680,"Two-box screening emulator with scenario non-CO2 and aerosol forcing; not FAIR, not CMIP, and not publication-grade attribution."
baseline_constant_emissions_no_aether,"No AETHER, constant emissions",active_full_forcing_management,Active full-forcing management,2046,509.929290,3.439584,0.658333,-0.241667,3.856251,2.019384,0.952997,1.004246,0.406008,"Two-box screening emulator with scenario non-CO2 and aerosol forcing; not FAIR, not CMIP, and not publication-grade attribution."
baseline_constant_emissions_no_aether,"No AETHER, constant emissions",active_full_forcing_management,Active full-forcing management,2047,513.125341,3.475010,0.631250,-0.218750,3.887510,2.038471,0.963128,1.013067,0.425095,"Two-box screening emulator with scenario non-CO2 and aerosol forcing; not FAIR, not CMIP, and not publication-grade attribution."
baseline_constant_emissions_no_aether,"No AETHER, constant emissions",active_full_forcing_management,Active full-forcing management,2048,516.292910,3.509902,0.604167,-0.195833,3.918236,2.057327,0.973344,1.021576,0.443950,"Two-box screening emulator with scenario non-CO2 and aerosol forcing; not FAIR, not CMIP, and not publication-grade attribution."
baseline_constant_emissions_no_aether,"No AETHER, constant emissions",active_full_forcing_management,Active full-forcing management,2049,519.433119,3.544283,0.577083,-0.172917,3.948449,2.075957,0.983642,1.029783,0.462581,"Two-box screening emulator with scenario non-CO2 and aerosol forcing; not FAIR, not CMIP, and not publication-grade attribution."
baseline_constant_emissions_no_aether,"No AETHER, constant emissions",active_full_forcing_management,Active full-forcing management,2050,522.546973,3.578170,0.550000,-0.150000,3.978170,2.094371,0.994019,1.037700,0.480995,"Two-box screening emulator with scenario non-CO2 and aerosol forcing; not FAIR, not CMIP, and not publication-grade attribution."
baseline_constant_emissions_no_aether,"No AETHER, constant emissions",active_full_forcing_management,Active full-forcing management,2051,525.635379,3.611582,0.543000,-0.147000,4.007582,2.112589,1.004472,1.045335,0.499213,"Two-box screening emulator with scenario non-CO2 and aerosol forcing; not FAIR, not CMIP, and not publication-grade attribution."
baseline_constant_emissions_no_aether,"No AETHER, constant emissions",active_full_forcing_management,Active full-forcing management,2052,528.699166,3.644533,0.536000,-0.144000,4.036533,2.130617,1.014999,1.052712,0.517241,"Two-box screening emulator with scenario non-CO2 and aerosol forcing; not FAIR, not CMIP, and not publication-grade attribution."
baseline_constant_emissions_no_aether,"No AETHER, constant emissions",active_full_forcing_management,Active full-forcing management,2053,531.739095,3.677040,0.529000,-0.141000,4.065040,2.148458,1.025598,1.059837,0.535082,"Two-box screening emulator with scenario non-CO2 and aerosol forcing; not FAIR, not CMIP, and not publication-grade attribution."
baseline_constant_emissions_no_aether,"No AETHER, constant emissions",active_full_forcing_management,Active full-forcing management,2054,534.755873,3.709116,0.522000,-0.138000,4.093116,2.166118,1.036265,1.066718,0.552742,"Two-box screening emulator with scenario non-CO2 and aerosol forcing; not FAIR, not CMIP, and not publication-grade attribution."
baseline_constant_emissions_no_aether,"No AETHER, constant emissions",active_full_forcing_management,Active full-forcing management,2055,537.750161,3.740775,0.515000,-0.135000,4.120775,2.183601,1.046998,1.073361,0.570225,"Two-box screening emulator with scenario non-CO2 and aerosol forcing; not FAIR, not CMIP, and not publication-grade attribution."
baseline_constant_emissions_no_aether,"No AETHER, constant emissions",active_full_forcing_management,Active full-forcing management,2056,540.722579,3.772029,0.508000,-0.132000,4.148029,2.200913,1.057796,1.079773,0.587537,"Two-box screening emulator with scenario non-CO2 and aerosol forcing; not FAIR, not CMIP, and not publication-grade attribution."
baseline_constant_emissions_no_aether,"No AETHER, constant emissions",active_full_forcing_management,Active full-forcing management,2057,543.673714,3.802889,0.501000,-0.129000,4.174889,2.218057,1.068656,1.085961,0.604681,"Two-box screening emulator with scenario non-CO2 and aerosol forcing; not FAIR, not CMIP, and not publication-grade attribution."
baseline_constant_emissions_no_aether,"No AETHER, constant emissions",active_full_forcing_management,Active full-forcing management,2058,546.604123,3.833367,0.494000,-0.126000,4.201367,2.235039,1.079575,1.091931,0.621663,"Two-box screening emulator with scenario non-CO2 and aerosol forcing; not FAIR, not CMIP, and not publication-grade attribution."
baseline_constant_emissions_no_aether,"No AETHER, constant emissions",active_full_forcing_management,Active full-forcing management,2059,549.514339,3.863474,0.487000,-0.123000,4.227474,2.251862,1.090552,1.097691,0.638486,"Two-box screening emulator with scenario non-CO2 and aerosol forcing; not FAIR, not CMIP, and not publication-grade attribution."
baseline_constant_emissions_no_aether,"No AETHER, constant emissions",active_full_forcing_management,Active full-forcing management,2060,552.404870,3.893220,0.480000,-0.120000,4.253220,2.268532,1.101584,1.103245,0.655156,"Two-box screening emulator with scenario non-CO2 and aerosol forcing; not FAIR, not CMIP, and not publication-grade attribution."
baseline_constant_emissions_no_aether,"No AETHER, constant emissions",active_full_forcing_management,Active full-forcing management,2061,555.276205,3.922614,0.473000,-0.117000,4.278614,2.285052,1.112670,1.108600,0.671676,"Two-box screening emulator with scenario non-CO2 and aerosol forcing; not FAIR, not CMIP, and not publication-grade attribution."
baseline_constant_emissions_no_aether,"No AETHER, constant emissions",active_full_forcing_management,Active full-forcing management,2062,558.128813,3.951667,0.466000,-0.114000,4.303667,2.301426,1.123808,1.113762,0.688050,"Two-box screening emulator with scenario non-CO2 and aerosol forcing; not FAIR, not CMIP, and not publication-grade attribution."
baseline_constant_emissions_no_aether,"No AETHER, constant emissions",active_full_forcing_management,Active full-forcing management,2063,560.963149,3.980387,0.459000,-0.111000,4.328387,2.317658,1.134995,1.118737,0.704282,"Two-box screening emulator with scenario non-CO2 and aerosol forcing; not FAIR, not CMIP, and not publication-grade attribution."
baseline_constant_emissions_no_aether,"No AETHER, constant emissions",active_full_forcing_management,Active full-forcing management,2064,563.779649,4.008783,0.452000,-0.108000,4.352783,2.333751,1.146231,1.123529,0.720375,"Two-box screening emulator with scenario non-CO2 and aerosol forcing; not FAIR, not CMIP, and not publication-grade attribution."
baseline_constant_emissions_no_aether,"No AETHER, constant emissions",active_full_forcing_management,Active full-forcing management,2065,566.578738,4.036863,0.445000,-0.105000,4.376863,2.349710,1.157512,1.128144,0.736334,"Two-box screening emulator with scenario non-CO2 and aerosol forcing; not FAIR, not CMIP, and not publication-grade attribution."
baseline_constant_emissions_no_aether,"No AETHER, constant emissions",active_full_forcing_management,Active full-forcing management,2066,569.360825,4.064635,0.438000,-0.102000,4.400635,2.365537,1.168838,1.132588,0.752161,"Two-box screening emulator with scenario non-CO2 and aerosol forcing; not FAIR, not CMIP, and not publication-grade attribution."
baseline_constant_emissions_no_aether,"No AETHER, constant emissions",active_full_forcing_management,Active full-forcing management,2067,572.126308,4.092108,0.431000,-0.099000,4.424108,2.381236,1.180207,1.136864,0.767860,"Two-box screening emulator with scenario non-CO2 and aerosol forcing; not FAIR, not CMIP, and not publication-grade attribution."
baseline_constant_emissions_no_aether,"No AETHER, constant emissions",active_full_forcing_management,Active full-forcing management,2068,574.875572,4.119288,0.424000,-0.096000,4.447288,2.396810,1.191616,1.140978,0.783434,"Two-box screening emulator with scenario non-CO2 and aerosol forcing; not FAIR, not CMIP, and not publication-grade attribution."
baseline_constant_emissions_no_aether,"No AETHER, constant emissions",active_full_forcing_management,Active full-forcing management,2069,577.608992,4.146183,0.417000,-0.093000,4.470183,2.412263,1.203066,1.144934,0.798887,"Two-box screening emulator with scenario non-CO2 and aerosol forcing; not FAIR, not CMIP, and not publication-grade attribution."
baseline_constant_emissions_no_aether,"No AETHER, constant emissions",active_full_forcing_management,Active full-forcing management,2070,580.326931,4.172799,0.410000,-0.090000,4.492799,2.427596,1.214553,1.148737,0.814220,"Two-box screening emulator with scenario non-CO2 and aerosol forcing; not FAIR, not CMIP, and not publication-grade attribution."
baseline_constant_emissions_no_aether,"No AETHER, constant emissions",active_full_forcing_management,Active full-forcing management,2071,583.029742,4.199144,0.403000,-0.087000,4.515144,2.442813,1.226077,1.152391,0.829437,"Two-box screening emulator with scenario non-CO2 and aerosol forcing; not FAIR, not CMIP, and not publication-grade attribution."
baseline_constant_emissions_no_aether,"No AETHER, constant emissions",active_full_forcing_management,Active full-forcing management,2072,585.717769,4.225225,0.396000,-0.084000,4.537225,2.457916,1.237636,1.155899,0.844540,"Two-box screening emulator with scenario non-CO2 and aerosol forcing; not FAIR, not CMIP, and not publication-grade attribution."
baseline_constant_emissions_no_aether,"No AETHER, constant emissions",active_full_forcing_management,Active full-forcing management,2073,588.391345,4.251046,0.389000,-0.081000,4.559046,2.472909,1.249229,1.159266,0.859533,"Two-box screening emulator with scenario non-CO2 and aerosol forcing; not FAIR, not CMIP, and not publication-grade attribution."
baseline_constant_emissions_no_aether,"No AETHER, constant emissions",active_full_forcing_management,Active full-forcing management,2074,591.050795,4.276615,0.382000,-0.078000,4.580615,2.487793,1.260854,1.162496,0.874417,"Two-box screening emulator with scenario non-CO2 and aerosol forcing; not FAIR, not CMIP, and not publication-grade attribution."
baseline_constant_emissions_no_aether,"No AETHER, constant emissions",active_full_forcing_management,Active full-forcing management,2075,593.696435,4.301937,0.375000,-0.075000,4.601937,2.502571,1.272510,1.165592,0.889195,"Two-box screening emulator with scenario non-CO2 and aerosol forcing; not FAIR, not CMIP, and not publication-grade attribution."
baseline_constant_emissions_no_aether,"No AETHER, constant emissions",active_full_forcing_management,Active full-forcing management,2076,596.328571,4.327019,0.368000,-0.072000,4.623019,2.517245,1.284195,1.168558,0.903869,"Two-box screening emulator with scenario non-CO2 and aerosol forcing; not FAIR, not CMIP, and not publication-grade attribution."
baseline_constant_emissions_no_aether,"No AETHER, constant emissions",active_full_forcing_management,Active full-forcing management,2077,598.947503,4.351865,0.361000,-0.069000,4.643865,2.531818,1.295909,1.171398,0.918442,"Two-box screening emulator with scenario non-CO2 and aerosol forcing; not FAIR, not CMIP, and not publication-grade attribution."
baseline_constant_emissions_no_aether,"No AETHER, constant emissions",active_full_forcing_management,Active full-forcing management,2078,601.553521,4.376480,0.354000,-0.066000,4.664480,2.546292,1.307650,1.174114,0.932916,"Two-box screening emulator with scenario non-CO2 and aerosol forcing; not FAIR, not CMIP, and not publication-grade attribution."
baseline_constant_emissions_no_aether,"No AETHER, constant emissions",active_full_forcing_management,Active full-forcing management,2079,604.146909,4.400871,0.347000,-0.063000,4.684871,2.560669,1.319417,1.176710,0.947292,"Two-box screening emulator with scenario non-CO2 and aerosol forcing; not FAIR, not CMIP, and not publication-grade attribution."
baseline_constant_emissions_no_aether,"No AETHER, constant emissions",active_full_forcing_management,Active full-forcing management,2080,606.727942,4.425042,0.340000,-0.060000,4.705042,2.574950,1.331209,1.179189,0.961574,"Two-box screening emulator with scenario non-CO2 and aerosol forcing; not FAIR, not CMIP, and not publication-grade attribution."
baseline_constant_emissions_no_aether,"No AETHER, constant emissions",active_full_forcing_management,Active full-forcing management,2081,609.296888,4.448998,0.333000,-0.057000,4.724998,2.589138,1.343025,1.181554,0.975762,"Two-box screening emulator with scenario non-CO2 and aerosol forcing; not FAIR, not CMIP, and not publication-grade attribution."
baseline_constant_emissions_no_aether,"No AETHER, constant emissions",active_full_forcing_management,Active full-forcing management,2082,611.854008,4.472743,0.326000,-0.054000,4.744743,2.603235,1.354863,1.183808,0.989859,"Two-box screening emulator with scenario non-CO2 and aerosol forcing; not FAIR, not CMIP, and not publication-grade attribution."
baseline_constant_emissions_no_aether,"No AETHER, constant emissions",active_full_forcing_management,Active full-forcing management,2083,614.399556,4.496283,0.319000,-0.051000,4.764283,2.617243,1.366722,1.185954,1.003867,"Two-box screening emulator with scenario non-CO2 and aerosol forcing; not FAIR, not CMIP, and not publication-grade attribution."
baseline_constant_emissions_no_aether,"No AETHER, constant emissions",active_full_forcing_management,Active full-forcing management,2084,616.933780,4.519621,0.312000,-0.048000,4.783621,2.631163,1.378602,1.187994,1.017787,"Two-box screening emulator with scenario non-CO2 and aerosol forcing; not FAIR, not CMIP, and not publication-grade attribution."
baseline_constant_emissions_no_aether,"No AETHER, constant emissions",active_full_forcing_management,Active full-forcing management,2085,619.456920,4.542762,0.305000,-0.045000,4.802762,2.644997,1.390502,1.189932,1.031621,"Two-box screening emulator with scenario non-CO2 and aerosol forcing; not FAIR, not CMIP, and not publication-grade attribution."
baseline_constant_emissions_no_aether,"No AETHER, constant emissions",active_full_forcing_management,Active full-forcing management,2086,621.969212,4.565710,0.298000,-0.042000,4.821710,2.658746,1.402419,1.191770,1.045370,"Two-box screening emulator with scenario non-CO2 and aerosol forcing; not FAIR, not CMIP, and not publication-grade attribution."
baseline_constant_emissions_no_aether,"No AETHER, constant emissions",active_full_forcing_management,Active full-forcing management,2087,624.470882,4.588469,0.291000,-0.039000,4.840469,2.672413,1.414354,1.193510,1.059037,"Two-box screening emulator with scenario non-CO2 and aerosol forcing; not FAIR, not CMIP, and not publication-grade attribution."
baseline_constant_emissions_no_aether,"No AETHER, constant emissions",active_full_forcing_management,Active full-forcing management,2088,626.962155,4.611043,0.284000,-0.036000,4.859043,2.685998,1.426306,1.195156,1.072622,"Two-box screening emulator with scenario non-CO2 and aerosol forcing; not FAIR, not CMIP, and not publication-grade attribution."
baseline_constant_emissions_no_aether,"No AETHER, constant emissions",active_full_forcing_management,Active full-forcing management,2089,629.443245,4.633436,0.277000,-0.033000,4.877436,2.699504,1.438273,1.196708,1.086128,"Two-box screening emulator with scenario non-CO2 and aerosol forcing; not FAIR, not CMIP, and not publication-grade attribution."
baseline_constant_emissions_no_aether,"No AETHER, constant emissions",active_full_forcing_management,Active full-forcing management,2090,631.914364,4.655652,0.270000,-0.030000,4.895652,2.712932,1.450255,1.198170,1.099556,"Two-box screening emulator with scenario non-CO2 and aerosol forcing; not FAIR, not CMIP, and not publication-grade attribution."
baseline_constant_emissions_no_aether,"No AETHER, constant emissions",active_full_forcing_management,Active full-forcing management,2091,634.375717,4.677693,0.263000,-0.027000,4.913693,2.726283,1.462250,1.199543,1.112907,"Two-box screening emulator with scenario non-CO2 and aerosol forcing; not FAIR, not CMIP, and not publication-grade attribution."
baseline_constant_emissions_no_aether,"No AETHER, constant emissions",active_full_forcing_management,Active full-forcing management,2092,636.827504,4.699564,0.256000,-0.024000,4.931564,2.739558,1.474259,1.200831,1.126182,"Two-box screening emulator with scenario non-CO2 and aerosol forcing; not FAIR, not CMIP, and not publication-grade attribution."
baseline_constant_emissions_no_aether,"No AETHER, constant emissions",active_full_forcing_management,Active full-forcing management,2093,639.269919,4.721267,0.249000,-0.021000,4.949267,2.752759,1.486279,1.202034,1.139383,"Two-box screening emulator with scenario non-CO2 and aerosol forcing; not FAIR, not CMIP, and not publication-grade attribution."
baseline_constant_emissions_no_aether,"No AETHER, constant emissions",active_full_forcing_management,Active full-forcing management,2094,641.703152,4.742807,0.242000,-0.018000,4.966807,2.765887,1.498310,1.203156,1.152511,"Two-box screening emulator with scenario non-CO2 and aerosol forcing; not FAIR, not CMIP, and not publication-grade attribution."
baseline_constant_emissions_no_aether,"No AETHER, constant emissions",active_full_forcing_management,Active full-forcing management,2095,644.127387,4.764186,0.235000,-0.015000,4.984186,2.778943,1.510352,1.204198,1.165567,"Two-box screening emulator with scenario non-CO2 and aerosol forcing; not FAIR, not CMIP, and not publication-grade attribution."
baseline_constant_emissions_no_aether,"No AETHER, constant emissions",active_full_forcing_management,Active full-forcing management,2096,646.542805,4.785408,0.228000,-0.012000,5.001408,2.791929,1.522404,1.205161,1.178553,"Two-box screening emulator with scenario non-CO2 and aerosol forcing; not FAIR, not CMIP, and not publication-grade attribution."
baseline_constant_emissions_no_aether,"No AETHER, constant emissions",active_full_forcing_management,Active full-forcing management,2097,648.949579,4.806475,0.221000,-0.009000,5.018475,2.804846,1.534465,1.206049,1.191470,"Two-box screening emulator with scenario non-CO2 and aerosol forcing; not FAIR, not CMIP, and not publication-grade attribution."
baseline_constant_emissions_no_aether,"No AETHER, constant emissions",active_full_forcing_management,Active full-forcing management,2098,651.347882,4.827390,0.214000,-0.006000,5.035390,2.817694,1.546533,1.206862,1.204318,"Two-box screening emulator with scenario non-CO2 and aerosol forcing; not FAIR, not CMIP, and not publication-grade attribution."
baseline_constant_emissions_no_aether,"No AETHER, constant emissions",active_full_forcing_management,Active full-forcing management,2099,653.737878,4.848156,0.207000,-0.003000,5.052156,2.830475,1.558609,1.207603,1.217099,"Two-box screening emulator with scenario non-CO2 and aerosol forcing; not FAIR, not CMIP, and not publication-grade attribution."
baseline_constant_emissions_no_aether,"No AETHER, constant emissions",active_full_forcing_management,Active full-forcing management,2100,656.119729,4.868776,0.200000,0.000000,5.068776,2.843190,1.570692,1.208273,1.229814,"Two-box screening emulator with scenario non-CO2 and aerosol forcing; not FAIR, not CMIP, and not publication-grade attribution."
aether_constant_emissions_no_rebound,"AETHER, constant emissions",co2_only_screen,CO2-only emulator screen,2026,433.940256,2.524677,0.000000,0.000000,2.524677,1.352807,0.656100,0.659913,0.000000,"Two-box screening emulator with scenario non-CO2 and aerosol forcing; not FAIR, not CMIP, and not publication-grade attribution."
aether_constant_emissions_no_rebound,"AETHER, constant emissions",co2_only_screen,CO2-only emulator screen,2027,438.380892,2.582403,0.000000,0.000000,2.582403,1.365169,0.662718,0.661872,0.012363,"Two-box screening emulator with scenario non-CO2 and aerosol forcing; not FAIR, not CMIP, and not publication-grade attribution."
aether_constant_emissions_no_rebound,"AETHER, constant emissions",co2_only_screen,CO2-only emulator screen,2028,441.957576,2.628474,0.000000,0.000000,2.628474,1.379567,0.669392,0.667329,0.026761,"Two-box screening emulator with scenario non-CO2 and aerosol forcing; not FAIR, not CMIP, and not publication-grade attribution."
aether_constant_emissions_no_rebound,"AETHER, constant emissions",co2_only_screen,CO2-only emulator screen,2029,444.755187,2.664251,0.000000,0.000000,2.664251,1.394763,0.676138,0.674667,0.041957,"Two-box screening emulator with scenario non-CO2 and aerosol forcing; not FAIR, not CMIP, and not publication-grade attribution."
aether_constant_emissions_no_rebound,"AETHER, constant emissions",co2_only_screen,CO2-only emulator screen,2030,446.842099,2.690793,0.000000,0.000000,2.690793,1.409843,0.682965,0.682694,0.057037,"Two-box screening emulator with scenario non-CO2 and aerosol forcing; not FAIR, not CMIP, and not publication-grade attribution."
aether_constant_emissions_no_rebound,"AETHER, constant emissions",co2_only_screen,CO2-only emulator screen,2031,448.273574,2.708928,0.000000,0.000000,2.708928,1.424135,0.689870,0.690534,0.071328,"Two-box screening emulator with scenario non-CO2 and aerosol forcing; not FAIR, not CMIP, and not publication-grade attribution."
aether_constant_emissions_no_rebound,"AETHER, constant emissions",co2_only_screen,CO2-only emulator screen,2032,449.094455,2.719301,0.000000,0.000000,2.719301,1.437146,0.696846,0.697551,0.084339,"Two-box screening emulator with scenario non-CO2 and aerosol forcing; not FAIR, not CMIP, and not publication-grade attribution."
aether_constant_emissions_no_rebound,"AETHER, constant emissions",co2_only_screen,CO2-only emulator screen,2033,449.341295,2.722416,0.000000,0.000000,2.722416,1.448518,0.703879,0.703285,0.095712,"Two-box screening emulator with scenario non-CO2 and aerosol forcing; not FAIR, not CMIP, and not publication-grade attribution."
aether_constant_emissions_no_rebound,"AETHER, constant emissions",co2_only_screen,CO2-only emulator screen,2034,449.044057,2.718664,0.000000,0.000000,2.718664,1.457993,0.710953,0.707408,0.105187,"Two-box screening emulator with scenario non-CO2 and aerosol forcing; not FAIR, not CMIP, and not publication-grade attribution."
aether_constant_emissions_no_rebound,"AETHER, constant emissions",co2_only_screen,CO2-only emulator screen,2035,448.227451,2.708344,0.000000,0.000000,2.708344,1.465384,0.718050,0.709688,0.112577,"Two-box screening emulator with scenario non-CO2 and aerosol forcing; not FAIR, not CMIP, and not publication-grade attribution."
aether_constant_emissions_no_rebound,"AETHER, constant emissions",co2_only_screen,CO2-only emulator screen,2036,446.912001,2.691680,0.000000,0.000000,2.691680,1.470555,0.725149,0.709967,0.117749,"Two-box screening emulator with scenario non-CO2 and aerosol forcing; not FAIR, not CMIP, and not publication-grade attribution."
aether_constant_emissions_no_rebound,"AETHER, constant emissions",co2_only_screen,CO2-only emulator screen,2037,445.114886,2.668835,0.000000,0.000000,2.668835,1.473411,0.732231,0.708136,0.120605,"Two-box screening emulator with scenario non-CO2 and aerosol forcing; not FAIR, not CMIP, and not publication-grade attribution."
aether_constant_emissions_no_rebound,"AETHER, constant emissions",co2_only_screen,CO2-only emulator screen,2038,442.850616,2.639920,0.000000,0.000000,2.639920,1.473880,0.739272,0.704121,0.121074,"Two-box screening emulator with scenario non-CO2 and aerosol forcing; not FAIR, not CMIP, and not publication-grade attribution."
aether_constant_emissions_no_rebound,"AETHER, constant emissions",co2_only_screen,CO2-only emulator screen,2039,440.131558,2.605000,0.000000,0.000000,2.605000,1.471909,0.746251,0.697878,0.119102,"Two-box screening emulator with scenario non-CO2 and aerosol forcing; not FAIR, not CMIP, and not publication-grade attribution."
aether_constant_emissions_no_rebound,"AETHER, constant emissions",co2_only_screen,CO2-only emulator screen,2040,436.968362,2.564105,0.000000,0.000000,2.564105,1.467453,0.753145,0.689375,0.114646,"Two-box screening emulator with scenario non-CO2 and aerosol forcing; not FAIR, not CMIP, and not publication-grade attribution."
aether_constant_emissions_no_rebound,"AETHER, constant emissions",co2_only_screen,CO2-only emulator screen,2041,433.370294,2.517225,0.000000,0.000000,2.517225,1.460475,0.759931,0.678593,0.107669,"Two-box screening emulator with scenario non-CO2 and aerosol forcing; not FAIR, not CMIP, and not publication-grade attribution."
aether_constant_emissions_no_rebound,"AETHER, constant emissions",co2_only_screen,CO2-only emulator screen,2042,429.345504,2.464323,0.000000,0.000000,2.464323,1.450940,0.766586,0.665517,0.098134,"Two-box screening emulator with scenario non-CO2 and aerosol forcing; not FAIR, not CMIP, and not publication-grade attribution."
aether_constant_emissions_no_rebound,"AETHER, constant emissions",co2_only_screen,CO2-only emulator screen,2043,424.901236,2.405328,0.000000,0.000000,2.405328,1.438812,0.773087,0.650137,0.086005,"Two-box screening emulator with scenario non-CO2 and aerosol forcing; not FAIR, not CMIP, and not publication-grade attribution."
aether_constant_emissions_no_rebound,"AETHER, constant emissions",co2_only_screen,CO2-only emulator screen,2044,420.043995,2.340140,0.000000,0.000000,2.340140,1.424050,0.779411,0.632439,0.071244,"Two-box screening emulator with scenario non-CO2 and aerosol forcing; not FAIR, not CMIP, and not publication-grade attribution."
aether_constant_emissions_no_rebound,"AETHER, constant emissions",co2_only_screen,CO2-only emulator screen,2045,414.779686,2.268633,0.000000,0.000000,2.268633,1.406610,0.785536,0.612407,0.053804,"Two-box screening emulator with scenario non-CO2 and aerosol forcing; not FAIR, not CMIP, and not publication-grade attribution."
aether_constant_emissions_no_rebound,"AETHER, constant emissions",co2_only_screen,CO2-only emulator screen,2046,409.113716,2.190649,0.000000,0.000000,2.190649,1.386441,0.791436,0.590021,0.033634,"Two-box screening emulator with scenario non-CO2 and aerosol forcing; not FAIR, not CMIP, and not publication-grade attribution."
aether_constant_emissions_no_rebound,"AETHER, constant emissions",co2_only_screen,CO2-only emulator screen,2047,403.666465,2.114650,0.000000,0.000000,2.114650,1.364204,0.797088,0.565255,0.011398,"Two-box screening emulator with scenario non-CO2 and aerosol forcing; not FAIR, not CMIP, and not publication-grade attribution."
aether_constant_emissions_no_rebound,"AETHER, constant emissions",co2_only_screen,CO2-only emulator screen,2048,398.402292,2.040224,0.000000,0.000000,2.040224,1.340400,0.802476,0.538760,-0.012406,"Two-box screening emulator with scenario non-CO2 and aerosol forcing; not FAIR, not CMIP, and not publication-grade attribution."
aether_constant_emissions_no_rebound,"AETHER, constant emissions",co2_only_screen,CO2-only emulator screen,2049,393.292703,1.967038,0.000000,0.000000,1.967038,1.315408,0.807586,0.511028,-0.037399,"Two-box screening emulator with scenario non-CO2 and aerosol forcing; not FAIR, not CMIP, and not publication-grade attribution."
aether_constant_emissions_no_rebound,"AETHER, constant emissions",co2_only_screen,CO2-only emulator screen,2050,388.314876,1.894818,0.000000,0.000000,1.894818,1.289508,0.812410,0.482430,-0.063299,"Two-box screening emulator with scenario non-CO2 and aerosol forcing; not FAIR, not CMIP, and not publication-grade attribution."
aether_constant_emissions_no_rebound,"AETHER, constant emissions",co2_only_screen,CO2-only emulator screen,2051,383.450492,1.823345,0.000000,0.000000,1.823345,1.262912,0.816943,0.453243,-0.089895,"Two-box screening emulator with scenario non-CO2 and aerosol forcing; not FAIR, not CMIP, and not publication-grade attribution."
aether_constant_emissions_no_rebound,"AETHER, constant emissions",co2_only_screen,CO2-only emulator screen,2052,378.684803,1.752437,0.000000,0.000000,1.752437,1.235774,0.821180,0.423670,-0.117032,"Two-box screening emulator with scenario non-CO2 and aerosol forcing; not FAIR, not CMIP, and not publication-grade attribution."
aether_constant_emissions_no_rebound,"AETHER, constant emissions",co2_only_screen,CO2-only emulator screen,2053,374.005905,1.681946,0.000000,0.000000,1.681946,1.208209,0.825118,0.393865,-0.144597,"Two-box screening emulator with scenario non-CO2 and aerosol forcing; not FAIR, not CMIP, and not publication-grade attribution."
aether_constant_emissions_no_rebound,"AETHER, constant emissions",co2_only_screen,CO2-only emulator screen,2054,369.404148,1.611753,0.000000,0.000000,1.611753,1.180298,0.828758,0.363936,-0.172509,"Two-box screening emulator with scenario non-CO2 and aerosol forcing; not FAIR, not CMIP, and not publication-grade attribution."
aether_constant_emissions_no_rebound,"AETHER, constant emissions",co2_only_screen,CO2-only emulator screen,2055,364.871677,1.541756,0.000000,0.000000,1.541756,1.152098,0.832097,0.333963,-0.200709,"Two-box screening emulator with scenario non-CO2 and aerosol forcing; not FAIR, not CMIP, and not publication-grade attribution."
aether_constant_emissions_no_rebound,"AETHER, constant emissions",co2_only_screen,CO2-only emulator screen,2056,360.402066,1.471873,0.000000,0.000000,1.471873,1.123650,0.835137,0.304001,-0.229157,"Two-box screening emulator with scenario non-CO2 and aerosol forcing; not FAIR, not CMIP, and not publication-grade attribution."
aether_constant_emissions_no_rebound,"AETHER, constant emissions",co2_only_screen,CO2-only emulator screen,2057,355.990025,1.402035,0.000000,0.000000,1.402035,1.094980,0.837878,0.274087,-0.257826,"Two-box screening emulator with scenario non-CO2 and aerosol forcing; not FAIR, not CMIP, and not publication-grade attribution."
aether_constant_emissions_no_rebound,"AETHER, constant emissions",co2_only_screen,CO2-only emulator screen,2058,351.631170,1.332184,0.000000,0.000000,1.332184,1.066106,0.840321,0.244247,-0.286700,"Two-box screening emulator with scenario non-CO2 and aerosol forcing; not FAIR, not CMIP, and not publication-grade attribution."
aether_constant_emissions_no_rebound,"AETHER, constant emissions",co2_only_screen,CO2-only emulator screen,2059,350.000000,1.305821,0.000000,0.000000,1.305821,1.040667,0.842466,0.214497,-0.312140,"Two-box screening emulator with scenario non-CO2 and aerosol forcing; not FAIR, not CMIP, and not publication-grade attribution."
aether_constant_emissions_no_rebound,"AETHER, constant emissions",co2_only_screen,CO2-only emulator screen,2060,350.000000,1.305821,0.000000,0.000000,1.305821,1.020188,0.844348,0.188291,-0.332618,"Two-box screening emulator with scenario non-CO2 and aerosol forcing; not FAIR, not CMIP, and not publication-grade attribution."
aether_constant_emissions_no_rebound,"AETHER, constant emissions",co2_only_screen,CO2-only emulator screen,2061,350.000000,1.305821,0.000000,0.000000,1.305821,1.003716,0.846019,0.167048,-0.349091,"Two-box screening emulator with scenario non-CO2 and aerosol forcing; not FAIR, not CMIP, and not publication-grade attribution."
aether_constant_emissions_no_rebound,"AETHER, constant emissions",co2_only_screen,CO2-only emulator screen,2062,350.000000,1.305821,0.000000,0.000000,1.305821,0.990477,0.847517,0.149812,-0.362329,"Two-box screening emulator with scenario non-CO2 and aerosol forcing; not FAIR, not CMIP, and not publication-grade attribution."
aether_constant_emissions_no_rebound,"AETHER, constant emissions",co2_only_screen,CO2-only emulator screen,2063,350.000000,1.305821,0.000000,0.000000,1.305821,0.979851,0.848875,0.135812,-0.372956,"Two-box screening emulator with scenario non-CO2 and aerosol forcing; not FAIR, not CMIP, and not publication-grade attribution."
aether_constant_emissions_no_rebound,"AETHER, constant emissions",co2_only_screen,CO2-only emulator screen,2064,350.000000,1.305821,0.000000,0.000000,1.305821,0.971333,0.850119,0.124427,-0.381473,"Two-box screening emulator with scenario non-CO2 and aerosol forcing; not FAIR, not CMIP, and not publication-grade attribution."
aether_constant_emissions_no_rebound,"AETHER, constant emissions",co2_only_screen,CO2-only emulator screen,2065,350.000000,1.305821,0.000000,0.000000,1.305821,0.964519,0.851271,0.115153,-0.388288,"Two-box screening emulator with scenario non-CO2 and aerosol forcing; not FAIR, not CMIP, and not publication-grade attribution."
aether_constant_emissions_no_rebound,"AETHER, constant emissions",co2_only_screen,CO2-only emulator screen,2066,350.000000,1.305821,0.000000,0.000000,1.305821,0.959078,0.852347,0.107585,-0.393728,"Two-box screening emulator with scenario non-CO2 and aerosol forcing; not FAIR, not CMIP, and not publication-grade attribution."
aether_constant_emissions_no_rebound,"AETHER, constant emissions",co2_only_screen,CO2-only emulator screen,2067,350.000000,1.305821,0.000000,0.000000,1.305821,0.954748,0.853361,0.101395,-0.398059,"Two-box screening emulator with scenario non-CO2 and aerosol forcing; not FAIR, not CMIP, and not publication-grade attribution."
aether_constant_emissions_no_rebound,"AETHER, constant emissions",co2_only_screen,CO2-only emulator screen,2068,350.000000,1.305821,0.000000,0.000000,1.305821,0.951313,0.854324,0.096318,-0.401493,"Two-box screening emulator with scenario non-CO2 and aerosol forcing; not FAIR, not CMIP, and not publication-grade attribution."
aether_constant_emissions_no_rebound,"AETHER, constant emissions",co2_only_screen,CO2-only emulator screen,2069,350.000000,1.305821,0.000000,0.000000,1.305821,0.948602,0.855245,0.092140,-0.404205,"Two-box screening emulator with scenario non-CO2 and aerosol forcing; not FAIR, not CMIP, and not publication-grade attribution."
aether_constant_emissions_no_rebound,"AETHER, constant emissions",co2_only_screen,CO2-only emulator screen,2070,350.000000,1.305821,0.000000,0.000000,1.305821,0.946474,0.856132,0.088688,-0.406333,"Two-box screening emulator with scenario non-CO2 and aerosol forcing; not FAIR, not CMIP, and not publication-grade attribution."
aether_constant_emissions_no_rebound,"AETHER, constant emissions",co2_only_screen,CO2-only emulator screen,2071,350.000000,1.305821,0.000000,0.000000,1.305821,0.944817,0.856990,0.085824,-0.407990,"Two-box screening emulator with scenario non-CO2 and aerosol forcing; not FAIR, not CMIP, and not publication-grade attribution."
aether_constant_emissions_no_rebound,"AETHER, constant emissions",co2_only_screen,CO2-only emulator screen,2072,350.000000,1.305821,0.000000,0.000000,1.305821,0.943540,0.857825,0.083435,-0.409267,"Two-box screening emulator with scenario non-CO2 and aerosol forcing; not FAIR, not CMIP, and not publication-grade attribution."
aether_constant_emissions_no_rebound,"AETHER, constant emissions",co2_only_screen,CO2-only emulator screen,2073,350.000000,1.305821,0.000000,0.000000,1.305821,0.942569,0.858639,0.081429,-0.410237,"Two-box screening emulator with scenario non-CO2 and aerosol forcing; not FAIR, not CMIP, and not publication-grade attribution."
aether_constant_emissions_no_rebound,"AETHER, constant emissions",co2_only_screen,CO2-only emulator screen,2074,350.000000,1.305821,0.000000,0.000000,1.305821,0.941846,0.859436,0.079734,-0.410960,"Two-box screening emulator with scenario non-CO2 and aerosol forcing; not FAIR, not CMIP, and not publication-grade attribution."
aether_constant_emissions_no_rebound,"AETHER, constant emissions",co2_only_screen,CO2-only emulator screen,2075,350.000000,1.305821,0.000000,0.000000,1.305821,0.941322,0.860219,0.078289,-0.411484,"Two-box screening emulator with scenario non-CO2 and aerosol forcing; not FAIR, not CMIP, and not publication-grade attribution."
aether_constant_emissions_no_rebound,"AETHER, constant emissions",co2_only_screen,CO2-only emulator screen,2076,350.000000,1.305821,0.000000,0.000000,1.305821,0.940959,0.860990,0.077048,-0.411848,"Two-box screening emulator with scenario non-CO2 and aerosol forcing; not FAIR, not CMIP, and not publication-grade attribution."
aether_constant_emissions_no_rebound,"AETHER, constant emissions",co2_only_screen,CO2-only emulator screen,2077,350.000000,1.305821,0.000000,0.000000,1.305821,0.940725,0.861750,0.075971,-0.412081,"Two-box screening emulator with scenario non-CO2 and aerosol forcing; not FAIR, not CMIP, and not publication-grade attribution."
aether_constant_emissions_no_rebound,"AETHER, constant emissions",co2_only_screen,CO2-only emulator screen,2078,350.000000,1.305821,0.000000,0.000000,1.305821,0.940596,0.862500,0.075027,-0.412211,"Two-box screening emulator with scenario non-CO2 and aerosol forcing; not FAIR, not CMIP, and not publication-grade attribution."
aether_constant_emissions_no_rebound,"AETHER, constant emissions",co2_only_screen,CO2-only emulator screen,2079,350.000000,1.305821,0.000000,0.000000,1.305821,0.940550,0.863242,0.074191,-0.412257,"Two-box screening emulator with scenario non-CO2 and aerosol forcing; not FAIR, not CMIP, and not publication-grade attribution."
aether_constant_emissions_no_rebound,"AETHER, constant emissions",co2_only_screen,CO2-only emulator screen,2080,350.000000,1.305821,0.000000,0.000000,1.305821,0.940571,0.863976,0.073443,-0.412235,"Two-box screening emulator with scenario non-CO2 and aerosol forcing; not FAIR, not CMIP, and not publication-grade attribution."
aether_constant_emissions_no_rebound,"AETHER, constant emissions",co2_only_screen,CO2-only emulator screen,2081,350.000000,1.305821,0.000000,0.000000,1.305821,0.940647,0.864704,0.072765,-0.412160,"Two-box screening emulator with scenario non-CO2 and aerosol forcing; not FAIR, not CMIP, and not publication-grade attribution."
aether_constant_emissions_no_rebound,"AETHER, constant emissions",co2_only_screen,CO2-only emulator screen,2082,350.000000,1.305821,0.000000,0.000000,1.305821,0.940766,0.865425,0.072146,-0.412041,"Two-box screening emulator with scenario non-CO2 and aerosol forcing; not FAIR, not CMIP, and not publication-grade attribution."
aether_constant_emissions_no_rebound,"AETHER, constant emissions",co2_only_screen,CO2-only emulator screen,2083,350.000000,1.305821,0.000000,0.000000,1.305821,0.940920,0.866141,0.071574,-0.411887,"Two-box screening emulator with scenario non-CO2 and aerosol forcing; not FAIR, not CMIP, and not publication-grade attribution."
aether_constant_emissions_no_rebound,"AETHER, constant emissions",co2_only_screen,CO2-only emulator screen,2084,350.000000,1.305821,0.000000,0.000000,1.305821,0.941101,0.866851,0.071040,-0.411706,"Two-box screening emulator with scenario non-CO2 and aerosol forcing; not FAIR, not CMIP, and not publication-grade attribution."
aether_constant_emissions_no_rebound,"AETHER, constant emissions",co2_only_screen,CO2-only emulator screen,2085,350.000000,1.305821,0.000000,0.000000,1.305821,0.941304,0.867557,0.070537,-0.411502,"Two-box screening emulator with scenario non-CO2 and aerosol forcing; not FAIR, not CMIP, and not publication-grade attribution."
aether_constant_emissions_no_rebound,"AETHER, constant emissions",co2_only_screen,CO2-only emulator screen,2086,350.000000,1.305821,0.000000,0.000000,1.305821,0.941525,0.868257,0.070060,-0.411281,"Two-box screening emulator with scenario non-CO2 and aerosol forcing; not FAIR, not CMIP, and not publication-grade attribution."
aether_constant_emissions_no_rebound,"AETHER, constant emissions",co2_only_screen,CO2-only emulator screen,2087,350.000000,1.305821,0.000000,0.000000,1.305821,0.941760,0.868953,0.069605,-0.411046,"Two-box screening emulator with scenario non-CO2 and aerosol forcing; not FAIR, not CMIP, and not publication-grade attribution."
aether_constant_emissions_no_rebound,"AETHER, constant emissions",co2_only_screen,CO2-only emulator screen,2088,350.000000,1.305821,0.000000,0.000000,1.305821,0.942006,0.869645,0.069167,-0.410800,"Two-box screening emulator with scenario non-CO2 and aerosol forcing; not FAIR, not CMIP, and not publication-grade attribution."
aether_constant_emissions_no_rebound,"AETHER, constant emissions",co2_only_screen,CO2-only emulator screen,2089,350.000000,1.305821,0.000000,0.000000,1.305821,0.942260,0.870333,0.068743,-0.410546,"Two-box screening emulator with scenario non-CO2 and aerosol forcing; not FAIR, not CMIP, and not publication-grade attribution."
aether_constant_emissions_no_rebound,"AETHER, constant emissions",co2_only_screen,CO2-only emulator screen,2090,350.000000,1.305821,0.000000,0.000000,1.305821,0.942521,0.871016,0.068331,-0.410286,"Two-box screening emulator with scenario non-CO2 and aerosol forcing; not FAIR, not CMIP, and not publication-grade attribution."
aether_constant_emissions_no_rebound,"AETHER, constant emissions",co2_only_screen,CO2-only emulator screen,2091,350.000000,1.305821,0.000000,0.000000,1.305821,0.942787,0.871695,0.067930,-0.410020,"Two-box screening emulator with scenario non-CO2 and aerosol forcing; not FAIR, not CMIP, and not publication-grade attribution."
aether_constant_emissions_no_rebound,"AETHER, constant emissions",co2_only_screen,CO2-only emulator screen,2092,350.000000,1.305821,0.000000,0.000000,1.305821,0.943056,0.872370,0.067537,-0.409750,"Two-box screening emulator with scenario non-CO2 and aerosol forcing; not FAIR, not CMIP, and not publication-grade attribution."
aether_constant_emissions_no_rebound,"AETHER, constant emissions",co2_only_screen,CO2-only emulator screen,2093,350.000000,1.305821,0.000000,0.000000,1.305821,0.943328,0.873042,0.067151,-0.409478,"Two-box screening emulator with scenario non-CO2 and aerosol forcing; not FAIR, not CMIP, and not publication-grade attribution."
aether_constant_emissions_no_rebound,"AETHER, constant emissions",co2_only_screen,CO2-only emulator screen,2094,350.000000,1.305821,0.000000,0.000000,1.305821,0.943602,0.873710,0.066772,-0.409204,"Two-box screening emulator with scenario non-CO2 and aerosol forcing; not FAIR, not CMIP, and not publication-grade attribution."
aether_constant_emissions_no_rebound,"AETHER, constant emissions",co2_only_screen,CO2-only emulator screen,2095,350.000000,1.305821,0.000000,0.000000,1.305821,0.943878,0.874374,0.066398,-0.408929,"Two-box screening emulator with scenario non-CO2 and aerosol forcing; not FAIR, not CMIP, and not publication-grade attribution."
aether_constant_emissions_no_rebound,"AETHER, constant emissions",co2_only_screen,CO2-only emulator screen,2096,350.000000,1.305821,0.000000,0.000000,1.305821,0.944154,0.875034,0.066029,-0.408653,"Two-box screening emulator with scenario non-CO2 and aerosol forcing; not FAIR, not CMIP, and not publication-grade attribution."
aether_constant_emissions_no_rebound,"AETHER, constant emissions",co2_only_screen,CO2-only emulator screen,2097,350.000000,1.305821,0.000000,0.000000,1.305821,0.944430,0.875691,0.065664,-0.408376,"Two-box screening emulator with scenario non-CO2 and aerosol forcing; not FAIR, not CMIP, and not publication-grade attribution."
aether_constant_emissions_no_rebound,"AETHER, constant emissions",co2_only_screen,CO2-only emulator screen,2098,350.000000,1.305821,0.000000,0.000000,1.305821,0.944706,0.876344,0.065303,-0.408100,"Two-box screening emulator with scenario non-CO2 and aerosol forcing; not FAIR, not CMIP, and not publication-grade attribution."
aether_constant_emissions_no_rebound,"AETHER, constant emissions",co2_only_screen,CO2-only emulator screen,2099,350.000000,1.305821,0.000000,0.000000,1.305821,0.944982,0.876993,0.064945,-0.407824,"Two-box screening emulator with scenario non-CO2 and aerosol forcing; not FAIR, not CMIP, and not publication-grade attribution."
aether_constant_emissions_no_rebound,"AETHER, constant emissions",co2_only_screen,CO2-only emulator screen,2100,350.000000,1.305821,0.000000,0.000000,1.305821,0.945258,0.877639,0.064590,-0.407549,"Two-box screening emulator with scenario non-CO2 and aerosol forcing; not FAIR, not CMIP, and not publication-grade attribution."
aether_constant_emissions_no_rebound,"AETHER, constant emissions",mitigation_with_aerosol_cleanup,Mitigation with aerosol cleanup,2026,433.940256,2.524677,1.200000,-0.700000,3.024677,1.613376,0.772719,0.795947,0.000000,"Two-box screening emulator with scenario non-CO2 and aerosol forcing; not FAIR, not CMIP, and not publication-grade attribution."
aether_constant_emissions_no_rebound,"AETHER, constant emissions",mitigation_with_aerosol_cleanup,Mitigation with aerosol cleanup,2027,438.380892,2.582403,1.181250,-0.681250,3.082403,1.627564,0.780705,0.798624,0.014188,"Two-box screening emulator with scenario non-CO2 and aerosol forcing; not FAIR, not CMIP, and not publication-grade attribution."
aether_constant_emissions_no_rebound,"AETHER, constant emissions",mitigation_with_aerosol_cleanup,Mitigation with aerosol cleanup,2028,441.957576,2.628474,1.162500,-0.662500,3.128474,1.643552,0.788750,0.804516,0.030176,"Two-box screening emulator with scenario non-CO2 and aerosol forcing; not FAIR, not CMIP, and not publication-grade attribution."
aether_constant_emissions_no_rebound,"AETHER, constant emissions",mitigation_with_aerosol_cleanup,Mitigation with aerosol cleanup,2029,444.755187,2.664251,1.143750,-0.643750,3.164251,1.660146,0.796871,0.812061,0.046770,"Two-box screening emulator with scenario non-CO2 and aerosol forcing; not FAIR, not CMIP, and not publication-grade attribution."
aether_constant_emissions_no_rebound,"AETHER, constant emissions",mitigation_with_aerosol_cleanup,Mitigation with aerosol cleanup,2030,446.842099,2.690793,1.125000,-0.625000,3.190793,1.676471,0.805072,0.820112,0.063094,"Two-box screening emulator with scenario non-CO2 and aerosol forcing; not FAIR, not CMIP, and not publication-grade attribution."
aether_constant_emissions_no_rebound,"AETHER, constant emissions",mitigation_with_aerosol_cleanup,Mitigation with aerosol cleanup,2031,448.273574,2.708928,1.106250,-0.606250,3.208928,1.691881,0.813350,0.827828,0.078505,"Two-box screening emulator with scenario non-CO2 and aerosol forcing; not FAIR, not CMIP, and not publication-grade attribution."
aether_constant_emissions_no_rebound,"AETHER, constant emissions",mitigation_with_aerosol_cleanup,Mitigation with aerosol cleanup,2032,449.094455,2.719301,1.087500,-0.587500,3.219301,1.705909,0.821697,0.834604,0.092532,"Two-box screening emulator with scenario non-CO2 and aerosol forcing; not FAIR, not CMIP, and not publication-grade attribution."
aether_constant_emissions_no_rebound,"AETHER, constant emissions",mitigation_with_aerosol_cleanup,Mitigation with aerosol cleanup,2033,449.341295,2.722416,1.068750,-0.568750,3.222416,1.718215,0.830097,0.840001,0.104839,"Two-box screening emulator with scenario non-CO2 and aerosol forcing; not FAIR, not CMIP, and not publication-grade attribution."
aether_constant_emissions_no_rebound,"AETHER, constant emissions",mitigation_with_aerosol_cleanup,Mitigation with aerosol cleanup,2034,449.044057,2.718664,1.050000,-0.550000,3.218664,1.728556,0.838534,0.843712,0.115180,"Two-box screening emulator with scenario non-CO2 and aerosol forcing; not FAIR, not CMIP, and not publication-grade attribution."
aether_constant_emissions_no_rebound,"AETHER, constant emissions",mitigation_with_aerosol_cleanup,Mitigation with aerosol cleanup,2035,448.227451,2.708344,1.031250,-0.531250,3.208344,1.736757,0.846989,0.845521,0.123381,"Two-box screening emulator with scenario non-CO2 and aerosol forcing; not FAIR, not CMIP, and not publication-grade attribution."
aether_constant_emissions_no_rebound,"AETHER, constant emissions",mitigation_with_aerosol_cleanup,Mitigation with aerosol cleanup,2036,446.912001,2.691680,1.012500,-0.512500,3.191680,1.742694,0.855442,0.845280,0.129318,"Two-box screening emulator with scenario non-CO2 and aerosol forcing; not FAIR, not CMIP, and not publication-grade attribution."
aether_constant_emissions_no_rebound,"AETHER, constant emissions",mitigation_with_aerosol_cleanup,Mitigation with aerosol cleanup,2037,445.114886,2.668835,0.993750,-0.493750,3.168835,1.746279,0.863871,0.842890,0.132903,"Two-box screening emulator with scenario non-CO2 and aerosol forcing; not FAIR, not CMIP, and not publication-grade attribution."
aether_constant_emissions_no_rebound,"AETHER, constant emissions",mitigation_with_aerosol_cleanup,Mitigation with aerosol cleanup,2038,442.850616,2.639920,0.975000,-0.475000,3.139920,1.747446,0.872253,0.838288,0.134070,"Two-box screening emulator with scenario non-CO2 and aerosol forcing; not FAIR, not CMIP, and not publication-grade attribution."
aether_constant_emissions_no_rebound,"AETHER, constant emissions",mitigation_with_aerosol_cleanup,Mitigation with aerosol cleanup,2039,440.131558,2.605000,0.956250,-0.456250,3.105000,1.746147,0.880568,0.831433,0.132771,"Two-box screening emulator with scenario non-CO2 and aerosol forcing; not FAIR, not CMIP, and not publication-grade attribution."
aether_constant_emissions_no_rebound,"AETHER, constant emissions",mitigation_with_aerosol_cleanup,Mitigation with aerosol cleanup,2040,436.968362,2.564105,0.937500,-0.437500,3.064105,1.742343,0.888791,0.822300,0.128967,"Two-box screening emulator with scenario non-CO2 and aerosol forcing; not FAIR, not CMIP, and not publication-grade attribution."
aether_constant_emissions_no_rebound,"AETHER, constant emissions",mitigation_with_aerosol_cleanup,Mitigation with aerosol cleanup,2041,433.370294,2.517225,0.918750,-0.418750,3.017225,1.736000,0.896900,0.810875,0.122624,"Two-box screening emulator with scenario non-CO2 and aerosol forcing; not FAIR, not CMIP, and not publication-grade attribution."
aether_constant_emissions_no_rebound,"AETHER, constant emissions",mitigation_with_aerosol_cleanup,Mitigation with aerosol cleanup,2042,429.345504,2.464323,0.900000,-0.400000,2.964323,1.727085,0.904871,0.797145,0.113709,"Two-box screening emulator with scenario non-CO2 and aerosol forcing; not FAIR, not CMIP, and not publication-grade attribution."
aether_constant_emissions_no_rebound,"AETHER, constant emissions",mitigation_with_aerosol_cleanup,Mitigation with aerosol cleanup,2043,424.901236,2.405328,0.881250,-0.381250,2.905328,1.715563,0.912682,0.781103,0.102187,"Two-box screening emulator with scenario non-CO2 and aerosol forcing; not FAIR, not CMIP, and not publication-grade attribution."
aether_constant_emissions_no_rebound,"AETHER, constant emissions",mitigation_with_aerosol_cleanup,Mitigation with aerosol cleanup,2044,420.043995,2.340140,0.862500,-0.362500,2.840140,1.701398,0.920309,0.762737,0.088022,"Two-box screening emulator with scenario non-CO2 and aerosol forcing; not FAIR, not CMIP, and not publication-grade attribution."
aether_constant_emissions_no_rebound,"AETHER, constant emissions",mitigation_with_aerosol_cleanup,Mitigation with aerosol cleanup,2045,414.779686,2.268633,0.843750,-0.343750,2.768633,1.684545,0.927730,0.742034,0.071169,"Two-box screening emulator with scenario non-CO2 and aerosol forcing; not FAIR, not CMIP, and not publication-grade attribution."
aether_constant_emissions_no_rebound,"AETHER, constant emissions",mitigation_with_aerosol_cleanup,Mitigation with aerosol cleanup,2046,409.113716,2.190649,0.825000,-0.325000,2.690649,1.664955,0.934919,0.718975,0.051579,"Two-box screening emulator with scenario non-CO2 and aerosol forcing; not FAIR, not CMIP, and not publication-grade attribution."
aether_constant_emissions_no_rebound,"AETHER, constant emissions",mitigation_with_aerosol_cleanup,Mitigation with aerosol cleanup,2047,403.666465,2.114650,0.806250,-0.306250,2.614650,1.643291,0.941855,0.693534,0.029915,"Two-box screening emulator with scenario non-CO2 and aerosol forcing; not FAIR, not CMIP, and not publication-grade attribution."
aether_constant_emissions_no_rebound,"AETHER, constant emissions",mitigation_with_aerosol_cleanup,Mitigation with aerosol cleanup,2048,398.402292,2.040224,0.787500,-0.287500,2.540224,1.620053,0.948518,0.666364,0.006677,"Two-box screening emulator with scenario non-CO2 and aerosol forcing; not FAIR, not CMIP, and not publication-grade attribution."
aether_constant_emissions_no_rebound,"AETHER, constant emissions",mitigation_with_aerosol_cleanup,Mitigation with aerosol cleanup,2049,393.292703,1.967038,0.768750,-0.268750,2.467038,1.595621,0.954898,0.637958,-0.017755,"Two-box screening emulator with scenario non-CO2 and aerosol forcing; not FAIR, not CMIP, and not publication-grade attribution."
aether_constant_emissions_no_rebound,"AETHER, constant emissions",mitigation_with_aerosol_cleanup,Mitigation with aerosol cleanup,2050,388.314876,1.894818,0.750000,-0.250000,2.394818,1.570276,0.960985,0.608686,-0.043100,"Two-box screening emulator with scenario non-CO2 and aerosol forcing; not FAIR, not CMIP, and not publication-grade attribution."
aether_constant_emissions_no_rebound,"AETHER, constant emissions",mitigation_with_aerosol_cleanup,Mitigation with aerosol cleanup,2051,383.450492,1.823345,0.744000,-0.246000,2.321345,1.544064,0.966773,0.578827,-0.069312,"Two-box screening emulator with scenario non-CO2 and aerosol forcing; not FAIR, not CMIP, and not publication-grade attribution."
aether_constant_emissions_no_rebound,"AETHER, constant emissions",mitigation_with_aerosol_cleanup,Mitigation with aerosol cleanup,2052,378.684803,1.752437,0.738000,-0.242000,2.248437,1.517172,0.972257,0.548427,-0.096205,"Two-box screening emulator with scenario non-CO2 and aerosol forcing; not FAIR, not CMIP, and not publication-grade attribution."
aether_constant_emissions_no_rebound,"AETHER, constant emissions",mitigation_with_aerosol_cleanup,Mitigation with aerosol cleanup,2053,374.005905,1.681946,0.732000,-0.238000,2.175946,1.489737,0.977434,0.517668,-0.123639,"Two-box screening emulator with scenario non-CO2 and aerosol forcing; not FAIR, not CMIP, and not publication-grade attribution."
aether_constant_emissions_no_rebound,"AETHER, constant emissions",mitigation_with_aerosol_cleanup,Mitigation with aerosol cleanup,2054,369.404148,1.611753,0.726000,-0.234000,2.103753,1.461863,0.982301,0.486688,-0.151513,"Two-box screening emulator with scenario non-CO2 and aerosol forcing; not FAIR, not CMIP, and not publication-grade attribution."
aether_constant_emissions_no_rebound,"AETHER, constant emissions",mitigation_with_aerosol_cleanup,Mitigation with aerosol cleanup,2055,364.871677,1.541756,0.720000,-0.230000,2.031756,1.433624,0.986857,0.455584,-0.179752,"Two-box screening emulator with scenario non-CO2 and aerosol forcing; not FAIR, not CMIP, and not publication-grade attribution."
aether_constant_emissions_no_rebound,"AETHER, constant emissions",mitigation_with_aerosol_cleanup,Mitigation with aerosol cleanup,2056,360.402066,1.471873,0.714000,-0.226000,1.959873,1.405073,0.991101,0.424428,-0.208303,"Two-box screening emulator with scenario non-CO2 and aerosol forcing; not FAIR, not CMIP, and not publication-grade attribution."
aether_constant_emissions_no_rebound,"AETHER, constant emissions",mitigation_with_aerosol_cleanup,Mitigation with aerosol cleanup,2057,355.990025,1.402035,0.708000,-0.222000,1.888035,1.376250,0.995034,0.393274,-0.237126,"Two-box screening emulator with scenario non-CO2 and aerosol forcing; not FAIR, not CMIP, and not publication-grade attribution."
aether_constant_emissions_no_rebound,"AETHER, constant emissions",mitigation_with_aerosol_cleanup,Mitigation with aerosol cleanup,2058,351.631170,1.332184,0.702000,-0.218000,1.816184,1.347178,0.998655,0.362155,-0.266198,"Two-box screening emulator with scenario non-CO2 and aerosol forcing; not FAIR, not CMIP, and not publication-grade attribution."
aether_constant_emissions_no_rebound,"AETHER, constant emissions",mitigation_with_aerosol_cleanup,Mitigation with aerosol cleanup,2059,350.000000,1.305821,0.696000,-0.214000,1.787821,1.321505,1.001966,0.331097,-0.291871,"Two-box screening emulator with scenario non-CO2 and aerosol forcing; not FAIR, not CMIP, and not publication-grade attribution."
aether_constant_emissions_no_rebound,"AETHER, constant emissions",mitigation_with_aerosol_cleanup,Mitigation with aerosol cleanup,2060,350.000000,1.305821,0.690000,-0.210000,1.785821,1.300762,1.005002,0.303562,-0.312614,"Two-box screening emulator with scenario non-CO2 and aerosol forcing; not FAIR, not CMIP, and not publication-grade attribution."
aether_constant_emissions_no_rebound,"AETHER, constant emissions",mitigation_with_aerosol_cleanup,Mitigation with aerosol cleanup,2061,350.000000,1.305821,0.684000,-0.206000,1.783821,1.284000,1.007812,0.280972,-0.329376,"Two-box screening emulator with scenario non-CO2 and aerosol forcing; not FAIR, not CMIP, and not publication-grade attribution."
aether_constant_emissions_no_rebound,"AETHER, constant emissions",mitigation_with_aerosol_cleanup,Mitigation with aerosol cleanup,2062,350.000000,1.305821,0.678000,-0.202000,1.781821,1.270450,1.010435,0.262379,-0.342926,"Two-box screening emulator with scenario non-CO2 and aerosol forcing; not FAIR, not CMIP, and not publication-grade attribution."
aether_constant_emissions_no_rebound,"AETHER, constant emissions",mitigation_with_aerosol_cleanup,Mitigation with aerosol cleanup,2063,350.000000,1.305821,0.672000,-0.198000,1.779821,1.259493,1.012906,0.247014,-0.353883,"Two-box screening emulator with scenario non-CO2 and aerosol forcing; not FAIR, not CMIP, and not publication-grade attribution."
aether_constant_emissions_no_rebound,"AETHER, constant emissions",mitigation_with_aerosol_cleanup,Mitigation with aerosol cleanup,2064,350.000000,1.305821,0.666000,-0.194000,1.777821,1.250629,1.015248,0.234258,-0.362747,"Two-box screening emulator with scenario non-CO2 and aerosol forcing; not FAIR, not CMIP, and not publication-grade attribution."
aether_constant_emissions_no_rebound,"AETHER, constant emissions",mitigation_with_aerosol_cleanup,Mitigation with aerosol cleanup,2065,350.000000,1.305821,0.660000,-0.190000,1.775821,1.243453,1.017484,0.223612,-0.369923,"Two-box screening emulator with scenario non-CO2 and aerosol forcing; not FAIR, not CMIP, and not publication-grade attribution."
aether_constant_emissions_no_rebound,"AETHER, constant emissions",mitigation_with_aerosol_cleanup,Mitigation with aerosol cleanup,2066,350.000000,1.305821,0.654000,-0.186000,1.773821,1.237638,1.019631,0.214670,-0.375738,"Two-box screening emulator with scenario non-CO2 and aerosol forcing; not FAIR, not CMIP, and not publication-grade attribution."
aether_constant_emissions_no_rebound,"AETHER, constant emissions",mitigation_with_aerosol_cleanup,Mitigation with aerosol cleanup,2067,350.000000,1.305821,0.648000,-0.182000,1.771821,1.232922,1.021702,0.207107,-0.380454,"Two-box screening emulator with scenario non-CO2 and aerosol forcing; not FAIR, not CMIP, and not publication-grade attribution."
aether_constant_emissions_no_rebound,"AETHER, constant emissions",mitigation_with_aerosol_cleanup,Mitigation with aerosol cleanup,2068,350.000000,1.305821,0.642000,-0.178000,1.769821,1.229092,1.023709,0.200659,-0.384284,"Two-box screening emulator with scenario non-CO2 and aerosol forcing; not FAIR, not CMIP, and not publication-grade attribution."
aether_constant_emissions_no_rebound,"AETHER, constant emissions",mitigation_with_aerosol_cleanup,Mitigation with aerosol cleanup,2069,350.000000,1.305821,0.636000,-0.174000,1.767821,1.225975,1.025660,0.195114,-0.387401,"Two-box screening emulator with scenario non-CO2 and aerosol forcing; not FAIR, not CMIP, and not publication-grade attribution."
aether_constant_emissions_no_rebound,"AETHER, constant emissions",mitigation_with_aerosol_cleanup,Mitigation with aerosol cleanup,2070,350.000000,1.305821,0.630000,-0.170000,1.765821,1.223433,1.027563,0.190299,-0.389943,"Two-box screening emulator with scenario non-CO2 and aerosol forcing; not FAIR, not CMIP, and not publication-grade attribution."
aether_constant_emissions_no_rebound,"AETHER, constant emissions",mitigation_with_aerosol_cleanup,Mitigation with aerosol cleanup,2071,350.000000,1.305821,0.624000,-0.166000,1.763821,1.221353,1.029424,0.186076,-0.392023,"Two-box screening emulator with scenario non-CO2 and aerosol forcing; not FAIR, not CMIP, and not publication-grade attribution."
aether_constant_emissions_no_rebound,"AETHER, constant emissions",mitigation_with_aerosol_cleanup,Mitigation with aerosol cleanup,2072,350.000000,1.305821,0.618000,-0.162000,1.761821,1.219646,1.031247,0.182333,-0.393730,"Two-box screening emulator with scenario non-CO2 and aerosol forcing; not FAIR, not CMIP, and not publication-grade attribution."
aether_constant_emissions_no_rebound,"AETHER, constant emissions",mitigation_with_aerosol_cleanup,Mitigation with aerosol cleanup,2073,350.000000,1.305821,0.612000,-0.158000,1.759821,1.218238,1.033037,0.178979,-0.395138,"Two-box screening emulator with scenario non-CO2 and aerosol forcing; not FAIR, not CMIP, and not publication-grade attribution."
aether_constant_emissions_no_rebound,"AETHER, constant emissions",mitigation_with_aerosol_cleanup,Mitigation with aerosol cleanup,2074,350.000000,1.305821,0.606000,-0.154000,1.757821,1.217071,1.034796,0.175942,-0.396305,"Two-box screening emulator with scenario non-CO2 and aerosol forcing; not FAIR, not CMIP, and not publication-grade attribution."
aether_constant_emissions_no_rebound,"AETHER, constant emissions",mitigation_with_aerosol_cleanup,Mitigation with aerosol cleanup,2075,350.000000,1.305821,0.600000,-0.150000,1.755821,1.216096,1.036528,0.173161,-0.397281,"Two-box screening emulator with scenario non-CO2 and aerosol forcing; not FAIR, not CMIP, and not publication-grade attribution."
aether_constant_emissions_no_rebound,"AETHER, constant emissions",mitigation_with_aerosol_cleanup,Mitigation with aerosol cleanup,2076,350.000000,1.305821,0.594000,-0.146000,1.753821,1.215274,1.038234,0.170589,-0.398102,"Two-box screening emulator with scenario non-CO2 and aerosol forcing; not FAIR, not CMIP, and not publication-grade attribution."
aether_constant_emissions_no_rebound,"AETHER, constant emissions",mitigation_with_aerosol_cleanup,Mitigation with aerosol cleanup,2077,350.000000,1.305821,0.588000,-0.142000,1.751821,1.214576,1.039916,0.168189,-0.398800,"Two-box screening emulator with scenario non-CO2 and aerosol forcing; not FAIR, not CMIP, and not publication-grade attribution."
aether_constant_emissions_no_rebound,"AETHER, constant emissions",mitigation_with_aerosol_cleanup,Mitigation with aerosol cleanup,2078,350.000000,1.305821,0.582000,-0.138000,1.749821,1.213976,1.041575,0.165928,-0.399400,"Two-box screening emulator with scenario non-CO2 and aerosol forcing; not FAIR, not CMIP, and not publication-grade attribution."
aether_constant_emissions_no_rebound,"AETHER, constant emissions",mitigation_with_aerosol_cleanup,Mitigation with aerosol cleanup,2079,350.000000,1.305821,0.576000,-0.134000,1.747821,1.213454,1.043213,0.163781,-0.399922,"Two-box screening emulator with scenario non-CO2 and aerosol forcing; not FAIR, not CMIP, and not publication-grade attribution."
aether_constant_emissions_no_rebound,"AETHER, constant emissions",mitigation_with_aerosol_cleanup,Mitigation with aerosol cleanup,2080,350.000000,1.305821,0.570000,-0.130000,1.745821,1.212993,1.044830,0.161729,-0.400383,"Two-box screening emulator with scenario non-CO2 and aerosol forcing; not FAIR, not CMIP, and not publication-grade attribution."
aether_constant_emissions_no_rebound,"AETHER, constant emissions",mitigation_with_aerosol_cleanup,Mitigation with aerosol cleanup,2081,350.000000,1.305821,0.564000,-0.126000,1.743821,1.212580,1.046427,0.159755,-0.400796,"Two-box screening emulator with scenario non-CO2 and aerosol forcing; not FAIR, not CMIP, and not publication-grade attribution."
aether_constant_emissions_no_rebound,"AETHER, constant emissions",mitigation_with_aerosol_cleanup,Mitigation with aerosol cleanup,2082,350.000000,1.305821,0.558000,-0.122000,1.741821,1.212205,1.048006,0.157845,-0.401171,"Two-box screening emulator with scenario non-CO2 and aerosol forcing; not FAIR, not CMIP, and not publication-grade attribution."
aether_constant_emissions_no_rebound,"AETHER, constant emissions",mitigation_with_aerosol_cleanup,Mitigation with aerosol cleanup,2083,350.000000,1.305821,0.552000,-0.118000,1.739821,1.211858,1.049566,0.155989,-0.401518,"Two-box screening emulator with scenario non-CO2 and aerosol forcing; not FAIR, not CMIP, and not publication-grade attribution."
aether_constant_emissions_no_rebound,"AETHER, constant emissions",mitigation_with_aerosol_cleanup,Mitigation with aerosol cleanup,2084,350.000000,1.305821,0.546000,-0.114000,1.737821,1.211534,1.051108,0.154178,-0.401842,"Two-box screening emulator with scenario non-CO2 and aerosol forcing; not FAIR, not CMIP, and not publication-grade attribution."
aether_constant_emissions_no_rebound,"AETHER, constant emissions",mitigation_with_aerosol_cleanup,Mitigation with aerosol cleanup,2085,350.000000,1.305821,0.540000,-0.110000,1.735821,1.211226,1.052632,0.152405,-0.402150,"Two-box screening emulator with scenario non-CO2 and aerosol forcing; not FAIR, not CMIP, and not publication-grade attribution."
aether_constant_emissions_no_rebound,"AETHER, constant emissions",mitigation_with_aerosol_cleanup,Mitigation with aerosol cleanup,2086,350.000000,1.305821,0.534000,-0.106000,1.733821,1.210930,1.054138,0.150665,-0.402446,"Two-box screening emulator with scenario non-CO2 and aerosol forcing; not FAIR, not CMIP, and not publication-grade attribution."
aether_constant_emissions_no_rebound,"AETHER, constant emissions",mitigation_with_aerosol_cleanup,Mitigation with aerosol cleanup,2087,350.000000,1.305821,0.528000,-0.102000,1.731821,1.210643,1.055628,0.148953,-0.402733,"Two-box screening emulator with scenario non-CO2 and aerosol forcing; not FAIR, not CMIP, and not publication-grade attribution."
aether_constant_emissions_no_rebound,"AETHER, constant emissions",mitigation_with_aerosol_cleanup,Mitigation with aerosol cleanup,2088,350.000000,1.305821,0.522000,-0.098000,1.729821,1.210361,1.057100,0.147264,-0.403015,"Two-box screening emulator with scenario non-CO2 and aerosol forcing; not FAIR, not CMIP, and not publication-grade attribution."
aether_constant_emissions_no_rebound,"AETHER, constant emissions",mitigation_with_aerosol_cleanup,Mitigation with aerosol cleanup,2089,350.000000,1.305821,0.516000,-0.094000,1.727821,1.210082,1.058556,0.145597,-0.403294,"Two-box screening emulator with scenario non-CO2 and aerosol forcing; not FAIR, not CMIP, and not publication-grade attribution."
aether_constant_emissions_no_rebound,"AETHER, constant emissions",mitigation_with_aerosol_cleanup,Mitigation with aerosol cleanup,2090,350.000000,1.305821,0.510000,-0.090000,1.725821,1.209804,1.059996,0.143949,-0.403572,"Two-box screening emulator with scenario non-CO2 and aerosol forcing; not FAIR, not CMIP, and not publication-grade attribution."
aether_constant_emissions_no_rebound,"AETHER, constant emissions",mitigation_with_aerosol_cleanup,Mitigation with aerosol cleanup,2091,350.000000,1.305821,0.504000,-0.086000,1.723821,1.209526,1.061419,0.142318,-0.403850,"Two-box screening emulator with scenario non-CO2 and aerosol forcing; not FAIR, not CMIP, and not publication-grade attribution."
aether_constant_emissions_no_rebound,"AETHER, constant emissions",mitigation_with_aerosol_cleanup,Mitigation with aerosol cleanup,2092,350.000000,1.305821,0.498000,-0.082000,1.721821,1.209246,1.062826,0.140701,-0.404130,"Two-box screening emulator with scenario non-CO2 and aerosol forcing; not FAIR, not CMIP, and not publication-grade attribution."
aether_constant_emissions_no_rebound,"AETHER, constant emissions",mitigation_with_aerosol_cleanup,Mitigation with aerosol cleanup,2093,350.000000,1.305821,0.492000,-0.078000,1.719821,1.208963,1.064217,0.139099,-0.404413,"Two-box screening emulator with scenario non-CO2 and aerosol forcing; not FAIR, not CMIP, and not publication-grade attribution."
aether_constant_emissions_no_rebound,"AETHER, constant emissions",mitigation_with_aerosol_cleanup,Mitigation with aerosol cleanup,2094,350.000000,1.305821,0.486000,-0.074000,1.717821,1.208677,1.065592,0.137509,-0.404699,"Two-box screening emulator with scenario non-CO2 and aerosol forcing; not FAIR, not CMIP, and not publication-grade attribution."
aether_constant_emissions_no_rebound,"AETHER, constant emissions",mitigation_with_aerosol_cleanup,Mitigation with aerosol cleanup,2095,350.000000,1.305821,0.480000,-0.070000,1.715821,1.208388,1.066951,0.135931,-0.404988,"Two-box screening emulator with scenario non-CO2 and aerosol forcing; not FAIR, not CMIP, and not publication-grade attribution."
aether_constant_emissions_no_rebound,"AETHER, constant emissions",mitigation_with_aerosol_cleanup,Mitigation with aerosol cleanup,2096,350.000000,1.305821,0.474000,-0.066000,1.713821,1.208093,1.068295,0.134364,-0.405283,"Two-box screening emulator with scenario non-CO2 and aerosol forcing; not FAIR, not CMIP, and not publication-grade attribution."
aether_constant_emissions_no_rebound,"AETHER, constant emissions",mitigation_with_aerosol_cleanup,Mitigation with aerosol cleanup,2097,350.000000,1.305821,0.468000,-0.062000,1.711821,1.207794,1.069623,0.132808,-0.405582,"Two-box screening emulator with scenario non-CO2 and aerosol forcing; not FAIR, not CMIP, and not publication-grade attribution."
aether_constant_emissions_no_rebound,"AETHER, constant emissions",mitigation_with_aerosol_cleanup,Mitigation with aerosol cleanup,2098,350.000000,1.305821,0.462000,-0.058000,1.709821,1.207490,1.070936,0.131263,-0.405886,"Two-box screening emulator with scenario non-CO2 and aerosol forcing; not FAIR, not CMIP, and not publication-grade attribution."
aether_constant_emissions_no_rebound,"AETHER, constant emissions",mitigation_with_aerosol_cleanup,Mitigation with aerosol cleanup,2099,350.000000,1.305821,0.456000,-0.054000,1.707821,1.207180,1.072233,0.129726,-0.406196,"Two-box screening emulator with scenario non-CO2 and aerosol forcing; not FAIR, not CMIP, and not publication-grade attribution."
aether_constant_emissions_no_rebound,"AETHER, constant emissions",mitigation_with_aerosol_cleanup,Mitigation with aerosol cleanup,2100,350.000000,1.305821,0.450000,-0.050000,1.705821,1.206865,1.073515,0.128200,-0.406511,"Two-box screening emulator with scenario non-CO2 and aerosol forcing; not FAIR, not CMIP, and not publication-grade attribution."
aether_constant_emissions_no_rebound,"AETHER, constant emissions",nonco2_delay_aerosol_unmasking,Delayed non-CO2 mitigation plus aerosol unmasking,2026,433.940256,2.524677,1.200000,-0.700000,3.024677,1.613376,0.772719,0.795947,0.000000,"Two-box screening emulator with scenario non-CO2 and aerosol forcing; not FAIR, not CMIP, and not publication-grade attribution."
aether_constant_emissions_no_rebound,"AETHER, constant emissions",nonco2_delay_aerosol_unmasking,Delayed non-CO2 mitigation plus aerosol unmasking,2027,438.380892,2.582403,1.197917,-0.677083,3.103236,1.629300,0.780705,0.798624,0.015924,"Two-box screening emulator with scenario non-CO2 and aerosol forcing; not FAIR, not CMIP, and not publication-grade attribution."
aether_constant_emissions_no_rebound,"AETHER, constant emissions",nonco2_delay_aerosol_unmasking,Delayed non-CO2 mitigation plus aerosol unmasking,2028,441.957576,2.628474,1.195833,-0.654167,3.170141,1.648433,0.788767,0.806165,0.035057,"Two-box screening emulator with scenario non-CO2 and aerosol forcing; not FAIR, not CMIP, and not publication-grade attribution."
aether_constant_emissions_no_rebound,"AETHER, constant emissions",nonco2_delay_aerosol_unmasking,Delayed non-CO2 mitigation plus aerosol unmasking,2029,444.755187,2.664251,1.193750,-0.631250,3.226751,1.669318,0.796934,0.816683,0.055942,"Two-box screening emulator with scenario non-CO2 and aerosol forcing; not FAIR, not CMIP, and not publication-grade attribution."
aether_constant_emissions_no_rebound,"AETHER, constant emissions",nonco2_delay_aerosol_unmasking,Delayed non-CO2 mitigation plus aerosol unmasking,2030,446.842099,2.690793,1.191667,-0.608333,3.274127,1.690864,0.805221,0.828765,0.077488,"Two-box screening emulator with scenario non-CO2 and aerosol forcing; not FAIR, not CMIP, and not publication-grade attribution."
aether_constant_emissions_no_rebound,"AETHER, constant emissions",nonco2_delay_aerosol_unmasking,Delayed non-CO2 mitigation plus aerosol unmasking,2031,448.273574,2.708928,1.189583,-0.585417,3.313094,1.712256,0.813635,0.841361,0.098880,"Two-box screening emulator with scenario non-CO2 and aerosol forcing; not FAIR, not CMIP, and not publication-grade attribution."
aether_constant_emissions_no_rebound,"AETHER, constant emissions",nonco2_delay_aerosol_unmasking,Delayed non-CO2 mitigation plus aerosol unmasking,2032,449.094455,2.719301,1.187500,-0.562500,3.344301,1.732886,0.822172,0.853690,0.119510,"Two-box screening emulator with scenario non-CO2 and aerosol forcing; not FAIR, not CMIP, and not publication-grade attribution."
aether_constant_emissions_no_rebound,"AETHER, constant emissions",nonco2_delay_aerosol_unmasking,Delayed non-CO2 mitigation plus aerosol unmasking,2033,449.341295,2.722416,1.185417,-0.539583,3.368250,1.752302,0.830824,0.865178,0.138926,"Two-box screening emulator with scenario non-CO2 and aerosol forcing; not FAIR, not CMIP, and not publication-grade attribution."
aether_constant_emissions_no_rebound,"AETHER, constant emissions",nonco2_delay_aerosol_unmasking,Delayed non-CO2 mitigation plus aerosol unmasking,2034,449.044057,2.718664,1.183333,-0.516667,3.385331,1.770169,0.839578,0.875404,0.156793,"Two-box screening emulator with scenario non-CO2 and aerosol forcing; not FAIR, not CMIP, and not publication-grade attribution."
aether_constant_emissions_no_rebound,"AETHER, constant emissions",nonco2_delay_aerosol_unmasking,Delayed non-CO2 mitigation plus aerosol unmasking,2035,448.227451,2.708344,1.181250,-0.493750,3.395844,1.786241,0.848418,0.884062,0.172865,"Two-box screening emulator with scenario non-CO2 and aerosol forcing; not FAIR, not CMIP, and not publication-grade attribution."
aether_constant_emissions_no_rebound,"AETHER, constant emissions",nonco2_delay_aerosol_unmasking,Delayed non-CO2 mitigation plus aerosol unmasking,2036,446.912001,2.691680,1.179167,-0.470833,3.400014,1.800333,0.857328,0.890931,0.186957,"Two-box screening emulator with scenario non-CO2 and aerosol forcing; not FAIR, not CMIP, and not publication-grade attribution."
aether_constant_emissions_no_rebound,"AETHER, constant emissions",nonco2_delay_aerosol_unmasking,Delayed non-CO2 mitigation plus aerosol unmasking,2037,445.114886,2.668835,1.177083,-0.447917,3.398002,1.812309,0.866286,0.895855,0.198933,"Two-box screening emulator with scenario non-CO2 and aerosol forcing; not FAIR, not CMIP, and not publication-grade attribution."
aether_constant_emissions_no_rebound,"AETHER, constant emissions",nonco2_delay_aerosol_unmasking,Delayed non-CO2 mitigation plus aerosol unmasking,2038,442.850616,2.639920,1.175000,-0.425000,3.389920,1.822065,0.875273,0.898722,0.208689,"Two-box screening emulator with scenario non-CO2 and aerosol forcing; not FAIR, not CMIP, and not publication-grade attribution."
aether_constant_emissions_no_rebound,"AETHER, constant emissions",nonco2_delay_aerosol_unmasking,Delayed non-CO2 mitigation plus aerosol unmasking,2039,440.131558,2.605000,1.172917,-0.402083,3.375834,1.829521,0.884268,0.899452,0.216145,"Two-box screening emulator with scenario non-CO2 and aerosol forcing; not FAIR, not CMIP, and not publication-grade attribution."
aether_constant_emissions_no_rebound,"AETHER, constant emissions",nonco2_delay_aerosol_unmasking,Delayed non-CO2 mitigation plus aerosol unmasking,2040,436.968362,2.564105,1.170833,-0.379167,3.355771,1.834614,0.893248,0.897991,0.221238,"Two-box screening emulator with scenario non-CO2 and aerosol forcing; not FAIR, not CMIP, and not publication-grade attribution."
aether_constant_emissions_no_rebound,"AETHER, constant emissions",nonco2_delay_aerosol_unmasking,Delayed non-CO2 mitigation plus aerosol unmasking,2041,433.370294,2.517225,1.168750,-0.356250,3.329725,1.837287,0.902191,0.894298,0.223911,"Two-box screening emulator with scenario non-CO2 and aerosol forcing; not FAIR, not CMIP, and not publication-grade attribution."
aether_constant_emissions_no_rebound,"AETHER, constant emissions",nonco2_delay_aerosol_unmasking,Delayed non-CO2 mitigation plus aerosol unmasking,2042,429.345504,2.464323,1.166667,-0.333333,3.297656,1.837493,0.911074,0.888342,0.224117,"Two-box screening emulator with scenario non-CO2 and aerosol forcing; not FAIR, not CMIP, and not publication-grade attribution."
aether_constant_emissions_no_rebound,"AETHER, constant emissions",nonco2_delay_aerosol_unmasking,Delayed non-CO2 mitigation plus aerosol unmasking,2043,424.901236,2.405328,1.164583,-0.310417,3.259494,1.835183,0.919875,0.880098,0.221807,"Two-box screening emulator with scenario non-CO2 and aerosol forcing; not FAIR, not CMIP, and not publication-grade attribution."
aether_constant_emissions_no_rebound,"AETHER, constant emissions",nonco2_delay_aerosol_unmasking,Delayed non-CO2 mitigation plus aerosol unmasking,2044,420.043995,2.340140,1.162500,-0.287500,3.215140,1.830309,0.928571,0.869542,0.216933,"Two-box screening emulator with scenario non-CO2 and aerosol forcing; not FAIR, not CMIP, and not publication-grade attribution."
aether_constant_emissions_no_rebound,"AETHER, constant emissions",nonco2_delay_aerosol_unmasking,Delayed non-CO2 mitigation plus aerosol unmasking,2045,414.779686,2.268633,1.160417,-0.264583,3.164467,1.822818,0.937137,0.856651,0.209442,"Two-box screening emulator with scenario non-CO2 and aerosol forcing; not FAIR, not CMIP, and not publication-grade attribution."
aether_constant_emissions_no_rebound,"AETHER, constant emissions",nonco2_delay_aerosol_unmasking,Delayed non-CO2 mitigation plus aerosol unmasking,2046,409.113716,2.190649,1.158333,-0.241667,3.107316,1.812654,0.945551,0.841397,0.199278,"Two-box screening emulator with scenario non-CO2 and aerosol forcing; not FAIR, not CMIP, and not publication-grade attribution."
aether_constant_emissions_no_rebound,"AETHER, constant emissions",nonco2_delay_aerosol_unmasking,Delayed non-CO2 mitigation plus aerosol unmasking,2047,403.666465,2.114650,1.156250,-0.218750,3.052150,1.800472,0.953789,0.823747,0.187096,"Two-box screening emulator with scenario non-CO2 and aerosol forcing; not FAIR, not CMIP, and not publication-grade attribution."
aether_constant_emissions_no_rebound,"AETHER, constant emissions",nonco2_delay_aerosol_unmasking,Delayed non-CO2 mitigation plus aerosol unmasking,2048,398.402292,2.040224,1.154167,-0.195833,2.998558,1.786772,0.961832,0.804350,0.173396,"Two-box screening emulator with scenario non-CO2 and aerosol forcing; not FAIR, not CMIP, and not publication-grade attribution."
aether_constant_emissions_no_rebound,"AETHER, constant emissions",nonco2_delay_aerosol_unmasking,Delayed non-CO2 mitigation plus aerosol unmasking,2049,393.292703,1.967038,1.152083,-0.172917,2.946205,1.771925,0.969669,0.783692,0.158549,"Two-box screening emulator with scenario non-CO2 and aerosol forcing; not FAIR, not CMIP, and not publication-grade attribution."
aether_constant_emissions_no_rebound,"AETHER, constant emissions",nonco2_delay_aerosol_unmasking,Delayed non-CO2 mitigation plus aerosol unmasking,2050,388.314876,1.894818,1.150000,-0.150000,2.894818,1.756213,0.977290,0.762143,0.142837,"Two-box screening emulator with scenario non-CO2 and aerosol forcing; not FAIR, not CMIP, and not publication-grade attribution."
aether_constant_emissions_no_rebound,"AETHER, constant emissions",nonco2_delay_aerosol_unmasking,Delayed non-CO2 mitigation plus aerosol unmasking,2051,383.450492,1.823345,1.148000,-0.148000,2.823345,1.738107,0.984690,0.739976,0.124731,"Two-box screening emulator with scenario non-CO2 and aerosol forcing; not FAIR, not CMIP, and not publication-grade attribution."
aether_constant_emissions_no_rebound,"AETHER, constant emissions",nonco2_delay_aerosol_unmasking,Delayed non-CO2 mitigation plus aerosol unmasking,2052,378.684803,1.752437,1.146000,-0.146000,2.752437,1.718088,0.991848,0.715746,0.104712,"Two-box screening emulator with scenario non-CO2 and aerosol forcing; not FAIR, not CMIP, and not publication-grade attribution."
aether_constant_emissions_no_rebound,"AETHER, constant emissions",nonco2_delay_aerosol_unmasking,Delayed non-CO2 mitigation plus aerosol unmasking,2053,374.005905,1.681946,1.144000,-0.144000,2.681946,1.696531,0.998747,0.689928,0.083155,"Two-box screening emulator with scenario non-CO2 and aerosol forcing; not FAIR, not CMIP, and not publication-grade attribution."
aether_constant_emissions_no_rebound,"AETHER, constant emissions",nonco2_delay_aerosol_unmasking,Delayed non-CO2 mitigation plus aerosol unmasking,2054,369.404148,1.611753,1.142000,-0.142000,2.611753,1.673732,1.005376,0.662895,0.060356,"Two-box screening emulator with scenario non-CO2 and aerosol forcing; not FAIR, not CMIP, and not publication-grade attribution."
aether_constant_emissions_no_rebound,"AETHER, constant emissions",nonco2_delay_aerosol_unmasking,Delayed non-CO2 mitigation plus aerosol unmasking,2055,364.871677,1.541756,1.140000,-0.140000,2.541756,1.649917,1.011725,0.634938,0.036541,"Two-box screening emulator with scenario non-CO2 and aerosol forcing; not FAIR, not CMIP, and not publication-grade attribution."
aether_constant_emissions_no_rebound,"AETHER, constant emissions",nonco2_delay_aerosol_unmasking,Delayed non-CO2 mitigation plus aerosol unmasking,2056,360.402066,1.471873,1.138000,-0.138000,2.471873,1.625267,1.017788,0.606282,0.011891,"Two-box screening emulator with scenario non-CO2 and aerosol forcing; not FAIR, not CMIP, and not publication-grade attribution."
aether_constant_emissions_no_rebound,"AETHER, constant emissions",nonco2_delay_aerosol_unmasking,Delayed non-CO2 mitigation plus aerosol unmasking,2057,355.990025,1.402035,1.136000,-0.136000,2.402035,1.599920,1.023559,0.577105,-0.013456,"Two-box screening emulator with scenario non-CO2 and aerosol forcing; not FAIR, not CMIP, and not publication-grade attribution."
aether_constant_emissions_no_rebound,"AETHER, constant emissions",nonco2_delay_aerosol_unmasking,Delayed non-CO2 mitigation plus aerosol unmasking,2058,351.631170,1.332184,1.134000,-0.134000,2.332184,1.573982,1.029035,0.547543,-0.039394,"Two-box screening emulator with scenario non-CO2 and aerosol forcing; not FAIR, not CMIP, and not publication-grade attribution."
aether_constant_emissions_no_rebound,"AETHER, constant emissions",nonco2_delay_aerosol_unmasking,Delayed non-CO2 mitigation plus aerosol unmasking,2059,350.000000,1.305821,1.132000,-0.132000,2.305821,1.551166,1.034212,0.517700,-0.062210,"Two-box screening emulator with scenario non-CO2 and aerosol forcing; not FAIR, not CMIP, and not publication-grade attribution."
aether_constant_emissions_no_rebound,"AETHER, constant emissions",nonco2_delay_aerosol_unmasking,Delayed non-CO2 mitigation plus aerosol unmasking,2060,350.000000,1.305821,1.130000,-0.130000,2.305821,1.533056,1.039123,0.491106,-0.080320,"Two-box screening emulator with scenario non-CO2 and aerosol forcing; not FAIR, not CMIP, and not publication-grade attribution."
aether_constant_emissions_no_rebound,"AETHER, constant emissions",nonco2_delay_aerosol_unmasking,Delayed non-CO2 mitigation plus aerosol unmasking,2061,350.000000,1.305821,1.128000,-0.128000,2.305821,1.518746,1.043815,0.469237,-0.094630,"Two-box screening emulator with scenario non-CO2 and aerosol forcing; not FAIR, not CMIP, and not publication-grade attribution."
aether_constant_emissions_no_rebound,"AETHER, constant emissions",nonco2_delay_aerosol_unmasking,Delayed non-CO2 mitigation plus aerosol unmasking,2062,350.000000,1.305821,1.126000,-0.126000,2.305821,1.507503,1.048327,0.451185,-0.105873,"Two-box screening emulator with scenario non-CO2 and aerosol forcing; not FAIR, not CMIP, and not publication-grade attribution."
aether_constant_emissions_no_rebound,"AETHER, constant emissions",nonco2_delay_aerosol_unmasking,Delayed non-CO2 mitigation plus aerosol unmasking,2063,350.000000,1.305821,1.124000,-0.124000,2.305821,1.498734,1.052689,0.436217,-0.114642,"Two-box screening emulator with scenario non-CO2 and aerosol forcing; not FAIR, not CMIP, and not publication-grade attribution."
aether_constant_emissions_no_rebound,"AETHER, constant emissions",nonco2_delay_aerosol_unmasking,Delayed non-CO2 mitigation plus aerosol unmasking,2064,350.000000,1.305821,1.122000,-0.122000,2.305821,1.491962,1.056927,0.423743,-0.121414,"Two-box screening emulator with scenario non-CO2 and aerosol forcing; not FAIR, not CMIP, and not publication-grade attribution."
aether_constant_emissions_no_rebound,"AETHER, constant emissions",nonco2_delay_aerosol_unmasking,Delayed non-CO2 mitigation plus aerosol unmasking,2065,350.000000,1.305821,1.120000,-0.120000,2.305821,1.486801,1.061059,0.413284,-0.126575,"Two-box screening emulator with scenario non-CO2 and aerosol forcing; not FAIR, not CMIP, and not publication-grade attribution."
aether_constant_emissions_no_rebound,"AETHER, constant emissions",nonco2_delay_aerosol_unmasking,Delayed non-CO2 mitigation plus aerosol unmasking,2066,350.000000,1.305821,1.118000,-0.118000,2.305821,1.482939,1.065104,0.404455,-0.130437,"Two-box screening emulator with scenario non-CO2 and aerosol forcing; not FAIR, not CMIP, and not publication-grade attribution."
aether_constant_emissions_no_rebound,"AETHER, constant emissions",nonco2_delay_aerosol_unmasking,Delayed non-CO2 mitigation plus aerosol unmasking,2067,350.000000,1.305821,1.116000,-0.116000,2.305821,1.480125,1.069073,0.396944,-0.133251,"Two-box screening emulator with scenario non-CO2 and aerosol forcing; not FAIR, not CMIP, and not publication-grade attribution."
aether_constant_emissions_no_rebound,"AETHER, constant emissions",nonco2_delay_aerosol_unmasking,Delayed non-CO2 mitigation plus aerosol unmasking,2068,350.000000,1.305821,1.114000,-0.114000,2.305821,1.478155,1.072978,0.390499,-0.135221,"Two-box screening emulator with scenario non-CO2 and aerosol forcing; not FAIR, not CMIP, and not publication-grade attribution."
aether_constant_emissions_no_rebound,"AETHER, constant emissions",nonco2_delay_aerosol_unmasking,Delayed non-CO2 mitigation plus aerosol unmasking,2069,350.000000,1.305821,1.112000,-0.112000,2.305821,1.476865,1.076827,0.384918,-0.136511,"Two-box screening emulator with scenario non-CO2 and aerosol forcing; not FAIR, not CMIP, and not publication-grade attribution."
aether_constant_emissions_no_rebound,"AETHER, constant emissions",nonco2_delay_aerosol_unmasking,Delayed non-CO2 mitigation plus aerosol unmasking,2070,350.000000,1.305821,1.110000,-0.110000,2.305821,1.476123,1.080628,0.380035,-0.137253,"Two-box screening emulator with scenario non-CO2 and aerosol forcing; not FAIR, not CMIP, and not publication-grade attribution."
aether_constant_emissions_no_rebound,"AETHER, constant emissions",nonco2_delay_aerosol_unmasking,Delayed non-CO2 mitigation plus aerosol unmasking,2071,350.000000,1.305821,1.108000,-0.108000,2.305821,1.475821,1.084385,0.375720,-0.137555,"Two-box screening emulator with scenario non-CO2 and aerosol forcing; not FAIR, not CMIP, and not publication-grade attribution."
aether_constant_emissions_no_rebound,"AETHER, constant emissions",nonco2_delay_aerosol_unmasking,Delayed non-CO2 mitigation plus aerosol unmasking,2072,350.000000,1.305821,1.106000,-0.106000,2.305821,1.475874,1.088104,0.371864,-0.137502,"Two-box screening emulator with scenario non-CO2 and aerosol forcing; not FAIR, not CMIP, and not publication-grade attribution."
aether_constant_emissions_no_rebound,"AETHER, constant emissions",nonco2_delay_aerosol_unmasking,Delayed non-CO2 mitigation plus aerosol unmasking,2073,350.000000,1.305821,1.104000,-0.104000,2.305821,1.476211,1.091788,0.368381,-0.137165,"Two-box screening emulator with scenario non-CO2 and aerosol forcing; not FAIR, not CMIP, and not publication-grade attribution."
aether_constant_emissions_no_rebound,"AETHER, constant emissions",nonco2_delay_aerosol_unmasking,Delayed non-CO2 mitigation plus aerosol unmasking,2074,350.000000,1.305821,1.102000,-0.102000,2.305821,1.476776,1.095440,0.365202,-0.136600,"Two-box screening emulator with scenario non-CO2 and aerosol forcing; not FAIR, not CMIP, and not publication-grade attribution."
aether_constant_emissions_no_rebound,"AETHER, constant emissions",nonco2_delay_aerosol_unmasking,Delayed non-CO2 mitigation plus aerosol unmasking,2075,350.000000,1.305821,1.100000,-0.100000,2.305821,1.477524,1.099062,0.362270,-0.135852,"Two-box screening emulator with scenario non-CO2 and aerosol forcing; not FAIR, not CMIP, and not publication-grade attribution."
aether_constant_emissions_no_rebound,"AETHER, constant emissions",nonco2_delay_aerosol_unmasking,Delayed non-CO2 mitigation plus aerosol unmasking,2076,350.000000,1.305821,1.098000,-0.098000,2.305821,1.478418,1.102658,0.359539,-0.134958,"Two-box screening emulator with scenario non-CO2 and aerosol forcing; not FAIR, not CMIP, and not publication-grade attribution."
aether_constant_emissions_no_rebound,"AETHER, constant emissions",nonco2_delay_aerosol_unmasking,Delayed non-CO2 mitigation plus aerosol unmasking,2077,350.000000,1.305821,1.096000,-0.096000,2.305821,1.479428,1.106227,0.356972,-0.133948,"Two-box screening emulator with scenario non-CO2 and aerosol forcing; not FAIR, not CMIP, and not publication-grade attribution."
aether_constant_emissions_no_rebound,"AETHER, constant emissions",nonco2_delay_aerosol_unmasking,Delayed non-CO2 mitigation plus aerosol unmasking,2078,350.000000,1.305821,1.094000,-0.094000,2.305821,1.480530,1.109773,0.354541,-0.132846,"Two-box screening emulator with scenario non-CO2 and aerosol forcing; not FAIR, not CMIP, and not publication-grade attribution."
aether_constant_emissions_no_rebound,"AETHER, constant emissions",nonco2_delay_aerosol_unmasking,Delayed non-CO2 mitigation plus aerosol unmasking,2079,350.000000,1.305821,1.092000,-0.092000,2.305821,1.481706,1.113295,0.352220,-0.131670,"Two-box screening emulator with scenario non-CO2 and aerosol forcing; not FAIR, not CMIP, and not publication-grade attribution."
aether_constant_emissions_no_rebound,"AETHER, constant emissions",nonco2_delay_aerosol_unmasking,Delayed non-CO2 mitigation plus aerosol unmasking,2080,350.000000,1.305821,1.090000,-0.090000,2.305821,1.482939,1.116795,0.349990,-0.130437,"Two-box screening emulator with scenario non-CO2 and aerosol forcing; not FAIR, not CMIP, and not publication-grade attribution."
aether_constant_emissions_no_rebound,"AETHER, constant emissions",nonco2_delay_aerosol_unmasking,Delayed non-CO2 mitigation plus aerosol unmasking,2081,350.000000,1.305821,1.088000,-0.088000,2.305821,1.484217,1.120273,0.347837,-0.129159,"Two-box screening emulator with scenario non-CO2 and aerosol forcing; not FAIR, not CMIP, and not publication-grade attribution."
aether_constant_emissions_no_rebound,"AETHER, constant emissions",nonco2_delay_aerosol_unmasking,Delayed non-CO2 mitigation plus aerosol unmasking,2082,350.000000,1.305821,1.086000,-0.086000,2.305821,1.485529,1.123731,0.345746,-0.127847,"Two-box screening emulator with scenario non-CO2 and aerosol forcing; not FAIR, not CMIP, and not publication-grade attribution."
aether_constant_emissions_no_rebound,"AETHER, constant emissions",nonco2_delay_aerosol_unmasking,Delayed non-CO2 mitigation plus aerosol unmasking,2083,350.000000,1.305821,1.084000,-0.084000,2.305821,1.486868,1.127168,0.343709,-0.126508,"Two-box screening emulator with scenario non-CO2 and aerosol forcing; not FAIR, not CMIP, and not publication-grade attribution."
aether_constant_emissions_no_rebound,"AETHER, constant emissions",nonco2_delay_aerosol_unmasking,Delayed non-CO2 mitigation plus aerosol unmasking,2084,350.000000,1.305821,1.082000,-0.082000,2.305821,1.488227,1.130585,0.341716,-0.125149,"Two-box screening emulator with scenario non-CO2 and aerosol forcing; not FAIR, not CMIP, and not publication-grade attribution."
aether_constant_emissions_no_rebound,"AETHER, constant emissions",nonco2_delay_aerosol_unmasking,Delayed non-CO2 mitigation plus aerosol unmasking,2085,350.000000,1.305821,1.080000,-0.080000,2.305821,1.489601,1.133983,0.339760,-0.123775,"Two-box screening emulator with scenario non-CO2 and aerosol forcing; not FAIR, not CMIP, and not publication-grade attribution."
aether_constant_emissions_no_rebound,"AETHER, constant emissions",nonco2_delay_aerosol_unmasking,Delayed non-CO2 mitigation plus aerosol unmasking,2086,350.000000,1.305821,1.078000,-0.078000,2.305821,1.490985,1.137361,0.337838,-0.122391,"Two-box screening emulator with scenario non-CO2 and aerosol forcing; not FAIR, not CMIP, and not publication-grade attribution."
aether_constant_emissions_no_rebound,"AETHER, constant emissions",nonco2_delay_aerosol_unmasking,Delayed non-CO2 mitigation plus aerosol unmasking,2087,350.000000,1.305821,1.076000,-0.076000,2.305821,1.492376,1.140720,0.335943,-0.121000,"Two-box screening emulator with scenario non-CO2 and aerosol forcing; not FAIR, not CMIP, and not publication-grade attribution."
aether_constant_emissions_no_rebound,"AETHER, constant emissions",nonco2_delay_aerosol_unmasking,Delayed non-CO2 mitigation plus aerosol unmasking,2088,350.000000,1.305821,1.074000,-0.074000,2.305821,1.493770,1.144061,0.334072,-0.119606,"Two-box screening emulator with scenario non-CO2 and aerosol forcing; not FAIR, not CMIP, and not publication-grade attribution."
aether_constant_emissions_no_rebound,"AETHER, constant emissions",nonco2_delay_aerosol_unmasking,Delayed non-CO2 mitigation plus aerosol unmasking,2089,350.000000,1.305821,1.072000,-0.072000,2.305821,1.495167,1.147383,0.332224,-0.118209,"Two-box screening emulator with scenario non-CO2 and aerosol forcing; not FAIR, not CMIP, and not publication-grade attribution."
aether_constant_emissions_no_rebound,"AETHER, constant emissions",nonco2_delay_aerosol_unmasking,Delayed non-CO2 mitigation plus aerosol unmasking,2090,350.000000,1.305821,1.070000,-0.070000,2.305821,1.496563,1.150687,0.330394,-0.116813,"Two-box screening emulator with scenario non-CO2 and aerosol forcing; not FAIR, not CMIP, and not publication-grade attribution."
aether_constant_emissions_no_rebound,"AETHER, constant emissions",nonco2_delay_aerosol_unmasking,Delayed non-CO2 mitigation plus aerosol unmasking,2091,350.000000,1.305821,1.068000,-0.068000,2.305821,1.497958,1.153973,0.328582,-0.115418,"Two-box screening emulator with scenario non-CO2 and aerosol forcing; not FAIR, not CMIP, and not publication-grade attribution."
aether_constant_emissions_no_rebound,"AETHER, constant emissions",nonco2_delay_aerosol_unmasking,Delayed non-CO2 mitigation plus aerosol unmasking,2092,350.000000,1.305821,1.066000,-0.066000,2.305821,1.499351,1.157241,0.326786,-0.114025,"Two-box screening emulator with scenario non-CO2 and aerosol forcing; not FAIR, not CMIP, and not publication-grade attribution."
aether_constant_emissions_no_rebound,"AETHER, constant emissions",nonco2_delay_aerosol_unmasking,Delayed non-CO2 mitigation plus aerosol unmasking,2093,350.000000,1.305821,1.064000,-0.064000,2.305821,1.500740,1.160491,0.325004,-0.112636,"Two-box screening emulator with scenario non-CO2 and aerosol forcing; not FAIR, not CMIP, and not publication-grade attribution."
aether_constant_emissions_no_rebound,"AETHER, constant emissions",nonco2_delay_aerosol_unmasking,Delayed non-CO2 mitigation plus aerosol unmasking,2094,350.000000,1.305821,1.062000,-0.062000,2.305821,1.502124,1.163723,0.323236,-0.111252,"Two-box screening emulator with scenario non-CO2 and aerosol forcing; not FAIR, not CMIP, and not publication-grade attribution."
aether_constant_emissions_no_rebound,"AETHER, constant emissions",nonco2_delay_aerosol_unmasking,Delayed non-CO2 mitigation plus aerosol unmasking,2095,350.000000,1.305821,1.060000,-0.060000,2.305821,1.503504,1.166938,0.321481,-0.109872,"Two-box screening emulator with scenario non-CO2 and aerosol forcing; not FAIR, not CMIP, and not publication-grade attribution."
aether_constant_emissions_no_rebound,"AETHER, constant emissions",nonco2_delay_aerosol_unmasking,Delayed non-CO2 mitigation plus aerosol unmasking,2096,350.000000,1.305821,1.058000,-0.058000,2.305821,1.504879,1.170136,0.319738,-0.108497,"Two-box screening emulator with scenario non-CO2 and aerosol forcing; not FAIR, not CMIP, and not publication-grade attribution."
aether_constant_emissions_no_rebound,"AETHER, constant emissions",nonco2_delay_aerosol_unmasking,Delayed non-CO2 mitigation plus aerosol unmasking,2097,350.000000,1.305821,1.056000,-0.056000,2.305821,1.506247,1.173316,0.318006,-0.107129,"Two-box screening emulator with scenario non-CO2 and aerosol forcing; not FAIR, not CMIP, and not publication-grade attribution."
aether_constant_emissions_no_rebound,"AETHER, constant emissions",nonco2_delay_aerosol_unmasking,Delayed non-CO2 mitigation plus aerosol unmasking,2098,350.000000,1.305821,1.054000,-0.054000,2.305821,1.507610,1.176478,0.316285,-0.105766,"Two-box screening emulator with scenario non-CO2 and aerosol forcing; not FAIR, not CMIP, and not publication-grade attribution."
aether_constant_emissions_no_rebound,"AETHER, constant emissions",nonco2_delay_aerosol_unmasking,Delayed non-CO2 mitigation plus aerosol unmasking,2099,350.000000,1.305821,1.052000,-0.052000,2.305821,1.508966,1.179624,0.314575,-0.104410,"Two-box screening emulator with scenario non-CO2 and aerosol forcing; not FAIR, not CMIP, and not publication-grade attribution."
aether_constant_emissions_no_rebound,"AETHER, constant emissions",nonco2_delay_aerosol_unmasking,Delayed non-CO2 mitigation plus aerosol unmasking,2100,350.000000,1.305821,1.050000,-0.050000,2.305821,1.510316,1.182753,0.312875,-0.103060,"Two-box screening emulator with scenario non-CO2 and aerosol forcing; not FAIR, not CMIP, and not publication-grade attribution."
aether_constant_emissions_no_rebound,"AETHER, constant emissions",active_full_forcing_management,Active full-forcing management,2026,433.940256,2.524677,1.200000,-0.700000,3.024677,1.613376,0.772719,0.795947,0.000000,"Two-box screening emulator with scenario non-CO2 and aerosol forcing; not FAIR, not CMIP, and not publication-grade attribution."
aether_constant_emissions_no_rebound,"AETHER, constant emissions",active_full_forcing_management,Active full-forcing management,2027,438.380892,2.582403,1.172917,-0.677083,3.078236,1.627217,0.780705,0.798624,0.013841,"Two-box screening emulator with scenario non-CO2 and aerosol forcing; not FAIR, not CMIP, and not publication-grade attribution."
aether_constant_emissions_no_rebound,"AETHER, constant emissions",active_full_forcing_management,Active full-forcing management,2028,441.957576,2.628474,1.145833,-0.654167,3.120141,1.642575,0.788747,0.804186,0.029199,"Two-box screening emulator with scenario non-CO2 and aerosol forcing; not FAIR, not CMIP, and not publication-grade attribution."
aether_constant_emissions_no_rebound,"AETHER, constant emissions",active_full_forcing_management,Active full-forcing management,2029,444.755187,2.664251,1.118750,-0.631250,3.151751,1.658312,0.796859,0.811137,0.044936,"Two-box screening emulator with scenario non-CO2 and aerosol forcing; not FAIR, not CMIP, and not publication-grade attribution."
aether_constant_emissions_no_rebound,"AETHER, constant emissions",active_full_forcing_management,Active full-forcing management,2030,446.842099,2.690793,1.091667,-0.608333,3.174127,1.673592,0.805042,0.818381,0.060216,"Two-box screening emulator with scenario non-CO2 and aerosol forcing; not FAIR, not CMIP, and not publication-grade attribution."
aether_constant_emissions_no_rebound,"AETHER, constant emissions",active_full_forcing_management,Active full-forcing management,2031,448.273574,2.708928,1.064583,-0.585417,3.188094,1.687806,0.813294,0.825122,0.074430,"Two-box screening emulator with scenario non-CO2 and aerosol forcing; not FAIR, not CMIP, and not publication-grade attribution."
aether_constant_emissions_no_rebound,"AETHER, constant emissions",active_full_forcing_management,Active full-forcing management,2032,449.094455,2.719301,1.037500,-0.562500,3.194301,1.700513,0.821601,0.830787,0.087137,"Two-box screening emulator with scenario non-CO2 and aerosol forcing; not FAIR, not CMIP, and not publication-grade attribution."
aether_constant_emissions_no_rebound,"AETHER, constant emissions",active_full_forcing_management,Active full-forcing management,2033,449.341295,2.722416,1.010417,-0.539583,3.193250,1.711397,0.829951,0.834966,0.098021,"Two-box screening emulator with scenario non-CO2 and aerosol forcing; not FAIR, not CMIP, and not publication-grade attribution."
aether_constant_emissions_no_rebound,"AETHER, constant emissions",active_full_forcing_management,Active full-forcing management,2034,449.044057,2.718664,0.983333,-0.516667,3.185331,1.720233,0.838325,0.837374,0.106857,"Two-box screening emulator with scenario non-CO2 and aerosol forcing; not FAIR, not CMIP, and not publication-grade attribution."
aether_constant_emissions_no_rebound,"AETHER, constant emissions",active_full_forcing_management,Active full-forcing management,2035,448.227451,2.708344,0.956250,-0.493750,3.170844,1.726860,0.846703,0.837813,0.113484,"Two-box screening emulator with scenario non-CO2 and aerosol forcing; not FAIR, not CMIP, and not publication-grade attribution."
aether_constant_emissions_no_rebound,"AETHER, constant emissions",active_full_forcing_management,Active full-forcing management,2036,446.912001,2.691680,0.929167,-0.470833,3.150014,1.731167,0.855064,0.836149,0.117791,"Two-box screening emulator with scenario non-CO2 and aerosol forcing; not FAIR, not CMIP, and not publication-grade attribution."
aether_constant_emissions_no_rebound,"AETHER, constant emissions",active_full_forcing_management,Active full-forcing management,2037,445.114886,2.668835,0.902083,-0.447917,3.123002,1.733073,0.863387,0.832297,0.119697,"Two-box screening emulator with scenario non-CO2 and aerosol forcing; not FAIR, not CMIP, and not publication-grade attribution."
aether_constant_emissions_no_rebound,"AETHER, constant emissions",active_full_forcing_management,Active full-forcing management,2038,442.850616,2.639920,0.875000,-0.425000,3.089920,1.732522,0.871649,0.826201,0.119146,"Two-box screening emulator with scenario non-CO2 and aerosol forcing; not FAIR, not CMIP, and not publication-grade attribution."
aether_constant_emissions_no_rebound,"AETHER, constant emissions",active_full_forcing_management,Active full-forcing management,2039,440.131558,2.605000,0.847917,-0.402083,3.050834,1.729472,0.879828,0.817829,0.116096,"Two-box screening emulator with scenario non-CO2 and aerosol forcing; not FAIR, not CMIP, and not publication-grade attribution."
aether_constant_emissions_no_rebound,"AETHER, constant emissions",active_full_forcing_management,Active full-forcing management,2040,436.968362,2.564105,0.820833,-0.379167,3.005771,1.723889,0.887899,0.807162,0.110513,"Two-box screening emulator with scenario non-CO2 and aerosol forcing; not FAIR, not CMIP, and not publication-grade attribution."
aether_constant_emissions_no_rebound,"AETHER, constant emissions",active_full_forcing_management,Active full-forcing management,2041,433.370294,2.517225,0.793750,-0.356250,2.954725,1.715742,0.895841,0.794190,0.102366,"Two-box screening emulator with scenario non-CO2 and aerosol forcing; not FAIR, not CMIP, and not publication-grade attribution."
aether_constant_emissions_no_rebound,"AETHER, constant emissions",active_full_forcing_management,Active full-forcing management,2042,429.345504,2.464323,0.766667,-0.333333,2.897656,1.705003,0.903630,0.778906,0.091627,"Two-box screening emulator with scenario non-CO2 and aerosol forcing; not FAIR, not CMIP, and not publication-grade attribution."
aether_constant_emissions_no_rebound,"AETHER, constant emissions",active_full_forcing_management,Active full-forcing management,2043,424.901236,2.405328,0.739583,-0.310417,2.834494,1.691639,0.911243,0.761304,0.078263,"Two-box screening emulator with scenario non-CO2 and aerosol forcing; not FAIR, not CMIP, and not publication-grade attribution."
aether_constant_emissions_no_rebound,"AETHER, constant emissions",active_full_forcing_management,Active full-forcing management,2044,420.043995,2.340140,0.712500,-0.287500,2.765140,1.675616,0.918657,0.741376,0.062240,"Two-box screening emulator with scenario non-CO2 and aerosol forcing; not FAIR, not CMIP, and not publication-grade attribution."
aether_constant_emissions_no_rebound,"AETHER, constant emissions",active_full_forcing_management,Active full-forcing management,2045,414.779686,2.268633,0.685417,-0.264583,2.689467,1.656891,0.925848,0.719111,0.043515,"Two-box screening emulator with scenario non-CO2 and aerosol forcing; not FAIR, not CMIP, and not publication-grade attribution."
aether_constant_emissions_no_rebound,"AETHER, constant emissions",active_full_forcing_management,Active full-forcing management,2046,409.113716,2.190649,0.658333,-0.241667,2.607316,1.635416,0.932793,0.694490,0.022040,"Two-box screening emulator with scenario non-CO2 and aerosol forcing; not FAIR, not CMIP, and not publication-grade attribution."
aether_constant_emissions_no_rebound,"AETHER, constant emissions",active_full_forcing_management,Active full-forcing management,2047,403.666465,2.114650,0.631250,-0.218750,2.527150,1.611854,0.939468,0.667491,-0.001522,"Two-box screening emulator with scenario non-CO2 and aerosol forcing; not FAIR, not CMIP, and not publication-grade attribution."
aether_constant_emissions_no_rebound,"AETHER, constant emissions",active_full_forcing_management,Active full-forcing management,2048,398.402292,2.040224,0.604167,-0.195833,2.448558,1.586709,0.945856,0.638767,-0.026667,"Two-box screening emulator with scenario non-CO2 and aerosol forcing; not FAIR, not CMIP, and not publication-grade attribution."
aether_constant_emissions_no_rebound,"AETHER, constant emissions",active_full_forcing_management,Active full-forcing management,2049,393.292703,1.967038,0.577083,-0.172917,2.371205,1.560360,0.951944,0.608811,-0.053016,"Two-box screening emulator with scenario non-CO2 and aerosol forcing; not FAIR, not CMIP, and not publication-grade attribution."
aether_constant_emissions_no_rebound,"AETHER, constant emissions",active_full_forcing_management,Active full-forcing management,2050,388.314876,1.894818,0.550000,-0.150000,2.294818,1.533089,0.957724,0.577995,-0.080287,"Two-box screening emulator with scenario non-CO2 and aerosol forcing; not FAIR, not CMIP, and not publication-grade attribution."
aether_constant_emissions_no_rebound,"AETHER, constant emissions",active_full_forcing_management,Active full-forcing management,2051,383.450492,1.823345,0.543000,-0.147000,2.219345,1.505123,0.963190,0.546597,-0.108254,"Two-box screening emulator with scenario non-CO2 and aerosol forcing; not FAIR, not CMIP, and not publication-grade attribution."
aether_constant_emissions_no_rebound,"AETHER, constant emissions",active_full_forcing_management,Active full-forcing management,2052,378.684803,1.752437,0.536000,-0.144000,2.144437,1.476613,0.968338,0.514836,-0.136763,"Two-box screening emulator with scenario non-CO2 and aerosol forcing; not FAIR, not CMIP, and not publication-grade attribution."
aether_constant_emissions_no_rebound,"AETHER, constant emissions",active_full_forcing_management,Active full-forcing management,2053,374.005905,1.681946,0.529000,-0.141000,2.069946,1.447673,0.973167,0.482861,-0.165703,"Two-box screening emulator with scenario non-CO2 and aerosol forcing; not FAIR, not CMIP, and not publication-grade attribution."
aether_constant_emissions_no_rebound,"AETHER, constant emissions",active_full_forcing_management,Active full-forcing management,2054,369.404148,1.611753,0.522000,-0.138000,1.995753,1.418383,0.977675,0.450781,-0.194993,"Two-box screening emulator with scenario non-CO2 and aerosol forcing; not FAIR, not CMIP, and not publication-grade attribution."
aether_constant_emissions_no_rebound,"AETHER, constant emissions",active_full_forcing_management,Active full-forcing management,2055,364.871677,1.541756,0.515000,-0.135000,1.921756,1.388800,0.981861,0.418673,-0.224576,"Two-box screening emulator with scenario non-CO2 and aerosol forcing; not FAIR, not CMIP, and not publication-grade attribution."
aether_constant_emissions_no_rebound,"AETHER, constant emissions",active_full_forcing_management,Active full-forcing management,2056,360.402066,1.471873,0.508000,-0.132000,1.847873,1.358963,0.985727,0.386592,-0.254413,"Two-box screening emulator with scenario non-CO2 and aerosol forcing; not FAIR, not CMIP, and not publication-grade attribution."
aether_constant_emissions_no_rebound,"AETHER, constant emissions",active_full_forcing_management,Active full-forcing management,2057,355.990025,1.402035,0.501000,-0.129000,1.774035,1.328898,0.989273,0.354574,-0.284478,"Two-box screening emulator with scenario non-CO2 and aerosol forcing; not FAIR, not CMIP, and not publication-grade attribution."
aether_constant_emissions_no_rebound,"AETHER, constant emissions",active_full_forcing_management,Active full-forcing management,2058,351.631170,1.332184,0.494000,-0.126000,1.700184,1.298621,0.992499,0.322644,-0.314755,"Two-box screening emulator with scenario non-CO2 and aerosol forcing; not FAIR, not CMIP, and not publication-grade attribution."
aether_constant_emissions_no_rebound,"AETHER, constant emissions",active_full_forcing_management,Active full-forcing management,2059,350.000000,1.305821,0.487000,-0.123000,1.669821,1.271772,0.995408,0.290816,-0.341604,"Two-box screening emulator with scenario non-CO2 and aerosol forcing; not FAIR, not CMIP, and not publication-grade attribution."
aether_constant_emissions_no_rebound,"AETHER, constant emissions",active_full_forcing_management,Active full-forcing management,2060,350.000000,1.305821,0.480000,-0.120000,1.665821,1.249877,0.998033,0.262547,-0.363499,"Two-box screening emulator with scenario non-CO2 and aerosol forcing; not FAIR, not CMIP, and not publication-grade attribution."
aether_constant_emissions_no_rebound,"AETHER, constant emissions",active_full_forcing_management,Active full-forcing management,2061,350.000000,1.305821,0.473000,-0.117000,1.661821,1.231979,1.000426,0.239252,-0.381397,"Two-box screening emulator with scenario non-CO2 and aerosol forcing; not FAIR, not CMIP, and not publication-grade attribution."
aether_constant_emissions_no_rebound,"AETHER, constant emissions",active_full_forcing_management,Active full-forcing management,2062,350.000000,1.305821,0.466000,-0.114000,1.657821,1.217309,1.002625,0.219976,-0.396067,"Two-box screening emulator with scenario non-CO2 and aerosol forcing; not FAIR, not CMIP, and not publication-grade attribution."
aether_constant_emissions_no_rebound,"AETHER, constant emissions",active_full_forcing_management,Active full-forcing management,2063,350.000000,1.305821,0.459000,-0.111000,1.653821,1.205242,1.004665,0.203949,-0.408134,"Two-box screening emulator with scenario non-CO2 and aerosol forcing; not FAIR, not CMIP, and not publication-grade attribution."
aether_constant_emissions_no_rebound,"AETHER, constant emissions",active_full_forcing_management,Active full-forcing management,2064,350.000000,1.305821,0.452000,-0.108000,1.649821,1.195276,1.006570,0.190548,-0.418100,"Two-box screening emulator with scenario non-CO2 and aerosol forcing; not FAIR, not CMIP, and not publication-grade attribution."
aether_constant_emissions_no_rebound,"AETHER, constant emissions",active_full_forcing_management,Active full-forcing management,2065,350.000000,1.305821,0.445000,-0.105000,1.645821,1.187004,1.008363,0.179270,-0.426372,"Two-box screening emulator with scenario non-CO2 and aerosol forcing; not FAIR, not CMIP, and not publication-grade attribution."
aether_constant_emissions_no_rebound,"AETHER, constant emissions",active_full_forcing_management,Active full-forcing management,2066,350.000000,1.305821,0.438000,-0.102000,1.641821,1.180099,1.010060,0.169709,-0.433277,"Two-box screening emulator with scenario non-CO2 and aerosol forcing; not FAIR, not CMIP, and not publication-grade attribution."
aether_constant_emissions_no_rebound,"AETHER, constant emissions",active_full_forcing_management,Active full-forcing management,2067,350.000000,1.305821,0.431000,-0.099000,1.637821,1.174295,1.011675,0.161537,-0.439081,"Two-box screening emulator with scenario non-CO2 and aerosol forcing; not FAIR, not CMIP, and not publication-grade attribution."
aether_constant_emissions_no_rebound,"AETHER, constant emissions",active_full_forcing_management,Active full-forcing management,2068,350.000000,1.305821,0.424000,-0.096000,1.633821,1.169379,1.013220,0.154489,-0.443997,"Two-box screening emulator with scenario non-CO2 and aerosol forcing; not FAIR, not CMIP, and not publication-grade attribution."
aether_constant_emissions_no_rebound,"AETHER, constant emissions",active_full_forcing_management,Active full-forcing management,2069,350.000000,1.305821,0.417000,-0.093000,1.629821,1.165178,1.014704,0.148351,-0.448198,"Two-box screening emulator with scenario non-CO2 and aerosol forcing; not FAIR, not CMIP, and not publication-grade attribution."
aether_constant_emissions_no_rebound,"AETHER, constant emissions",active_full_forcing_management,Active full-forcing management,2070,350.000000,1.305821,0.410000,-0.090000,1.625821,1.161552,1.016133,0.142950,-0.451824,"Two-box screening emulator with scenario non-CO2 and aerosol forcing; not FAIR, not CMIP, and not publication-grade attribution."
aether_constant_emissions_no_rebound,"AETHER, constant emissions",active_full_forcing_management,Active full-forcing management,2071,350.000000,1.305821,0.403000,-0.087000,1.621821,1.158388,1.017515,0.138147,-0.454988,"Two-box screening emulator with scenario non-CO2 and aerosol forcing; not FAIR, not CMIP, and not publication-grade attribution."
aether_constant_emissions_no_rebound,"AETHER, constant emissions",active_full_forcing_management,Active full-forcing management,2072,350.000000,1.305821,0.396000,-0.084000,1.617821,1.155597,1.018853,0.133830,-0.457779,"Two-box screening emulator with scenario non-CO2 and aerosol forcing; not FAIR, not CMIP, and not publication-grade attribution."
aether_constant_emissions_no_rebound,"AETHER, constant emissions",active_full_forcing_management,Active full-forcing management,2073,350.000000,1.305821,0.389000,-0.081000,1.613821,1.153104,1.020152,0.129907,-0.460272,"Two-box screening emulator with scenario non-CO2 and aerosol forcing; not FAIR, not CMIP, and not publication-grade attribution."
aether_constant_emissions_no_rebound,"AETHER, constant emissions",active_full_forcing_management,Active full-forcing management,2074,350.000000,1.305821,0.382000,-0.078000,1.609821,1.150850,1.021415,0.126304,-0.462526,"Two-box screening emulator with scenario non-CO2 and aerosol forcing; not FAIR, not CMIP, and not publication-grade attribution."
aether_constant_emissions_no_rebound,"AETHER, constant emissions",active_full_forcing_management,Active full-forcing management,2075,350.000000,1.305821,0.375000,-0.075000,1.605821,1.148787,1.022645,0.122963,-0.464589,"Two-box screening emulator with scenario non-CO2 and aerosol forcing; not FAIR, not CMIP, and not publication-grade attribution."
aether_constant_emissions_no_rebound,"AETHER, constant emissions",active_full_forcing_management,Active full-forcing management,2076,350.000000,1.305821,0.368000,-0.072000,1.601821,1.146876,1.023843,0.119835,-0.466500,"Two-box screening emulator with scenario non-CO2 and aerosol forcing; not FAIR, not CMIP, and not publication-grade attribution."
aether_constant_emissions_no_rebound,"AETHER, constant emissions",active_full_forcing_management,Active full-forcing management,2077,350.000000,1.305821,0.361000,-0.069000,1.597821,1.145087,1.025012,0.116882,-0.468289,"Two-box screening emulator with scenario non-CO2 and aerosol forcing; not FAIR, not CMIP, and not publication-grade attribution."
aether_constant_emissions_no_rebound,"AETHER, constant emissions",active_full_forcing_management,Active full-forcing management,2078,350.000000,1.305821,0.354000,-0.066000,1.593821,1.143395,1.026153,0.114072,-0.469982,"Two-box screening emulator with scenario non-CO2 and aerosol forcing; not FAIR, not CMIP, and not publication-grade attribution."
aether_constant_emissions_no_rebound,"AETHER, constant emissions",active_full_forcing_management,Active full-forcing management,2079,350.000000,1.305821,0.347000,-0.063000,1.589821,1.141777,1.027266,0.111380,-0.471599,"Two-box screening emulator with scenario non-CO2 and aerosol forcing; not FAIR, not CMIP, and not publication-grade attribution."
aether_constant_emissions_no_rebound,"AETHER, constant emissions",active_full_forcing_management,Active full-forcing management,2080,350.000000,1.305821,0.340000,-0.060000,1.585821,1.140220,1.028354,0.108785,-0.473156,"Two-box screening emulator with scenario non-CO2 and aerosol forcing; not FAIR, not CMIP, and not publication-grade attribution."
aether_constant_emissions_no_rebound,"AETHER, constant emissions",active_full_forcing_management,Active full-forcing management,2081,350.000000,1.305821,0.333000,-0.057000,1.581821,1.138708,1.029417,0.106272,-0.474668,"Two-box screening emulator with scenario non-CO2 and aerosol forcing; not FAIR, not CMIP, and not publication-grade attribution."
aether_constant_emissions_no_rebound,"AETHER, constant emissions",active_full_forcing_management,Active full-forcing management,2082,350.000000,1.305821,0.326000,-0.054000,1.577821,1.137232,1.030455,0.103827,-0.476144,"Two-box screening emulator with scenario non-CO2 and aerosol forcing; not FAIR, not CMIP, and not publication-grade attribution."
aether_constant_emissions_no_rebound,"AETHER, constant emissions",active_full_forcing_management,Active full-forcing management,2083,350.000000,1.305821,0.319000,-0.051000,1.573821,1.135783,1.031470,0.101438,-0.477593,"Two-box screening emulator with scenario non-CO2 and aerosol forcing; not FAIR, not CMIP, and not publication-grade attribution."
aether_constant_emissions_no_rebound,"AETHER, constant emissions",active_full_forcing_management,Active full-forcing management,2084,350.000000,1.305821,0.312000,-0.048000,1.569821,1.134354,1.032461,0.099097,-0.479023,"Two-box screening emulator with scenario non-CO2 and aerosol forcing; not FAIR, not CMIP, and not publication-grade attribution."
aether_constant_emissions_no_rebound,"AETHER, constant emissions",active_full_forcing_management,Active full-forcing management,2085,350.000000,1.305821,0.305000,-0.045000,1.565821,1.132939,1.033429,0.096798,-0.480438,"Two-box screening emulator with scenario non-CO2 and aerosol forcing; not FAIR, not CMIP, and not publication-grade attribution."
aether_constant_emissions_no_rebound,"AETHER, constant emissions",active_full_forcing_management,Active full-forcing management,2086,350.000000,1.305821,0.298000,-0.042000,1.561821,1.131533,1.034374,0.094534,-0.481843,"Two-box screening emulator with scenario non-CO2 and aerosol forcing; not FAIR, not CMIP, and not publication-grade attribution."
aether_constant_emissions_no_rebound,"AETHER, constant emissions",active_full_forcing_management,Active full-forcing management,2087,350.000000,1.305821,0.291000,-0.039000,1.557821,1.130134,1.035297,0.092301,-0.483242,"Two-box screening emulator with scenario non-CO2 and aerosol forcing; not FAIR, not CMIP, and not publication-grade attribution."
aether_constant_emissions_no_rebound,"AETHER, constant emissions",active_full_forcing_management,Active full-forcing management,2088,350.000000,1.305821,0.284000,-0.036000,1.553821,1.128738,1.036198,0.090095,-0.484638,"Two-box screening emulator with scenario non-CO2 and aerosol forcing; not FAIR, not CMIP, and not publication-grade attribution."
aether_constant_emissions_no_rebound,"AETHER, constant emissions",active_full_forcing_management,Active full-forcing management,2089,350.000000,1.305821,0.277000,-0.033000,1.549821,1.127343,1.037077,0.087913,-0.486033,"Two-box screening emulator with scenario non-CO2 and aerosol forcing; not FAIR, not CMIP, and not publication-grade attribution."
aether_constant_emissions_no_rebound,"AETHER, constant emissions",active_full_forcing_management,Active full-forcing management,2090,350.000000,1.305821,0.270000,-0.030000,1.545821,1.125947,1.037935,0.085753,-0.487429,"Two-box screening emulator with scenario non-CO2 and aerosol forcing; not FAIR, not CMIP, and not publication-grade attribution."
aether_constant_emissions_no_rebound,"AETHER, constant emissions",active_full_forcing_management,Active full-forcing management,2091,350.000000,1.305821,0.263000,-0.027000,1.541821,1.124549,1.038771,0.083612,-0.488827,"Two-box screening emulator with scenario non-CO2 and aerosol forcing; not FAIR, not CMIP, and not publication-grade attribution."
aether_constant_emissions_no_rebound,"AETHER, constant emissions",active_full_forcing_management,Active full-forcing management,2092,350.000000,1.305821,0.256000,-0.024000,1.537821,1.123147,1.039586,0.081489,-0.490229,"Two-box screening emulator with scenario non-CO2 and aerosol forcing; not FAIR, not CMIP, and not publication-grade attribution."
aether_constant_emissions_no_rebound,"AETHER, constant emissions",active_full_forcing_management,Active full-forcing management,2093,350.000000,1.305821,0.249000,-0.021000,1.533821,1.121740,1.040379,0.079383,-0.491636,"Two-box screening emulator with scenario non-CO2 and aerosol forcing; not FAIR, not CMIP, and not publication-grade attribution."
aether_constant_emissions_no_rebound,"AETHER, constant emissions",active_full_forcing_management,Active full-forcing management,2094,350.000000,1.305821,0.242000,-0.018000,1.529821,1.120327,1.041152,0.077292,-0.493049,"Two-box screening emulator with scenario non-CO2 and aerosol forcing; not FAIR, not CMIP, and not publication-grade attribution."
aether_constant_emissions_no_rebound,"AETHER, constant emissions",active_full_forcing_management,Active full-forcing management,2095,350.000000,1.305821,0.235000,-0.015000,1.525821,1.118909,1.041905,0.075216,-0.494467,"Two-box screening emulator with scenario non-CO2 and aerosol forcing; not FAIR, not CMIP, and not publication-grade attribution."
aether_constant_emissions_no_rebound,"AETHER, constant emissions",active_full_forcing_management,Active full-forcing management,2096,350.000000,1.305821,0.228000,-0.012000,1.521821,1.117483,1.042636,0.073154,-0.495893,"Two-box screening emulator with scenario non-CO2 and aerosol forcing; not FAIR, not CMIP, and not publication-grade attribution."
aether_constant_emissions_no_rebound,"AETHER, constant emissions",active_full_forcing_management,Active full-forcing management,2097,350.000000,1.305821,0.221000,-0.009000,1.517821,1.116051,1.043347,0.071105,-0.497325,"Two-box screening emulator with scenario non-CO2 and aerosol forcing; not FAIR, not CMIP, and not publication-grade attribution."
aether_constant_emissions_no_rebound,"AETHER, constant emissions",active_full_forcing_management,Active full-forcing management,2098,350.000000,1.305821,0.214000,-0.006000,1.513821,1.114612,1.044038,0.069069,-0.498764,"Two-box screening emulator with scenario non-CO2 and aerosol forcing; not FAIR, not CMIP, and not publication-grade attribution."
aether_constant_emissions_no_rebound,"AETHER, constant emissions",active_full_forcing_management,Active full-forcing management,2099,350.000000,1.305821,0.207000,-0.003000,1.509821,1.113164,1.044708,0.067045,-0.500212,"Two-box screening emulator with scenario non-CO2 and aerosol forcing; not FAIR, not CMIP, and not publication-grade attribution."
aether_constant_emissions_no_rebound,"AETHER, constant emissions",active_full_forcing_management,Active full-forcing management,2100,350.000000,1.305821,0.200000,0.000000,1.505821,1.111710,1.045359,0.065033,-0.501666,"Two-box screening emulator with scenario non-CO2 and aerosol forcing; not FAIR, not CMIP, and not publication-grade attribution."
aether_constant_emissions_58pct_rebound,"AETHER, 58% rebound",co2_only_screen,CO2-only emulator screen,2026,433.940256,2.524677,0.000000,0.000000,2.524677,1.352807,0.656100,0.659913,0.000000,"Two-box screening emulator with scenario non-CO2 and aerosol forcing; not FAIR, not CMIP, and not publication-grade attribution."
aether_constant_emissions_58pct_rebound,"AETHER, 58% rebound",co2_only_screen,CO2-only emulator screen,2027,438.751405,2.587193,0.000000,0.000000,2.587193,1.365569,0.662718,0.661872,0.012762,"Two-box screening emulator with scenario non-CO2 and aerosol forcing; not FAIR, not CMIP, and not publication-grade attribution."
aether_constant_emissions_58pct_rebound,"AETHER, 58% rebound",co2_only_screen,CO2-only emulator screen,2028,443.044855,2.642406,0.000000,0.000000,2.642406,1.381052,0.669395,0.667708,0.028246,"Two-box screening emulator with scenario non-CO2 and aerosol forcing; not FAIR, not CMIP, and not publication-grade attribution."
aether_constant_emissions_58pct_rebound,"AETHER, 58% rebound",co2_only_screen,CO2-only emulator screen,2029,446.885704,2.691347,0.000000,0.000000,2.691347,1.398227,0.676156,0.676074,0.045420,"Two-box screening emulator with scenario non-CO2 and aerosol forcing; not FAIR, not CMIP, and not publication-grade attribution."
aether_constant_emissions_58pct_rebound,"AETHER, 58% rebound",co2_only_screen,CO2-only emulator screen,2030,450.326106,2.734829,0.000000,0.000000,2.734829,1.416325,0.683016,0.685967,0.063519,"Two-box screening emulator with scenario non-CO2 and aerosol forcing; not FAIR, not CMIP, and not publication-grade attribution."
aether_constant_emissions_58pct_rebound,"AETHER, 58% rebound",co2_only_screen,CO2-only emulator screen,2031,453.407941,2.773498,0.000000,0.000000,2.773498,1.434781,0.689982,0.696644,0.081975,"Two-box screening emulator with scenario non-CO2 and aerosol forcing; not FAIR, not CMIP, and not publication-grade attribution."
aether_constant_emissions_58pct_rebound,"AETHER, 58% rebound",co2_only_screen,CO2-only emulator screen,2032,456.164933,2.807870,0.000000,0.000000,2.807870,1.453177,0.697058,0.707559,0.100370,"Two-box screening emulator with scenario non-CO2 and aerosol forcing; not FAIR, not CMIP, and not publication-grade attribution."
aether_constant_emissions_58pct_rebound,"AETHER, 58% rebound",co2_only_screen,CO2-only emulator screen,2033,458.624322,2.838356,0.000000,0.000000,2.838356,1.471209,0.704241,0.718313,0.118402,"Two-box screening emulator with scenario non-CO2 and aerosol forcing; not FAIR, not CMIP, and not publication-grade attribution."
aether_constant_emissions_58pct_rebound,"AETHER, 58% rebound",co2_only_screen,CO2-only emulator screen,2034,460.808202,2.865290,0.000000,0.000000,2.865290,1.488658,0.711527,0.728619,0.135851,"Two-box screening emulator with scenario non-CO2 and aerosol forcing; not FAIR, not CMIP, and not publication-grade attribution."
aether_constant_emissions_58pct_rebound,"AETHER, 58% rebound",co2_only_screen,CO2-only emulator screen,2035,462.734571,2.888943,0.000000,0.000000,2.888943,1.505368,0.718910,0.738274,0.152562,"Two-box screening emulator with scenario non-CO2 and aerosol forcing; not FAIR, not CMIP, and not publication-grade attribution."
aether_constant_emissions_58pct_rebound,"AETHER, 58% rebound",co2_only_screen,CO2-only emulator screen,2036,464.418168,2.909534,0.000000,0.000000,2.909534,1.521232,0.726381,0.747135,0.168426,"Two-box screening emulator with scenario non-CO2 and aerosol forcing; not FAIR, not CMIP, and not publication-grade attribution."
aether_constant_emissions_58pct_rebound,"AETHER, 58% rebound",co2_only_screen,CO2-only emulator screen,2037,465.871138,2.927245,0.000000,0.000000,2.927245,1.536176,0.733932,0.755108,0.183369,"Two-box screening emulator with scenario non-CO2 and aerosol forcing; not FAIR, not CMIP, and not publication-grade attribution."
aether_constant_emissions_58pct_rebound,"AETHER, 58% rebound",co2_only_screen,CO2-only emulator screen,2038,467.103558,2.942224,0.000000,0.000000,2.942224,1.550151,0.741554,0.762131,0.197344,"Two-box screening emulator with scenario non-CO2 and aerosol forcing; not FAIR, not CMIP, and not publication-grade attribution."
aether_constant_emissions_58pct_rebound,"AETHER, 58% rebound",co2_only_screen,CO2-only emulator screen,2039,468.123853,2.954595,0.000000,0.000000,2.954595,1.563128,0.749235,0.768167,0.210322,"Two-box screening emulator with scenario non-CO2 and aerosol forcing; not FAIR, not CMIP, and not publication-grade attribution."
aether_constant_emissions_58pct_rebound,"AETHER, 58% rebound",co2_only_screen,CO2-only emulator screen,2040,468.939130,2.964461,0.000000,0.000000,2.964461,1.575092,0.756967,0.773198,0.222286,"Two-box screening emulator with scenario non-CO2 and aerosol forcing; not FAIR, not CMIP, and not publication-grade attribution."
aether_constant_emissions_58pct_rebound,"AETHER, 58% rebound",co2_only_screen,CO2-only emulator screen,2041,469.555435,2.971908,0.000000,0.000000,2.971908,1.586035,0.764739,0.777219,0.233229,"Two-box screening emulator with scenario non-CO2 and aerosol forcing; not FAIR, not CMIP, and not publication-grade attribution."
aether_constant_emissions_58pct_rebound,"AETHER, 58% rebound",co2_only_screen,CO2-only emulator screen,2042,469.977970,2.977007,0.000000,0.000000,2.977007,1.595958,0.772542,0.780231,0.243151,"Two-box screening emulator with scenario non-CO2 and aerosol forcing; not FAIR, not CMIP, and not publication-grade attribution."
aether_constant_emissions_58pct_rebound,"AETHER, 58% rebound",co2_only_screen,CO2-only emulator screen,2043,470.211252,2.979821,0.000000,0.000000,2.979821,1.604864,0.780364,0.782245,0.252057,"Two-box screening emulator with scenario non-CO2 and aerosol forcing; not FAIR, not CMIP, and not publication-grade attribution."
aether_constant_emissions_58pct_rebound,"AETHER, 58% rebound",co2_only_screen,CO2-only emulator screen,2044,470.259248,2.980400,0.000000,0.000000,2.980400,1.612760,0.788197,0.783275,0.259953,"Two-box screening emulator with scenario non-CO2 and aerosol forcing; not FAIR, not CMIP, and not publication-grade attribution."
aether_constant_emissions_58pct_rebound,"AETHER, 58% rebound",co2_only_screen,CO2-only emulator screen,2045,470.125476,2.978787,0.000000,0.000000,2.978787,1.619655,0.796030,0.783335,0.266848,"Two-box screening emulator with scenario non-CO2 and aerosol forcing; not FAIR, not CMIP, and not publication-grade attribution."
aether_constant_emissions_58pct_rebound,"AETHER, 58% rebound",co2_only_screen,CO2-only emulator screen,2046,469.813093,2.975018,0.000000,0.000000,2.975018,1.625557,0.803855,0.782443,0.272750,"Two-box screening emulator with scenario non-CO2 and aerosol forcing; not FAIR, not CMIP, and not publication-grade attribution."
aether_constant_emissions_58pct_rebound,"AETHER, 58% rebound",co2_only_screen,CO2-only emulator screen,2047,469.569830,2.972082,0.000000,0.000000,2.972082,1.630722,0.811661,0.780617,0.277916,"Two-box screening emulator with scenario non-CO2 and aerosol forcing; not FAIR, not CMIP, and not publication-grade attribution."
aether_constant_emissions_58pct_rebound,"AETHER, 58% rebound",co2_only_screen,CO2-only emulator screen,2048,469.382268,2.969816,0.000000,0.000000,2.969816,1.635344,0.819442,0.778108,0.282538,"Two-box screening emulator with scenario non-CO2 and aerosol forcing; not FAIR, not CMIP, and not publication-grade attribution."
aether_constant_emissions_58pct_rebound,"AETHER, 58% rebound",co2_only_screen,CO2-only emulator screen,2049,469.239745,2.968095,0.000000,0.000000,2.968095,1.639568,0.827193,0.775107,0.286761,"Two-box screening emulator with scenario non-CO2 and aerosol forcing; not FAIR, not CMIP, and not publication-grade attribution."
aether_constant_emissions_58pct_rebound,"AETHER, 58% rebound",co2_only_screen,CO2-only emulator screen,2050,469.133784,2.966814,0.000000,0.000000,2.966814,1.643503,0.834911,0.771756,0.290697,"Two-box screening emulator with scenario non-CO2 and aerosol forcing; not FAIR, not CMIP, and not publication-grade attribution."
aether_constant_emissions_58pct_rebound,"AETHER, 58% rebound",co2_only_screen,CO2-only emulator screen,2051,469.057643,2.965894,0.000000,0.000000,2.965894,1.647232,0.842592,0.768163,0.294425,"Two-box screening emulator with scenario non-CO2 and aerosol forcing; not FAIR, not CMIP, and not publication-grade attribution."
aether_constant_emissions_58pct_rebound,"AETHER, 58% rebound",co2_only_screen,CO2-only emulator screen,2052,469.005951,2.965269,0.000000,0.000000,2.965269,1.650814,0.850236,0.764408,0.298008,"Two-box screening emulator with scenario non-CO2 and aerosol forcing; not FAIR, not CMIP, and not publication-grade attribution."
aether_constant_emissions_58pct_rebound,"AETHER, 58% rebound",co2_only_screen,CO2-only emulator screen,2053,468.974430,2.964888,0.000000,0.000000,2.964888,1.654295,0.857842,0.760549,0.301489,"Two-box screening emulator with scenario non-CO2 and aerosol forcing; not FAIR, not CMIP, and not publication-grade attribution."
aether_constant_emissions_58pct_rebound,"AETHER, 58% rebound",co2_only_screen,CO2-only emulator screen,2054,468.959666,2.964709,0.000000,0.000000,2.964709,1.657708,0.865408,0.756631,0.304901,"Two-box screening emulator with scenario non-CO2 and aerosol forcing; not FAIR, not CMIP, and not publication-grade attribution."
aether_constant_emissions_58pct_rebound,"AETHER, 58% rebound",co2_only_screen,CO2-only emulator screen,2055,468.958931,2.964700,0.000000,0.000000,2.964700,1.661076,0.872935,0.752685,0.308269,"Two-box screening emulator with scenario non-CO2 and aerosol forcing; not FAIR, not CMIP, and not publication-grade attribution."
aether_constant_emissions_58pct_rebound,"AETHER, 58% rebound",co2_only_screen,CO2-only emulator screen,2056,468.970041,2.964835,0.000000,0.000000,2.964835,1.664417,0.880422,0.748734,0.311610,"Two-box screening emulator with scenario non-CO2 and aerosol forcing; not FAIR, not CMIP, and not publication-grade attribution."
aether_constant_emissions_58pct_rebound,"AETHER, 58% rebound",co2_only_screen,CO2-only emulator screen,2057,468.991246,2.965091,0.000000,0.000000,2.965091,1.667743,0.887870,0.744795,0.314936,"Two-box screening emulator with scenario non-CO2 and aerosol forcing; not FAIR, not CMIP, and not publication-grade attribution."
aether_constant_emissions_58pct_rebound,"AETHER, 58% rebound",co2_only_screen,CO2-only emulator screen,2058,469.021136,2.965452,0.000000,0.000000,2.965452,1.671062,0.895279,0.740879,0.318255,"Two-box screening emulator with scenario non-CO2 and aerosol forcing; not FAIR, not CMIP, and not publication-grade attribution."
aether_constant_emissions_58pct_rebound,"AETHER, 58% rebound",co2_only_screen,CO2-only emulator screen,2059,469.058576,2.965905,0.000000,0.000000,2.965905,1.674380,0.902649,0.736994,0.321574,"Two-box screening emulator with scenario non-CO2 and aerosol forcing; not FAIR, not CMIP, and not publication-grade attribution."
aether_constant_emissions_58pct_rebound,"AETHER, 58% rebound",co2_only_screen,CO2-only emulator screen,2060,469.102646,2.966438,0.000000,0.000000,2.966438,1.677702,0.909980,0.733145,0.324895,"Two-box screening emulator with scenario non-CO2 and aerosol forcing; not FAIR, not CMIP, and not publication-grade attribution."
aether_constant_emissions_58pct_rebound,"AETHER, 58% rebound",co2_only_screen,CO2-only emulator screen,2061,469.152600,2.967041,0.000000,0.000000,2.967041,1.681028,0.917274,0.729335,0.328221,"Two-box screening emulator with scenario non-CO2 and aerosol forcing; not FAIR, not CMIP, and not publication-grade attribution."
aether_constant_emissions_58pct_rebound,"AETHER, 58% rebound",co2_only_screen,CO2-only emulator screen,2062,469.207827,2.967709,0.000000,0.000000,2.967709,1.684361,0.924529,0.725567,0.331554,"Two-box screening emulator with scenario non-CO2 and aerosol forcing; not FAIR, not CMIP, and not publication-grade attribution."
aether_constant_emissions_58pct_rebound,"AETHER, 58% rebound",co2_only_screen,CO2-only emulator screen,2063,469.267826,2.968434,0.000000,0.000000,2.968434,1.687701,0.931748,0.721840,0.334894,"Two-box screening emulator with scenario non-CO2 and aerosol forcing; not FAIR, not CMIP, and not publication-grade attribution."
aether_constant_emissions_58pct_rebound,"AETHER, 58% rebound",co2_only_screen,CO2-only emulator screen,2064,469.332183,2.969211,0.000000,0.000000,2.969211,1.691048,0.938929,0.718156,0.338242,"Two-box screening emulator with scenario non-CO2 and aerosol forcing; not FAIR, not CMIP, and not publication-grade attribution."
aether_constant_emissions_58pct_rebound,"AETHER, 58% rebound",co2_only_screen,CO2-only emulator screen,2065,469.400552,2.970037,0.000000,0.000000,2.970037,1.694403,0.946075,0.714513,0.341596,"Two-box screening emulator with scenario non-CO2 and aerosol forcing; not FAIR, not CMIP, and not publication-grade attribution."
aether_constant_emissions_58pct_rebound,"AETHER, 58% rebound",co2_only_screen,CO2-only emulator screen,2066,469.472646,2.970908,0.000000,0.000000,2.970908,1.697763,0.953184,0.710912,0.344957,"Two-box screening emulator with scenario non-CO2 and aerosol forcing; not FAIR, not CMIP, and not publication-grade attribution."
aether_constant_emissions_58pct_rebound,"AETHER, 58% rebound",co2_only_screen,CO2-only emulator screen,2067,469.548218,2.971821,0.000000,0.000000,2.971821,1.701130,0.960257,0.707351,0.348323,"Two-box screening emulator with scenario non-CO2 and aerosol forcing; not FAIR, not CMIP, and not publication-grade attribution."
aether_constant_emissions_58pct_rebound,"AETHER, 58% rebound",co2_only_screen,CO2-only emulator screen,2068,469.627060,2.972772,0.000000,0.000000,2.972772,1.704502,0.967295,0.703829,0.351695,"Two-box screening emulator with scenario non-CO2 and aerosol forcing; not FAIR, not CMIP, and not publication-grade attribution."
aether_constant_emissions_58pct_rebound,"AETHER, 58% rebound",co2_only_screen,CO2-only emulator screen,2069,469.708989,2.973762,0.000000,0.000000,2.973762,1.707878,0.974299,0.700346,0.355072,"Two-box screening emulator with scenario non-CO2 and aerosol forcing; not FAIR, not CMIP, and not publication-grade attribution."
aether_constant_emissions_58pct_rebound,"AETHER, 58% rebound",co2_only_screen,CO2-only emulator screen,2070,469.793850,2.974786,0.000000,0.000000,2.974786,1.711259,0.981268,0.696901,0.358452,"Two-box screening emulator with scenario non-CO2 and aerosol forcing; not FAIR, not CMIP, and not publication-grade attribution."
aether_constant_emissions_58pct_rebound,"AETHER, 58% rebound",co2_only_screen,CO2-only emulator screen,2071,469.881502,2.975844,0.000000,0.000000,2.975844,1.714642,0.988203,0.693491,0.361836,"Two-box screening emulator with scenario non-CO2 and aerosol forcing; not FAIR, not CMIP, and not publication-grade attribution."
aether_constant_emissions_58pct_rebound,"AETHER, 58% rebound",co2_only_screen,CO2-only emulator screen,2072,469.971821,2.976933,0.000000,0.000000,2.976933,1.718029,0.995104,0.690118,0.365222,"Two-box screening emulator with scenario non-CO2 and aerosol forcing; not FAIR, not CMIP, and not publication-grade attribution."
aether_constant_emissions_58pct_rebound,"AETHER, 58% rebound",co2_only_screen,CO2-only emulator screen,2073,470.064698,2.978054,0.000000,0.000000,2.978054,1.721417,1.001972,0.686778,0.368610,"Two-box screening emulator with scenario non-CO2 and aerosol forcing; not FAIR, not CMIP, and not publication-grade attribution."
aether_constant_emissions_58pct_rebound,"AETHER, 58% rebound",co2_only_screen,CO2-only emulator screen,2074,470.160029,2.979203,0.000000,0.000000,2.979203,1.724806,1.008806,0.683473,0.372000,"Two-box screening emulator with scenario non-CO2 and aerosol forcing; not FAIR, not CMIP, and not publication-grade attribution."
aether_constant_emissions_58pct_rebound,"AETHER, 58% rebound",co2_only_screen,CO2-only emulator screen,2075,470.257723,2.980381,0.000000,0.000000,2.980381,1.728197,1.015608,0.680200,0.375390,"Two-box screening emulator with scenario non-CO2 and aerosol forcing; not FAIR, not CMIP, and not publication-grade attribution."
aether_constant_emissions_58pct_rebound,"AETHER, 58% rebound",co2_only_screen,CO2-only emulator screen,2076,470.357694,2.981587,0.000000,0.000000,2.981587,1.731588,1.022378,0.676959,0.378781,"Two-box screening emulator with scenario non-CO2 and aerosol forcing; not FAIR, not CMIP, and not publication-grade attribution."
aether_constant_emissions_58pct_rebound,"AETHER, 58% rebound",co2_only_screen,CO2-only emulator screen,2077,470.459862,2.982818,0.000000,0.000000,2.982818,1.734978,1.029116,0.673749,0.382172,"Two-box screening emulator with scenario non-CO2 and aerosol forcing; not FAIR, not CMIP, and not publication-grade attribution."
aether_constant_emissions_58pct_rebound,"AETHER, 58% rebound",co2_only_screen,CO2-only emulator screen,2078,470.564152,2.984075,0.000000,0.000000,2.984075,1.738369,1.035821,0.670570,0.385562,"Two-box screening emulator with scenario non-CO2 and aerosol forcing; not FAIR, not CMIP, and not publication-grade attribution."
aether_constant_emissions_58pct_rebound,"AETHER, 58% rebound",co2_only_screen,CO2-only emulator screen,2079,470.670493,2.985356,0.000000,0.000000,2.985356,1.741758,1.042495,0.667420,0.388951,"Two-box screening emulator with scenario non-CO2 and aerosol forcing; not FAIR, not CMIP, and not publication-grade attribution."
aether_constant_emissions_58pct_rebound,"AETHER, 58% rebound",co2_only_screen,CO2-only emulator screen,2080,470.778820,2.986661,0.000000,0.000000,2.986661,1.745146,1.049138,0.664299,0.392340,"Two-box screening emulator with scenario non-CO2 and aerosol forcing; not FAIR, not CMIP, and not publication-grade attribution."
aether_constant_emissions_58pct_rebound,"AETHER, 58% rebound",co2_only_screen,CO2-only emulator screen,2081,470.889067,2.987988,0.000000,0.000000,2.987988,1.748533,1.055751,0.661207,0.395726,"Two-box screening emulator with scenario non-CO2 and aerosol forcing; not FAIR, not CMIP, and not publication-grade attribution."
aether_constant_emissions_58pct_rebound,"AETHER, 58% rebound",co2_only_screen,CO2-only emulator screen,2082,471.001175,2.989338,0.000000,0.000000,2.989338,1.751918,1.062332,0.658143,0.399111,"Two-box screening emulator with scenario non-CO2 and aerosol forcing; not FAIR, not CMIP, and not publication-grade attribution."
aether_constant_emissions_58pct_rebound,"AETHER, 58% rebound",co2_only_screen,CO2-only emulator screen,2083,471.115086,2.990709,0.000000,0.000000,2.990709,1.755300,1.068883,0.655106,0.402494,"Two-box screening emulator with scenario non-CO2 and aerosol forcing; not FAIR, not CMIP, and not publication-grade attribution."
aether_constant_emissions_58pct_rebound,"AETHER, 58% rebound",co2_only_screen,CO2-only emulator screen,2084,471.230743,2.992101,0.000000,0.000000,2.992101,1.758680,1.075404,0.652096,0.405874,"Two-box screening emulator with scenario non-CO2 and aerosol forcing; not FAIR, not CMIP, and not publication-grade attribution."
aether_constant_emissions_58pct_rebound,"AETHER, 58% rebound",co2_only_screen,CO2-only emulator screen,2085,471.348092,2.993512,0.000000,0.000000,2.993512,1.762058,1.081895,0.649112,0.409251,"Two-box screening emulator with scenario non-CO2 and aerosol forcing; not FAIR, not CMIP, and not publication-grade attribution."
aether_constant_emissions_58pct_rebound,"AETHER, 58% rebound",co2_only_screen,CO2-only emulator screen,2086,471.467082,2.994944,0.000000,0.000000,2.994944,1.765432,1.088357,0.646154,0.412626,"Two-box screening emulator with scenario non-CO2 and aerosol forcing; not FAIR, not CMIP, and not publication-grade attribution."
aether_constant_emissions_58pct_rebound,"AETHER, 58% rebound",co2_only_screen,CO2-only emulator screen,2087,471.587662,2.996393,0.000000,0.000000,2.996393,1.768803,1.094789,0.643222,0.415997,"Two-box screening emulator with scenario non-CO2 and aerosol forcing; not FAIR, not CMIP, and not publication-grade attribution."
aether_constant_emissions_58pct_rebound,"AETHER, 58% rebound",co2_only_screen,CO2-only emulator screen,2088,471.709784,2.997862,0.000000,0.000000,2.997862,1.772171,1.101192,0.640314,0.419365,"Two-box screening emulator with scenario non-CO2 and aerosol forcing; not FAIR, not CMIP, and not publication-grade attribution."
aether_constant_emissions_58pct_rebound,"AETHER, 58% rebound",co2_only_screen,CO2-only emulator screen,2089,471.833401,2.999347,0.000000,0.000000,2.999347,1.775536,1.107566,0.637430,0.422729,"Two-box screening emulator with scenario non-CO2 and aerosol forcing; not FAIR, not CMIP, and not publication-grade attribution."
aether_constant_emissions_58pct_rebound,"AETHER, 58% rebound",co2_only_screen,CO2-only emulator screen,2090,471.958467,3.000850,0.000000,0.000000,3.000850,1.778896,1.113912,0.634571,0.426090,"Two-box screening emulator with scenario non-CO2 and aerosol forcing; not FAIR, not CMIP, and not publication-grade attribution."
aether_constant_emissions_58pct_rebound,"AETHER, 58% rebound",co2_only_screen,CO2-only emulator screen,2091,472.084938,3.002369,0.000000,0.000000,3.002369,1.782253,1.120229,0.631735,0.429446,"Two-box screening emulator with scenario non-CO2 and aerosol forcing; not FAIR, not CMIP, and not publication-grade attribution."
aether_constant_emissions_58pct_rebound,"AETHER, 58% rebound",co2_only_screen,CO2-only emulator screen,2092,472.212772,3.003904,0.000000,0.000000,3.003904,1.785605,1.126519,0.628922,0.432799,"Two-box screening emulator with scenario non-CO2 and aerosol forcing; not FAIR, not CMIP, and not publication-grade attribution."
aether_constant_emissions_58pct_rebound,"AETHER, 58% rebound",co2_only_screen,CO2-only emulator screen,2093,472.341927,3.005455,0.000000,0.000000,3.005455,1.788954,1.132780,0.626133,0.436147,"Two-box screening emulator with scenario non-CO2 and aerosol forcing; not FAIR, not CMIP, and not publication-grade attribution."
aether_constant_emissions_58pct_rebound,"AETHER, 58% rebound",co2_only_screen,CO2-only emulator screen,2094,472.472362,3.007020,0.000000,0.000000,3.007020,1.792298,1.139014,0.623365,0.439491,"Two-box screening emulator with scenario non-CO2 and aerosol forcing; not FAIR, not CMIP, and not publication-grade attribution."
aether_constant_emissions_58pct_rebound,"AETHER, 58% rebound",co2_only_screen,CO2-only emulator screen,2095,472.604038,3.008600,0.000000,0.000000,3.008600,1.795637,1.145220,0.620620,0.442830,"Two-box screening emulator with scenario non-CO2 and aerosol forcing; not FAIR, not CMIP, and not publication-grade attribution."
aether_constant_emissions_58pct_rebound,"AETHER, 58% rebound",co2_only_screen,CO2-only emulator screen,2096,472.736917,3.010194,0.000000,0.000000,3.010194,1.798971,1.151399,0.617896,0.446165,"Two-box screening emulator with scenario non-CO2 and aerosol forcing; not FAIR, not CMIP, and not publication-grade attribution."
aether_constant_emissions_58pct_rebound,"AETHER, 58% rebound",co2_only_screen,CO2-only emulator screen,2097,472.870963,3.011801,0.000000,0.000000,3.011801,1.802301,1.157551,0.615194,0.449494,"Two-box screening emulator with scenario non-CO2 and aerosol forcing; not FAIR, not CMIP, and not publication-grade attribution."
aether_constant_emissions_58pct_rebound,"AETHER, 58% rebound",co2_only_screen,CO2-only emulator screen,2098,473.006138,3.013422,0.000000,0.000000,3.013422,1.805625,1.163676,0.612513,0.452819,"Two-box screening emulator with scenario non-CO2 and aerosol forcing; not FAIR, not CMIP, and not publication-grade attribution."
aether_constant_emissions_58pct_rebound,"AETHER, 58% rebound",co2_only_screen,CO2-only emulator screen,2099,473.142408,3.015055,0.000000,0.000000,3.015055,1.808945,1.169774,0.609852,0.456138,"Two-box screening emulator with scenario non-CO2 and aerosol forcing; not FAIR, not CMIP, and not publication-grade attribution."
aether_constant_emissions_58pct_rebound,"AETHER, 58% rebound",co2_only_screen,CO2-only emulator screen,2100,473.279739,3.016701,0.000000,0.000000,3.016701,1.812259,1.175846,0.607212,0.459453,"Two-box screening emulator with scenario non-CO2 and aerosol forcing; not FAIR, not CMIP, and not publication-grade attribution."
aether_constant_emissions_58pct_rebound,"AETHER, 58% rebound",mitigation_with_aerosol_cleanup,Mitigation with aerosol cleanup,2026,433.940256,2.524677,1.200000,-0.700000,3.024677,1.613376,0.772719,0.795947,0.000000,"Two-box screening emulator with scenario non-CO2 and aerosol forcing; not FAIR, not CMIP, and not publication-grade attribution."
aether_constant_emissions_58pct_rebound,"AETHER, 58% rebound",mitigation_with_aerosol_cleanup,Mitigation with aerosol cleanup,2027,438.751405,2.587193,1.181250,-0.681250,3.087193,1.627963,0.780705,0.798624,0.014587,"Two-box screening emulator with scenario non-CO2 and aerosol forcing; not FAIR, not CMIP, and not publication-grade attribution."
aether_constant_emissions_58pct_rebound,"AETHER, 58% rebound",mitigation_with_aerosol_cleanup,Mitigation with aerosol cleanup,2028,443.044855,2.642406,1.162500,-0.662500,3.142406,1.645036,0.788754,0.804895,0.031660,"Two-box screening emulator with scenario non-CO2 and aerosol forcing; not FAIR, not CMIP, and not publication-grade attribution."
aether_constant_emissions_58pct_rebound,"AETHER, 58% rebound",mitigation_with_aerosol_cleanup,Mitigation with aerosol cleanup,2029,446.885704,2.691347,1.143750,-0.643750,3.191347,1.663610,0.796889,0.813468,0.050234,"Two-box screening emulator with scenario non-CO2 and aerosol forcing; not FAIR, not CMIP, and not publication-grade attribution."
aether_constant_emissions_58pct_rebound,"AETHER, 58% rebound",mitigation_with_aerosol_cleanup,Mitigation with aerosol cleanup,2030,450.326106,2.734829,1.125000,-0.625000,3.234829,1.682953,0.805123,0.823385,0.069577,"Two-box screening emulator with scenario non-CO2 and aerosol forcing; not FAIR, not CMIP, and not publication-grade attribution."
aether_constant_emissions_58pct_rebound,"AETHER, 58% rebound",mitigation_with_aerosol_cleanup,Mitigation with aerosol cleanup,2031,453.407941,2.773498,1.106250,-0.606250,3.273498,1.702527,0.813462,0.833939,0.089151,"Two-box screening emulator with scenario non-CO2 and aerosol forcing; not FAIR, not CMIP, and not publication-grade attribution."
aether_constant_emissions_58pct_rebound,"AETHER, 58% rebound",mitigation_with_aerosol_cleanup,Mitigation with aerosol cleanup,2032,456.164933,2.807870,1.087500,-0.587500,3.307870,1.721939,0.821908,0.844612,0.108563,"Two-box screening emulator with scenario non-CO2 and aerosol forcing; not FAIR, not CMIP, and not publication-grade attribution."
aether_constant_emissions_58pct_rebound,"AETHER, 58% rebound",mitigation_with_aerosol_cleanup,Mitigation with aerosol cleanup,2033,458.624322,2.838356,1.068750,-0.568750,3.338356,1.740905,0.830459,0.855030,0.127529,"Two-box screening emulator with scenario non-CO2 and aerosol forcing; not FAIR, not CMIP, and not publication-grade attribution."
aether_constant_emissions_58pct_rebound,"AETHER, 58% rebound",mitigation_with_aerosol_cleanup,Mitigation with aerosol cleanup,2034,460.808202,2.865290,1.050000,-0.550000,3.365290,1.759220,0.839108,0.864924,0.145844,"Two-box screening emulator with scenario non-CO2 and aerosol forcing; not FAIR, not CMIP, and not publication-grade attribution."
aether_constant_emissions_58pct_rebound,"AETHER, 58% rebound",mitigation_with_aerosol_cleanup,Mitigation with aerosol cleanup,2035,462.734571,2.888943,1.031250,-0.531250,3.388943,1.776741,0.847849,0.874107,0.163365,"Two-box screening emulator with scenario non-CO2 and aerosol forcing; not FAIR, not CMIP, and not publication-grade attribution."
aether_constant_emissions_58pct_rebound,"AETHER, 58% rebound",mitigation_with_aerosol_cleanup,Mitigation with aerosol cleanup,2036,464.418168,2.909534,1.012500,-0.512500,3.409534,1.793371,0.856673,0.882448,0.179995,"Two-box screening emulator with scenario non-CO2 and aerosol forcing; not FAIR, not CMIP, and not publication-grade attribution."
aether_constant_emissions_58pct_rebound,"AETHER, 58% rebound",mitigation_with_aerosol_cleanup,Mitigation with aerosol cleanup,2037,465.871138,2.927245,0.993750,-0.493750,3.427245,1.809043,0.865572,0.889863,0.195667,"Two-box screening emulator with scenario non-CO2 and aerosol forcing; not FAIR, not CMIP, and not publication-grade attribution."
aether_constant_emissions_58pct_rebound,"AETHER, 58% rebound",mitigation_with_aerosol_cleanup,Mitigation with aerosol cleanup,2038,467.103558,2.942224,0.975000,-0.475000,3.442224,1.823717,0.874535,0.896298,0.210341,"Two-box screening emulator with scenario non-CO2 and aerosol forcing; not FAIR, not CMIP, and not publication-grade attribution."
aether_constant_emissions_58pct_rebound,"AETHER, 58% rebound",mitigation_with_aerosol_cleanup,Mitigation with aerosol cleanup,2039,468.123853,2.954595,0.956250,-0.456250,3.454595,1.837367,0.883552,0.901723,0.223991,"Two-box screening emulator with scenario non-CO2 and aerosol forcing; not FAIR, not CMIP, and not publication-grade attribution."
aether_constant_emissions_58pct_rebound,"AETHER, 58% rebound",mitigation_with_aerosol_cleanup,Mitigation with aerosol cleanup,2040,468.939130,2.964461,0.937500,-0.437500,3.464461,1.849982,0.892613,0.906124,0.236606,"Two-box screening emulator with scenario non-CO2 and aerosol forcing; not FAIR, not CMIP, and not publication-grade attribution."
aether_constant_emissions_58pct_rebound,"AETHER, 58% rebound",mitigation_with_aerosol_cleanup,Mitigation with aerosol cleanup,2041,469.555435,2.971908,0.918750,-0.418750,3.471908,1.861560,0.901708,0.909501,0.248184,"Two-box screening emulator with scenario non-CO2 and aerosol forcing; not FAIR, not CMIP, and not publication-grade attribution."
aether_constant_emissions_58pct_rebound,"AETHER, 58% rebound",mitigation_with_aerosol_cleanup,Mitigation with aerosol cleanup,2042,469.977970,2.977007,0.900000,-0.400000,3.477007,1.872102,0.910827,0.911859,0.258726,"Two-box screening emulator with scenario non-CO2 and aerosol forcing; not FAIR, not CMIP, and not publication-grade attribution."
aether_constant_emissions_58pct_rebound,"AETHER, 58% rebound",mitigation_with_aerosol_cleanup,Mitigation with aerosol cleanup,2043,470.211252,2.979821,0.881250,-0.381250,3.479821,1.881615,0.919959,0.913211,0.268239,"Two-box screening emulator with scenario non-CO2 and aerosol forcing; not FAIR, not CMIP, and not publication-grade attribution."
aether_constant_emissions_58pct_rebound,"AETHER, 58% rebound",mitigation_with_aerosol_cleanup,Mitigation with aerosol cleanup,2044,470.259248,2.980400,0.862500,-0.362500,3.480400,1.890108,0.929095,0.913573,0.276732,"Two-box screening emulator with scenario non-CO2 and aerosol forcing; not FAIR, not CMIP, and not publication-grade attribution."
aether_constant_emissions_58pct_rebound,"AETHER, 58% rebound",mitigation_with_aerosol_cleanup,Mitigation with aerosol cleanup,2045,470.125476,2.978787,0.843750,-0.343750,3.478787,1.897590,0.938225,0.912962,0.284214,"Two-box screening emulator with scenario non-CO2 and aerosol forcing; not FAIR, not CMIP, and not publication-grade attribution."
aether_constant_emissions_58pct_rebound,"AETHER, 58% rebound",mitigation_with_aerosol_cleanup,Mitigation with aerosol cleanup,2046,469.813093,2.975018,0.825000,-0.325000,3.475018,1.904071,0.947338,0.911397,0.290695,"Two-box screening emulator with scenario non-CO2 and aerosol forcing; not FAIR, not CMIP, and not publication-grade attribution."
aether_constant_emissions_58pct_rebound,"AETHER, 58% rebound",mitigation_with_aerosol_cleanup,Mitigation with aerosol cleanup,2047,469.569830,2.972082,0.806250,-0.306250,3.472082,1.909809,0.956427,0.908896,0.296433,"Two-box screening emulator with scenario non-CO2 and aerosol forcing; not FAIR, not CMIP, and not publication-grade attribution."
aether_constant_emissions_58pct_rebound,"AETHER, 58% rebound",mitigation_with_aerosol_cleanup,Mitigation with aerosol cleanup,2048,469.382268,2.969816,0.787500,-0.287500,3.469816,1.914997,0.965485,0.905712,0.301621,"Two-box screening emulator with scenario non-CO2 and aerosol forcing; not FAIR, not CMIP, and not publication-grade attribution."
aether_constant_emissions_58pct_rebound,"AETHER, 58% rebound",mitigation_with_aerosol_cleanup,Mitigation with aerosol cleanup,2049,469.239745,2.968095,0.768750,-0.268750,3.468095,1.919781,0.974505,0.902037,0.306405,"Two-box screening emulator with scenario non-CO2 and aerosol forcing; not FAIR, not CMIP, and not publication-grade attribution."
aether_constant_emissions_58pct_rebound,"AETHER, 58% rebound",mitigation_with_aerosol_cleanup,Mitigation with aerosol cleanup,2050,469.133784,2.966814,0.750000,-0.250000,3.466814,1.924272,0.983485,0.898012,0.310896,"Two-box screening emulator with scenario non-CO2 and aerosol forcing; not FAIR, not CMIP, and not publication-grade attribution."
aether_constant_emissions_58pct_rebound,"AETHER, 58% rebound",mitigation_with_aerosol_cleanup,Mitigation with aerosol cleanup,2051,469.057643,2.965894,0.744000,-0.246000,3.463894,1.928384,0.992423,0.893747,0.315008,"Two-box screening emulator with scenario non-CO2 and aerosol forcing; not FAIR, not CMIP, and not publication-grade attribution."
aether_constant_emissions_58pct_rebound,"AETHER, 58% rebound",mitigation_with_aerosol_cleanup,Mitigation with aerosol cleanup,2052,469.005951,2.965269,0.738000,-0.242000,3.461269,1.932211,1.001314,0.889164,0.318835,"Two-box screening emulator with scenario non-CO2 and aerosol forcing; not FAIR, not CMIP, and not publication-grade attribution."
aether_constant_emissions_58pct_rebound,"AETHER, 58% rebound",mitigation_with_aerosol_cleanup,Mitigation with aerosol cleanup,2053,468.974430,2.964888,0.732000,-0.238000,3.458888,1.935823,1.010158,0.884352,0.322447,"Two-box screening emulator with scenario non-CO2 and aerosol forcing; not FAIR, not CMIP, and not publication-grade attribution."
aether_constant_emissions_58pct_rebound,"AETHER, 58% rebound",mitigation_with_aerosol_cleanup,Mitigation with aerosol cleanup,2054,468.959666,2.964709,0.726000,-0.234000,3.456709,1.939273,1.018951,0.879382,0.325897,"Two-box screening emulator with scenario non-CO2 and aerosol forcing; not FAIR, not CMIP, and not publication-grade attribution."
aether_constant_emissions_58pct_rebound,"AETHER, 58% rebound",mitigation_with_aerosol_cleanup,Mitigation with aerosol cleanup,2055,468.958931,2.964700,0.720000,-0.230000,3.454700,1.942602,1.027695,0.874305,0.329226,"Two-box screening emulator with scenario non-CO2 and aerosol forcing; not FAIR, not CMIP, and not publication-grade attribution."
aether_constant_emissions_58pct_rebound,"AETHER, 58% rebound",mitigation_with_aerosol_cleanup,Mitigation with aerosol cleanup,2056,468.970041,2.964835,0.714000,-0.226000,3.452835,1.945840,1.036386,0.869162,0.332464,"Two-box screening emulator with scenario non-CO2 and aerosol forcing; not FAIR, not CMIP, and not publication-grade attribution."
aether_constant_emissions_58pct_rebound,"AETHER, 58% rebound",mitigation_with_aerosol_cleanup,Mitigation with aerosol cleanup,2057,468.991246,2.965091,0.708000,-0.222000,3.451091,1.949012,1.045026,0.863982,0.335636,"Two-box screening emulator with scenario non-CO2 and aerosol forcing; not FAIR, not CMIP, and not publication-grade attribution."
aether_constant_emissions_58pct_rebound,"AETHER, 58% rebound",mitigation_with_aerosol_cleanup,Mitigation with aerosol cleanup,2058,469.021136,2.965452,0.702000,-0.218000,3.449452,1.952134,1.053614,0.858787,0.338758,"Two-box screening emulator with scenario non-CO2 and aerosol forcing; not FAIR, not CMIP, and not publication-grade attribution."
aether_constant_emissions_58pct_rebound,"AETHER, 58% rebound",mitigation_with_aerosol_cleanup,Mitigation with aerosol cleanup,2059,469.058576,2.965905,0.696000,-0.214000,3.447905,1.955218,1.062150,0.853594,0.341842,"Two-box screening emulator with scenario non-CO2 and aerosol forcing; not FAIR, not CMIP, and not publication-grade attribution."
aether_constant_emissions_58pct_rebound,"AETHER, 58% rebound",mitigation_with_aerosol_cleanup,Mitigation with aerosol cleanup,2060,469.102646,2.966438,0.690000,-0.210000,3.446438,1.958276,1.070634,0.848415,0.344900,"Two-box screening emulator with scenario non-CO2 and aerosol forcing; not FAIR, not CMIP, and not publication-grade attribution."
aether_constant_emissions_58pct_rebound,"AETHER, 58% rebound",mitigation_with_aerosol_cleanup,Mitigation with aerosol cleanup,2061,469.152600,2.967041,0.684000,-0.206000,3.445041,1.961312,1.079067,0.843260,0.347936,"Two-box screening emulator with scenario non-CO2 and aerosol forcing; not FAIR, not CMIP, and not publication-grade attribution."
aether_constant_emissions_58pct_rebound,"AETHER, 58% rebound",mitigation_with_aerosol_cleanup,Mitigation with aerosol cleanup,2062,469.207827,2.967709,0.678000,-0.202000,3.443709,1.964334,1.087448,0.838133,0.350958,"Two-box screening emulator with scenario non-CO2 and aerosol forcing; not FAIR, not CMIP, and not publication-grade attribution."
aether_constant_emissions_58pct_rebound,"AETHER, 58% rebound",mitigation_with_aerosol_cleanup,Mitigation with aerosol cleanup,2063,469.267826,2.968434,0.672000,-0.198000,3.442434,1.967343,1.095778,0.833041,0.353967,"Two-box screening emulator with scenario non-CO2 and aerosol forcing; not FAIR, not CMIP, and not publication-grade attribution."
aether_constant_emissions_58pct_rebound,"AETHER, 58% rebound",mitigation_with_aerosol_cleanup,Mitigation with aerosol cleanup,2064,469.332183,2.969211,0.666000,-0.194000,3.441211,1.970344,1.104058,0.827987,0.356968,"Two-box screening emulator with scenario non-CO2 and aerosol forcing; not FAIR, not CMIP, and not publication-grade attribution."
aether_constant_emissions_58pct_rebound,"AETHER, 58% rebound",mitigation_with_aerosol_cleanup,Mitigation with aerosol cleanup,2065,469.400552,2.970037,0.660000,-0.190000,3.440037,1.973337,1.112288,0.822971,0.359961,"Two-box screening emulator with scenario non-CO2 and aerosol forcing; not FAIR, not CMIP, and not publication-grade attribution."
aether_constant_emissions_58pct_rebound,"AETHER, 58% rebound",mitigation_with_aerosol_cleanup,Mitigation with aerosol cleanup,2066,469.472646,2.970908,0.654000,-0.186000,3.438908,1.976323,1.120468,0.817996,0.362947,"Two-box screening emulator with scenario non-CO2 and aerosol forcing; not FAIR, not CMIP, and not publication-grade attribution."
aether_constant_emissions_58pct_rebound,"AETHER, 58% rebound",mitigation_with_aerosol_cleanup,Mitigation with aerosol cleanup,2067,469.548218,2.971821,0.648000,-0.182000,3.437821,1.979305,1.128598,0.813063,0.365929,"Two-box screening emulator with scenario non-CO2 and aerosol forcing; not FAIR, not CMIP, and not publication-grade attribution."
aether_constant_emissions_58pct_rebound,"AETHER, 58% rebound",mitigation_with_aerosol_cleanup,Mitigation with aerosol cleanup,2068,469.627060,2.972772,0.642000,-0.178000,3.436772,1.982281,1.136680,0.808171,0.368905,"Two-box screening emulator with scenario non-CO2 and aerosol forcing; not FAIR, not CMIP, and not publication-grade attribution."
aether_constant_emissions_58pct_rebound,"AETHER, 58% rebound",mitigation_with_aerosol_cleanup,Mitigation with aerosol cleanup,2069,469.708989,2.973762,0.636000,-0.174000,3.435762,1.985252,1.144713,0.803320,0.371876,"Two-box screening emulator with scenario non-CO2 and aerosol forcing; not FAIR, not CMIP, and not publication-grade attribution."
aether_constant_emissions_58pct_rebound,"AETHER, 58% rebound",mitigation_with_aerosol_cleanup,Mitigation with aerosol cleanup,2070,469.793850,2.974786,0.630000,-0.170000,3.434786,1.988218,1.152698,0.798511,0.374842,"Two-box screening emulator with scenario non-CO2 and aerosol forcing; not FAIR, not CMIP, and not publication-grade attribution."
aether_constant_emissions_58pct_rebound,"AETHER, 58% rebound",mitigation_with_aerosol_cleanup,Mitigation with aerosol cleanup,2071,469.881502,2.975844,0.624000,-0.166000,3.433844,1.991179,1.160636,0.793743,0.377803,"Two-box screening emulator with scenario non-CO2 and aerosol forcing; not FAIR, not CMIP, and not publication-grade attribution."
aether_constant_emissions_58pct_rebound,"AETHER, 58% rebound",mitigation_with_aerosol_cleanup,Mitigation with aerosol cleanup,2072,469.971821,2.976933,0.618000,-0.162000,3.432933,1.994135,1.168526,0.789016,0.380759,"Two-box screening emulator with scenario non-CO2 and aerosol forcing; not FAIR, not CMIP, and not publication-grade attribution."
aether_constant_emissions_58pct_rebound,"AETHER, 58% rebound",mitigation_with_aerosol_cleanup,Mitigation with aerosol cleanup,2073,470.064698,2.978054,0.612000,-0.158000,3.432054,1.997086,1.176369,0.784329,0.383710,"Two-box screening emulator with scenario non-CO2 and aerosol forcing; not FAIR, not CMIP, and not publication-grade attribution."
aether_constant_emissions_58pct_rebound,"AETHER, 58% rebound",mitigation_with_aerosol_cleanup,Mitigation with aerosol cleanup,2074,470.160029,2.979203,0.606000,-0.154000,3.431203,2.000031,1.184166,0.779681,0.386655,"Two-box screening emulator with scenario non-CO2 and aerosol forcing; not FAIR, not CMIP, and not publication-grade attribution."
aether_constant_emissions_58pct_rebound,"AETHER, 58% rebound",mitigation_with_aerosol_cleanup,Mitigation with aerosol cleanup,2075,470.257723,2.980381,0.600000,-0.150000,3.430381,2.002970,1.191917,0.775071,0.389594,"Two-box screening emulator with scenario non-CO2 and aerosol forcing; not FAIR, not CMIP, and not publication-grade attribution."
aether_constant_emissions_58pct_rebound,"AETHER, 58% rebound",mitigation_with_aerosol_cleanup,Mitigation with aerosol cleanup,2076,470.357694,2.981587,0.594000,-0.146000,3.429587,2.005903,1.199622,0.770500,0.392527,"Two-box screening emulator with scenario non-CO2 and aerosol forcing; not FAIR, not CMIP, and not publication-grade attribution."
aether_constant_emissions_58pct_rebound,"AETHER, 58% rebound",mitigation_with_aerosol_cleanup,Mitigation with aerosol cleanup,2077,470.459862,2.982818,0.588000,-0.142000,3.428818,2.008829,1.207282,0.765967,0.395453,"Two-box screening emulator with scenario non-CO2 and aerosol forcing; not FAIR, not CMIP, and not publication-grade attribution."
aether_constant_emissions_58pct_rebound,"AETHER, 58% rebound",mitigation_with_aerosol_cleanup,Mitigation with aerosol cleanup,2078,470.564152,2.984075,0.582000,-0.138000,3.428075,2.011749,1.214896,0.761470,0.398373,"Two-box screening emulator with scenario non-CO2 and aerosol forcing; not FAIR, not CMIP, and not publication-grade attribution."
aether_constant_emissions_58pct_rebound,"AETHER, 58% rebound",mitigation_with_aerosol_cleanup,Mitigation with aerosol cleanup,2079,470.670493,2.985356,0.576000,-0.134000,3.427356,2.014662,1.222466,0.757010,0.401286,"Two-box screening emulator with scenario non-CO2 and aerosol forcing; not FAIR, not CMIP, and not publication-grade attribution."
aether_constant_emissions_58pct_rebound,"AETHER, 58% rebound",mitigation_with_aerosol_cleanup,Mitigation with aerosol cleanup,2080,470.778820,2.986661,0.570000,-0.130000,3.426661,2.017568,1.229992,0.752586,0.404192,"Two-box screening emulator with scenario non-CO2 and aerosol forcing; not FAIR, not CMIP, and not publication-grade attribution."
aether_constant_emissions_58pct_rebound,"AETHER, 58% rebound",mitigation_with_aerosol_cleanup,Mitigation with aerosol cleanup,2081,470.889067,2.987988,0.564000,-0.126000,3.425988,2.020466,1.237474,0.748197,0.407090,"Two-box screening emulator with scenario non-CO2 and aerosol forcing; not FAIR, not CMIP, and not publication-grade attribution."
aether_constant_emissions_58pct_rebound,"AETHER, 58% rebound",mitigation_with_aerosol_cleanup,Mitigation with aerosol cleanup,2082,471.001175,2.989338,0.558000,-0.122000,3.425338,2.023356,1.244913,0.743842,0.409980,"Two-box screening emulator with scenario non-CO2 and aerosol forcing; not FAIR, not CMIP, and not publication-grade attribution."
aether_constant_emissions_58pct_rebound,"AETHER, 58% rebound",mitigation_with_aerosol_cleanup,Mitigation with aerosol cleanup,2083,471.115086,2.990709,0.552000,-0.118000,3.424709,2.026239,1.252308,0.739522,0.412863,"Two-box screening emulator with scenario non-CO2 and aerosol forcing; not FAIR, not CMIP, and not publication-grade attribution."
aether_constant_emissions_58pct_rebound,"AETHER, 58% rebound",mitigation_with_aerosol_cleanup,Mitigation with aerosol cleanup,2084,471.230743,2.992101,0.546000,-0.114000,3.424101,2.029113,1.259660,0.735234,0.415737,"Two-box screening emulator with scenario non-CO2 and aerosol forcing; not FAIR, not CMIP, and not publication-grade attribution."
aether_constant_emissions_58pct_rebound,"AETHER, 58% rebound",mitigation_with_aerosol_cleanup,Mitigation with aerosol cleanup,2085,471.348092,2.993512,0.540000,-0.110000,3.423512,2.031979,1.266970,0.730980,0.418603,"Two-box screening emulator with scenario non-CO2 and aerosol forcing; not FAIR, not CMIP, and not publication-grade attribution."
aether_constant_emissions_58pct_rebound,"AETHER, 58% rebound",mitigation_with_aerosol_cleanup,Mitigation with aerosol cleanup,2086,471.467082,2.994944,0.534000,-0.106000,3.422944,2.034837,1.274238,0.726759,0.421461,"Two-box screening emulator with scenario non-CO2 and aerosol forcing; not FAIR, not CMIP, and not publication-grade attribution."
aether_constant_emissions_58pct_rebound,"AETHER, 58% rebound",mitigation_with_aerosol_cleanup,Mitigation with aerosol cleanup,2087,471.587662,2.996393,0.528000,-0.102000,3.422393,2.037686,1.281463,0.722570,0.424310,"Two-box screening emulator with scenario non-CO2 and aerosol forcing; not FAIR, not CMIP, and not publication-grade attribution."
aether_constant_emissions_58pct_rebound,"AETHER, 58% rebound",mitigation_with_aerosol_cleanup,Mitigation with aerosol cleanup,2088,471.709784,2.997862,0.522000,-0.098000,3.421862,2.040526,1.288647,0.718412,0.427150,"Two-box screening emulator with scenario non-CO2 and aerosol forcing; not FAIR, not CMIP, and not publication-grade attribution."
aether_constant_emissions_58pct_rebound,"AETHER, 58% rebound",mitigation_with_aerosol_cleanup,Mitigation with aerosol cleanup,2089,471.833401,2.999347,0.516000,-0.094000,3.421347,2.043357,1.295790,0.714285,0.429981,"Two-box screening emulator with scenario non-CO2 and aerosol forcing; not FAIR, not CMIP, and not publication-grade attribution."
aether_constant_emissions_58pct_rebound,"AETHER, 58% rebound",mitigation_with_aerosol_cleanup,Mitigation with aerosol cleanup,2090,471.958467,3.000850,0.510000,-0.090000,3.420850,2.046179,1.302892,0.710189,0.432803,"Two-box screening emulator with scenario non-CO2 and aerosol forcing; not FAIR, not CMIP, and not publication-grade attribution."
aether_constant_emissions_58pct_rebound,"AETHER, 58% rebound",mitigation_with_aerosol_cleanup,Mitigation with aerosol cleanup,2091,472.084938,3.002369,0.504000,-0.086000,3.420369,2.048992,1.309953,0.706123,0.435616,"Two-box screening emulator with scenario non-CO2 and aerosol forcing; not FAIR, not CMIP, and not publication-grade attribution."
aether_constant_emissions_58pct_rebound,"AETHER, 58% rebound",mitigation_with_aerosol_cleanup,Mitigation with aerosol cleanup,2092,472.212772,3.003904,0.498000,-0.082000,3.419904,2.051795,1.316974,0.702087,0.438419,"Two-box screening emulator with scenario non-CO2 and aerosol forcing; not FAIR, not CMIP, and not publication-grade attribution."
aether_constant_emissions_58pct_rebound,"AETHER, 58% rebound",mitigation_with_aerosol_cleanup,Mitigation with aerosol cleanup,2093,472.341927,3.005455,0.492000,-0.078000,3.419455,2.054589,1.323955,0.698080,0.441213,"Two-box screening emulator with scenario non-CO2 and aerosol forcing; not FAIR, not CMIP, and not publication-grade attribution."
aether_constant_emissions_58pct_rebound,"AETHER, 58% rebound",mitigation_with_aerosol_cleanup,Mitigation with aerosol cleanup,2094,472.472362,3.007020,0.486000,-0.074000,3.419020,2.057373,1.330896,0.694102,0.443996,"Two-box screening emulator with scenario non-CO2 and aerosol forcing; not FAIR, not CMIP, and not publication-grade attribution."
aether_constant_emissions_58pct_rebound,"AETHER, 58% rebound",mitigation_with_aerosol_cleanup,Mitigation with aerosol cleanup,2095,472.604038,3.008600,0.480000,-0.070000,3.418600,2.060147,1.337798,0.690153,0.446771,"Two-box screening emulator with scenario non-CO2 and aerosol forcing; not FAIR, not CMIP, and not publication-grade attribution."
aether_constant_emissions_58pct_rebound,"AETHER, 58% rebound",mitigation_with_aerosol_cleanup,Mitigation with aerosol cleanup,2096,472.736917,3.010194,0.474000,-0.066000,3.418194,2.062911,1.344660,0.686232,0.449535,"Two-box screening emulator with scenario non-CO2 and aerosol forcing; not FAIR, not CMIP, and not publication-grade attribution."
aether_constant_emissions_58pct_rebound,"AETHER, 58% rebound",mitigation_with_aerosol_cleanup,Mitigation with aerosol cleanup,2097,472.870963,3.011801,0.468000,-0.062000,3.417801,2.065665,1.351483,0.682338,0.452289,"Two-box screening emulator with scenario non-CO2 and aerosol forcing; not FAIR, not CMIP, and not publication-grade attribution."
aether_constant_emissions_58pct_rebound,"AETHER, 58% rebound",mitigation_with_aerosol_cleanup,Mitigation with aerosol cleanup,2098,473.006138,3.013422,0.462000,-0.058000,3.417422,2.068409,1.358268,0.678473,0.455033,"Two-box screening emulator with scenario non-CO2 and aerosol forcing; not FAIR, not CMIP, and not publication-grade attribution."
aether_constant_emissions_58pct_rebound,"AETHER, 58% rebound",mitigation_with_aerosol_cleanup,Mitigation with aerosol cleanup,2099,473.142408,3.015055,0.456000,-0.054000,3.417055,2.071143,1.365014,0.674634,0.457767,"Two-box screening emulator with scenario non-CO2 and aerosol forcing; not FAIR, not CMIP, and not publication-grade attribution."
aether_constant_emissions_58pct_rebound,"AETHER, 58% rebound",mitigation_with_aerosol_cleanup,Mitigation with aerosol cleanup,2100,473.279739,3.016701,0.450000,-0.050000,3.416701,2.073866,1.371723,0.670822,0.460490,"Two-box screening emulator with scenario non-CO2 and aerosol forcing; not FAIR, not CMIP, and not publication-grade attribution."
aether_constant_emissions_58pct_rebound,"AETHER, 58% rebound",nonco2_delay_aerosol_unmasking,Delayed non-CO2 mitigation plus aerosol unmasking,2026,433.940256,2.524677,1.200000,-0.700000,3.024677,1.613376,0.772719,0.795947,0.000000,"Two-box screening emulator with scenario non-CO2 and aerosol forcing; not FAIR, not CMIP, and not publication-grade attribution."
aether_constant_emissions_58pct_rebound,"AETHER, 58% rebound",nonco2_delay_aerosol_unmasking,Delayed non-CO2 mitigation plus aerosol unmasking,2027,438.751405,2.587193,1.197917,-0.677083,3.108026,1.629699,0.780705,0.798624,0.016323,"Two-box screening emulator with scenario non-CO2 and aerosol forcing; not FAIR, not CMIP, and not publication-grade attribution."
aether_constant_emissions_58pct_rebound,"AETHER, 58% rebound",nonco2_delay_aerosol_unmasking,Delayed non-CO2 mitigation plus aerosol unmasking,2028,443.044855,2.642406,1.195833,-0.654167,3.184072,1.649918,0.788771,0.806544,0.036542,"Two-box screening emulator with scenario non-CO2 and aerosol forcing; not FAIR, not CMIP, and not publication-grade attribution."
aether_constant_emissions_58pct_rebound,"AETHER, 58% rebound",nonco2_delay_aerosol_unmasking,Delayed non-CO2 mitigation plus aerosol unmasking,2029,446.885704,2.691347,1.193750,-0.631250,3.253847,1.672782,0.796952,0.818090,0.059406,"Two-box screening emulator with scenario non-CO2 and aerosol forcing; not FAIR, not CMIP, and not publication-grade attribution."
aether_constant_emissions_58pct_rebound,"AETHER, 58% rebound",nonco2_delay_aerosol_unmasking,Delayed non-CO2 mitigation plus aerosol unmasking,2030,450.326106,2.734829,1.191667,-0.608333,3.318162,1.697347,0.805272,0.832038,0.083971,"Two-box screening emulator with scenario non-CO2 and aerosol forcing; not FAIR, not CMIP, and not publication-grade attribution."
aether_constant_emissions_58pct_rebound,"AETHER, 58% rebound",nonco2_delay_aerosol_unmasking,Delayed non-CO2 mitigation plus aerosol unmasking,2031,453.407941,2.773498,1.189583,-0.585417,3.377665,1.722902,0.813747,0.847471,0.109526,"Two-box screening emulator with scenario non-CO2 and aerosol forcing; not FAIR, not CMIP, and not publication-grade attribution."
aether_constant_emissions_58pct_rebound,"AETHER, 58% rebound",nonco2_delay_aerosol_unmasking,Delayed non-CO2 mitigation plus aerosol unmasking,2032,456.164933,2.807870,1.187500,-0.562500,3.432870,1.748917,0.822384,0.863698,0.135541,"Two-box screening emulator with scenario non-CO2 and aerosol forcing; not FAIR, not CMIP, and not publication-grade attribution."
aether_constant_emissions_58pct_rebound,"AETHER, 58% rebound",nonco2_delay_aerosol_unmasking,Delayed non-CO2 mitigation plus aerosol unmasking,2033,458.624322,2.838356,1.185417,-0.539583,3.484189,1.774992,0.831186,0.880206,0.161616,"Two-box screening emulator with scenario non-CO2 and aerosol forcing; not FAIR, not CMIP, and not publication-grade attribution."
aether_constant_emissions_58pct_rebound,"AETHER, 58% rebound",nonco2_delay_aerosol_unmasking,Delayed non-CO2 mitigation plus aerosol unmasking,2034,460.808202,2.865290,1.183333,-0.516667,3.531957,1.800834,0.840152,0.896616,0.187458,"Two-box screening emulator with scenario non-CO2 and aerosol forcing; not FAIR, not CMIP, and not publication-grade attribution."
aether_constant_emissions_58pct_rebound,"AETHER, 58% rebound",nonco2_delay_aerosol_unmasking,Delayed non-CO2 mitigation plus aerosol unmasking,2035,462.734571,2.888943,1.181250,-0.493750,3.576443,1.826226,0.849278,0.912648,0.212850,"Two-box screening emulator with scenario non-CO2 and aerosol forcing; not FAIR, not CMIP, and not publication-grade attribution."
aether_constant_emissions_58pct_rebound,"AETHER, 58% rebound",nonco2_delay_aerosol_unmasking,Delayed non-CO2 mitigation plus aerosol unmasking,2036,464.418168,2.909534,1.179167,-0.470833,3.617868,1.851010,0.858559,0.928100,0.237634,"Two-box screening emulator with scenario non-CO2 and aerosol forcing; not FAIR, not CMIP, and not publication-grade attribution."
aether_constant_emissions_58pct_rebound,"AETHER, 58% rebound",nonco2_delay_aerosol_unmasking,Delayed non-CO2 mitigation plus aerosol unmasking,2037,465.871138,2.927245,1.177083,-0.447917,3.656412,1.875073,0.867988,0.942828,0.261697,"Two-box screening emulator with scenario non-CO2 and aerosol forcing; not FAIR, not CMIP, and not publication-grade attribution."
aether_constant_emissions_58pct_rebound,"AETHER, 58% rebound",nonco2_delay_aerosol_unmasking,Delayed non-CO2 mitigation plus aerosol unmasking,2038,467.103558,2.942224,1.175000,-0.425000,3.692224,1.898336,0.877555,0.956731,0.284960,"Two-box screening emulator with scenario non-CO2 and aerosol forcing; not FAIR, not CMIP, and not publication-grade attribution."
aether_constant_emissions_58pct_rebound,"AETHER, 58% rebound",nonco2_delay_aerosol_unmasking,Delayed non-CO2 mitigation plus aerosol unmasking,2039,468.123853,2.954595,1.172917,-0.402083,3.725429,1.920741,0.887252,0.969742,0.307365,"Two-box screening emulator with scenario non-CO2 and aerosol forcing; not FAIR, not CMIP, and not publication-grade attribution."
aether_constant_emissions_58pct_rebound,"AETHER, 58% rebound",nonco2_delay_aerosol_unmasking,Delayed non-CO2 mitigation plus aerosol unmasking,2040,468.939130,2.964461,1.170833,-0.379167,3.756128,1.942253,0.897071,0.981814,0.328877,"Two-box screening emulator with scenario non-CO2 and aerosol forcing; not FAIR, not CMIP, and not publication-grade attribution."
aether_constant_emissions_58pct_rebound,"AETHER, 58% rebound",nonco2_delay_aerosol_unmasking,Delayed non-CO2 mitigation plus aerosol unmasking,2041,469.555435,2.971908,1.168750,-0.356250,3.784408,1.962847,0.907000,0.992923,0.349471,"Two-box screening emulator with scenario non-CO2 and aerosol forcing; not FAIR, not CMIP, and not publication-grade attribution."
aether_constant_emissions_58pct_rebound,"AETHER, 58% rebound",nonco2_delay_aerosol_unmasking,Delayed non-CO2 mitigation plus aerosol unmasking,2042,469.977970,2.977007,1.166667,-0.333333,3.810341,1.982510,0.917030,1.003055,0.369134,"Two-box screening emulator with scenario non-CO2 and aerosol forcing; not FAIR, not CMIP, and not publication-grade attribution."
aether_constant_emissions_58pct_rebound,"AETHER, 58% rebound",nonco2_delay_aerosol_unmasking,Delayed non-CO2 mitigation plus aerosol unmasking,2043,470.211252,2.979821,1.164583,-0.310417,3.833988,2.001235,0.927152,1.012206,0.387859,"Two-box screening emulator with scenario non-CO2 and aerosol forcing; not FAIR, not CMIP, and not publication-grade attribution."
aether_constant_emissions_58pct_rebound,"AETHER, 58% rebound",nonco2_delay_aerosol_unmasking,Delayed non-CO2 mitigation plus aerosol unmasking,2044,470.259248,2.980400,1.162500,-0.287500,3.855400,2.019018,0.937356,1.020378,0.405642,"Two-box screening emulator with scenario non-CO2 and aerosol forcing; not FAIR, not CMIP, and not publication-grade attribution."
aether_constant_emissions_58pct_rebound,"AETHER, 58% rebound",nonco2_delay_aerosol_unmasking,Delayed non-CO2 mitigation plus aerosol unmasking,2045,470.125476,2.978787,1.160417,-0.264583,3.874620,2.035862,0.947632,1.027579,0.422486,"Two-box screening emulator with scenario non-CO2 and aerosol forcing; not FAIR, not CMIP, and not publication-grade attribution."
aether_constant_emissions_58pct_rebound,"AETHER, 58% rebound",nonco2_delay_aerosol_unmasking,Delayed non-CO2 mitigation plus aerosol unmasking,2046,469.813093,2.975018,1.158333,-0.241667,3.891685,2.051770,0.957970,1.033819,0.438393,"Two-box screening emulator with scenario non-CO2 and aerosol forcing; not FAIR, not CMIP, and not publication-grade attribution."
aether_constant_emissions_58pct_rebound,"AETHER, 58% rebound",nonco2_delay_aerosol_unmasking,Delayed non-CO2 mitigation plus aerosol unmasking,2047,469.569830,2.972082,1.156250,-0.218750,3.909582,2.066991,0.968361,1.039109,0.453615,"Two-box screening emulator with scenario non-CO2 and aerosol forcing; not FAIR, not CMIP, and not publication-grade attribution."
aether_constant_emissions_58pct_rebound,"AETHER, 58% rebound",nonco2_delay_aerosol_unmasking,Delayed non-CO2 mitigation plus aerosol unmasking,2048,469.382268,2.969816,1.154167,-0.195833,3.928150,2.081715,0.978798,1.043698,0.468339,"Two-box screening emulator with scenario non-CO2 and aerosol forcing; not FAIR, not CMIP, and not publication-grade attribution."
aether_constant_emissions_58pct_rebound,"AETHER, 58% rebound",nonco2_delay_aerosol_unmasking,Delayed non-CO2 mitigation plus aerosol unmasking,2049,469.239745,2.968095,1.152083,-0.172917,3.947261,2.096085,0.989276,1.047771,0.482709,"Two-box screening emulator with scenario non-CO2 and aerosol forcing; not FAIR, not CMIP, and not publication-grade attribution."
aether_constant_emissions_58pct_rebound,"AETHER, 58% rebound",nonco2_delay_aerosol_unmasking,Delayed non-CO2 mitigation plus aerosol unmasking,2050,469.133784,2.966814,1.150000,-0.150000,3.966814,2.110208,0.999791,1.051469,0.496832,"Two-box screening emulator with scenario non-CO2 and aerosol forcing; not FAIR, not CMIP, and not publication-grade attribution."
aether_constant_emissions_58pct_rebound,"AETHER, 58% rebound",nonco2_delay_aerosol_unmasking,Delayed non-CO2 mitigation plus aerosol unmasking,2051,469.057643,2.965894,1.148000,-0.148000,3.965894,2.122427,1.010340,1.054897,0.509051,"Two-box screening emulator with scenario non-CO2 and aerosol forcing; not FAIR, not CMIP, and not publication-grade attribution."
aether_constant_emissions_58pct_rebound,"AETHER, 58% rebound",nonco2_delay_aerosol_unmasking,Delayed non-CO2 mitigation plus aerosol unmasking,2052,469.005951,2.965269,1.146000,-0.146000,3.965269,2.133127,1.020904,1.056483,0.519751,"Two-box screening emulator with scenario non-CO2 and aerosol forcing; not FAIR, not CMIP, and not publication-grade attribution."
aether_constant_emissions_58pct_rebound,"AETHER, 58% rebound",nonco2_delay_aerosol_unmasking,Delayed non-CO2 mitigation plus aerosol unmasking,2053,468.974430,2.964888,1.144000,-0.144000,3.964888,2.142617,1.031471,1.056612,0.529241,"Two-box screening emulator with scenario non-CO2 and aerosol forcing; not FAIR, not CMIP, and not publication-grade attribution."
aether_constant_emissions_58pct_rebound,"AETHER, 58% rebound",nonco2_delay_aerosol_unmasking,Delayed non-CO2 mitigation plus aerosol unmasking,2054,468.959666,2.964709,1.142000,-0.142000,3.964709,2.151142,1.042026,1.055589,0.537766,"Two-box screening emulator with scenario non-CO2 and aerosol forcing; not FAIR, not CMIP, and not publication-grade attribution."
aether_constant_emissions_58pct_rebound,"AETHER, 58% rebound",nonco2_delay_aerosol_unmasking,Delayed non-CO2 mitigation plus aerosol unmasking,2055,468.958931,2.964700,1.140000,-0.140000,3.964700,2.158895,1.052563,1.053659,0.545519,"Two-box screening emulator with scenario non-CO2 and aerosol forcing; not FAIR, not CMIP, and not publication-grade attribution."
aether_constant_emissions_58pct_rebound,"AETHER, 58% rebound",nonco2_delay_aerosol_unmasking,Delayed non-CO2 mitigation plus aerosol unmasking,2056,468.970041,2.964835,1.138000,-0.138000,3.964835,2.166034,1.063073,1.051016,0.552658,"Two-box screening emulator with scenario non-CO2 and aerosol forcing; not FAIR, not CMIP, and not publication-grade attribution."
aether_constant_emissions_58pct_rebound,"AETHER, 58% rebound",nonco2_delay_aerosol_unmasking,Delayed non-CO2 mitigation plus aerosol unmasking,2057,468.991246,2.965091,1.136000,-0.136000,3.965091,2.172682,1.073551,1.047813,0.559306,"Two-box screening emulator with scenario non-CO2 and aerosol forcing; not FAIR, not CMIP, and not publication-grade attribution."
aether_constant_emissions_58pct_rebound,"AETHER, 58% rebound",nonco2_delay_aerosol_unmasking,Delayed non-CO2 mitigation plus aerosol unmasking,2058,469.021136,2.965452,1.134000,-0.134000,3.965452,2.178937,1.083993,1.044174,0.565561,"Two-box screening emulator with scenario non-CO2 and aerosol forcing; not FAIR, not CMIP, and not publication-grade attribution."
aether_constant_emissions_58pct_rebound,"AETHER, 58% rebound",nonco2_delay_aerosol_unmasking,Delayed non-CO2 mitigation plus aerosol unmasking,2059,469.058576,2.965905,1.132000,-0.132000,3.965905,2.184879,1.094395,1.040197,0.571503,"Two-box screening emulator with scenario non-CO2 and aerosol forcing; not FAIR, not CMIP, and not publication-grade attribution."
aether_constant_emissions_58pct_rebound,"AETHER, 58% rebound",nonco2_delay_aerosol_unmasking,Delayed non-CO2 mitigation plus aerosol unmasking,2060,469.102646,2.966438,1.130000,-0.130000,3.966438,2.190570,1.104755,1.035960,0.577194,"Two-box screening emulator with scenario non-CO2 and aerosol forcing; not FAIR, not CMIP, and not publication-grade attribution."
aether_constant_emissions_58pct_rebound,"AETHER, 58% rebound",nonco2_delay_aerosol_unmasking,Delayed non-CO2 mitigation plus aerosol unmasking,2061,469.152600,2.967041,1.128000,-0.128000,3.967041,2.196059,1.115070,1.031524,0.582683,"Two-box screening emulator with scenario non-CO2 and aerosol forcing; not FAIR, not CMIP, and not publication-grade attribution."
aether_constant_emissions_58pct_rebound,"AETHER, 58% rebound",nonco2_delay_aerosol_unmasking,Delayed non-CO2 mitigation plus aerosol unmasking,2062,469.207827,2.967709,1.126000,-0.126000,3.967709,2.201387,1.125339,1.026940,0.588011,"Two-box screening emulator with scenario non-CO2 and aerosol forcing; not FAIR, not CMIP, and not publication-grade attribution."
aether_constant_emissions_58pct_rebound,"AETHER, 58% rebound",nonco2_delay_aerosol_unmasking,Delayed non-CO2 mitigation plus aerosol unmasking,2063,469.267826,2.968434,1.124000,-0.124000,3.968434,2.206584,1.135562,1.022245,0.593208,"Two-box screening emulator with scenario non-CO2 and aerosol forcing; not FAIR, not CMIP, and not publication-grade attribution."
aether_constant_emissions_58pct_rebound,"AETHER, 58% rebound",nonco2_delay_aerosol_unmasking,Delayed non-CO2 mitigation plus aerosol unmasking,2064,469.332183,2.969211,1.122000,-0.122000,3.969211,2.211677,1.145736,1.017471,0.598301,"Two-box screening emulator with scenario non-CO2 and aerosol forcing; not FAIR, not CMIP, and not publication-grade attribution."
aether_constant_emissions_58pct_rebound,"AETHER, 58% rebound",nonco2_delay_aerosol_unmasking,Delayed non-CO2 mitigation plus aerosol unmasking,2065,469.400552,2.970037,1.120000,-0.120000,3.970037,2.216685,1.155863,1.012644,0.603309,"Two-box screening emulator with scenario non-CO2 and aerosol forcing; not FAIR, not CMIP, and not publication-grade attribution."
aether_constant_emissions_58pct_rebound,"AETHER, 58% rebound",nonco2_delay_aerosol_unmasking,Delayed non-CO2 mitigation plus aerosol unmasking,2066,469.472646,2.970908,1.118000,-0.118000,3.970908,2.221624,1.165941,1.007781,0.608248,"Two-box screening emulator with scenario non-CO2 and aerosol forcing; not FAIR, not CMIP, and not publication-grade attribution."
aether_constant_emissions_58pct_rebound,"AETHER, 58% rebound",nonco2_delay_aerosol_unmasking,Delayed non-CO2 mitigation plus aerosol unmasking,2067,469.548218,2.971821,1.116000,-0.116000,3.971821,2.226507,1.175970,1.002899,0.613131,"Two-box screening emulator with scenario non-CO2 and aerosol forcing; not FAIR, not CMIP, and not publication-grade attribution."
aether_constant_emissions_58pct_rebound,"AETHER, 58% rebound",nonco2_delay_aerosol_unmasking,Delayed non-CO2 mitigation plus aerosol unmasking,2068,469.627060,2.972772,1.114000,-0.114000,3.972772,2.231344,1.185950,0.998010,0.617967,"Two-box screening emulator with scenario non-CO2 and aerosol forcing; not FAIR, not CMIP, and not publication-grade attribution."
aether_constant_emissions_58pct_rebound,"AETHER, 58% rebound",nonco2_delay_aerosol_unmasking,Delayed non-CO2 mitigation plus aerosol unmasking,2069,469.708989,2.973762,1.112000,-0.112000,3.973762,2.236142,1.195881,0.993124,0.622766,"Two-box screening emulator with scenario non-CO2 and aerosol forcing; not FAIR, not CMIP, and not publication-grade attribution."
aether_constant_emissions_58pct_rebound,"AETHER, 58% rebound",nonco2_delay_aerosol_unmasking,Delayed non-CO2 mitigation plus aerosol unmasking,2070,469.793850,2.974786,1.110000,-0.110000,3.974786,2.240908,1.205764,0.988248,0.627532,"Two-box screening emulator with scenario non-CO2 and aerosol forcing; not FAIR, not CMIP, and not publication-grade attribution."
aether_constant_emissions_58pct_rebound,"AETHER, 58% rebound",nonco2_delay_aerosol_unmasking,Delayed non-CO2 mitigation plus aerosol unmasking,2071,469.881502,2.975844,1.108000,-0.108000,3.975844,2.245647,1.215597,0.983387,0.632271,"Two-box screening emulator with scenario non-CO2 and aerosol forcing; not FAIR, not CMIP, and not publication-grade attribution."
aether_constant_emissions_58pct_rebound,"AETHER, 58% rebound",nonco2_delay_aerosol_unmasking,Delayed non-CO2 mitigation plus aerosol unmasking,2072,469.971821,2.976933,1.106000,-0.106000,3.976933,2.250362,1.225383,0.978547,0.636986,"Two-box screening emulator with scenario non-CO2 and aerosol forcing; not FAIR, not CMIP, and not publication-grade attribution."
aether_constant_emissions_58pct_rebound,"AETHER, 58% rebound",nonco2_delay_aerosol_unmasking,Delayed non-CO2 mitigation plus aerosol unmasking,2073,470.064698,2.978054,1.104000,-0.104000,3.978054,2.255058,1.235120,0.973731,0.641682,"Two-box screening emulator with scenario non-CO2 and aerosol forcing; not FAIR, not CMIP, and not publication-grade attribution."
aether_constant_emissions_58pct_rebound,"AETHER, 58% rebound",nonco2_delay_aerosol_unmasking,Delayed non-CO2 mitigation plus aerosol unmasking,2074,470.160029,2.979203,1.102000,-0.102000,3.979203,2.259736,1.244810,0.968941,0.646360,"Two-box screening emulator with scenario non-CO2 and aerosol forcing; not FAIR, not CMIP, and not publication-grade attribution."
aether_constant_emissions_58pct_rebound,"AETHER, 58% rebound",nonco2_delay_aerosol_unmasking,Delayed non-CO2 mitigation plus aerosol unmasking,2075,470.257723,2.980381,1.100000,-0.100000,3.980381,2.264398,1.254451,0.964180,0.651022,"Two-box screening emulator with scenario non-CO2 and aerosol forcing; not FAIR, not CMIP, and not publication-grade attribution."
aether_constant_emissions_58pct_rebound,"AETHER, 58% rebound",nonco2_delay_aerosol_unmasking,Delayed non-CO2 mitigation plus aerosol unmasking,2076,470.357694,2.981587,1.098000,-0.098000,3.981587,2.269046,1.264046,0.959450,0.655670,"Two-box screening emulator with scenario non-CO2 and aerosol forcing; not FAIR, not CMIP, and not publication-grade attribution."
aether_constant_emissions_58pct_rebound,"AETHER, 58% rebound",nonco2_delay_aerosol_unmasking,Delayed non-CO2 mitigation plus aerosol unmasking,2077,470.459862,2.982818,1.096000,-0.096000,3.982818,2.273681,1.273593,0.954750,0.660305,"Two-box screening emulator with scenario non-CO2 and aerosol forcing; not FAIR, not CMIP, and not publication-grade attribution."
aether_constant_emissions_58pct_rebound,"AETHER, 58% rebound",nonco2_delay_aerosol_unmasking,Delayed non-CO2 mitigation plus aerosol unmasking,2078,470.564152,2.984075,1.094000,-0.094000,3.984075,2.278303,1.283094,0.950083,0.664927,"Two-box screening emulator with scenario non-CO2 and aerosol forcing; not FAIR, not CMIP, and not publication-grade attribution."
aether_constant_emissions_58pct_rebound,"AETHER, 58% rebound",nonco2_delay_aerosol_unmasking,Delayed non-CO2 mitigation plus aerosol unmasking,2079,470.670493,2.985356,1.092000,-0.092000,3.985356,2.282914,1.292549,0.945449,0.669538,"Two-box screening emulator with scenario non-CO2 and aerosol forcing; not FAIR, not CMIP, and not publication-grade attribution."
aether_constant_emissions_58pct_rebound,"AETHER, 58% rebound",nonco2_delay_aerosol_unmasking,Delayed non-CO2 mitigation plus aerosol unmasking,2080,470.778820,2.986661,1.090000,-0.090000,3.986661,2.287514,1.301957,0.940847,0.674138,"Two-box screening emulator with scenario non-CO2 and aerosol forcing; not FAIR, not CMIP, and not publication-grade attribution."
aether_constant_emissions_58pct_rebound,"AETHER, 58% rebound",nonco2_delay_aerosol_unmasking,Delayed non-CO2 mitigation plus aerosol unmasking,2081,470.889067,2.987988,1.088000,-0.088000,3.987988,2.292103,1.311320,0.936279,0.678727,"Two-box screening emulator with scenario non-CO2 and aerosol forcing; not FAIR, not CMIP, and not publication-grade attribution."
aether_constant_emissions_58pct_rebound,"AETHER, 58% rebound",nonco2_delay_aerosol_unmasking,Delayed non-CO2 mitigation plus aerosol unmasking,2082,471.001175,2.989338,1.086000,-0.086000,3.989338,2.296681,1.320637,0.931744,0.683305,"Two-box screening emulator with scenario non-CO2 and aerosol forcing; not FAIR, not CMIP, and not publication-grade attribution."
aether_constant_emissions_58pct_rebound,"AETHER, 58% rebound",nonco2_delay_aerosol_unmasking,Delayed non-CO2 mitigation plus aerosol unmasking,2083,471.115086,2.990709,1.084000,-0.084000,3.990709,2.301249,1.329910,0.927241,0.687873,"Two-box screening emulator with scenario non-CO2 and aerosol forcing; not FAIR, not CMIP, and not publication-grade attribution."
aether_constant_emissions_58pct_rebound,"AETHER, 58% rebound",nonco2_delay_aerosol_unmasking,Delayed non-CO2 mitigation plus aerosol unmasking,2084,471.230743,2.992101,1.082000,-0.082000,3.992101,2.305807,1.339138,0.922772,0.692431,"Two-box screening emulator with scenario non-CO2 and aerosol forcing; not FAIR, not CMIP, and not publication-grade attribution."
aether_constant_emissions_58pct_rebound,"AETHER, 58% rebound",nonco2_delay_aerosol_unmasking,Delayed non-CO2 mitigation plus aerosol unmasking,2085,471.348092,2.993512,1.080000,-0.080000,3.993512,2.310354,1.348321,0.918336,0.696978,"Two-box screening emulator with scenario non-CO2 and aerosol forcing; not FAIR, not CMIP, and not publication-grade attribution."
aether_constant_emissions_58pct_rebound,"AETHER, 58% rebound",nonco2_delay_aerosol_unmasking,Delayed non-CO2 mitigation plus aerosol unmasking,2086,471.467082,2.994944,1.078000,-0.078000,3.994944,2.314892,1.357460,0.913932,0.701515,"Two-box screening emulator with scenario non-CO2 and aerosol forcing; not FAIR, not CMIP, and not publication-grade attribution."
aether_constant_emissions_58pct_rebound,"AETHER, 58% rebound",nonco2_delay_aerosol_unmasking,Delayed non-CO2 mitigation plus aerosol unmasking,2087,471.587662,2.996393,1.076000,-0.076000,3.996393,2.319419,1.366556,0.909560,0.706043,"Two-box screening emulator with scenario non-CO2 and aerosol forcing; not FAIR, not CMIP, and not publication-grade attribution."
aether_constant_emissions_58pct_rebound,"AETHER, 58% rebound",nonco2_delay_aerosol_unmasking,Delayed non-CO2 mitigation plus aerosol unmasking,2088,471.709784,2.997862,1.074000,-0.074000,3.997862,2.323936,1.375608,0.905220,0.710560,"Two-box screening emulator with scenario non-CO2 and aerosol forcing; not FAIR, not CMIP, and not publication-grade attribution."
aether_constant_emissions_58pct_rebound,"AETHER, 58% rebound",nonco2_delay_aerosol_unmasking,Delayed non-CO2 mitigation plus aerosol unmasking,2089,471.833401,2.999347,1.072000,-0.072000,3.999347,2.328442,1.384617,0.900911,0.715066,"Two-box screening emulator with scenario non-CO2 and aerosol forcing; not FAIR, not CMIP, and not publication-grade attribution."
aether_constant_emissions_58pct_rebound,"AETHER, 58% rebound",nonco2_delay_aerosol_unmasking,Delayed non-CO2 mitigation plus aerosol unmasking,2090,471.958467,3.000850,1.070000,-0.070000,4.000850,2.332939,1.393583,0.896634,0.719563,"Two-box screening emulator with scenario non-CO2 and aerosol forcing; not FAIR, not CMIP, and not publication-grade attribution."
aether_constant_emissions_58pct_rebound,"AETHER, 58% rebound",nonco2_delay_aerosol_unmasking,Delayed non-CO2 mitigation plus aerosol unmasking,2091,472.084938,3.002369,1.068000,-0.068000,4.002369,2.337425,1.402507,0.892387,0.724049,"Two-box screening emulator with scenario non-CO2 and aerosol forcing; not FAIR, not CMIP, and not publication-grade attribution."
aether_constant_emissions_58pct_rebound,"AETHER, 58% rebound",nonco2_delay_aerosol_unmasking,Delayed non-CO2 mitigation plus aerosol unmasking,2092,472.212772,3.003904,1.066000,-0.066000,4.003904,2.341900,1.411389,0.888171,0.728524,"Two-box screening emulator with scenario non-CO2 and aerosol forcing; not FAIR, not CMIP, and not publication-grade attribution."
aether_constant_emissions_58pct_rebound,"AETHER, 58% rebound",nonco2_delay_aerosol_unmasking,Delayed non-CO2 mitigation plus aerosol unmasking,2093,472.341927,3.005455,1.064000,-0.064000,4.005455,2.346365,1.420229,0.883986,0.732989,"Two-box screening emulator with scenario non-CO2 and aerosol forcing; not FAIR, not CMIP, and not publication-grade attribution."
aether_constant_emissions_58pct_rebound,"AETHER, 58% rebound",nonco2_delay_aerosol_unmasking,Delayed non-CO2 mitigation plus aerosol unmasking,2094,472.472362,3.007020,1.062000,-0.062000,4.007020,2.350820,1.429027,0.879829,0.737443,"Two-box screening emulator with scenario non-CO2 and aerosol forcing; not FAIR, not CMIP, and not publication-grade attribution."
aether_constant_emissions_58pct_rebound,"AETHER, 58% rebound",nonco2_delay_aerosol_unmasking,Delayed non-CO2 mitigation plus aerosol unmasking,2095,472.604038,3.008600,1.060000,-0.060000,4.008600,2.355263,1.437784,0.875703,0.741887,"Two-box screening emulator with scenario non-CO2 and aerosol forcing; not FAIR, not CMIP, and not publication-grade attribution."
aether_constant_emissions_58pct_rebound,"AETHER, 58% rebound",nonco2_delay_aerosol_unmasking,Delayed non-CO2 mitigation plus aerosol unmasking,2096,472.736917,3.010194,1.058000,-0.058000,4.010194,2.359696,1.446500,0.871605,0.746320,"Two-box screening emulator with scenario non-CO2 and aerosol forcing; not FAIR, not CMIP, and not publication-grade attribution."
aether_constant_emissions_58pct_rebound,"AETHER, 58% rebound",nonco2_delay_aerosol_unmasking,Delayed non-CO2 mitigation plus aerosol unmasking,2097,472.870963,3.011801,1.056000,-0.056000,4.011801,2.364118,1.455176,0.867536,0.750742,"Two-box screening emulator with scenario non-CO2 and aerosol forcing; not FAIR, not CMIP, and not publication-grade attribution."
aether_constant_emissions_58pct_rebound,"AETHER, 58% rebound",nonco2_delay_aerosol_unmasking,Delayed non-CO2 mitigation plus aerosol unmasking,2098,473.006138,3.013422,1.054000,-0.054000,4.013422,2.368529,1.463811,0.863495,0.755153,"Two-box screening emulator with scenario non-CO2 and aerosol forcing; not FAIR, not CMIP, and not publication-grade attribution."
aether_constant_emissions_58pct_rebound,"AETHER, 58% rebound",nonco2_delay_aerosol_unmasking,Delayed non-CO2 mitigation plus aerosol unmasking,2099,473.142408,3.015055,1.052000,-0.052000,4.015055,2.372929,1.472405,0.859482,0.759553,"Two-box screening emulator with scenario non-CO2 and aerosol forcing; not FAIR, not CMIP, and not publication-grade attribution."
aether_constant_emissions_58pct_rebound,"AETHER, 58% rebound",nonco2_delay_aerosol_unmasking,Delayed non-CO2 mitigation plus aerosol unmasking,2100,473.279739,3.016701,1.050000,-0.050000,4.016701,2.377318,1.480960,0.855497,0.763942,"Two-box screening emulator with scenario non-CO2 and aerosol forcing; not FAIR, not CMIP, and not publication-grade attribution."
aether_constant_emissions_58pct_rebound,"AETHER, 58% rebound",active_full_forcing_management,Active full-forcing management,2026,433.940256,2.524677,1.200000,-0.700000,3.024677,1.613376,0.772719,0.795947,0.000000,"Two-box screening emulator with scenario non-CO2 and aerosol forcing; not FAIR, not CMIP, and not publication-grade attribution."
aether_constant_emissions_58pct_rebound,"AETHER, 58% rebound",active_full_forcing_management,Active full-forcing management,2027,438.751405,2.587193,1.172917,-0.677083,3.083026,1.627616,0.780705,0.798624,0.014240,"Two-box screening emulator with scenario non-CO2 and aerosol forcing; not FAIR, not CMIP, and not publication-grade attribution."
aether_constant_emissions_58pct_rebound,"AETHER, 58% rebound",active_full_forcing_management,Active full-forcing management,2028,443.044855,2.642406,1.145833,-0.654167,3.134072,1.644060,0.788751,0.804565,0.030684,"Two-box screening emulator with scenario non-CO2 and aerosol forcing; not FAIR, not CMIP, and not publication-grade attribution."
aether_constant_emissions_58pct_rebound,"AETHER, 58% rebound",active_full_forcing_management,Active full-forcing management,2029,446.885704,2.691347,1.118750,-0.631250,3.178847,1.661776,0.796876,0.812544,0.048399,"Two-box screening emulator with scenario non-CO2 and aerosol forcing; not FAIR, not CMIP, and not publication-grade attribution."
aether_constant_emissions_58pct_rebound,"AETHER, 58% rebound",active_full_forcing_management,Active full-forcing management,2030,450.326106,2.734829,1.091667,-0.608333,3.218162,1.680074,0.805093,0.821654,0.066698,"Two-box screening emulator with scenario non-CO2 and aerosol forcing; not FAIR, not CMIP, and not publication-grade attribution."
aether_constant_emissions_58pct_rebound,"AETHER, 58% rebound",active_full_forcing_management,Active full-forcing management,2031,453.407941,2.773498,1.064583,-0.585417,3.252665,1.698452,0.813405,0.831232,0.085076,"Two-box screening emulator with scenario non-CO2 and aerosol forcing; not FAIR, not CMIP, and not publication-grade attribution."
aether_constant_emissions_58pct_rebound,"AETHER, 58% rebound",active_full_forcing_management,Active full-forcing management,2032,456.164933,2.807870,1.037500,-0.562500,3.282870,1.716544,0.821813,0.840794,0.103168,"Two-box screening emulator with scenario non-CO2 and aerosol forcing; not FAIR, not CMIP, and not publication-grade attribution."
aether_constant_emissions_58pct_rebound,"AETHER, 58% rebound",active_full_forcing_management,Active full-forcing management,2033,458.624322,2.838356,1.010417,-0.539583,3.309189,1.734088,0.830313,0.849994,0.120711,"Two-box screening emulator with scenario non-CO2 and aerosol forcing; not FAIR, not CMIP, and not publication-grade attribution."
aether_constant_emissions_58pct_rebound,"AETHER, 58% rebound",active_full_forcing_management,Active full-forcing management,2034,460.808202,2.865290,0.983333,-0.516667,3.331957,1.750897,0.838899,0.858586,0.137521,"Two-box screening emulator with scenario non-CO2 and aerosol forcing; not FAIR, not CMIP, and not publication-grade attribution."
aether_constant_emissions_58pct_rebound,"AETHER, 58% rebound",active_full_forcing_management,Active full-forcing management,2035,462.734571,2.888943,0.956250,-0.493750,3.351443,1.766845,0.847563,0.866398,0.153469,"Two-box screening emulator with scenario non-CO2 and aerosol forcing; not FAIR, not CMIP, and not publication-grade attribution."
aether_constant_emissions_58pct_rebound,"AETHER, 58% rebound",active_full_forcing_management,Active full-forcing management,2036,464.418168,2.909534,0.929167,-0.470833,3.367868,1.781843,0.856296,0.873318,0.168467,"Two-box screening emulator with scenario non-CO2 and aerosol forcing; not FAIR, not CMIP, and not publication-grade attribution."
aether_constant_emissions_58pct_rebound,"AETHER, 58% rebound",active_full_forcing_management,Active full-forcing management,2037,465.871138,2.927245,0.902083,-0.447917,3.381412,1.795837,0.865089,0.879270,0.182461,"Two-box screening emulator with scenario non-CO2 and aerosol forcing; not FAIR, not CMIP, and not publication-grade attribution."
aether_constant_emissions_58pct_rebound,"AETHER, 58% rebound",active_full_forcing_management,Active full-forcing management,2038,467.103558,2.942224,0.875000,-0.425000,3.392224,1.808793,0.873931,0.884211,0.195417,"Two-box screening emulator with scenario non-CO2 and aerosol forcing; not FAIR, not CMIP, and not publication-grade attribution."
aether_constant_emissions_58pct_rebound,"AETHER, 58% rebound",active_full_forcing_management,Active full-forcing management,2039,468.123853,2.954595,0.847917,-0.402083,3.400429,1.820692,0.882812,0.888119,0.207316,"Two-box screening emulator with scenario non-CO2 and aerosol forcing; not FAIR, not CMIP, and not publication-grade attribution."
aether_constant_emissions_58pct_rebound,"AETHER, 58% rebound",active_full_forcing_management,Active full-forcing management,2040,468.939130,2.964461,0.820833,-0.379167,3.406128,1.831528,0.891722,0.890986,0.218152,"Two-box screening emulator with scenario non-CO2 and aerosol forcing; not FAIR, not CMIP, and not publication-grade attribution."
aether_constant_emissions_58pct_rebound,"AETHER, 58% rebound",active_full_forcing_management,Active full-forcing management,2041,469.555435,2.971908,0.793750,-0.356250,3.409408,1.841302,0.900650,0.892816,0.227926,"Two-box screening emulator with scenario non-CO2 and aerosol forcing; not FAIR, not CMIP, and not publication-grade attribution."
aether_constant_emissions_58pct_rebound,"AETHER, 58% rebound",active_full_forcing_management,Active full-forcing management,2042,469.977970,2.977007,0.766667,-0.333333,3.410341,1.850020,0.909586,0.893620,0.236644,"Two-box screening emulator with scenario non-CO2 and aerosol forcing; not FAIR, not CMIP, and not publication-grade attribution."
aether_constant_emissions_58pct_rebound,"AETHER, 58% rebound",active_full_forcing_management,Active full-forcing management,2043,470.211252,2.979821,0.739583,-0.310417,3.408988,1.857691,0.918520,0.893412,0.244315,"Two-box screening emulator with scenario non-CO2 and aerosol forcing; not FAIR, not CMIP, and not publication-grade attribution."
aether_constant_emissions_58pct_rebound,"AETHER, 58% rebound",active_full_forcing_management,Active full-forcing management,2044,470.259248,2.980400,0.712500,-0.287500,3.405400,1.864325,0.927443,0.892212,0.250949,"Two-box screening emulator with scenario non-CO2 and aerosol forcing; not FAIR, not CMIP, and not publication-grade attribution."
aether_constant_emissions_58pct_rebound,"AETHER, 58% rebound",active_full_forcing_management,Active full-forcing management,2045,470.125476,2.978787,0.685417,-0.264583,3.399620,1.869935,0.936343,0.890039,0.256559,"Two-box screening emulator with scenario non-CO2 and aerosol forcing; not FAIR, not CMIP, and not publication-grade attribution."
aether_constant_emissions_58pct_rebound,"AETHER, 58% rebound",active_full_forcing_management,Active full-forcing management,2046,469.813093,2.975018,0.658333,-0.241667,3.391685,1.874531,0.945212,0.886912,0.261155,"Two-box screening emulator with scenario non-CO2 and aerosol forcing; not FAIR, not CMIP, and not publication-grade attribution."
aether_constant_emissions_58pct_rebound,"AETHER, 58% rebound",active_full_forcing_management,Active full-forcing management,2047,469.569830,2.972082,0.631250,-0.218750,3.384582,1.878372,0.954041,0.882853,0.264996,"Two-box screening emulator with scenario non-CO2 and aerosol forcing; not FAIR, not CMIP, and not publication-grade attribution."
aether_constant_emissions_58pct_rebound,"AETHER, 58% rebound",active_full_forcing_management,Active full-forcing management,2048,469.382268,2.969816,0.604167,-0.195833,3.378150,1.881653,0.962822,0.878115,0.268277,"Two-box screening emulator with scenario non-CO2 and aerosol forcing; not FAIR, not CMIP, and not publication-grade attribution."
aether_constant_emissions_58pct_rebound,"AETHER, 58% rebound",active_full_forcing_management,Active full-forcing management,2049,469.239745,2.968095,0.577083,-0.172917,3.372261,1.884520,0.971551,0.872890,0.271144,"Two-box screening emulator with scenario non-CO2 and aerosol forcing; not FAIR, not CMIP, and not publication-grade attribution."
aether_constant_emissions_58pct_rebound,"AETHER, 58% rebound",active_full_forcing_management,Active full-forcing management,2050,469.133784,2.966814,0.550000,-0.150000,3.366814,1.887084,0.980224,0.867321,0.273708,"Two-box screening emulator with scenario non-CO2 and aerosol forcing; not FAIR, not CMIP, and not publication-grade attribution."
aether_constant_emissions_58pct_rebound,"AETHER, 58% rebound",active_full_forcing_management,Active full-forcing management,2051,469.057643,2.965894,0.543000,-0.147000,3.361894,1.889442,0.988839,0.861518,0.276066,"Two-box screening emulator with scenario non-CO2 and aerosol forcing; not FAIR, not CMIP, and not publication-grade attribution."
aether_constant_emissions_58pct_rebound,"AETHER, 58% rebound",active_full_forcing_management,Active full-forcing management,2052,469.005951,2.965269,0.536000,-0.144000,3.357269,1.891653,0.997395,0.855573,0.278277,"Two-box screening emulator with scenario non-CO2 and aerosol forcing; not FAIR, not CMIP, and not publication-grade attribution."
aether_constant_emissions_58pct_rebound,"AETHER, 58% rebound",active_full_forcing_management,Active full-forcing management,2053,468.974430,2.964888,0.529000,-0.141000,3.352888,1.893759,1.005890,0.849545,0.280383,"Two-box screening emulator with scenario non-CO2 and aerosol forcing; not FAIR, not CMIP, and not publication-grade attribution."
aether_constant_emissions_58pct_rebound,"AETHER, 58% rebound",active_full_forcing_management,Active full-forcing management,2054,468.959666,2.964709,0.522000,-0.138000,3.348709,1.895793,1.014325,0.843476,0.282417,"Two-box screening emulator with scenario non-CO2 and aerosol forcing; not FAIR, not CMIP, and not publication-grade attribution."
aether_constant_emissions_58pct_rebound,"AETHER, 58% rebound",active_full_forcing_management,Active full-forcing management,2055,468.958931,2.964700,0.515000,-0.135000,3.344700,1.897778,1.022699,0.837395,0.284402,"Two-box screening emulator with scenario non-CO2 and aerosol forcing; not FAIR, not CMIP, and not publication-grade attribution."
aether_constant_emissions_58pct_rebound,"AETHER, 58% rebound",active_full_forcing_management,Active full-forcing management,2056,468.970041,2.964835,0.508000,-0.132000,3.340835,1.899730,1.031012,0.831325,0.286354,"Two-box screening emulator with scenario non-CO2 and aerosol forcing; not FAIR, not CMIP, and not publication-grade attribution."
aether_constant_emissions_58pct_rebound,"AETHER, 58% rebound",active_full_forcing_management,Active full-forcing management,2057,468.991246,2.965091,0.501000,-0.129000,3.337091,1.901660,1.039265,0.825282,0.288284,"Two-box screening emulator with scenario non-CO2 and aerosol forcing; not FAIR, not CMIP, and not publication-grade attribution."
aether_constant_emissions_58pct_rebound,"AETHER, 58% rebound",active_full_forcing_management,Active full-forcing management,2058,469.021136,2.965452,0.494000,-0.126000,3.333452,1.903577,1.047458,0.819275,0.290201,"Two-box screening emulator with scenario non-CO2 and aerosol forcing; not FAIR, not CMIP, and not publication-grade attribution."
aether_constant_emissions_58pct_rebound,"AETHER, 58% rebound",active_full_forcing_management,Active full-forcing management,2059,469.058576,2.965905,0.487000,-0.123000,3.329905,1.905486,1.055591,0.813313,0.292110,"Two-box screening emulator with scenario non-CO2 and aerosol forcing; not FAIR, not CMIP, and not publication-grade attribution."
aether_constant_emissions_58pct_rebound,"AETHER, 58% rebound",active_full_forcing_management,Active full-forcing management,2060,469.102646,2.966438,0.480000,-0.120000,3.326438,1.907390,1.063665,0.807400,0.294014,"Two-box screening emulator with scenario non-CO2 and aerosol forcing; not FAIR, not CMIP, and not publication-grade attribution."
aether_constant_emissions_58pct_rebound,"AETHER, 58% rebound",active_full_forcing_management,Active full-forcing management,2061,469.152600,2.967041,0.473000,-0.117000,3.323041,1.909292,1.071680,0.801539,0.295916,"Two-box screening emulator with scenario non-CO2 and aerosol forcing; not FAIR, not CMIP, and not publication-grade attribution."
aether_constant_emissions_58pct_rebound,"AETHER, 58% rebound",active_full_forcing_management,Active full-forcing management,2062,469.207827,2.967709,0.466000,-0.114000,3.319709,1.911192,1.079638,0.795731,0.297816,"Two-box screening emulator with scenario non-CO2 and aerosol forcing; not FAIR, not CMIP, and not publication-grade attribution."
aether_constant_emissions_58pct_rebound,"AETHER, 58% rebound",active_full_forcing_management,Active full-forcing management,2063,469.267826,2.968434,0.459000,-0.111000,3.316434,1.913092,1.087537,0.789977,0.299716,"Two-box screening emulator with scenario non-CO2 and aerosol forcing; not FAIR, not CMIP, and not publication-grade attribution."
aether_constant_emissions_58pct_rebound,"AETHER, 58% rebound",active_full_forcing_management,Active full-forcing management,2064,469.332183,2.969211,0.452000,-0.108000,3.313211,1.914991,1.095380,0.784277,0.301615,"Two-box screening emulator with scenario non-CO2 and aerosol forcing; not FAIR, not CMIP, and not publication-grade attribution."
aether_constant_emissions_58pct_rebound,"AETHER, 58% rebound",active_full_forcing_management,Active full-forcing management,2065,469.400552,2.970037,0.445000,-0.105000,3.310037,1.916888,1.103166,0.778630,0.303512,"Two-box screening emulator with scenario non-CO2 and aerosol forcing; not FAIR, not CMIP, and not publication-grade attribution."
aether_constant_emissions_58pct_rebound,"AETHER, 58% rebound",active_full_forcing_management,Active full-forcing management,2066,469.472646,2.970908,0.438000,-0.102000,3.306908,1.918784,1.110897,0.773035,0.305408,"Two-box screening emulator with scenario non-CO2 and aerosol forcing; not FAIR, not CMIP, and not publication-grade attribution."
aether_constant_emissions_58pct_rebound,"AETHER, 58% rebound",active_full_forcing_management,Active full-forcing management,2067,469.548218,2.971821,0.431000,-0.099000,3.303821,1.920677,1.118572,0.767493,0.307301,"Two-box screening emulator with scenario non-CO2 and aerosol forcing; not FAIR, not CMIP, and not publication-grade attribution."
aether_constant_emissions_58pct_rebound,"AETHER, 58% rebound",active_full_forcing_management,Active full-forcing management,2068,469.627060,2.972772,0.424000,-0.096000,3.300772,1.922568,1.126192,0.762000,0.309192,"Two-box screening emulator with scenario non-CO2 and aerosol forcing; not FAIR, not CMIP, and not publication-grade attribution."
aether_constant_emissions_58pct_rebound,"AETHER, 58% rebound",active_full_forcing_management,Active full-forcing management,2069,469.708989,2.973762,0.417000,-0.093000,3.297762,1.924454,1.133757,0.756557,0.311078,"Two-box screening emulator with scenario non-CO2 and aerosol forcing; not FAIR, not CMIP, and not publication-grade attribution."
aether_constant_emissions_58pct_rebound,"AETHER, 58% rebound",active_full_forcing_management,Active full-forcing management,2070,469.793850,2.974786,0.410000,-0.090000,3.294786,1.926337,1.141269,0.751162,0.312961,"Two-box screening emulator with scenario non-CO2 and aerosol forcing; not FAIR, not CMIP, and not publication-grade attribution."
aether_constant_emissions_58pct_rebound,"AETHER, 58% rebound",active_full_forcing_management,Active full-forcing management,2071,469.881502,2.975844,0.403000,-0.087000,3.291844,1.928214,1.148727,0.745814,0.314838,"Two-box screening emulator with scenario non-CO2 and aerosol forcing; not FAIR, not CMIP, and not publication-grade attribution."
aether_constant_emissions_58pct_rebound,"AETHER, 58% rebound",active_full_forcing_management,Active full-forcing management,2072,469.971821,2.976933,0.396000,-0.084000,3.288933,1.930086,1.156132,0.740513,0.316710,"Two-box screening emulator with scenario non-CO2 and aerosol forcing; not FAIR, not CMIP, and not publication-grade attribution."
aether_constant_emissions_58pct_rebound,"AETHER, 58% rebound",active_full_forcing_management,Active full-forcing management,2073,470.064698,2.978054,0.389000,-0.081000,3.286054,1.931951,1.163485,0.735256,0.318575,"Two-box screening emulator with scenario non-CO2 and aerosol forcing; not FAIR, not CMIP, and not publication-grade attribution."
aether_constant_emissions_58pct_rebound,"AETHER, 58% rebound",active_full_forcing_management,Active full-forcing management,2074,470.160029,2.979203,0.382000,-0.078000,3.283203,1.933810,1.170785,0.730043,0.320434,"Two-box screening emulator with scenario non-CO2 and aerosol forcing; not FAIR, not CMIP, and not publication-grade attribution."
aether_constant_emissions_58pct_rebound,"AETHER, 58% rebound",active_full_forcing_management,Active full-forcing management,2075,470.257723,2.980381,0.375000,-0.075000,3.280381,1.935661,1.178034,0.724873,0.322285,"Two-box screening emulator with scenario non-CO2 and aerosol forcing; not FAIR, not CMIP, and not publication-grade attribution."
aether_constant_emissions_58pct_rebound,"AETHER, 58% rebound",active_full_forcing_management,Active full-forcing management,2076,470.357694,2.981587,0.368000,-0.072000,3.277587,1.937505,1.185231,0.719746,0.324129,"Two-box screening emulator with scenario non-CO2 and aerosol forcing; not FAIR, not CMIP, and not publication-grade attribution."
aether_constant_emissions_58pct_rebound,"AETHER, 58% rebound",active_full_forcing_management,Active full-forcing management,2077,470.459862,2.982818,0.361000,-0.069000,3.274818,1.939341,1.192378,0.714660,0.325965,"Two-box screening emulator with scenario non-CO2 and aerosol forcing; not FAIR, not CMIP, and not publication-grade attribution."
aether_constant_emissions_58pct_rebound,"AETHER, 58% rebound",active_full_forcing_management,Active full-forcing management,2078,470.564152,2.984075,0.354000,-0.066000,3.272075,1.941168,1.199474,0.709614,0.327792,"Two-box screening emulator with scenario non-CO2 and aerosol forcing; not FAIR, not CMIP, and not publication-grade attribution."
aether_constant_emissions_58pct_rebound,"AETHER, 58% rebound",active_full_forcing_management,Active full-forcing management,2079,470.670493,2.985356,0.347000,-0.063000,3.269356,1.942986,1.206520,0.704609,0.329610,"Two-box screening emulator with scenario non-CO2 and aerosol forcing; not FAIR, not CMIP, and not publication-grade attribution."
aether_constant_emissions_58pct_rebound,"AETHER, 58% rebound",active_full_forcing_management,Active full-forcing management,2080,470.778820,2.986661,0.340000,-0.060000,3.266661,1.944795,1.213517,0.699642,0.331419,"Two-box screening emulator with scenario non-CO2 and aerosol forcing; not FAIR, not CMIP, and not publication-grade attribution."
aether_constant_emissions_58pct_rebound,"AETHER, 58% rebound",active_full_forcing_management,Active full-forcing management,2081,470.889067,2.987988,0.333000,-0.057000,3.263988,1.946594,1.220464,0.694714,0.333218,"Two-box screening emulator with scenario non-CO2 and aerosol forcing; not FAIR, not CMIP, and not publication-grade attribution."
aether_constant_emissions_58pct_rebound,"AETHER, 58% rebound",active_full_forcing_management,Active full-forcing management,2082,471.001175,2.989338,0.326000,-0.054000,3.261338,1.948384,1.227362,0.689824,0.335008,"Two-box screening emulator with scenario non-CO2 and aerosol forcing; not FAIR, not CMIP, and not publication-grade attribution."
aether_constant_emissions_58pct_rebound,"AETHER, 58% rebound",active_full_forcing_management,Active full-forcing management,2083,471.115086,2.990709,0.319000,-0.051000,3.258709,1.950163,1.234212,0.684971,0.336787,"Two-box screening emulator with scenario non-CO2 and aerosol forcing; not FAIR, not CMIP, and not publication-grade attribution."
aether_constant_emissions_58pct_rebound,"AETHER, 58% rebound",active_full_forcing_management,Active full-forcing management,2084,471.230743,2.992101,0.312000,-0.048000,3.256101,1.951933,1.241013,0.680154,0.338557,"Two-box screening emulator with scenario non-CO2 and aerosol forcing; not FAIR, not CMIP, and not publication-grade attribution."
aether_constant_emissions_58pct_rebound,"AETHER, 58% rebound",active_full_forcing_management,Active full-forcing management,2085,471.348092,2.993512,0.305000,-0.045000,3.253512,1.953692,1.247767,0.675373,0.340316,"Two-box screening emulator with scenario non-CO2 and aerosol forcing; not FAIR, not CMIP, and not publication-grade attribution."
aether_constant_emissions_58pct_rebound,"AETHER, 58% rebound",active_full_forcing_management,Active full-forcing management,2086,471.467082,2.994944,0.298000,-0.042000,3.250944,1.955440,1.254473,0.670628,0.342064,"Two-box screening emulator with scenario non-CO2 and aerosol forcing; not FAIR, not CMIP, and not publication-grade attribution."
aether_constant_emissions_58pct_rebound,"AETHER, 58% rebound",active_full_forcing_management,Active full-forcing management,2087,471.587662,2.996393,0.291000,-0.039000,3.248393,1.957177,1.261132,0.665918,0.343801,"Two-box screening emulator with scenario non-CO2 and aerosol forcing; not FAIR, not CMIP, and not publication-grade attribution."
aether_constant_emissions_58pct_rebound,"AETHER, 58% rebound",active_full_forcing_management,Active full-forcing management,2088,471.709784,2.997862,0.284000,-0.036000,3.245862,1.958904,1.267745,0.661243,0.345528,"Two-box screening emulator with scenario non-CO2 and aerosol forcing; not FAIR, not CMIP, and not publication-grade attribution."
aether_constant_emissions_58pct_rebound,"AETHER, 58% rebound",active_full_forcing_management,Active full-forcing management,2089,471.833401,2.999347,0.277000,-0.033000,3.243347,1.960619,1.274311,0.656601,0.347243,"Two-box screening emulator with scenario non-CO2 and aerosol forcing; not FAIR, not CMIP, and not publication-grade attribution."
aether_constant_emissions_58pct_rebound,"AETHER, 58% rebound",active_full_forcing_management,Active full-forcing management,2090,471.958467,3.000850,0.270000,-0.030000,3.240850,1.962323,1.280831,0.651993,0.348947,"Two-box screening emulator with scenario non-CO2 and aerosol forcing; not FAIR, not CMIP, and not publication-grade attribution."
aether_constant_emissions_58pct_rebound,"AETHER, 58% rebound",active_full_forcing_management,Active full-forcing management,2091,472.084938,3.002369,0.263000,-0.027000,3.238369,1.964015,1.287305,0.647417,0.350639,"Two-box screening emulator with scenario non-CO2 and aerosol forcing; not FAIR, not CMIP, and not publication-grade attribution."
aether_constant_emissions_58pct_rebound,"AETHER, 58% rebound",active_full_forcing_management,Active full-forcing management,2092,472.212772,3.003904,0.256000,-0.024000,3.235904,1.965696,1.293734,0.642875,0.352320,"Two-box screening emulator with scenario non-CO2 and aerosol forcing; not FAIR, not CMIP, and not publication-grade attribution."
aether_constant_emissions_58pct_rebound,"AETHER, 58% rebound",active_full_forcing_management,Active full-forcing management,2093,472.341927,3.005455,0.249000,-0.021000,3.233455,1.967365,1.300117,0.638364,0.353989,"Two-box screening emulator with scenario non-CO2 and aerosol forcing; not FAIR, not CMIP, and not publication-grade attribution."
aether_constant_emissions_58pct_rebound,"AETHER, 58% rebound",active_full_forcing_management,Active full-forcing management,2094,472.472362,3.007020,0.242000,-0.018000,3.231020,1.969022,1.306456,0.633885,0.355646,"Two-box screening emulator with scenario non-CO2 and aerosol forcing; not FAIR, not CMIP, and not publication-grade attribution."
aether_constant_emissions_58pct_rebound,"AETHER, 58% rebound",active_full_forcing_management,Active full-forcing management,2095,472.604038,3.008600,0.235000,-0.015000,3.228600,1.970668,1.312751,0.629438,0.357291,"Two-box screening emulator with scenario non-CO2 and aerosol forcing; not FAIR, not CMIP, and not publication-grade attribution."
aether_constant_emissions_58pct_rebound,"AETHER, 58% rebound",active_full_forcing_management,Active full-forcing management,2096,472.736917,3.010194,0.228000,-0.012000,3.226194,1.972301,1.319001,0.625021,0.358925,"Two-box screening emulator with scenario non-CO2 and aerosol forcing; not FAIR, not CMIP, and not publication-grade attribution."
aether_constant_emissions_58pct_rebound,"AETHER, 58% rebound",active_full_forcing_management,Active full-forcing management,2097,472.870963,3.011801,0.221000,-0.009000,3.223801,1.973922,1.325207,0.620635,0.360546,"Two-box screening emulator with scenario non-CO2 and aerosol forcing; not FAIR, not CMIP, and not publication-grade attribution."
aether_constant_emissions_58pct_rebound,"AETHER, 58% rebound",active_full_forcing_management,Active full-forcing management,2098,473.006138,3.013422,0.214000,-0.006000,3.221422,1.975531,1.331370,0.616279,0.362155,"Two-box screening emulator with scenario non-CO2 and aerosol forcing; not FAIR, not CMIP, and not publication-grade attribution."
aether_constant_emissions_58pct_rebound,"AETHER, 58% rebound",active_full_forcing_management,Active full-forcing management,2099,473.142408,3.015055,0.207000,-0.003000,3.219055,1.977127,1.337490,0.611953,0.363751,"Two-box screening emulator with scenario non-CO2 and aerosol forcing; not FAIR, not CMIP, and not publication-grade attribution."
aether_constant_emissions_58pct_rebound,"AETHER, 58% rebound",active_full_forcing_management,Active full-forcing management,2100,473.279739,3.016701,0.200000,0.000000,3.216701,1.978711,1.343566,0.607656,0.365335,"Two-box screening emulator with scenario non-CO2 and aerosol forcing; not FAIR, not CMIP, and not publication-grade attribution."
aether_half_2046_zero_2060,AETHER plus delayed zero,co2_only_screen,CO2-only emulator screen,2026,433.940256,2.524677,0.000000,0.000000,2.524677,1.352807,0.656100,0.659913,0.000000,"Two-box screening emulator with scenario non-CO2 and aerosol forcing; not FAIR, not CMIP, and not publication-grade attribution."
aether_half_2046_zero_2060,AETHER plus delayed zero,co2_only_screen,CO2-only emulator screen,2027,438.245636,2.580654,0.000000,0.000000,2.580654,1.365024,0.662718,0.661872,0.012217,"Two-box screening emulator with scenario non-CO2 and aerosol forcing; not FAIR, not CMIP, and not publication-grade attribution."
aether_half_2046_zero_2060,AETHER plus delayed zero,co2_only_screen,CO2-only emulator screen,2028,441.560663,2.623380,0.000000,0.000000,2.623380,1.379024,0.669390,0.667190,0.026218,"Two-box screening emulator with scenario non-CO2 and aerosol forcing; not FAIR, not CMIP, and not publication-grade attribution."
aether_half_2046_zero_2060,AETHER plus delayed zero,co2_only_screen,CO2-only emulator screen,2029,443.977438,2.654328,0.000000,0.000000,2.654328,1.393496,0.676132,0.674153,0.040689,"Two-box screening emulator with scenario non-CO2 and aerosol forcing; not FAIR, not CMIP, and not publication-grade attribution."
aether_half_2046_zero_2060,AETHER plus delayed zero,co2_only_screen,CO2-only emulator screen,2030,445.570256,2.674632,0.000000,0.000000,2.674632,1.407467,0.682947,0.681496,0.054660,"Two-box screening emulator with scenario non-CO2 and aerosol forcing; not FAIR, not CMIP, and not publication-grade attribution."
aether_half_2046_zero_2060,AETHER plus delayed zero,co2_only_screen,CO2-only emulator screen,2031,446.399264,2.685172,0.000000,0.000000,2.685172,1.420225,0.689830,0.688294,0.067418,"Two-box screening emulator with scenario non-CO2 and aerosol forcing; not FAIR, not CMIP, and not publication-grade attribution."
aether_half_2046_zero_2060,AETHER plus delayed zero,co2_only_screen,CO2-only emulator screen,2032,446.513363,2.686621,0.000000,0.000000,2.686621,1.431246,0.696768,0.693876,0.078439,"Two-box screening emulator with scenario non-CO2 and aerosol forcing; not FAIR, not CMIP, and not publication-grade attribution."
aether_half_2046_zero_2060,AETHER plus delayed zero,co2_only_screen,CO2-only emulator screen,2033,445.952508,2.679494,0.000000,0.000000,2.679494,1.440147,0.703746,0.697754,0.087340,"Two-box screening emulator with scenario non-CO2 and aerosol forcing; not FAIR, not CMIP, and not publication-grade attribution."
aether_half_2046_zero_2060,AETHER plus delayed zero,co2_only_screen,CO2-only emulator screen,2034,444.749534,2.664179,0.000000,0.000000,2.664179,1.446647,0.710742,0.699581,0.093841,"Two-box screening emulator with scenario non-CO2 and aerosol forcing; not FAIR, not CMIP, and not publication-grade attribution."
aether_half_2046_zero_2060,AETHER plus delayed zero,co2_only_screen,CO2-only emulator screen,2035,442.931600,2.640956,0.000000,0.000000,2.640956,1.450542,0.717733,0.699110,0.097735,"Two-box screening emulator with scenario non-CO2 and aerosol forcing; not FAIR, not CMIP, and not publication-grade attribution."
aether_half_2046_zero_2060,AETHER plus delayed zero,co2_only_screen,CO2-only emulator screen,2036,440.521341,2.610019,0.000000,0.000000,2.610019,1.451679,0.724694,0.696169,0.098872,"Two-box screening emulator with scenario non-CO2 and aerosol forcing; not FAIR, not CMIP, and not publication-grade attribution."
aether_half_2046_zero_2060,AETHER plus delayed zero,co2_only_screen,CO2-only emulator screen,2037,437.537777,2.571488,0.000000,0.000000,2.571488,1.449942,0.731601,0.690635,0.097135,"Two-box screening emulator with scenario non-CO2 and aerosol forcing; not FAIR, not CMIP, and not publication-grade attribution."
aether_half_2046_zero_2060,AETHER plus delayed zero,co2_only_screen,CO2-only emulator screen,2038,433.997033,2.525419,0.000000,0.000000,2.525419,1.445239,0.738425,0.682424,0.092433,"Two-box screening emulator with scenario non-CO2 and aerosol forcing; not FAIR, not CMIP, and not publication-grade attribution."
aether_half_2046_zero_2060,AETHER plus delayed zero,co2_only_screen,CO2-only emulator screen,2039,429.912917,2.471811,0.000000,0.000000,2.471811,1.437495,0.745140,0.671473,0.084689,"Two-box screening emulator with scenario non-CO2 and aerosol forcing; not FAIR, not CMIP, and not publication-grade attribution."
aether_half_2046_zero_2060,AETHER plus delayed zero,co2_only_screen,CO2-only emulator screen,2040,425.297373,2.410611,0.000000,0.000000,2.410611,1.426642,0.751717,0.657738,0.073835,"Two-box screening emulator with scenario non-CO2 and aerosol forcing; not FAIR, not CMIP, and not publication-grade attribution."
aether_half_2046_zero_2060,AETHER plus delayed zero,co2_only_screen,CO2-only emulator screen,2041,420.160840,2.341717,0.000000,0.000000,2.341717,1.412611,0.758129,0.641178,0.059805,"Two-box screening emulator with scenario non-CO2 and aerosol forcing; not FAIR, not CMIP, and not publication-grade attribution."
aether_half_2046_zero_2060,AETHER plus delayed zero,co2_only_screen,CO2-only emulator screen,2042,414.512545,2.264980,0.000000,0.000000,2.264980,1.395337,0.764347,0.621758,0.042530,"Two-box screening emulator with scenario non-CO2 and aerosol forcing; not FAIR, not CMIP, and not publication-grade attribution."
aether_half_2046_zero_2060,AETHER plus delayed zero,co2_only_screen,CO2-only emulator screen,2043,408.360728,2.180204,0.000000,0.000000,2.180204,1.374743,0.770341,0.599441,0.021936,"Two-box screening emulator with scenario non-CO2 and aerosol forcing; not FAIR, not CMIP, and not publication-grade attribution."
aether_half_2046_zero_2060,AETHER plus delayed zero,co2_only_screen,CO2-only emulator screen,2044,401.712822,2.087143,0.000000,0.000000,2.087143,1.350747,0.776083,0.574182,-0.002060,"Two-box screening emulator with scenario non-CO2 and aerosol forcing; not FAIR, not CMIP, and not publication-grade attribution."
aether_half_2046_zero_2060,AETHER plus delayed zero,co2_only_screen,CO2-only emulator screen,2045,394.575601,1.985502,0.000000,0.000000,1.985502,1.323254,0.781542,0.545931,-0.029552,"Two-box screening emulator with scenario non-CO2 and aerosol forcing; not FAIR, not CMIP, and not publication-grade attribution."
aether_half_2046_zero_2060,AETHER plus delayed zero,co2_only_screen,CO2-only emulator screen,2046,386.955293,1.874932,0.000000,0.000000,1.874932,1.292158,0.786688,0.514627,-0.060649,"Two-box screening emulator with scenario non-CO2 and aerosol forcing; not FAIR, not CMIP, and not publication-grade attribution."
aether_half_2046_zero_2060,AETHER plus delayed zero,co2_only_screen,CO2-only emulator screen,2047,379.415093,1.763360,0.000000,0.000000,1.763360,1.258028,0.791490,0.480196,-0.094779,"Two-box screening emulator with scenario non-CO2 and aerosol forcing; not FAIR, not CMIP, and not publication-grade attribution."
aether_half_2046_zero_2060,AETHER plus delayed zero,co2_only_screen,CO2-only emulator screen,2048,371.923897,1.650296,0.000000,0.000000,1.650296,1.221283,0.795922,0.443211,-0.131523,"Two-box screening emulator with scenario non-CO2 and aerosol forcing; not FAIR, not CMIP, and not publication-grade attribution."
aether_half_2046_zero_2060,AETHER plus delayed zero,co2_only_screen,CO2-only emulator screen,2049,364.457020,1.535309,0.000000,0.000000,1.535309,1.182228,0.799963,0.404093,-0.170579,"Two-box screening emulator with scenario non-CO2 and aerosol forcing; not FAIR, not CMIP, and not publication-grade attribution."
aether_half_2046_zero_2060,AETHER plus delayed zero,co2_only_screen,CO2-only emulator screen,2050,356.994861,1.418016,0.000000,0.000000,1.418016,1.141074,0.803595,0.363151,-0.211733,"Two-box screening emulator with scenario non-CO2 and aerosol forcing; not FAIR, not CMIP, and not publication-grade attribution."
aether_half_2046_zero_2060,AETHER plus delayed zero,co2_only_screen,CO2-only emulator screen,2051,350.000000,1.305821,0.000000,0.000000,1.305821,1.098608,0.806801,0.320605,-0.254199,"Two-box screening emulator with scenario non-CO2 and aerosol forcing; not FAIR, not CMIP, and not publication-grade attribution."
aether_half_2046_zero_2060,AETHER plus delayed zero,co2_only_screen,CO2-only emulator screen,2052,350.000000,1.305821,0.000000,0.000000,1.305821,1.064393,0.809573,0.277216,-0.288413,"Two-box screening emulator with scenario non-CO2 and aerosol forcing; not FAIR, not CMIP, and not publication-grade attribution."
aether_half_2046_zero_2060,AETHER plus delayed zero,co2_only_screen,CO2-only emulator screen,2053,350.000000,1.305821,0.000000,0.000000,1.305821,1.036842,0.811994,0.242079,-0.315964,"Two-box screening emulator with scenario non-CO2 and aerosol forcing; not FAIR, not CMIP, and not publication-grade attribution."
aether_half_2046_zero_2060,AETHER plus delayed zero,co2_only_screen,CO2-only emulator screen,2054,350.000000,1.305821,0.000000,0.000000,1.305821,1.014672,0.814130,0.213606,-0.338135,"Two-box screening emulator with scenario non-CO2 and aerosol forcing; not FAIR, not CMIP, and not publication-grade attribution."
aether_half_2046_zero_2060,AETHER plus delayed zero,co2_only_screen,CO2-only emulator screen,2055,350.000000,1.305821,0.000000,0.000000,1.305821,0.996846,0.816035,0.190515,-0.355961,"Two-box screening emulator with scenario non-CO2 and aerosol forcing; not FAIR, not CMIP, and not publication-grade attribution."
aether_half_2046_zero_2060,AETHER plus delayed zero,co2_only_screen,CO2-only emulator screen,2056,350.000000,1.305821,0.000000,0.000000,1.305821,0.982527,0.817753,0.171770,-0.370279,"Two-box screening emulator with scenario non-CO2 and aerosol forcing; not FAIR, not CMIP, and not publication-grade attribution."
aether_half_2046_zero_2060,AETHER plus delayed zero,co2_only_screen,CO2-only emulator screen,2057,350.000000,1.305821,0.000000,0.000000,1.305821,0.971042,0.819318,0.156536,-0.381765,"Two-box screening emulator with scenario non-CO2 and aerosol forcing; not FAIR, not CMIP, and not publication-grade attribution."
aether_half_2046_zero_2060,AETHER plus delayed zero,co2_only_screen,CO2-only emulator screen,2058,350.000000,1.305821,0.000000,0.000000,1.305821,0.961844,0.820759,0.144138,-0.390963,"Two-box screening emulator with scenario non-CO2 and aerosol forcing; not FAIR, not CMIP, and not publication-grade attribution."
aether_half_2046_zero_2060,AETHER plus delayed zero,co2_only_screen,CO2-only emulator screen,2059,350.000000,1.305821,0.000000,0.000000,1.305821,0.954492,0.822100,0.134030,-0.398315,"Two-box screening emulator with scenario non-CO2 and aerosol forcing; not FAIR, not CMIP, and not publication-grade attribution."
aether_half_2046_zero_2060,AETHER plus delayed zero,co2_only_screen,CO2-only emulator screen,2060,350.000000,1.305821,0.000000,0.000000,1.305821,0.948630,0.823358,0.125772,-0.404176,"Two-box screening emulator with scenario non-CO2 and aerosol forcing; not FAIR, not CMIP, and not publication-grade attribution."
aether_half_2046_zero_2060,AETHER plus delayed zero,co2_only_screen,CO2-only emulator screen,2061,350.000000,1.305821,0.000000,0.000000,1.305821,0.943973,0.824548,0.119009,-0.408834,"Two-box screening emulator with scenario non-CO2 and aerosol forcing; not FAIR, not CMIP, and not publication-grade attribution."
aether_half_2046_zero_2060,AETHER plus delayed zero,co2_only_screen,CO2-only emulator screen,2062,350.000000,1.305821,0.000000,0.000000,1.305821,0.940286,0.825682,0.113454,-0.412520,"Two-box screening emulator with scenario non-CO2 and aerosol forcing; not FAIR, not CMIP, and not publication-grade attribution."
aether_half_2046_zero_2060,AETHER plus delayed zero,co2_only_screen,CO2-only emulator screen,2063,350.000000,1.305821,0.000000,0.000000,1.305821,0.937384,0.826771,0.108874,-0.415423,"Two-box screening emulator with scenario non-CO2 and aerosol forcing; not FAIR, not CMIP, and not publication-grade attribution."
aether_half_2046_zero_2060,AETHER plus delayed zero,co2_only_screen,CO2-only emulator screen,2064,350.000000,1.305821,0.000000,0.000000,1.305821,0.935114,0.827822,0.105082,-0.417692,"Two-box screening emulator with scenario non-CO2 and aerosol forcing; not FAIR, not CMIP, and not publication-grade attribution."
aether_half_2046_zero_2060,AETHER plus delayed zero,co2_only_screen,CO2-only emulator screen,2065,350.000000,1.305821,0.000000,0.000000,1.305821,0.933355,0.828841,0.101928,-0.419451,"Two-box screening emulator with scenario non-CO2 and aerosol forcing; not FAIR, not CMIP, and not publication-grade attribution."
aether_half_2046_zero_2060,AETHER plus delayed zero,co2_only_screen,CO2-only emulator screen,2066,350.000000,1.305821,0.000000,0.000000,1.305821,0.932009,0.829834,0.099289,-0.420798,"Two-box screening emulator with scenario non-CO2 and aerosol forcing; not FAIR, not CMIP, and not publication-grade attribution."
aether_half_2046_zero_2060,AETHER plus delayed zero,co2_only_screen,CO2-only emulator screen,2067,350.000000,1.305821,0.000000,0.000000,1.305821,0.930994,0.830805,0.097066,-0.421813,"Two-box screening emulator with scenario non-CO2 and aerosol forcing; not FAIR, not CMIP, and not publication-grade attribution."
aether_half_2046_zero_2060,AETHER plus delayed zero,co2_only_screen,CO2-only emulator screen,2068,350.000000,1.305821,0.000000,0.000000,1.305821,0.930247,0.831756,0.095180,-0.422559,"Two-box screening emulator with scenario non-CO2 and aerosol forcing; not FAIR, not CMIP, and not publication-grade attribution."
aether_half_2046_zero_2060,AETHER plus delayed zero,co2_only_screen,CO2-only emulator screen,2069,350.000000,1.305821,0.000000,0.000000,1.305821,0.929716,0.832692,0.093566,-0.423090,"Two-box screening emulator with scenario non-CO2 and aerosol forcing; not FAIR, not CMIP, and not publication-grade attribution."
aether_half_2046_zero_2060,AETHER plus delayed zero,co2_only_screen,CO2-only emulator screen,2070,350.000000,1.305821,0.000000,0.000000,1.305821,0.929360,0.833614,0.092173,-0.423447,"Two-box screening emulator with scenario non-CO2 and aerosol forcing; not FAIR, not CMIP, and not publication-grade attribution."
aether_half_2046_zero_2060,AETHER plus delayed zero,co2_only_screen,CO2-only emulator screen,2071,350.000000,1.305821,0.000000,0.000000,1.305821,0.929143,0.834523,0.090959,-0.423663,"Two-box screening emulator with scenario non-CO2 and aerosol forcing; not FAIR, not CMIP, and not publication-grade attribution."
aether_half_2046_zero_2060,AETHER plus delayed zero,co2_only_screen,CO2-only emulator screen,2072,350.000000,1.305821,0.000000,0.000000,1.305821,0.929039,0.835422,0.089889,-0.423767,"Two-box screening emulator with scenario non-CO2 and aerosol forcing; not FAIR, not CMIP, and not publication-grade attribution."
aether_half_2046_zero_2060,AETHER plus delayed zero,co2_only_screen,CO2-only emulator screen,2073,350.000000,1.305821,0.000000,0.000000,1.305821,0.929026,0.836312,0.088936,-0.423780,"Two-box screening emulator with scenario non-CO2 and aerosol forcing; not FAIR, not CMIP, and not publication-grade attribution."
aether_half_2046_zero_2060,AETHER plus delayed zero,co2_only_screen,CO2-only emulator screen,2074,350.000000,1.305821,0.000000,0.000000,1.305821,0.929086,0.837192,0.088079,-0.423720,"Two-box screening emulator with scenario non-CO2 and aerosol forcing; not FAIR, not CMIP, and not publication-grade attribution."
aether_half_2046_zero_2060,AETHER plus delayed zero,co2_only_screen,CO2-only emulator screen,2075,350.000000,1.305821,0.000000,0.000000,1.305821,0.929204,0.838065,0.087299,-0.423602,"Two-box screening emulator with scenario non-CO2 and aerosol forcing; not FAIR, not CMIP, and not publication-grade attribution."
aether_half_2046_zero_2060,AETHER plus delayed zero,co2_only_screen,CO2-only emulator screen,2076,350.000000,1.305821,0.000000,0.000000,1.305821,0.929370,0.838931,0.086582,-0.423437,"Two-box screening emulator with scenario non-CO2 and aerosol forcing; not FAIR, not CMIP, and not publication-grade attribution."
aether_half_2046_zero_2060,AETHER plus delayed zero,co2_only_screen,CO2-only emulator screen,2077,350.000000,1.305821,0.000000,0.000000,1.305821,0.929572,0.839790,0.085916,-0.423234,"Two-box screening emulator with scenario non-CO2 and aerosol forcing; not FAIR, not CMIP, and not publication-grade attribution."
aether_half_2046_zero_2060,AETHER plus delayed zero,co2_only_screen,CO2-only emulator screen,2078,350.000000,1.305821,0.000000,0.000000,1.305821,0.929805,0.840643,0.085293,-0.423002,"Two-box screening emulator with scenario non-CO2 and aerosol forcing; not FAIR, not CMIP, and not publication-grade attribution."
aether_half_2046_zero_2060,AETHER plus delayed zero,co2_only_screen,CO2-only emulator screen,2079,350.000000,1.305821,0.000000,0.000000,1.305821,0.930061,0.841490,0.084703,-0.422746,"Two-box screening emulator with scenario non-CO2 and aerosol forcing; not FAIR, not CMIP, and not publication-grade attribution."
aether_half_2046_zero_2060,AETHER plus delayed zero,co2_only_screen,CO2-only emulator screen,2080,350.000000,1.305821,0.000000,0.000000,1.305821,0.930336,0.842332,0.084142,-0.422471,"Two-box screening emulator with scenario non-CO2 and aerosol forcing; not FAIR, not CMIP, and not publication-grade attribution."
aether_half_2046_zero_2060,AETHER plus delayed zero,co2_only_screen,CO2-only emulator screen,2081,350.000000,1.305821,0.000000,0.000000,1.305821,0.930625,0.843168,0.083604,-0.422181,"Two-box screening emulator with scenario non-CO2 and aerosol forcing; not FAIR, not CMIP, and not publication-grade attribution."
aether_half_2046_zero_2060,AETHER plus delayed zero,co2_only_screen,CO2-only emulator screen,2082,350.000000,1.305821,0.000000,0.000000,1.305821,0.930927,0.843999,0.083085,-0.421880,"Two-box screening emulator with scenario non-CO2 and aerosol forcing; not FAIR, not CMIP, and not publication-grade attribution."
aether_half_2046_zero_2060,AETHER plus delayed zero,co2_only_screen,CO2-only emulator screen,2083,350.000000,1.305821,0.000000,0.000000,1.305821,0.931237,0.844824,0.082582,-0.421569,"Two-box screening emulator with scenario non-CO2 and aerosol forcing; not FAIR, not CMIP, and not publication-grade attribution."
aether_half_2046_zero_2060,AETHER plus delayed zero,co2_only_screen,CO2-only emulator screen,2084,350.000000,1.305821,0.000000,0.000000,1.305821,0.931555,0.845645,0.082092,-0.421252,"Two-box screening emulator with scenario non-CO2 and aerosol forcing; not FAIR, not CMIP, and not publication-grade attribution."
aether_half_2046_zero_2060,AETHER plus delayed zero,co2_only_screen,CO2-only emulator screen,2085,350.000000,1.305821,0.000000,0.000000,1.305821,0.931877,0.846461,0.081614,-0.420929,"Two-box screening emulator with scenario non-CO2 and aerosol forcing; not FAIR, not CMIP, and not publication-grade attribution."
aether_half_2046_zero_2060,AETHER plus delayed zero,co2_only_screen,CO2-only emulator screen,2086,350.000000,1.305821,0.000000,0.000000,1.305821,0.932204,0.847273,0.081145,-0.420603,"Two-box screening emulator with scenario non-CO2 and aerosol forcing; not FAIR, not CMIP, and not publication-grade attribution."
aether_half_2046_zero_2060,AETHER plus delayed zero,co2_only_screen,CO2-only emulator screen,2087,350.000000,1.305821,0.000000,0.000000,1.305821,0.932533,0.848080,0.080684,-0.420274,"Two-box screening emulator with scenario non-CO2 and aerosol forcing; not FAIR, not CMIP, and not publication-grade attribution."
aether_half_2046_zero_2060,AETHER plus delayed zero,co2_only_screen,CO2-only emulator screen,2088,350.000000,1.305821,0.000000,0.000000,1.305821,0.932864,0.848882,0.080230,-0.419943,"Two-box screening emulator with scenario non-CO2 and aerosol forcing; not FAIR, not CMIP, and not publication-grade attribution."
aether_half_2046_zero_2060,AETHER plus delayed zero,co2_only_screen,CO2-only emulator screen,2089,350.000000,1.305821,0.000000,0.000000,1.305821,0.933196,0.849680,0.079783,-0.419610,"Two-box screening emulator with scenario non-CO2 and aerosol forcing; not FAIR, not CMIP, and not publication-grade attribution."
aether_half_2046_zero_2060,AETHER plus delayed zero,co2_only_screen,CO2-only emulator screen,2090,350.000000,1.305821,0.000000,0.000000,1.305821,0.933529,0.850473,0.079340,-0.419278,"Two-box screening emulator with scenario non-CO2 and aerosol forcing; not FAIR, not CMIP, and not publication-grade attribution."
aether_half_2046_zero_2060,AETHER plus delayed zero,co2_only_screen,CO2-only emulator screen,2091,350.000000,1.305821,0.000000,0.000000,1.305821,0.933862,0.851262,0.078903,-0.418945,"Two-box screening emulator with scenario non-CO2 and aerosol forcing; not FAIR, not CMIP, and not publication-grade attribution."
aether_half_2046_zero_2060,AETHER plus delayed zero,co2_only_screen,CO2-only emulator screen,2092,350.000000,1.305821,0.000000,0.000000,1.305821,0.934195,0.852047,0.078470,-0.418612,"Two-box screening emulator with scenario non-CO2 and aerosol forcing; not FAIR, not CMIP, and not publication-grade attribution."
aether_half_2046_zero_2060,AETHER plus delayed zero,co2_only_screen,CO2-only emulator screen,2093,350.000000,1.305821,0.000000,0.000000,1.305821,0.934527,0.852827,0.078040,-0.418280,"Two-box screening emulator with scenario non-CO2 and aerosol forcing; not FAIR, not CMIP, and not publication-grade attribution."
aether_half_2046_zero_2060,AETHER plus delayed zero,co2_only_screen,CO2-only emulator screen,2094,350.000000,1.305821,0.000000,0.000000,1.305821,0.934858,0.853604,0.077614,-0.417948,"Two-box screening emulator with scenario non-CO2 and aerosol forcing; not FAIR, not CMIP, and not publication-grade attribution."
aether_half_2046_zero_2060,AETHER plus delayed zero,co2_only_screen,CO2-only emulator screen,2095,350.000000,1.305821,0.000000,0.000000,1.305821,0.935189,0.854375,0.077192,-0.417618,"Two-box screening emulator with scenario non-CO2 and aerosol forcing; not FAIR, not CMIP, and not publication-grade attribution."
aether_half_2046_zero_2060,AETHER plus delayed zero,co2_only_screen,CO2-only emulator screen,2096,350.000000,1.305821,0.000000,0.000000,1.305821,0.935518,0.855143,0.076772,-0.417289,"Two-box screening emulator with scenario non-CO2 and aerosol forcing; not FAIR, not CMIP, and not publication-grade attribution."
aether_half_2046_zero_2060,AETHER plus delayed zero,co2_only_screen,CO2-only emulator screen,2097,350.000000,1.305821,0.000000,0.000000,1.305821,0.935846,0.855907,0.076356,-0.416961,"Two-box screening emulator with scenario non-CO2 and aerosol forcing; not FAIR, not CMIP, and not publication-grade attribution."
aether_half_2046_zero_2060,AETHER plus delayed zero,co2_only_screen,CO2-only emulator screen,2098,350.000000,1.305821,0.000000,0.000000,1.305821,0.936173,0.856666,0.075942,-0.416634,"Two-box screening emulator with scenario non-CO2 and aerosol forcing; not FAIR, not CMIP, and not publication-grade attribution."
aether_half_2046_zero_2060,AETHER plus delayed zero,co2_only_screen,CO2-only emulator screen,2099,350.000000,1.305821,0.000000,0.000000,1.305821,0.936498,0.857422,0.075531,-0.416309,"Two-box screening emulator with scenario non-CO2 and aerosol forcing; not FAIR, not CMIP, and not publication-grade attribution."
aether_half_2046_zero_2060,AETHER plus delayed zero,co2_only_screen,CO2-only emulator screen,2100,350.000000,1.305821,0.000000,0.000000,1.305821,0.936822,0.858173,0.075123,-0.415985,"Two-box screening emulator with scenario non-CO2 and aerosol forcing; not FAIR, not CMIP, and not publication-grade attribution."
aether_half_2046_zero_2060,AETHER plus delayed zero,mitigation_with_aerosol_cleanup,Mitigation with aerosol cleanup,2026,433.940256,2.524677,1.200000,-0.700000,3.024677,1.613376,0.772719,0.795947,0.000000,"Two-box screening emulator with scenario non-CO2 and aerosol forcing; not FAIR, not CMIP, and not publication-grade attribution."
aether_half_2046_zero_2060,AETHER plus delayed zero,mitigation_with_aerosol_cleanup,Mitigation with aerosol cleanup,2027,438.245636,2.580654,1.181250,-0.681250,3.080654,1.627418,0.780705,0.798624,0.014042,"Two-box screening emulator with scenario non-CO2 and aerosol forcing; not FAIR, not CMIP, and not publication-grade attribution."
aether_half_2046_zero_2060,AETHER plus delayed zero,mitigation_with_aerosol_cleanup,Mitigation with aerosol cleanup,2028,441.560663,2.623380,1.162500,-0.662500,3.123380,1.643009,0.788749,0.804377,0.029633,"Two-box screening emulator with scenario non-CO2 and aerosol forcing; not FAIR, not CMIP, and not publication-grade attribution."
aether_half_2046_zero_2060,AETHER plus delayed zero,mitigation_with_aerosol_cleanup,Mitigation with aerosol cleanup,2029,443.977438,2.654328,1.143750,-0.643750,3.154328,1.658879,0.796865,0.811547,0.045503,"Two-box screening emulator with scenario non-CO2 and aerosol forcing; not FAIR, not CMIP, and not publication-grade attribution."
aether_half_2046_zero_2060,AETHER plus delayed zero,mitigation_with_aerosol_cleanup,Mitigation with aerosol cleanup,2030,445.570256,2.674632,1.125000,-0.625000,3.174632,1.674094,0.805054,0.818913,0.060718,"Two-box screening emulator with scenario non-CO2 and aerosol forcing; not FAIR, not CMIP, and not publication-grade attribution."
aether_half_2046_zero_2060,AETHER plus delayed zero,mitigation_with_aerosol_cleanup,Mitigation with aerosol cleanup,2031,446.399264,2.685172,1.106250,-0.606250,3.185172,1.687971,0.813310,0.825589,0.074595,"Two-box screening emulator with scenario non-CO2 and aerosol forcing; not FAIR, not CMIP, and not publication-grade attribution."
aether_half_2046_zero_2060,AETHER plus delayed zero,mitigation_with_aerosol_cleanup,Mitigation with aerosol cleanup,2032,446.513363,2.686621,1.087500,-0.587500,3.186621,1.700008,0.821619,0.830928,0.086632,"Two-box screening emulator with scenario non-CO2 and aerosol forcing; not FAIR, not CMIP, and not publication-grade attribution."
aether_half_2046_zero_2060,AETHER plus delayed zero,mitigation_with_aerosol_cleanup,Mitigation with aerosol cleanup,2033,445.952508,2.679494,1.068750,-0.568750,3.179494,1.709843,0.829964,0.834470,0.096467,"Two-box screening emulator with scenario non-CO2 and aerosol forcing; not FAIR, not CMIP, and not publication-grade attribution."
aether_half_2046_zero_2060,AETHER plus delayed zero,mitigation_with_aerosol_cleanup,Mitigation with aerosol cleanup,2034,444.749534,2.664179,1.050000,-0.550000,3.164179,1.717210,0.838322,0.835885,0.103834,"Two-box screening emulator with scenario non-CO2 and aerosol forcing; not FAIR, not CMIP, and not publication-grade attribution."
aether_half_2046_zero_2060,AETHER plus delayed zero,mitigation_with_aerosol_cleanup,Mitigation with aerosol cleanup,2035,442.931600,2.640956,1.031250,-0.531250,3.140956,1.721915,0.846672,0.834943,0.108539,"Two-box screening emulator with scenario non-CO2 and aerosol forcing; not FAIR, not CMIP, and not publication-grade attribution."
aether_half_2046_zero_2060,AETHER plus delayed zero,mitigation_with_aerosol_cleanup,Mitigation with aerosol cleanup,2036,440.521341,2.610019,1.012500,-0.512500,3.110019,1.723818,0.854987,0.831481,0.110442,"Two-box screening emulator with scenario non-CO2 and aerosol forcing; not FAIR, not CMIP, and not publication-grade attribution."
aether_half_2046_zero_2060,AETHER plus delayed zero,mitigation_with_aerosol_cleanup,Mitigation with aerosol cleanup,2037,437.537777,2.571488,0.993750,-0.493750,3.071488,1.722809,0.863241,0.825390,0.109433,"Two-box screening emulator with scenario non-CO2 and aerosol forcing; not FAIR, not CMIP, and not publication-grade attribution."
aether_half_2046_zero_2060,AETHER plus delayed zero,mitigation_with_aerosol_cleanup,Mitigation with aerosol cleanup,2038,433.997033,2.525419,0.975000,-0.475000,3.025419,1.718805,0.871406,0.816590,0.105429,"Two-box screening emulator with scenario non-CO2 and aerosol forcing; not FAIR, not CMIP, and not publication-grade attribution."
aether_half_2046_zero_2060,AETHER plus delayed zero,mitigation_with_aerosol_cleanup,Mitigation with aerosol cleanup,2039,429.912917,2.471811,0.956250,-0.456250,2.971811,1.711734,0.879457,0.805029,0.098358,"Two-box screening emulator with scenario non-CO2 and aerosol forcing; not FAIR, not CMIP, and not publication-grade attribution."
aether_half_2046_zero_2060,AETHER plus delayed zero,mitigation_with_aerosol_cleanup,Mitigation with aerosol cleanup,2040,425.297373,2.410611,0.937500,-0.437500,2.910611,1.701532,0.887363,0.790663,0.088156,"Two-box screening emulator with scenario non-CO2 and aerosol forcing; not FAIR, not CMIP, and not publication-grade attribution."
aether_half_2046_zero_2060,AETHER plus delayed zero,mitigation_with_aerosol_cleanup,Mitigation with aerosol cleanup,2041,420.160840,2.341717,0.918750,-0.418750,2.841717,1.688136,0.895098,0.773460,0.074760,"Two-box screening emulator with scenario non-CO2 and aerosol forcing; not FAIR, not CMIP, and not publication-grade attribution."
aether_half_2046_zero_2060,AETHER plus delayed zero,mitigation_with_aerosol_cleanup,Mitigation with aerosol cleanup,2042,414.512545,2.264980,0.900000,-0.400000,2.764980,1.671481,0.902632,0.753386,0.058105,"Two-box screening emulator with scenario non-CO2 and aerosol forcing; not FAIR, not CMIP, and not publication-grade attribution."
aether_half_2046_zero_2060,AETHER plus delayed zero,mitigation_with_aerosol_cleanup,Mitigation with aerosol cleanup,2043,408.360728,2.180204,0.881250,-0.381250,2.680204,1.651494,0.909936,0.730407,0.038118,"Two-box screening emulator with scenario non-CO2 and aerosol forcing; not FAIR, not CMIP, and not publication-grade attribution."
aether_half_2046_zero_2060,AETHER plus delayed zero,mitigation_with_aerosol_cleanup,Mitigation with aerosol cleanup,2044,401.712822,2.087143,0.862500,-0.362500,2.587143,1.628094,0.916981,0.704480,0.014718,"Two-box screening emulator with scenario non-CO2 and aerosol forcing; not FAIR, not CMIP, and not publication-grade attribution."
aether_half_2046_zero_2060,AETHER plus delayed zero,mitigation_with_aerosol_cleanup,Mitigation with aerosol cleanup,2045,394.575601,1.985502,0.843750,-0.343750,2.485502,1.601189,0.923736,0.675558,-0.012187,"Two-box screening emulator with scenario non-CO2 and aerosol forcing; not FAIR, not CMIP, and not publication-grade attribution."
aether_half_2046_zero_2060,AETHER plus delayed zero,mitigation_with_aerosol_cleanup,Mitigation with aerosol cleanup,2046,386.955293,1.874932,0.825000,-0.325000,2.374932,1.570672,0.930172,0.643581,-0.042704,"Two-box screening emulator with scenario non-CO2 and aerosol forcing; not FAIR, not CMIP, and not publication-grade attribution."
aether_half_2046_zero_2060,AETHER plus delayed zero,mitigation_with_aerosol_cleanup,Mitigation with aerosol cleanup,2047,379.415093,1.763360,0.806250,-0.306250,2.263360,1.537114,0.936257,0.608475,-0.076262,"Two-box screening emulator with scenario non-CO2 and aerosol forcing; not FAIR, not CMIP, and not publication-grade attribution."
aether_half_2046_zero_2060,AETHER plus delayed zero,mitigation_with_aerosol_cleanup,Mitigation with aerosol cleanup,2048,371.923897,1.650296,0.787500,-0.287500,2.150296,1.500936,0.941965,0.570815,-0.112440,"Two-box screening emulator with scenario non-CO2 and aerosol forcing; not FAIR, not CMIP, and not publication-grade attribution."
aether_half_2046_zero_2060,AETHER plus delayed zero,mitigation_with_aerosol_cleanup,Mitigation with aerosol cleanup,2049,364.457020,1.535309,0.768750,-0.268750,2.035309,1.462441,0.947275,0.531023,-0.150935,"Two-box screening emulator with scenario non-CO2 and aerosol forcing; not FAIR, not CMIP, and not publication-grade attribution."
aether_half_2046_zero_2060,AETHER plus delayed zero,mitigation_with_aerosol_cleanup,Mitigation with aerosol cleanup,2050,356.994861,1.418016,0.750000,-0.250000,1.918016,1.421842,0.952169,0.489408,-0.191534,"Two-box screening emulator with scenario non-CO2 and aerosol forcing; not FAIR, not CMIP, and not publication-grade attribution."
aether_half_2046_zero_2060,AETHER plus delayed zero,mitigation_with_aerosol_cleanup,Mitigation with aerosol cleanup,2051,350.000000,1.305821,0.744000,-0.246000,1.803821,1.379760,0.956631,0.446189,-0.233616,"Two-box screening emulator with scenario non-CO2 and aerosol forcing; not FAIR, not CMIP, and not publication-grade attribution."
aether_half_2046_zero_2060,AETHER plus delayed zero,mitigation_with_aerosol_cleanup,Mitigation with aerosol cleanup,2052,350.000000,1.305821,0.738000,-0.242000,1.801821,1.345790,0.960651,0.401973,-0.267586,"Two-box screening emulator with scenario non-CO2 and aerosol forcing; not FAIR, not CMIP, and not publication-grade attribution."
aether_half_2046_zero_2060,AETHER plus delayed zero,mitigation_with_aerosol_cleanup,Mitigation with aerosol cleanup,2053,350.000000,1.305821,0.732000,-0.238000,1.799821,1.318370,0.964310,0.365883,-0.295006,"Two-box screening emulator with scenario non-CO2 and aerosol forcing; not FAIR, not CMIP, and not publication-grade attribution."
aether_half_2046_zero_2060,AETHER plus delayed zero,mitigation_with_aerosol_cleanup,Mitigation with aerosol cleanup,2054,350.000000,1.305821,0.726000,-0.234000,1.797821,1.296237,0.967673,0.336357,-0.317140,"Two-box screening emulator with scenario non-CO2 and aerosol forcing; not FAIR, not CMIP, and not publication-grade attribution."
aether_half_2046_zero_2060,AETHER plus delayed zero,mitigation_with_aerosol_cleanup,Mitigation with aerosol cleanup,2055,350.000000,1.305821,0.720000,-0.230000,1.795821,1.278371,0.970795,0.312135,-0.335005,"Two-box screening emulator with scenario non-CO2 and aerosol forcing; not FAIR, not CMIP, and not publication-grade attribution."
aether_half_2046_zero_2060,AETHER plus delayed zero,mitigation_with_aerosol_cleanup,Mitigation with aerosol cleanup,2056,350.000000,1.305821,0.714000,-0.226000,1.793821,1.263951,0.973717,0.292198,-0.349425,"Two-box screening emulator with scenario non-CO2 and aerosol forcing; not FAIR, not CMIP, and not publication-grade attribution."
aether_half_2046_zero_2060,AETHER plus delayed zero,mitigation_with_aerosol_cleanup,Mitigation with aerosol cleanup,2057,350.000000,1.305821,0.708000,-0.222000,1.791821,1.252311,0.976474,0.275723,-0.361065,"Two-box screening emulator with scenario non-CO2 and aerosol forcing; not FAIR, not CMIP, and not publication-grade attribution."
aether_half_2046_zero_2060,AETHER plus delayed zero,mitigation_with_aerosol_cleanup,Mitigation with aerosol cleanup,2058,350.000000,1.305821,0.702000,-0.218000,1.789821,1.242915,0.979094,0.262046,-0.370461,"Two-box screening emulator with scenario non-CO2 and aerosol forcing; not FAIR, not CMIP, and not publication-grade attribution."
aether_half_2046_zero_2060,AETHER plus delayed zero,mitigation_with_aerosol_cleanup,Mitigation with aerosol cleanup,2059,350.000000,1.305821,0.696000,-0.214000,1.787821,1.235330,0.981601,0.250630,-0.378046,"Two-box screening emulator with scenario non-CO2 and aerosol forcing; not FAIR, not CMIP, and not publication-grade attribution."
aether_half_2046_zero_2060,AETHER plus delayed zero,mitigation_with_aerosol_cleanup,Mitigation with aerosol cleanup,2060,350.000000,1.305821,0.690000,-0.210000,1.785821,1.229204,0.984011,0.241043,-0.384172,"Two-box screening emulator with scenario non-CO2 and aerosol forcing; not FAIR, not CMIP, and not publication-grade attribution."
aether_half_2046_zero_2060,AETHER plus delayed zero,mitigation_with_aerosol_cleanup,Mitigation with aerosol cleanup,2061,350.000000,1.305821,0.684000,-0.206000,1.783821,1.224257,0.986340,0.232934,-0.389119,"Two-box screening emulator with scenario non-CO2 and aerosol forcing; not FAIR, not CMIP, and not publication-grade attribution."
aether_half_2046_zero_2060,AETHER plus delayed zero,mitigation_with_aerosol_cleanup,Mitigation with aerosol cleanup,2062,350.000000,1.305821,0.678000,-0.202000,1.781821,1.220259,0.988601,0.226021,-0.393117,"Two-box screening emulator with scenario non-CO2 and aerosol forcing; not FAIR, not CMIP, and not publication-grade attribution."
aether_half_2046_zero_2060,AETHER plus delayed zero,mitigation_with_aerosol_cleanup,Mitigation with aerosol cleanup,2063,350.000000,1.305821,0.672000,-0.198000,1.779821,1.217026,0.990801,0.220075,-0.396350,"Two-box screening emulator with scenario non-CO2 and aerosol forcing; not FAIR, not CMIP, and not publication-grade attribution."
aether_half_2046_zero_2060,AETHER plus delayed zero,mitigation_with_aerosol_cleanup,Mitigation with aerosol cleanup,2064,350.000000,1.305821,0.666000,-0.194000,1.777821,1.214410,0.992950,0.214914,-0.398966,"Two-box screening emulator with scenario non-CO2 and aerosol forcing; not FAIR, not CMIP, and not publication-grade attribution."
aether_half_2046_zero_2060,AETHER plus delayed zero,mitigation_with_aerosol_cleanup,Mitigation with aerosol cleanup,2065,350.000000,1.305821,0.660000,-0.190000,1.775821,1.212290,0.995054,0.210386,-0.401086,"Two-box screening emulator with scenario non-CO2 and aerosol forcing; not FAIR, not CMIP, and not publication-grade attribution."
aether_half_2046_zero_2060,AETHER plus delayed zero,mitigation_with_aerosol_cleanup,Mitigation with aerosol cleanup,2066,350.000000,1.305821,0.654000,-0.186000,1.773821,1.210569,0.997118,0.206373,-0.402807,"Two-box screening emulator with scenario non-CO2 and aerosol forcing; not FAIR, not CMIP, and not publication-grade attribution."
aether_half_2046_zero_2060,AETHER plus delayed zero,mitigation_with_aerosol_cleanup,Mitigation with aerosol cleanup,2067,350.000000,1.305821,0.648000,-0.182000,1.771821,1.209168,0.999146,0.202778,-0.404208,"Two-box screening emulator with scenario non-CO2 and aerosol forcing; not FAIR, not CMIP, and not publication-grade attribution."
aether_half_2046_zero_2060,AETHER plus delayed zero,mitigation_with_aerosol_cleanup,Mitigation with aerosol cleanup,2068,350.000000,1.305821,0.642000,-0.178000,1.769821,1.208026,1.001141,0.199521,-0.405350,"Two-box screening emulator with scenario non-CO2 and aerosol forcing; not FAIR, not CMIP, and not publication-grade attribution."
aether_half_2046_zero_2060,AETHER plus delayed zero,mitigation_with_aerosol_cleanup,Mitigation with aerosol cleanup,2069,350.000000,1.305821,0.636000,-0.174000,1.767821,1.207090,1.003106,0.196541,-0.406286,"Two-box screening emulator with scenario non-CO2 and aerosol forcing; not FAIR, not CMIP, and not publication-grade attribution."
aether_half_2046_zero_2060,AETHER plus delayed zero,mitigation_with_aerosol_cleanup,Mitigation with aerosol cleanup,2070,350.000000,1.305821,0.630000,-0.170000,1.765821,1.206319,1.005044,0.193784,-0.407057,"Two-box screening emulator with scenario non-CO2 and aerosol forcing; not FAIR, not CMIP, and not publication-grade attribution."
aether_half_2046_zero_2060,AETHER plus delayed zero,mitigation_with_aerosol_cleanup,Mitigation with aerosol cleanup,2071,350.000000,1.305821,0.624000,-0.166000,1.763821,1.205680,1.006956,0.191211,-0.407696,"Two-box screening emulator with scenario non-CO2 and aerosol forcing; not FAIR, not CMIP, and not publication-grade attribution."
aether_half_2046_zero_2060,AETHER plus delayed zero,mitigation_with_aerosol_cleanup,Mitigation with aerosol cleanup,2072,350.000000,1.305821,0.618000,-0.162000,1.761821,1.205146,1.008844,0.188787,-0.408230,"Two-box screening emulator with scenario non-CO2 and aerosol forcing; not FAIR, not CMIP, and not publication-grade attribution."
aether_half_2046_zero_2060,AETHER plus delayed zero,mitigation_with_aerosol_cleanup,Mitigation with aerosol cleanup,2073,350.000000,1.305821,0.612000,-0.158000,1.759821,1.204695,1.010709,0.186487,-0.408681,"Two-box screening emulator with scenario non-CO2 and aerosol forcing; not FAIR, not CMIP, and not publication-grade attribution."
aether_half_2046_zero_2060,AETHER plus delayed zero,mitigation_with_aerosol_cleanup,Mitigation with aerosol cleanup,2074,350.000000,1.305821,0.606000,-0.154000,1.757821,1.204311,1.012552,0.184287,-0.409065,"Two-box screening emulator with scenario non-CO2 and aerosol forcing; not FAIR, not CMIP, and not publication-grade attribution."
aether_half_2046_zero_2060,AETHER plus delayed zero,mitigation_with_aerosol_cleanup,Mitigation with aerosol cleanup,2075,350.000000,1.305821,0.600000,-0.150000,1.755821,1.203978,1.014374,0.182171,-0.409398,"Two-box screening emulator with scenario non-CO2 and aerosol forcing; not FAIR, not CMIP, and not publication-grade attribution."
aether_half_2046_zero_2060,AETHER plus delayed zero,mitigation_with_aerosol_cleanup,Mitigation with aerosol cleanup,2076,350.000000,1.305821,0.594000,-0.146000,1.753821,1.203685,1.016175,0.180124,-0.409691,"Two-box screening emulator with scenario non-CO2 and aerosol forcing; not FAIR, not CMIP, and not publication-grade attribution."
aether_half_2046_zero_2060,AETHER plus delayed zero,mitigation_with_aerosol_cleanup,Mitigation with aerosol cleanup,2077,350.000000,1.305821,0.588000,-0.142000,1.751821,1.203423,1.017956,0.178134,-0.409953,"Two-box screening emulator with scenario non-CO2 and aerosol forcing; not FAIR, not CMIP, and not publication-grade attribution."
aether_half_2046_zero_2060,AETHER plus delayed zero,mitigation_with_aerosol_cleanup,Mitigation with aerosol cleanup,2078,350.000000,1.305821,0.582000,-0.138000,1.749821,1.203185,1.019718,0.176194,-0.410191,"Two-box screening emulator with scenario non-CO2 and aerosol forcing; not FAIR, not CMIP, and not publication-grade attribution."
aether_half_2046_zero_2060,AETHER plus delayed zero,mitigation_with_aerosol_cleanup,Mitigation with aerosol cleanup,2079,350.000000,1.305821,0.576000,-0.134000,1.747821,1.202965,1.021461,0.174294,-0.410411,"Two-box screening emulator with scenario non-CO2 and aerosol forcing; not FAIR, not CMIP, and not publication-grade attribution."
aether_half_2046_zero_2060,AETHER plus delayed zero,mitigation_with_aerosol_cleanup,Mitigation with aerosol cleanup,2080,350.000000,1.305821,0.570000,-0.130000,1.745821,1.202757,1.023185,0.172428,-0.410619,"Two-box screening emulator with scenario non-CO2 and aerosol forcing; not FAIR, not CMIP, and not publication-grade attribution."
aether_half_2046_zero_2060,AETHER plus delayed zero,mitigation_with_aerosol_cleanup,Mitigation with aerosol cleanup,2081,350.000000,1.305821,0.564000,-0.126000,1.743821,1.202559,1.024891,0.170593,-0.410818,"Two-box screening emulator with scenario non-CO2 and aerosol forcing; not FAIR, not CMIP, and not publication-grade attribution."
aether_half_2046_zero_2060,AETHER plus delayed zero,mitigation_with_aerosol_cleanup,Mitigation with aerosol cleanup,2082,350.000000,1.305821,0.558000,-0.122000,1.741821,1.202366,1.026579,0.168784,-0.411010,"Two-box screening emulator with scenario non-CO2 and aerosol forcing; not FAIR, not CMIP, and not publication-grade attribution."
aether_half_2046_zero_2060,AETHER plus delayed zero,mitigation_with_aerosol_cleanup,Mitigation with aerosol cleanup,2083,350.000000,1.305821,0.552000,-0.118000,1.739821,1.202176,1.028249,0.166997,-0.411200,"Two-box screening emulator with scenario non-CO2 and aerosol forcing; not FAIR, not CMIP, and not publication-grade attribution."
aether_half_2046_zero_2060,AETHER plus delayed zero,mitigation_with_aerosol_cleanup,Mitigation with aerosol cleanup,2084,350.000000,1.305821,0.546000,-0.114000,1.737821,1.201988,1.029902,0.165231,-0.411388,"Two-box screening emulator with scenario non-CO2 and aerosol forcing; not FAIR, not CMIP, and not publication-grade attribution."
aether_half_2046_zero_2060,AETHER plus delayed zero,mitigation_with_aerosol_cleanup,Mitigation with aerosol cleanup,2085,350.000000,1.305821,0.540000,-0.110000,1.735821,1.201799,1.031536,0.163482,-0.411577,"Two-box screening emulator with scenario non-CO2 and aerosol forcing; not FAIR, not CMIP, and not publication-grade attribution."
aether_half_2046_zero_2060,AETHER plus delayed zero,mitigation_with_aerosol_cleanup,Mitigation with aerosol cleanup,2086,350.000000,1.305821,0.534000,-0.106000,1.733821,1.201609,1.033154,0.161750,-0.411767,"Two-box screening emulator with scenario non-CO2 and aerosol forcing; not FAIR, not CMIP, and not publication-grade attribution."
aether_half_2046_zero_2060,AETHER plus delayed zero,mitigation_with_aerosol_cleanup,Mitigation with aerosol cleanup,2087,350.000000,1.305821,0.528000,-0.102000,1.731821,1.201415,1.034754,0.160032,-0.411961,"Two-box screening emulator with scenario non-CO2 and aerosol forcing; not FAIR, not CMIP, and not publication-grade attribution."
aether_half_2046_zero_2060,AETHER plus delayed zero,mitigation_with_aerosol_cleanup,Mitigation with aerosol cleanup,2088,350.000000,1.305821,0.522000,-0.098000,1.729821,1.201219,1.036337,0.158328,-0.412157,"Two-box screening emulator with scenario non-CO2 and aerosol forcing; not FAIR, not CMIP, and not publication-grade attribution."
aether_half_2046_zero_2060,AETHER plus delayed zero,mitigation_with_aerosol_cleanup,Mitigation with aerosol cleanup,2089,350.000000,1.305821,0.516000,-0.094000,1.727821,1.201018,1.037904,0.156637,-0.412358,"Two-box screening emulator with scenario non-CO2 and aerosol forcing; not FAIR, not CMIP, and not publication-grade attribution."
aether_half_2046_zero_2060,AETHER plus delayed zero,mitigation_with_aerosol_cleanup,Mitigation with aerosol cleanup,2090,350.000000,1.305821,0.510000,-0.090000,1.725821,1.200812,1.039453,0.154958,-0.412564,"Two-box screening emulator with scenario non-CO2 and aerosol forcing; not FAIR, not CMIP, and not publication-grade attribution."
aether_half_2046_zero_2060,AETHER plus delayed zero,mitigation_with_aerosol_cleanup,Mitigation with aerosol cleanup,2091,350.000000,1.305821,0.504000,-0.086000,1.723821,1.200601,1.040986,0.153291,-0.412775,"Two-box screening emulator with scenario non-CO2 and aerosol forcing; not FAIR, not CMIP, and not publication-grade attribution."
aether_half_2046_zero_2060,AETHER plus delayed zero,mitigation_with_aerosol_cleanup,Mitigation with aerosol cleanup,2092,350.000000,1.305821,0.498000,-0.082000,1.721821,1.200384,1.042503,0.151634,-0.412992,"Two-box screening emulator with scenario non-CO2 and aerosol forcing; not FAIR, not CMIP, and not publication-grade attribution."
aether_half_2046_zero_2060,AETHER plus delayed zero,mitigation_with_aerosol_cleanup,Mitigation with aerosol cleanup,2093,350.000000,1.305821,0.492000,-0.078000,1.719821,1.200162,1.044002,0.149987,-0.413214,"Two-box screening emulator with scenario non-CO2 and aerosol forcing; not FAIR, not CMIP, and not publication-grade attribution."
aether_half_2046_zero_2060,AETHER plus delayed zero,mitigation_with_aerosol_cleanup,Mitigation with aerosol cleanup,2094,350.000000,1.305821,0.486000,-0.074000,1.717821,1.199933,1.045486,0.148351,-0.413443,"Two-box screening emulator with scenario non-CO2 and aerosol forcing; not FAIR, not CMIP, and not publication-grade attribution."
aether_half_2046_zero_2060,AETHER plus delayed zero,mitigation_with_aerosol_cleanup,Mitigation with aerosol cleanup,2095,350.000000,1.305821,0.480000,-0.070000,1.715821,1.199699,1.046953,0.146725,-0.413678,"Two-box screening emulator with scenario non-CO2 and aerosol forcing; not FAIR, not CMIP, and not publication-grade attribution."
aether_half_2046_zero_2060,AETHER plus delayed zero,mitigation_with_aerosol_cleanup,Mitigation with aerosol cleanup,2096,350.000000,1.305821,0.474000,-0.066000,1.713821,1.199458,1.048404,0.145108,-0.413918,"Two-box screening emulator with scenario non-CO2 and aerosol forcing; not FAIR, not CMIP, and not publication-grade attribution."
aether_half_2046_zero_2060,AETHER plus delayed zero,mitigation_with_aerosol_cleanup,Mitigation with aerosol cleanup,2097,350.000000,1.305821,0.468000,-0.062000,1.711821,1.199210,1.049839,0.143501,-0.414166,"Two-box screening emulator with scenario non-CO2 and aerosol forcing; not FAIR, not CMIP, and not publication-grade attribution."
aether_half_2046_zero_2060,AETHER plus delayed zero,mitigation_with_aerosol_cleanup,Mitigation with aerosol cleanup,2098,350.000000,1.305821,0.462000,-0.058000,1.709821,1.198956,1.051258,0.141902,-0.414420,"Two-box screening emulator with scenario non-CO2 and aerosol forcing; not FAIR, not CMIP, and not publication-grade attribution."
aether_half_2046_zero_2060,AETHER plus delayed zero,mitigation_with_aerosol_cleanup,Mitigation with aerosol cleanup,2099,350.000000,1.305821,0.456000,-0.054000,1.707821,1.198696,1.052661,0.140313,-0.414680,"Two-box screening emulator with scenario non-CO2 and aerosol forcing; not FAIR, not CMIP, and not publication-grade attribution."
aether_half_2046_zero_2060,AETHER plus delayed zero,mitigation_with_aerosol_cleanup,Mitigation with aerosol cleanup,2100,350.000000,1.305821,0.450000,-0.050000,1.705821,1.198429,1.054049,0.138733,-0.414947,"Two-box screening emulator with scenario non-CO2 and aerosol forcing; not FAIR, not CMIP, and not publication-grade attribution."
aether_half_2046_zero_2060,AETHER plus delayed zero,nonco2_delay_aerosol_unmasking,Delayed non-CO2 mitigation plus aerosol unmasking,2026,433.940256,2.524677,1.200000,-0.700000,3.024677,1.613376,0.772719,0.795947,0.000000,"Two-box screening emulator with scenario non-CO2 and aerosol forcing; not FAIR, not CMIP, and not publication-grade attribution."
aether_half_2046_zero_2060,AETHER plus delayed zero,nonco2_delay_aerosol_unmasking,Delayed non-CO2 mitigation plus aerosol unmasking,2027,438.245636,2.580654,1.197917,-0.677083,3.101487,1.629154,0.780705,0.798624,0.015778,"Two-box screening emulator with scenario non-CO2 and aerosol forcing; not FAIR, not CMIP, and not publication-grade attribution."
aether_half_2046_zero_2060,AETHER plus delayed zero,nonco2_delay_aerosol_unmasking,Delayed non-CO2 mitigation plus aerosol unmasking,2028,441.560663,2.623380,1.195833,-0.654167,3.165047,1.647890,0.788766,0.806027,0.034514,"Two-box screening emulator with scenario non-CO2 and aerosol forcing; not FAIR, not CMIP, and not publication-grade attribution."
aether_half_2046_zero_2060,AETHER plus delayed zero,nonco2_delay_aerosol_unmasking,Delayed non-CO2 mitigation plus aerosol unmasking,2029,443.977438,2.654328,1.193750,-0.631250,3.216828,1.668050,0.796927,0.816168,0.054674,"Two-box screening emulator with scenario non-CO2 and aerosol forcing; not FAIR, not CMIP, and not publication-grade attribution."
aether_half_2046_zero_2060,AETHER plus delayed zero,nonco2_delay_aerosol_unmasking,Delayed non-CO2 mitigation plus aerosol unmasking,2030,445.570256,2.674632,1.191667,-0.608333,3.257966,1.688488,0.805203,0.827567,0.075112,"Two-box screening emulator with scenario non-CO2 and aerosol forcing; not FAIR, not CMIP, and not publication-grade attribution."
aether_half_2046_zero_2060,AETHER plus delayed zero,nonco2_delay_aerosol_unmasking,Delayed non-CO2 mitigation plus aerosol unmasking,2031,446.399264,2.685172,1.189583,-0.585417,3.289338,1.708346,0.813594,0.839121,0.094970,"Two-box screening emulator with scenario non-CO2 and aerosol forcing; not FAIR, not CMIP, and not publication-grade attribution."
aether_half_2046_zero_2060,AETHER plus delayed zero,nonco2_delay_aerosol_unmasking,Delayed non-CO2 mitigation plus aerosol unmasking,2032,446.513363,2.686621,1.187500,-0.562500,3.311621,1.726986,0.822094,0.850015,0.113610,"Two-box screening emulator with scenario non-CO2 and aerosol forcing; not FAIR, not CMIP, and not publication-grade attribution."
aether_half_2046_zero_2060,AETHER plus delayed zero,nonco2_delay_aerosol_unmasking,Delayed non-CO2 mitigation plus aerosol unmasking,2033,445.952508,2.679494,1.185417,-0.539583,3.325328,1.743930,0.830691,0.859647,0.130554,"Two-box screening emulator with scenario non-CO2 and aerosol forcing; not FAIR, not CMIP, and not publication-grade attribution."
aether_half_2046_zero_2060,AETHER plus delayed zero,nonco2_delay_aerosol_unmasking,Delayed non-CO2 mitigation plus aerosol unmasking,2034,444.749534,2.664179,1.183333,-0.516667,3.330846,1.758823,0.839367,0.867577,0.145447,"Two-box screening emulator with scenario non-CO2 and aerosol forcing; not FAIR, not CMIP, and not publication-grade attribution."
aether_half_2046_zero_2060,AETHER plus delayed zero,nonco2_delay_aerosol_unmasking,Delayed non-CO2 mitigation plus aerosol unmasking,2035,442.931600,2.640956,1.181250,-0.493750,3.328456,1.771399,0.848101,0.873484,0.158023,"Two-box screening emulator with scenario non-CO2 and aerosol forcing; not FAIR, not CMIP, and not publication-grade attribution."
aether_half_2046_zero_2060,AETHER plus delayed zero,nonco2_delay_aerosol_unmasking,Delayed non-CO2 mitigation plus aerosol unmasking,2036,440.521341,2.610019,1.179167,-0.470833,3.318353,1.781457,0.856873,0.877133,0.168081,"Two-box screening emulator with scenario non-CO2 and aerosol forcing; not FAIR, not CMIP, and not publication-grade attribution."
aether_half_2046_zero_2060,AETHER plus delayed zero,nonco2_delay_aerosol_unmasking,Delayed non-CO2 mitigation plus aerosol unmasking,2037,437.537777,2.571488,1.177083,-0.447917,3.300655,1.788839,0.865656,0.878355,0.175463,"Two-box screening emulator with scenario non-CO2 and aerosol forcing; not FAIR, not CMIP, and not publication-grade attribution."
aether_half_2046_zero_2060,AETHER plus delayed zero,nonco2_delay_aerosol_unmasking,Delayed non-CO2 mitigation plus aerosol unmasking,2038,433.997033,2.525419,1.175000,-0.425000,3.275419,1.793424,0.874426,0.877024,0.180048,"Two-box screening emulator with scenario non-CO2 and aerosol forcing; not FAIR, not CMIP, and not publication-grade attribution."
aether_half_2046_zero_2060,AETHER plus delayed zero,nonco2_delay_aerosol_unmasking,Delayed non-CO2 mitigation plus aerosol unmasking,2039,429.912917,2.471811,1.172917,-0.402083,3.242644,1.795108,0.883157,0.873048,0.181732,"Two-box screening emulator with scenario non-CO2 and aerosol forcing; not FAIR, not CMIP, and not publication-grade attribution."
aether_half_2046_zero_2060,AETHER plus delayed zero,nonco2_delay_aerosol_unmasking,Delayed non-CO2 mitigation plus aerosol unmasking,2040,425.297373,2.410611,1.170833,-0.379167,3.202278,1.793803,0.891820,0.866354,0.180427,"Two-box screening emulator with scenario non-CO2 and aerosol forcing; not FAIR, not CMIP, and not publication-grade attribution."
aether_half_2046_zero_2060,AETHER plus delayed zero,nonco2_delay_aerosol_unmasking,Delayed non-CO2 mitigation plus aerosol unmasking,2041,420.160840,2.341717,1.168750,-0.356250,3.154217,1.789424,0.900389,0.856883,0.176048,"Two-box screening emulator with scenario non-CO2 and aerosol forcing; not FAIR, not CMIP, and not publication-grade attribution."
aether_half_2046_zero_2060,AETHER plus delayed zero,nonco2_delay_aerosol_unmasking,Delayed non-CO2 mitigation plus aerosol unmasking,2042,414.512545,2.264980,1.166667,-0.333333,3.098314,1.781889,0.908835,0.844583,0.168513,"Two-box screening emulator with scenario non-CO2 and aerosol forcing; not FAIR, not CMIP, and not publication-grade attribution."
aether_half_2046_zero_2060,AETHER plus delayed zero,nonco2_delay_aerosol_unmasking,Delayed non-CO2 mitigation plus aerosol unmasking,2043,408.360728,2.180204,1.164583,-0.310417,3.034371,1.771114,0.917129,0.829401,0.157738,"Two-box screening emulator with scenario non-CO2 and aerosol forcing; not FAIR, not CMIP, and not publication-grade attribution."
aether_half_2046_zero_2060,AETHER plus delayed zero,nonco2_delay_aerosol_unmasking,Delayed non-CO2 mitigation plus aerosol unmasking,2044,401.712822,2.087143,1.162500,-0.287500,2.962143,1.757005,0.925242,0.811285,0.143629,"Two-box screening emulator with scenario non-CO2 and aerosol forcing; not FAIR, not CMIP, and not publication-grade attribution."
aether_half_2046_zero_2060,AETHER plus delayed zero,nonco2_delay_aerosol_unmasking,Delayed non-CO2 mitigation plus aerosol unmasking,2045,394.575601,1.985502,1.160417,-0.264583,2.881336,1.739462,0.933144,0.790175,0.126086,"Two-box screening emulator with scenario non-CO2 and aerosol forcing; not FAIR, not CMIP, and not publication-grade attribution."
aether_half_2046_zero_2060,AETHER plus delayed zero,nonco2_delay_aerosol_unmasking,Delayed non-CO2 mitigation plus aerosol unmasking,2046,386.955293,1.874932,1.158333,-0.241667,2.791599,1.718371,0.940804,0.766003,0.104995,"Two-box screening emulator with scenario non-CO2 and aerosol forcing; not FAIR, not CMIP, and not publication-grade attribution."
aether_half_2046_zero_2060,AETHER plus delayed zero,nonco2_delay_aerosol_unmasking,Delayed non-CO2 mitigation plus aerosol unmasking,2047,379.415093,1.763360,1.156250,-0.218750,2.700860,1.694296,0.948191,0.738689,0.080920,"Two-box screening emulator with scenario non-CO2 and aerosol forcing; not FAIR, not CMIP, and not publication-grade attribution."
aether_half_2046_zero_2060,AETHER plus delayed zero,nonco2_delay_aerosol_unmasking,Delayed non-CO2 mitigation plus aerosol unmasking,2048,371.923897,1.650296,1.154167,-0.195833,2.608629,1.667655,0.955279,0.708800,0.054279,"Two-box screening emulator with scenario non-CO2 and aerosol forcing; not FAIR, not CMIP, and not publication-grade attribution."
aether_half_2046_zero_2060,AETHER plus delayed zero,nonco2_delay_aerosol_unmasking,Delayed non-CO2 mitigation plus aerosol unmasking,2049,364.457020,1.535309,1.152083,-0.172917,2.514475,1.638745,0.962046,0.676757,0.025369,"Two-box screening emulator with scenario non-CO2 and aerosol forcing; not FAIR, not CMIP, and not publication-grade attribution."
aether_half_2046_zero_2060,AETHER plus delayed zero,nonco2_delay_aerosol_unmasking,Delayed non-CO2 mitigation plus aerosol unmasking,2050,356.994861,1.418016,1.150000,-0.150000,2.418016,1.607778,0.968475,0.642864,-0.005598,"Two-box screening emulator with scenario non-CO2 and aerosol forcing; not FAIR, not CMIP, and not publication-grade attribution."
aether_half_2046_zero_2060,AETHER plus delayed zero,nonco2_delay_aerosol_unmasking,Delayed non-CO2 mitigation plus aerosol unmasking,2051,350.000000,1.305821,1.148000,-0.148000,2.305821,1.573803,0.974548,0.607338,-0.039573,"Two-box screening emulator with scenario non-CO2 and aerosol forcing; not FAIR, not CMIP, and not publication-grade attribution."
aether_half_2046_zero_2060,AETHER plus delayed zero,nonco2_delay_aerosol_unmasking,Delayed non-CO2 mitigation plus aerosol unmasking,2052,350.000000,1.305821,1.146000,-0.146000,2.305821,1.546707,0.980241,0.569292,-0.066669,"Two-box screening emulator with scenario non-CO2 and aerosol forcing; not FAIR, not CMIP, and not publication-grade attribution."
aether_half_2046_zero_2060,AETHER plus delayed zero,nonco2_delay_aerosol_unmasking,Delayed non-CO2 mitigation plus aerosol unmasking,2053,350.000000,1.305821,1.144000,-0.144000,2.305821,1.525165,0.985623,0.538142,-0.088211,"Two-box screening emulator with scenario non-CO2 and aerosol forcing; not FAIR, not CMIP, and not publication-grade attribution."
aether_half_2046_zero_2060,AETHER plus delayed zero,nonco2_delay_aerosol_unmasking,Delayed non-CO2 mitigation plus aerosol unmasking,2054,350.000000,1.305821,1.142000,-0.142000,2.305821,1.508105,0.990748,0.512565,-0.105271,"Two-box screening emulator with scenario non-CO2 and aerosol forcing; not FAIR, not CMIP, and not publication-grade attribution."
aether_half_2046_zero_2060,AETHER plus delayed zero,nonco2_delay_aerosol_unmasking,Delayed non-CO2 mitigation plus aerosol unmasking,2055,350.000000,1.305821,1.140000,-0.140000,2.305821,1.494665,0.995663,0.491489,-0.118711,"Two-box screening emulator with scenario non-CO2 and aerosol forcing; not FAIR, not CMIP, and not publication-grade attribution."
aether_half_2046_zero_2060,AETHER plus delayed zero,nonco2_delay_aerosol_unmasking,Delayed non-CO2 mitigation plus aerosol unmasking,2056,350.000000,1.305821,1.138000,-0.138000,2.305821,1.484145,1.000404,0.474052,-0.129231,"Two-box screening emulator with scenario non-CO2 and aerosol forcing; not FAIR, not CMIP, and not publication-grade attribution."
aether_half_2046_zero_2060,AETHER plus delayed zero,nonco2_delay_aerosol_unmasking,Delayed non-CO2 mitigation plus aerosol unmasking,2057,350.000000,1.305821,1.136000,-0.136000,2.305821,1.475981,1.004999,0.459554,-0.137395,"Two-box screening emulator with scenario non-CO2 and aerosol forcing; not FAIR, not CMIP, and not publication-grade attribution."
aether_half_2046_zero_2060,AETHER plus delayed zero,nonco2_delay_aerosol_unmasking,Delayed non-CO2 mitigation plus aerosol unmasking,2058,350.000000,1.305821,1.134000,-0.134000,2.305821,1.469719,1.009474,0.447433,-0.143657,"Two-box screening emulator with scenario non-CO2 and aerosol forcing; not FAIR, not CMIP, and not publication-grade attribution."
aether_half_2046_zero_2060,AETHER plus delayed zero,nonco2_delay_aerosol_unmasking,Delayed non-CO2 mitigation plus aerosol unmasking,2059,350.000000,1.305821,1.132000,-0.132000,2.305821,1.464990,1.013846,0.437233,-0.148386,"Two-box screening emulator with scenario non-CO2 and aerosol forcing; not FAIR, not CMIP, and not publication-grade attribution."
aether_half_2046_zero_2060,AETHER plus delayed zero,nonco2_delay_aerosol_unmasking,Delayed non-CO2 mitigation plus aerosol unmasking,2060,350.000000,1.305821,1.130000,-0.130000,2.305821,1.461498,1.018132,0.428587,-0.151878,"Two-box screening emulator with scenario non-CO2 and aerosol forcing; not FAIR, not CMIP, and not publication-grade attribution."
aether_half_2046_zero_2060,AETHER plus delayed zero,nonco2_delay_aerosol_unmasking,Delayed non-CO2 mitigation plus aerosol unmasking,2061,350.000000,1.305821,1.128000,-0.128000,2.305821,1.459003,1.022344,0.421198,-0.154373,"Two-box screening emulator with scenario non-CO2 and aerosol forcing; not FAIR, not CMIP, and not publication-grade attribution."
aether_half_2046_zero_2060,AETHER plus delayed zero,nonco2_delay_aerosol_unmasking,Delayed non-CO2 mitigation plus aerosol unmasking,2062,350.000000,1.305821,1.126000,-0.126000,2.305821,1.457312,1.026492,0.414827,-0.156064,"Two-box screening emulator with scenario non-CO2 and aerosol forcing; not FAIR, not CMIP, and not publication-grade attribution."
aether_half_2046_zero_2060,AETHER plus delayed zero,nonco2_delay_aerosol_unmasking,Delayed non-CO2 mitigation plus aerosol unmasking,2063,350.000000,1.305821,1.124000,-0.124000,2.305821,1.456267,1.030585,0.409279,-0.157109,"Two-box screening emulator with scenario non-CO2 and aerosol forcing; not FAIR, not CMIP, and not publication-grade attribution."
aether_half_2046_zero_2060,AETHER plus delayed zero,nonco2_delay_aerosol_unmasking,Delayed non-CO2 mitigation plus aerosol unmasking,2064,350.000000,1.305821,1.122000,-0.122000,2.305821,1.455743,1.034629,0.404398,-0.157633,"Two-box screening emulator with scenario non-CO2 and aerosol forcing; not FAIR, not CMIP, and not publication-grade attribution."
aether_half_2046_zero_2060,AETHER plus delayed zero,nonco2_delay_aerosol_unmasking,Delayed non-CO2 mitigation plus aerosol unmasking,2065,350.000000,1.305821,1.120000,-0.120000,2.305821,1.455638,1.038629,0.400059,-0.157738,"Two-box screening emulator with scenario non-CO2 and aerosol forcing; not FAIR, not CMIP, and not publication-grade attribution."
aether_half_2046_zero_2060,AETHER plus delayed zero,nonco2_delay_aerosol_unmasking,Delayed non-CO2 mitigation plus aerosol unmasking,2066,350.000000,1.305821,1.118000,-0.118000,2.305821,1.455870,1.042591,0.396158,-0.157507,"Two-box screening emulator with scenario non-CO2 and aerosol forcing; not FAIR, not CMIP, and not publication-grade attribution."
aether_half_2046_zero_2060,AETHER plus delayed zero,nonco2_delay_aerosol_unmasking,Delayed non-CO2 mitigation plus aerosol unmasking,2067,350.000000,1.305821,1.116000,-0.116000,2.305821,1.456371,1.046517,0.392615,-0.157005,"Two-box screening emulator with scenario non-CO2 and aerosol forcing; not FAIR, not CMIP, and not publication-grade attribution."
aether_half_2046_zero_2060,AETHER plus delayed zero,nonco2_delay_aerosol_unmasking,Delayed non-CO2 mitigation plus aerosol unmasking,2068,350.000000,1.305821,1.114000,-0.114000,2.305821,1.457089,1.050411,0.389361,-0.156287,"Two-box screening emulator with scenario non-CO2 and aerosol forcing; not FAIR, not CMIP, and not publication-grade attribution."
aether_half_2046_zero_2060,AETHER plus delayed zero,nonco2_delay_aerosol_unmasking,Delayed non-CO2 mitigation plus aerosol unmasking,2069,350.000000,1.305821,1.112000,-0.112000,2.305821,1.457980,1.054274,0.386344,-0.155396,"Two-box screening emulator with scenario non-CO2 and aerosol forcing; not FAIR, not CMIP, and not publication-grade attribution."
aether_half_2046_zero_2060,AETHER plus delayed zero,nonco2_delay_aerosol_unmasking,Delayed non-CO2 mitigation plus aerosol unmasking,2070,350.000000,1.305821,1.110000,-0.110000,2.305821,1.459009,1.058109,0.383520,-0.154367,"Two-box screening emulator with scenario non-CO2 and aerosol forcing; not FAIR, not CMIP, and not publication-grade attribution."
aether_half_2046_zero_2060,AETHER plus delayed zero,nonco2_delay_aerosol_unmasking,Delayed non-CO2 mitigation plus aerosol unmasking,2071,350.000000,1.305821,1.108000,-0.108000,2.305821,1.460147,1.061918,0.380854,-0.153229,"Two-box screening emulator with scenario non-CO2 and aerosol forcing; not FAIR, not CMIP, and not publication-grade attribution."
aether_half_2046_zero_2060,AETHER plus delayed zero,nonco2_delay_aerosol_unmasking,Delayed non-CO2 mitigation plus aerosol unmasking,2072,350.000000,1.305821,1.106000,-0.106000,2.305821,1.461373,1.065701,0.378318,-0.152003,"Two-box screening emulator with scenario non-CO2 and aerosol forcing; not FAIR, not CMIP, and not publication-grade attribution."
aether_half_2046_zero_2060,AETHER plus delayed zero,nonco2_delay_aerosol_unmasking,Delayed non-CO2 mitigation plus aerosol unmasking,2073,350.000000,1.305821,1.104000,-0.104000,2.305821,1.462668,1.069460,0.375889,-0.150708,"Two-box screening emulator with scenario non-CO2 and aerosol forcing; not FAIR, not CMIP, and not publication-grade attribution."
aether_half_2046_zero_2060,AETHER plus delayed zero,nonco2_delay_aerosol_unmasking,Delayed non-CO2 mitigation plus aerosol unmasking,2074,350.000000,1.305821,1.102000,-0.102000,2.305821,1.464016,1.073195,0.373547,-0.149360,"Two-box screening emulator with scenario non-CO2 and aerosol forcing; not FAIR, not CMIP, and not publication-grade attribution."
aether_half_2046_zero_2060,AETHER plus delayed zero,nonco2_delay_aerosol_unmasking,Delayed non-CO2 mitigation plus aerosol unmasking,2075,350.000000,1.305821,1.100000,-0.100000,2.305821,1.465406,1.076908,0.371280,-0.147970,"Two-box screening emulator with scenario non-CO2 and aerosol forcing; not FAIR, not CMIP, and not publication-grade attribution."
aether_half_2046_zero_2060,AETHER plus delayed zero,nonco2_delay_aerosol_unmasking,Delayed non-CO2 mitigation plus aerosol unmasking,2076,350.000000,1.305821,1.098000,-0.098000,2.305821,1.466828,1.080599,0.369073,-0.146548,"Two-box screening emulator with scenario non-CO2 and aerosol forcing; not FAIR, not CMIP, and not publication-grade attribution."
aether_half_2046_zero_2060,AETHER plus delayed zero,nonco2_delay_aerosol_unmasking,Delayed non-CO2 mitigation plus aerosol unmasking,2077,350.000000,1.305821,1.096000,-0.096000,2.305821,1.468275,1.084268,0.366918,-0.145101,"Two-box screening emulator with scenario non-CO2 and aerosol forcing; not FAIR, not CMIP, and not publication-grade attribution."
aether_half_2046_zero_2060,AETHER plus delayed zero,nonco2_delay_aerosol_unmasking,Delayed non-CO2 mitigation plus aerosol unmasking,2078,350.000000,1.305821,1.094000,-0.094000,2.305821,1.469739,1.087916,0.364806,-0.143637,"Two-box screening emulator with scenario non-CO2 and aerosol forcing; not FAIR, not CMIP, and not publication-grade attribution."
aether_half_2046_zero_2060,AETHER plus delayed zero,nonco2_delay_aerosol_unmasking,Delayed non-CO2 mitigation plus aerosol unmasking,2079,350.000000,1.305821,1.092000,-0.092000,2.305821,1.471217,1.091544,0.362732,-0.142159,"Two-box screening emulator with scenario non-CO2 and aerosol forcing; not FAIR, not CMIP, and not publication-grade attribution."
aether_half_2046_zero_2060,AETHER plus delayed zero,nonco2_delay_aerosol_unmasking,Delayed non-CO2 mitigation plus aerosol unmasking,2080,350.000000,1.305821,1.090000,-0.090000,2.305821,1.472703,1.095150,0.360690,-0.140673,"Two-box screening emulator with scenario non-CO2 and aerosol forcing; not FAIR, not CMIP, and not publication-grade attribution."
aether_half_2046_zero_2060,AETHER plus delayed zero,nonco2_delay_aerosol_unmasking,Delayed non-CO2 mitigation plus aerosol unmasking,2081,350.000000,1.305821,1.088000,-0.088000,2.305821,1.474195,1.098737,0.358675,-0.139181,"Two-box screening emulator with scenario non-CO2 and aerosol forcing; not FAIR, not CMIP, and not publication-grade attribution."
aether_half_2046_zero_2060,AETHER plus delayed zero,nonco2_delay_aerosol_unmasking,Delayed non-CO2 mitigation plus aerosol unmasking,2082,350.000000,1.305821,1.086000,-0.086000,2.305821,1.475690,1.102304,0.356685,-0.137686,"Two-box screening emulator with scenario non-CO2 and aerosol forcing; not FAIR, not CMIP, and not publication-grade attribution."
aether_half_2046_zero_2060,AETHER plus delayed zero,nonco2_delay_aerosol_unmasking,Delayed non-CO2 mitigation plus aerosol unmasking,2083,350.000000,1.305821,1.084000,-0.084000,2.305821,1.477186,1.105851,0.354717,-0.136190,"Two-box screening emulator with scenario non-CO2 and aerosol forcing; not FAIR, not CMIP, and not publication-grade attribution."
aether_half_2046_zero_2060,AETHER plus delayed zero,nonco2_delay_aerosol_unmasking,Delayed non-CO2 mitigation plus aerosol unmasking,2084,350.000000,1.305821,1.082000,-0.082000,2.305821,1.478681,1.109379,0.352768,-0.134695,"Two-box screening emulator with scenario non-CO2 and aerosol forcing; not FAIR, not CMIP, and not publication-grade attribution."
aether_half_2046_zero_2060,AETHER plus delayed zero,nonco2_delay_aerosol_unmasking,Delayed non-CO2 mitigation plus aerosol unmasking,2085,350.000000,1.305821,1.080000,-0.080000,2.305821,1.480174,1.112887,0.350837,-0.133202,"Two-box screening emulator with scenario non-CO2 and aerosol forcing; not FAIR, not CMIP, and not publication-grade attribution."
aether_half_2046_zero_2060,AETHER plus delayed zero,nonco2_delay_aerosol_unmasking,Delayed non-CO2 mitigation plus aerosol unmasking,2086,350.000000,1.305821,1.078000,-0.078000,2.305821,1.481663,1.116376,0.348922,-0.131713,"Two-box screening emulator with scenario non-CO2 and aerosol forcing; not FAIR, not CMIP, and not publication-grade attribution."
aether_half_2046_zero_2060,AETHER plus delayed zero,nonco2_delay_aerosol_unmasking,Delayed non-CO2 mitigation plus aerosol unmasking,2087,350.000000,1.305821,1.076000,-0.076000,2.305821,1.483148,1.119847,0.347022,-0.130228,"Two-box screening emulator with scenario non-CO2 and aerosol forcing; not FAIR, not CMIP, and not publication-grade attribution."
aether_half_2046_zero_2060,AETHER plus delayed zero,nonco2_delay_aerosol_unmasking,Delayed non-CO2 mitigation plus aerosol unmasking,2088,350.000000,1.305821,1.074000,-0.074000,2.305821,1.484628,1.123298,0.345136,-0.128748,"Two-box screening emulator with scenario non-CO2 and aerosol forcing; not FAIR, not CMIP, and not publication-grade attribution."
aether_half_2046_zero_2060,AETHER plus delayed zero,nonco2_delay_aerosol_unmasking,Delayed non-CO2 mitigation plus aerosol unmasking,2089,350.000000,1.305821,1.072000,-0.072000,2.305821,1.486103,1.126731,0.343264,-0.127273,"Two-box screening emulator with scenario non-CO2 and aerosol forcing; not FAIR, not CMIP, and not publication-grade attribution."
aether_half_2046_zero_2060,AETHER plus delayed zero,nonco2_delay_aerosol_unmasking,Delayed non-CO2 mitigation plus aerosol unmasking,2090,350.000000,1.305821,1.070000,-0.070000,2.305821,1.487571,1.130145,0.341403,-0.125805,"Two-box screening emulator with scenario non-CO2 and aerosol forcing; not FAIR, not CMIP, and not publication-grade attribution."
aether_half_2046_zero_2060,AETHER plus delayed zero,nonco2_delay_aerosol_unmasking,Delayed non-CO2 mitigation plus aerosol unmasking,2091,350.000000,1.305821,1.068000,-0.068000,2.305821,1.489034,1.133540,0.339555,-0.124342,"Two-box screening emulator with scenario non-CO2 and aerosol forcing; not FAIR, not CMIP, and not publication-grade attribution."
aether_half_2046_zero_2060,AETHER plus delayed zero,nonco2_delay_aerosol_unmasking,Delayed non-CO2 mitigation plus aerosol unmasking,2092,350.000000,1.305821,1.066000,-0.066000,2.305821,1.490489,1.136917,0.337719,-0.122887,"Two-box screening emulator with scenario non-CO2 and aerosol forcing; not FAIR, not CMIP, and not publication-grade attribution."
aether_half_2046_zero_2060,AETHER plus delayed zero,nonco2_delay_aerosol_unmasking,Delayed non-CO2 mitigation plus aerosol unmasking,2093,350.000000,1.305821,1.064000,-0.064000,2.305821,1.491938,1.140276,0.335893,-0.121438,"Two-box screening emulator with scenario non-CO2 and aerosol forcing; not FAIR, not CMIP, and not publication-grade attribution."
aether_half_2046_zero_2060,AETHER plus delayed zero,nonco2_delay_aerosol_unmasking,Delayed non-CO2 mitigation plus aerosol unmasking,2094,350.000000,1.305821,1.062000,-0.062000,2.305821,1.493380,1.143617,0.334079,-0.119996,"Two-box screening emulator with scenario non-CO2 and aerosol forcing; not FAIR, not CMIP, and not publication-grade attribution."
aether_half_2046_zero_2060,AETHER plus delayed zero,nonco2_delay_aerosol_unmasking,Delayed non-CO2 mitigation plus aerosol unmasking,2095,350.000000,1.305821,1.060000,-0.060000,2.305821,1.494815,1.146940,0.332275,-0.118561,"Two-box screening emulator with scenario non-CO2 and aerosol forcing; not FAIR, not CMIP, and not publication-grade attribution."
aether_half_2046_zero_2060,AETHER plus delayed zero,nonco2_delay_aerosol_unmasking,Delayed non-CO2 mitigation plus aerosol unmasking,2096,350.000000,1.305821,1.058000,-0.058000,2.305821,1.496243,1.150245,0.330481,-0.117133,"Two-box screening emulator with scenario non-CO2 and aerosol forcing; not FAIR, not CMIP, and not publication-grade attribution."
aether_half_2046_zero_2060,AETHER plus delayed zero,nonco2_delay_aerosol_unmasking,Delayed non-CO2 mitigation plus aerosol unmasking,2097,350.000000,1.305821,1.056000,-0.056000,2.305821,1.497663,1.153532,0.328698,-0.115713,"Two-box screening emulator with scenario non-CO2 and aerosol forcing; not FAIR, not CMIP, and not publication-grade attribution."
aether_half_2046_zero_2060,AETHER plus delayed zero,nonco2_delay_aerosol_unmasking,Delayed non-CO2 mitigation plus aerosol unmasking,2098,350.000000,1.305821,1.054000,-0.054000,2.305821,1.499076,1.156801,0.326925,-0.114300,"Two-box screening emulator with scenario non-CO2 and aerosol forcing; not FAIR, not CMIP, and not publication-grade attribution."
aether_half_2046_zero_2060,AETHER plus delayed zero,nonco2_delay_aerosol_unmasking,Delayed non-CO2 mitigation plus aerosol unmasking,2099,350.000000,1.305821,1.052000,-0.052000,2.305821,1.500482,1.160053,0.325162,-0.112894,"Two-box screening emulator with scenario non-CO2 and aerosol forcing; not FAIR, not CMIP, and not publication-grade attribution."
aether_half_2046_zero_2060,AETHER plus delayed zero,nonco2_delay_aerosol_unmasking,Delayed non-CO2 mitigation plus aerosol unmasking,2100,350.000000,1.305821,1.050000,-0.050000,2.305821,1.501881,1.163287,0.323408,-0.111495,"Two-box screening emulator with scenario non-CO2 and aerosol forcing; not FAIR, not CMIP, and not publication-grade attribution."
aether_half_2046_zero_2060,AETHER plus delayed zero,active_full_forcing_management,Active full-forcing management,2026,433.940256,2.524677,1.200000,-0.700000,3.024677,1.613376,0.772719,0.795947,0.000000,"Two-box screening emulator with scenario non-CO2 and aerosol forcing; not FAIR, not CMIP, and not publication-grade attribution."
aether_half_2046_zero_2060,AETHER plus delayed zero,active_full_forcing_management,Active full-forcing management,2027,438.245636,2.580654,1.172917,-0.677083,3.076487,1.627071,0.780705,0.798624,0.013695,"Two-box screening emulator with scenario non-CO2 and aerosol forcing; not FAIR, not CMIP, and not publication-grade attribution."
aether_half_2046_zero_2060,AETHER plus delayed zero,active_full_forcing_management,Active full-forcing management,2028,441.560663,2.623380,1.145833,-0.654167,3.115047,1.642032,0.788746,0.804047,0.028656,"Two-box screening emulator with scenario non-CO2 and aerosol forcing; not FAIR, not CMIP, and not publication-grade attribution."
aether_half_2046_zero_2060,AETHER plus delayed zero,active_full_forcing_management,Active full-forcing management,2029,443.977438,2.654328,1.118750,-0.631250,3.141828,1.657044,0.796852,0.810622,0.043668,"Two-box screening emulator with scenario non-CO2 and aerosol forcing; not FAIR, not CMIP, and not publication-grade attribution."
aether_half_2046_zero_2060,AETHER plus delayed zero,active_full_forcing_management,Active full-forcing management,2030,445.570256,2.674632,1.091667,-0.608333,3.157966,1.671216,0.805024,0.817183,0.057840,"Two-box screening emulator with scenario non-CO2 and aerosol forcing; not FAIR, not CMIP, and not publication-grade attribution."
aether_half_2046_zero_2060,AETHER plus delayed zero,active_full_forcing_management,Active full-forcing management,2031,446.399264,2.685172,1.064583,-0.585417,3.164338,1.683896,0.813253,0.822882,0.070520,"Two-box screening emulator with scenario non-CO2 and aerosol forcing; not FAIR, not CMIP, and not publication-grade attribution."
aether_half_2046_zero_2060,AETHER plus delayed zero,active_full_forcing_management,Active full-forcing management,2032,446.513363,2.686621,1.037500,-0.562500,3.161621,1.694613,0.821524,0.827111,0.081237,"Two-box screening emulator with scenario non-CO2 and aerosol forcing; not FAIR, not CMIP, and not publication-grade attribution."
aether_half_2046_zero_2060,AETHER plus delayed zero,active_full_forcing_management,Active full-forcing management,2033,445.952508,2.679494,1.010417,-0.539583,3.150328,1.703026,0.829818,0.829435,0.089649,"Two-box screening emulator with scenario non-CO2 and aerosol forcing; not FAIR, not CMIP, and not publication-grade attribution."
aether_half_2046_zero_2060,AETHER plus delayed zero,active_full_forcing_management,Active full-forcing management,2034,444.749534,2.664179,0.983333,-0.516667,3.130846,1.708887,0.838114,0.829547,0.095511,"Two-box screening emulator with scenario non-CO2 and aerosol forcing; not FAIR, not CMIP, and not publication-grade attribution."
aether_half_2046_zero_2060,AETHER plus delayed zero,active_full_forcing_management,Active full-forcing management,2035,442.931600,2.640956,0.956250,-0.493750,3.103456,1.712018,0.846386,0.827235,0.098642,"Two-box screening emulator with scenario non-CO2 and aerosol forcing; not FAIR, not CMIP, and not publication-grade attribution."
aether_half_2046_zero_2060,AETHER plus delayed zero,active_full_forcing_management,Active full-forcing management,2036,440.521341,2.610019,0.929167,-0.470833,3.068353,1.712290,0.854609,0.822351,0.098914,"Two-box screening emulator with scenario non-CO2 and aerosol forcing; not FAIR, not CMIP, and not publication-grade attribution."
aether_half_2046_zero_2060,AETHER plus delayed zero,active_full_forcing_management,Active full-forcing management,2037,437.537777,2.571488,0.902083,-0.447917,3.025655,1.709603,0.862757,0.814796,0.096227,"Two-box screening emulator with scenario non-CO2 and aerosol forcing; not FAIR, not CMIP, and not publication-grade attribution."
aether_half_2046_zero_2060,AETHER plus delayed zero,active_full_forcing_management,Active full-forcing management,2038,433.997033,2.525419,0.875000,-0.425000,2.975419,1.703881,0.870802,0.804503,0.090505,"Two-box screening emulator with scenario non-CO2 and aerosol forcing; not FAIR, not CMIP, and not publication-grade attribution."
aether_half_2046_zero_2060,AETHER plus delayed zero,active_full_forcing_management,Active full-forcing management,2039,429.912917,2.471811,0.847917,-0.402083,2.917644,1.695059,0.878717,0.791425,0.081683,"Two-box screening emulator with scenario non-CO2 and aerosol forcing; not FAIR, not CMIP, and not publication-grade attribution."
aether_half_2046_zero_2060,AETHER plus delayed zero,active_full_forcing_management,Active full-forcing management,2040,425.297373,2.410611,0.820833,-0.379167,2.852278,1.683078,0.886472,0.775525,0.069702,"Two-box screening emulator with scenario non-CO2 and aerosol forcing; not FAIR, not CMIP, and not publication-grade attribution."
aether_half_2046_zero_2060,AETHER plus delayed zero,active_full_forcing_management,Active full-forcing management,2041,420.160840,2.341717,0.793750,-0.356250,2.779217,1.667879,0.894040,0.756776,0.054503,"Two-box screening emulator with scenario non-CO2 and aerosol forcing; not FAIR, not CMIP, and not publication-grade attribution."
aether_half_2046_zero_2060,AETHER plus delayed zero,active_full_forcing_management,Active full-forcing management,2042,414.512545,2.264980,0.766667,-0.333333,2.698314,1.649399,0.901391,0.735147,0.036023,"Two-box screening emulator with scenario non-CO2 and aerosol forcing; not FAIR, not CMIP, and not publication-grade attribution."
aether_half_2046_zero_2060,AETHER plus delayed zero,active_full_forcing_management,Active full-forcing management,2043,408.360728,2.180204,0.739583,-0.310417,2.609371,1.627570,0.908497,0.710608,0.014194,"Two-box screening emulator with scenario non-CO2 and aerosol forcing; not FAIR, not CMIP, and not publication-grade attribution."
aether_half_2046_zero_2060,AETHER plus delayed zero,active_full_forcing_management,Active full-forcing management,2044,401.712822,2.087143,0.712500,-0.287500,2.512143,1.602312,0.915328,0.683119,-0.011064,"Two-box screening emulator with scenario non-CO2 and aerosol forcing; not FAIR, not CMIP, and not publication-grade attribution."
aether_half_2046_zero_2060,AETHER plus delayed zero,active_full_forcing_management,Active full-forcing management,2045,394.575601,1.985502,0.685417,-0.264583,2.406336,1.573535,0.921855,0.652635,-0.039841,"Two-box screening emulator with scenario non-CO2 and aerosol forcing; not FAIR, not CMIP, and not publication-grade attribution."
aether_half_2046_zero_2060,AETHER plus delayed zero,active_full_forcing_management,Active full-forcing management,2046,386.955293,1.874932,0.658333,-0.241667,2.291599,1.541133,0.928046,0.619096,-0.072243,"Two-box screening emulator with scenario non-CO2 and aerosol forcing; not FAIR, not CMIP, and not publication-grade attribution."
aether_half_2046_zero_2060,AETHER plus delayed zero,active_full_forcing_management,Active full-forcing management,2047,379.415093,1.763360,0.631250,-0.218750,2.175860,1.505678,0.933870,0.582432,-0.107698,"Two-box screening emulator with scenario non-CO2 and aerosol forcing; not FAIR, not CMIP, and not publication-grade attribution."
aether_half_2046_zero_2060,AETHER plus delayed zero,active_full_forcing_management,Active full-forcing management,2048,371.923897,1.650296,0.604167,-0.195833,2.058629,1.467592,0.939302,0.543217,-0.145784,"Two-box screening emulator with scenario non-CO2 and aerosol forcing; not FAIR, not CMIP, and not publication-grade attribution."
aether_half_2046_zero_2060,AETHER plus delayed zero,active_full_forcing_management,Active full-forcing management,2049,364.457020,1.535309,0.577083,-0.172917,1.939475,1.427180,0.944321,0.501876,-0.186196,"Two-box screening emulator with scenario non-CO2 and aerosol forcing; not FAIR, not CMIP, and not publication-grade attribution."
aether_half_2046_zero_2060,AETHER plus delayed zero,active_full_forcing_management,Active full-forcing management,2050,356.994861,1.418016,0.550000,-0.150000,1.818016,1.384655,0.948908,0.458716,-0.228721,"Two-box screening emulator with scenario non-CO2 and aerosol forcing; not FAIR, not CMIP, and not publication-grade attribution."
aether_half_2046_zero_2060,AETHER plus delayed zero,active_full_forcing_management,Active full-forcing management,2051,350.000000,1.305821,0.543000,-0.147000,1.701821,1.340818,0.953048,0.413959,-0.272558,"Two-box screening emulator with scenario non-CO2 and aerosol forcing; not FAIR, not CMIP, and not publication-grade attribution."
aether_half_2046_zero_2060,AETHER plus delayed zero,active_full_forcing_management,Active full-forcing management,2052,350.000000,1.305821,0.536000,-0.144000,1.697821,1.305232,0.956732,0.368382,-0.308144,"Two-box screening emulator with scenario non-CO2 and aerosol forcing; not FAIR, not CMIP, and not publication-grade attribution."
aether_half_2046_zero_2060,AETHER plus delayed zero,active_full_forcing_management,Active full-forcing management,2053,350.000000,1.305821,0.529000,-0.141000,1.693821,1.276307,0.960042,0.331076,-0.337069,"Two-box screening emulator with scenario non-CO2 and aerosol forcing; not FAIR, not CMIP, and not publication-grade attribution."
aether_half_2046_zero_2060,AETHER plus delayed zero,active_full_forcing_management,Active full-forcing management,2054,350.000000,1.305821,0.522000,-0.138000,1.689821,1.252757,0.963047,0.300451,-0.360619,"Two-box screening emulator with scenario non-CO2 and aerosol forcing; not FAIR, not CMIP, and not publication-grade attribution."
aether_half_2046_zero_2060,AETHER plus delayed zero,active_full_forcing_management,Active full-forcing management,2055,350.000000,1.305821,0.515000,-0.135000,1.685821,1.233548,0.965799,0.275225,-0.379828,"Two-box screening emulator with scenario non-CO2 and aerosol forcing; not FAIR, not CMIP, and not publication-grade attribution."
aether_half_2046_zero_2060,AETHER plus delayed zero,active_full_forcing_management,Active full-forcing management,2056,350.000000,1.305821,0.508000,-0.132000,1.681821,1.217840,0.968343,0.254361,-0.395536,"Two-box screening emulator with scenario non-CO2 and aerosol forcing; not FAIR, not CMIP, and not publication-grade attribution."
aether_half_2046_zero_2060,AETHER plus delayed zero,active_full_forcing_management,Active full-forcing management,2057,350.000000,1.305821,0.501000,-0.129000,1.677821,1.204959,0.970713,0.237023,-0.408417,"Two-box screening emulator with scenario non-CO2 and aerosol forcing; not FAIR, not CMIP, and not publication-grade attribution."
aether_half_2046_zero_2060,AETHER plus delayed zero,active_full_forcing_management,Active full-forcing management,2058,350.000000,1.305821,0.494000,-0.126000,1.673821,1.194359,0.972938,0.222534,-0.419017,"Two-box screening emulator with scenario non-CO2 and aerosol forcing; not FAIR, not CMIP, and not publication-grade attribution."
aether_half_2046_zero_2060,AETHER plus delayed zero,active_full_forcing_management,Active full-forcing management,2059,350.000000,1.305821,0.487000,-0.123000,1.669821,1.185597,0.975042,0.210349,-0.427779,"Two-box screening emulator with scenario non-CO2 and aerosol forcing; not FAIR, not CMIP, and not publication-grade attribution."
aether_half_2046_zero_2060,AETHER plus delayed zero,active_full_forcing_management,Active full-forcing management,2060,350.000000,1.305821,0.480000,-0.120000,1.665821,1.178319,0.977042,0.200028,-0.435057,"Two-box screening emulator with scenario non-CO2 and aerosol forcing; not FAIR, not CMIP, and not publication-grade attribution."
aether_half_2046_zero_2060,AETHER plus delayed zero,active_full_forcing_management,Active full-forcing management,2061,350.000000,1.305821,0.473000,-0.117000,1.661821,1.172236,0.978954,0.191213,-0.441140,"Two-box screening emulator with scenario non-CO2 and aerosol forcing; not FAIR, not CMIP, and not publication-grade attribution."
aether_half_2046_zero_2060,AETHER plus delayed zero,active_full_forcing_management,Active full-forcing management,2062,350.000000,1.305821,0.466000,-0.114000,1.657821,1.167118,0.980790,0.183618,-0.446259,"Two-box screening emulator with scenario non-CO2 and aerosol forcing; not FAIR, not CMIP, and not publication-grade attribution."
aether_half_2046_zero_2060,AETHER plus delayed zero,active_full_forcing_management,Active full-forcing management,2063,350.000000,1.305821,0.459000,-0.111000,1.653821,1.162775,0.982560,0.177011,-0.450601,"Two-box screening emulator with scenario non-CO2 and aerosol forcing; not FAIR, not CMIP, and not publication-grade attribution."
aether_half_2046_zero_2060,AETHER plus delayed zero,active_full_forcing_management,Active full-forcing management,2064,350.000000,1.305821,0.452000,-0.108000,1.649821,1.159057,0.984272,0.171204,-0.454319,"Two-box screening emulator with scenario non-CO2 and aerosol forcing; not FAIR, not CMIP, and not publication-grade attribution."
aether_half_2046_zero_2060,AETHER plus delayed zero,active_full_forcing_management,Active full-forcing management,2065,350.000000,1.305821,0.445000,-0.105000,1.645821,1.155841,0.985933,0.166045,-0.457535,"Two-box screening emulator with scenario non-CO2 and aerosol forcing; not FAIR, not CMIP, and not publication-grade attribution."
aether_half_2046_zero_2060,AETHER plus delayed zero,active_full_forcing_management,Active full-forcing management,2066,350.000000,1.305821,0.438000,-0.102000,1.641821,1.153029,0.987547,0.161413,-0.460347,"Two-box screening emulator with scenario non-CO2 and aerosol forcing; not FAIR, not CMIP, and not publication-grade attribution."
aether_half_2046_zero_2060,AETHER plus delayed zero,active_full_forcing_management,Active full-forcing management,2067,350.000000,1.305821,0.431000,-0.099000,1.637821,1.150541,0.989119,0.157208,-0.462835,"Two-box screening emulator with scenario non-CO2 and aerosol forcing; not FAIR, not CMIP, and not publication-grade attribution."
aether_half_2046_zero_2060,AETHER plus delayed zero,active_full_forcing_management,Active full-forcing management,2068,350.000000,1.305821,0.424000,-0.096000,1.633821,1.148313,0.990653,0.153351,-0.465063,"Two-box screening emulator with scenario non-CO2 and aerosol forcing; not FAIR, not CMIP, and not publication-grade attribution."
aether_half_2046_zero_2060,AETHER plus delayed zero,active_full_forcing_management,Active full-forcing management,2069,350.000000,1.305821,0.417000,-0.093000,1.629821,1.146292,0.992150,0.149777,-0.467084,"Two-box screening emulator with scenario non-CO2 and aerosol forcing; not FAIR, not CMIP, and not publication-grade attribution."
aether_half_2046_zero_2060,AETHER plus delayed zero,active_full_forcing_management,Active full-forcing management,2070,350.000000,1.305821,0.410000,-0.090000,1.625821,1.144438,0.993615,0.146435,-0.468938,"Two-box screening emulator with scenario non-CO2 and aerosol forcing; not FAIR, not CMIP, and not publication-grade attribution."
aether_half_2046_zero_2060,AETHER plus delayed zero,active_full_forcing_management,Active full-forcing management,2071,350.000000,1.305821,0.403000,-0.087000,1.621821,1.142715,0.995048,0.143282,-0.470661,"Two-box screening emulator with scenario non-CO2 and aerosol forcing; not FAIR, not CMIP, and not publication-grade attribution."
aether_half_2046_zero_2060,AETHER plus delayed zero,active_full_forcing_management,Active full-forcing management,2072,350.000000,1.305821,0.396000,-0.084000,1.617821,1.141097,0.996450,0.140284,-0.472279,"Two-box screening emulator with scenario non-CO2 and aerosol forcing; not FAIR, not CMIP, and not publication-grade attribution."
aether_half_2046_zero_2060,AETHER plus delayed zero,active_full_forcing_management,Active full-forcing management,2073,350.000000,1.305821,0.389000,-0.081000,1.613821,1.139561,0.997825,0.137414,-0.473815,"Two-box screening emulator with scenario non-CO2 and aerosol forcing; not FAIR, not CMIP, and not publication-grade attribution."
aether_half_2046_zero_2060,AETHER plus delayed zero,active_full_forcing_management,Active full-forcing management,2074,350.000000,1.305821,0.382000,-0.078000,1.609821,1.138090,0.999171,0.134649,-0.475286,"Two-box screening emulator with scenario non-CO2 and aerosol forcing; not FAIR, not CMIP, and not publication-grade attribution."
aether_half_2046_zero_2060,AETHER plus delayed zero,active_full_forcing_management,Active full-forcing management,2075,350.000000,1.305821,0.375000,-0.075000,1.605821,1.136669,1.000491,0.131973,-0.476707,"Two-box screening emulator with scenario non-CO2 and aerosol forcing; not FAIR, not CMIP, and not publication-grade attribution."
aether_half_2046_zero_2060,AETHER plus delayed zero,active_full_forcing_management,Active full-forcing management,2076,350.000000,1.305821,0.368000,-0.072000,1.601821,1.135287,1.001784,0.129369,-0.478089,"Two-box screening emulator with scenario non-CO2 and aerosol forcing; not FAIR, not CMIP, and not publication-grade attribution."
aether_half_2046_zero_2060,AETHER plus delayed zero,active_full_forcing_management,Active full-forcing management,2077,350.000000,1.305821,0.361000,-0.069000,1.597821,1.133934,1.003053,0.126827,-0.479442,"Two-box screening emulator with scenario non-CO2 and aerosol forcing; not FAIR, not CMIP, and not publication-grade attribution."
aether_half_2046_zero_2060,AETHER plus delayed zero,active_full_forcing_management,Active full-forcing management,2078,350.000000,1.305821,0.354000,-0.066000,1.593821,1.132603,1.004296,0.124337,-0.480773,"Two-box screening emulator with scenario non-CO2 and aerosol forcing; not FAIR, not CMIP, and not publication-grade attribution."
aether_half_2046_zero_2060,AETHER plus delayed zero,active_full_forcing_management,Active full-forcing management,2079,350.000000,1.305821,0.347000,-0.063000,1.589821,1.131288,1.005515,0.121892,-0.482088,"Two-box screening emulator with scenario non-CO2 and aerosol forcing; not FAIR, not CMIP, and not publication-grade attribution."
aether_half_2046_zero_2060,AETHER plus delayed zero,active_full_forcing_management,Active full-forcing management,2080,350.000000,1.305821,0.340000,-0.060000,1.585821,1.129984,1.006710,0.119485,-0.483392,"Two-box screening emulator with scenario non-CO2 and aerosol forcing; not FAIR, not CMIP, and not publication-grade attribution."
aether_half_2046_zero_2060,AETHER plus delayed zero,active_full_forcing_management,Active full-forcing management,2081,350.000000,1.305821,0.333000,-0.057000,1.581821,1.128687,1.007881,0.117110,-0.484689,"Two-box screening emulator with scenario non-CO2 and aerosol forcing; not FAIR, not CMIP, and not publication-grade attribution."
aether_half_2046_zero_2060,AETHER plus delayed zero,active_full_forcing_management,Active full-forcing management,2082,350.000000,1.305821,0.326000,-0.054000,1.577821,1.127393,1.009029,0.114765,-0.485983,"Two-box screening emulator with scenario non-CO2 and aerosol forcing; not FAIR, not CMIP, and not publication-grade attribution."
aether_half_2046_zero_2060,AETHER plus delayed zero,active_full_forcing_management,Active full-forcing management,2083,350.000000,1.305821,0.319000,-0.051000,1.573821,1.126101,1.010153,0.112446,-0.487275,"Two-box screening emulator with scenario non-CO2 and aerosol forcing; not FAIR, not CMIP, and not publication-grade attribution."
aether_half_2046_zero_2060,AETHER plus delayed zero,active_full_forcing_management,Active full-forcing management,2084,350.000000,1.305821,0.312000,-0.048000,1.569821,1.124807,1.011255,0.110150,-0.488569,"Two-box screening emulator with scenario non-CO2 and aerosol forcing; not FAIR, not CMIP, and not publication-grade attribution."
aether_half_2046_zero_2060,AETHER plus delayed zero,active_full_forcing_management,Active full-forcing management,2085,350.000000,1.305821,0.305000,-0.045000,1.565821,1.123511,1.012333,0.107875,-0.489865,"Two-box screening emulator with scenario non-CO2 and aerosol forcing; not FAIR, not CMIP, and not publication-grade attribution."
aether_half_2046_zero_2060,AETHER plus delayed zero,active_full_forcing_management,Active full-forcing management,2086,350.000000,1.305821,0.298000,-0.042000,1.561821,1.122211,1.013390,0.105619,-0.491165,"Two-box screening emulator with scenario non-CO2 and aerosol forcing; not FAIR, not CMIP, and not publication-grade attribution."
aether_half_2046_zero_2060,AETHER plus delayed zero,active_full_forcing_management,Active full-forcing management,2087,350.000000,1.305821,0.291000,-0.039000,1.557821,1.120907,1.014423,0.103381,-0.492469,"Two-box screening emulator with scenario non-CO2 and aerosol forcing; not FAIR, not CMIP, and not publication-grade attribution."
aether_half_2046_zero_2060,AETHER plus delayed zero,active_full_forcing_management,Active full-forcing management,2088,350.000000,1.305821,0.284000,-0.036000,1.553821,1.119596,1.015435,0.101159,-0.493780,"Two-box screening emulator with scenario non-CO2 and aerosol forcing; not FAIR, not CMIP, and not publication-grade attribution."
aether_half_2046_zero_2060,AETHER plus delayed zero,active_full_forcing_management,Active full-forcing management,2089,350.000000,1.305821,0.277000,-0.033000,1.549821,1.118279,1.016424,0.098953,-0.495097,"Two-box screening emulator with scenario non-CO2 and aerosol forcing; not FAIR, not CMIP, and not publication-grade attribution."
aether_half_2046_zero_2060,AETHER plus delayed zero,active_full_forcing_management,Active full-forcing management,2090,350.000000,1.305821,0.270000,-0.030000,1.545821,1.116955,1.017392,0.096762,-0.496421,"Two-box screening emulator with scenario non-CO2 and aerosol forcing; not FAIR, not CMIP, and not publication-grade attribution."
aether_half_2046_zero_2060,AETHER plus delayed zero,active_full_forcing_management,Active full-forcing management,2091,350.000000,1.305821,0.263000,-0.027000,1.541821,1.115624,1.018338,0.094585,-0.497752,"Two-box screening emulator with scenario non-CO2 and aerosol forcing; not FAIR, not CMIP, and not publication-grade attribution."
aether_half_2046_zero_2060,AETHER plus delayed zero,active_full_forcing_management,Active full-forcing management,2092,350.000000,1.305821,0.256000,-0.024000,1.537821,1.114285,1.019262,0.092422,-0.499091,"Two-box screening emulator with scenario non-CO2 and aerosol forcing; not FAIR, not CMIP, and not publication-grade attribution."
aether_half_2046_zero_2060,AETHER plus delayed zero,active_full_forcing_management,Active full-forcing management,2093,350.000000,1.305821,0.249000,-0.021000,1.533821,1.112938,1.020165,0.090272,-0.500438,"Two-box screening emulator with scenario non-CO2 and aerosol forcing; not FAIR, not CMIP, and not publication-grade attribution."
aether_half_2046_zero_2060,AETHER plus delayed zero,active_full_forcing_management,Active full-forcing management,2094,350.000000,1.305821,0.242000,-0.018000,1.529821,1.111583,1.021046,0.088135,-0.501793,"Two-box screening emulator with scenario non-CO2 and aerosol forcing; not FAIR, not CMIP, and not publication-grade attribution."
aether_half_2046_zero_2060,AETHER plus delayed zero,active_full_forcing_management,Active full-forcing management,2095,350.000000,1.305821,0.235000,-0.015000,1.525821,1.110219,1.021906,0.086010,-0.503157,"Two-box screening emulator with scenario non-CO2 and aerosol forcing; not FAIR, not CMIP, and not publication-grade attribution."
aether_half_2046_zero_2060,AETHER plus delayed zero,active_full_forcing_management,Active full-forcing management,2096,350.000000,1.305821,0.228000,-0.012000,1.521821,1.108847,1.022745,0.083897,-0.504529,"Two-box screening emulator with scenario non-CO2 and aerosol forcing; not FAIR, not CMIP, and not publication-grade attribution."
aether_half_2046_zero_2060,AETHER plus delayed zero,active_full_forcing_management,Active full-forcing management,2097,350.000000,1.305821,0.221000,-0.009000,1.517821,1.107467,1.023563,0.081797,-0.505909,"Two-box screening emulator with scenario non-CO2 and aerosol forcing; not FAIR, not CMIP, and not publication-grade attribution."
aether_half_2046_zero_2060,AETHER plus delayed zero,active_full_forcing_management,Active full-forcing management,2098,350.000000,1.305821,0.214000,-0.006000,1.513821,1.106078,1.024360,0.079708,-0.507298,"Two-box screening emulator with scenario non-CO2 and aerosol forcing; not FAIR, not CMIP, and not publication-grade attribution."
aether_half_2046_zero_2060,AETHER plus delayed zero,active_full_forcing_management,Active full-forcing management,2099,350.000000,1.305821,0.207000,-0.003000,1.509821,1.104680,1.025137,0.077632,-0.508696,"Two-box screening emulator with scenario non-CO2 and aerosol forcing; not FAIR, not CMIP, and not publication-grade attribution."
aether_half_2046_zero_2060,AETHER plus delayed zero,active_full_forcing_management,Active full-forcing management,2100,350.000000,1.305821,0.200000,0.000000,1.505821,1.103274,1.025892,0.075566,-0.510102,"Two-box screening emulator with scenario non-CO2 and aerosol forcing; not FAIR, not CMIP, and not publication-grade attribution."
aether_net_zero_2050,AETHER plus net-zero 2050,co2_only_screen,CO2-only emulator screen,2026,433.940256,2.524677,0.000000,0.000000,2.524677,1.352807,0.656100,0.659913,0.000000,"Two-box screening emulator with scenario non-CO2 and aerosol forcing; not FAIR, not CMIP, and not publication-grade attribution."
aether_net_zero_2050,AETHER plus net-zero 2050,co2_only_screen,CO2-only emulator screen,2027,438.155465,2.579487,0.000000,0.000000,2.579487,1.364926,0.662718,0.661872,0.012120,"Two-box screening emulator with scenario non-CO2 and aerosol forcing; not FAIR, not CMIP, and not publication-grade attribution."
aether_net_zero_2050,AETHER plus net-zero 2050,co2_only_screen,CO2-only emulator screen,2028,441.296054,2.619982,0.000000,0.000000,2.619982,1.378662,0.669389,0.667098,0.025856,"Two-box screening emulator with scenario non-CO2 and aerosol forcing; not FAIR, not CMIP, and not publication-grade attribution."
aether_net_zero_2050,AETHER plus net-zero 2050,co2_only_screen,CO2-only emulator screen,2029,443.458938,2.647702,0.000000,0.000000,2.647702,1.392649,0.676127,0.673809,0.039843,"Two-box screening emulator with scenario non-CO2 and aerosol forcing; not FAIR, not CMIP, and not publication-grade attribution."
aether_net_zero_2050,AETHER plus net-zero 2050,co2_only_screen,CO2-only emulator screen,2030,444.722360,2.663833,0.000000,0.000000,2.663833,1.405880,0.682934,0.680696,0.053073,"Two-box screening emulator with scenario non-CO2 and aerosol forcing; not FAIR, not CMIP, and not publication-grade attribution."
aether_net_zero_2050,AETHER plus net-zero 2050,co2_only_screen,CO2-only emulator screen,2031,445.149724,2.669279,0.000000,0.000000,2.669279,1.417611,0.689802,0.686798,0.064805,"Two-box screening emulator with scenario non-CO2 and aerosol forcing; not FAIR, not CMIP, and not publication-grade attribution."
aether_net_zero_2050,AETHER plus net-zero 2050,co2_only_screen,CO2-only emulator screen,2032,444.792635,2.664729,0.000000,0.000000,2.664729,1.427298,0.696716,0.691419,0.074491,"Two-box screening emulator with scenario non-CO2 and aerosol forcing; not FAIR, not CMIP, and not publication-grade attribution."
aether_net_zero_2050,AETHER plus net-zero 2050,co2_only_screen,CO2-only emulator screen,2033,443.693317,2.650698,0.000000,0.000000,2.650698,1.434538,0.703657,0.694052,0.081732,"Two-box screening emulator with scenario non-CO2 and aerosol forcing; not FAIR, not CMIP, and not publication-grade attribution."
aether_net_zero_2050,AETHER plus net-zero 2050,co2_only_screen,CO2-only emulator screen,2034,441.886518,2.627563,0.000000,0.000000,2.627563,1.439037,0.710600,0.694337,0.086230,"Two-box screening emulator with scenario non-CO2 and aerosol forcing; not FAIR, not CMIP, and not publication-grade attribution."
aether_net_zero_2050,AETHER plus net-zero 2050,co2_only_screen,CO2-only emulator screen,2035,439.401032,2.595582,0.000000,0.000000,2.595582,1.440573,0.717520,0.692015,0.087766,"Two-box screening emulator with scenario non-CO2 and aerosol forcing; not FAIR, not CMIP, and not publication-grade attribution."
aether_net_zero_2050,AETHER plus net-zero 2050,co2_only_screen,CO2-only emulator screen,2036,436.260901,2.554918,0.000000,0.000000,2.554918,1.438978,0.724389,0.686899,0.086172,"Two-box screening emulator with scenario non-CO2 and aerosol forcing; not FAIR, not CMIP, and not publication-grade attribution."
aether_net_zero_2050,AETHER plus net-zero 2050,co2_only_screen,CO2-only emulator screen,2037,432.486371,2.505649,0.000000,0.000000,2.505649,1.434122,0.731178,0.678859,0.081316,"Two-box screening emulator with scenario non-CO2 and aerosol forcing; not FAIR, not CMIP, and not publication-grade attribution."
aether_net_zero_2050,AETHER plus net-zero 2050,co2_only_screen,CO2-only emulator screen,2038,428.094645,2.447780,0.000000,0.000000,2.447780,1.425896,0.737856,0.667797,0.073089,"Two-box screening emulator with scenario non-CO2 and aerosol forcing; not FAIR, not CMIP, and not publication-grade attribution."
aether_net_zero_2050,AETHER plus net-zero 2050,co2_only_screen,CO2-only emulator screen,2039,423.100490,2.381248,0.000000,0.000000,2.381248,1.414203,0.744392,0.653638,0.061397,"Two-box screening emulator with scenario non-CO2 and aerosol forcing; not FAIR, not CMIP, and not publication-grade attribution."
aether_net_zero_2050,AETHER plus net-zero 2050,co2_only_screen,CO2-only emulator screen,2040,417.516713,2.305924,0.000000,0.000000,2.305924,1.398953,0.750756,0.636320,0.046146,"Two-box screening emulator with scenario non-CO2 and aerosol forcing; not FAIR, not CMIP, and not publication-grade attribution."
aether_net_zero_2050,AETHER plus net-zero 2050,co2_only_screen,CO2-only emulator screen,2041,411.354537,2.221619,0.000000,0.000000,2.221619,1.380053,0.756914,0.615787,0.027247,"Two-box screening emulator with scenario non-CO2 and aerosol forcing; not FAIR, not CMIP, and not publication-grade attribution."
aether_net_zero_2050,AETHER plus net-zero 2050,co2_only_screen,CO2-only emulator screen,2042,404.623906,2.128082,0.000000,0.000000,2.128082,1.357406,0.762833,0.591983,0.004599,"Two-box screening emulator with scenario non-CO2 and aerosol forcing; not FAIR, not CMIP, and not publication-grade attribution."
aether_net_zero_2050,AETHER plus net-zero 2050,co2_only_screen,CO2-only emulator screen,2043,397.333723,2.024997,0.000000,0.000000,2.024997,1.330902,0.768482,0.564844,-0.021905,"Two-box screening emulator with scenario non-CO2 and aerosol forcing; not FAIR, not CMIP, and not publication-grade attribution."
aether_net_zero_2050,AETHER plus net-zero 2050,co2_only_screen,CO2-only emulator screen,2044,389.492039,1.911980,0.000000,0.000000,1.911980,1.300418,0.773825,0.534299,-0.052388,"Two-box screening emulator with scenario non-CO2 and aerosol forcing; not FAIR, not CMIP, and not publication-grade attribution."
aether_net_zero_2050,AETHER plus net-zero 2050,co2_only_screen,CO2-only emulator screen,2045,381.106210,1.788575,0.000000,0.000000,1.788575,1.265815,0.778827,0.500264,-0.086991,"Two-box screening emulator with scenario non-CO2 and aerosol forcing; not FAIR, not CMIP, and not publication-grade attribution."
aether_net_zero_2050,AETHER plus net-zero 2050,co2_only_screen,CO2-only emulator screen,2046,372.183011,1.654244,0.000000,0.000000,1.654244,1.226931,0.783454,0.462638,-0.125876,"Two-box screening emulator with scenario non-CO2 and aerosol forcing; not FAIR, not CMIP, and not publication-grade attribution."
aether_net_zero_2050,AETHER plus net-zero 2050,co2_only_screen,CO2-only emulator screen,2047,363.344123,1.517969,0.000000,0.000000,1.517969,1.184380,0.787667,0.421303,-0.168427,"Two-box screening emulator with scenario non-CO2 and aerosol forcing; not FAIR, not CMIP, and not publication-grade attribution."
aether_net_zero_2050,AETHER plus net-zero 2050,co2_only_screen,CO2-only emulator screen,2048,354.555144,1.379136,0.000000,0.000000,1.379136,1.138607,0.791436,0.376877,-0.214200,"Two-box screening emulator with scenario non-CO2 and aerosol forcing; not FAIR, not CMIP, and not publication-grade attribution."
aether_net_zero_2050,AETHER plus net-zero 2050,co2_only_screen,CO2-only emulator screen,2049,350.000000,1.305821,0.000000,0.000000,1.305821,1.095643,0.794734,0.329812,-0.257164,"Two-box screening emulator with scenario non-CO2 and aerosol forcing; not FAIR, not CMIP, and not publication-grade attribution."
aether_net_zero_2050,AETHER plus net-zero 2050,co2_only_screen,CO2-only emulator screen,2050,350.000000,1.305821,0.000000,0.000000,1.305821,1.061032,0.797592,0.285864,-0.291775,"Two-box screening emulator with scenario non-CO2 and aerosol forcing; not FAIR, not CMIP, and not publication-grade attribution."
aether_net_zero_2050,AETHER plus net-zero 2050,co2_only_screen,CO2-only emulator screen,2051,350.000000,1.305821,0.000000,0.000000,1.305821,1.033165,0.800095,0.250267,-0.319641,"Two-box screening emulator with scenario non-CO2 and aerosol forcing; not FAIR, not CMIP, and not publication-grade attribution."
aether_net_zero_2050,AETHER plus net-zero 2050,co2_only_screen,CO2-only emulator screen,2052,350.000000,1.305821,0.000000,0.000000,1.305821,1.010745,0.802309,0.221417,-0.342062,"Two-box screening emulator with scenario non-CO2 and aerosol forcing; not FAIR, not CMIP, and not publication-grade attribution."
aether_net_zero_2050,AETHER plus net-zero 2050,co2_only_screen,CO2-only emulator screen,2053,350.000000,1.305821,0.000000,0.000000,1.305821,0.992723,0.804289,0.198014,-0.360084,"Two-box screening emulator with scenario non-CO2 and aerosol forcing; not FAIR, not CMIP, and not publication-grade attribution."
aether_net_zero_2050,AETHER plus net-zero 2050,co2_only_screen,CO2-only emulator screen,2054,350.000000,1.305821,0.000000,0.000000,1.305821,0.978251,0.806079,0.179012,-0.374555,"Two-box screening emulator with scenario non-CO2 and aerosol forcing; not FAIR, not CMIP, and not publication-grade attribution."
aether_net_zero_2050,AETHER plus net-zero 2050,co2_only_screen,CO2-only emulator screen,2055,350.000000,1.305821,0.000000,0.000000,1.305821,0.966647,0.807715,0.163563,-0.386160,"Two-box screening emulator with scenario non-CO2 and aerosol forcing; not FAIR, not CMIP, and not publication-grade attribution."
aether_net_zero_2050,AETHER plus net-zero 2050,co2_only_screen,CO2-only emulator screen,2056,350.000000,1.305821,0.000000,0.000000,1.305821,0.957358,0.809225,0.150985,-0.395449,"Two-box screening emulator with scenario non-CO2 and aerosol forcing; not FAIR, not CMIP, and not publication-grade attribution."
aether_net_zero_2050,AETHER plus net-zero 2050,co2_only_screen,CO2-only emulator screen,2057,350.000000,1.305821,0.000000,0.000000,1.305821,0.949937,0.810632,0.140726,-0.402869,"Two-box screening emulator with scenario non-CO2 and aerosol forcing; not FAIR, not CMIP, and not publication-grade attribution."
aether_net_zero_2050,AETHER plus net-zero 2050,co2_only_screen,CO2-only emulator screen,2058,350.000000,1.305821,0.000000,0.000000,1.305821,0.944026,0.811956,0.132340,-0.408781,"Two-box screening emulator with scenario non-CO2 and aerosol forcing; not FAIR, not CMIP, and not publication-grade attribution."
aether_net_zero_2050,AETHER plus net-zero 2050,co2_only_screen,CO2-only emulator screen,2059,350.000000,1.305821,0.000000,0.000000,1.305821,0.939333,0.813210,0.125467,-0.413474,"Two-box screening emulator with scenario non-CO2 and aerosol forcing; not FAIR, not CMIP, and not publication-grade attribution."
aether_net_zero_2050,AETHER plus net-zero 2050,co2_only_screen,CO2-only emulator screen,2060,350.000000,1.305821,0.000000,0.000000,1.305821,0.935623,0.814408,0.119816,-0.417184,"Two-box screening emulator with scenario non-CO2 and aerosol forcing; not FAIR, not CMIP, and not publication-grade attribution."
aether_net_zero_2050,AETHER plus net-zero 2050,co2_only_screen,CO2-only emulator screen,2061,350.000000,1.305821,0.000000,0.000000,1.305821,0.932706,0.815560,0.115153,-0.420100,"Two-box screening emulator with scenario non-CO2 and aerosol forcing; not FAIR, not CMIP, and not publication-grade attribution."
aether_net_zero_2050,AETHER plus net-zero 2050,co2_only_screen,CO2-only emulator screen,2062,350.000000,1.305821,0.000000,0.000000,1.305821,0.930430,0.816673,0.111289,-0.422376,"Two-box screening emulator with scenario non-CO2 and aerosol forcing; not FAIR, not CMIP, and not publication-grade attribution."
aether_net_zero_2050,AETHER plus net-zero 2050,co2_only_screen,CO2-only emulator screen,2063,350.000000,1.305821,0.000000,0.000000,1.305821,0.928671,0.817754,0.108069,-0.424136,"Two-box screening emulator with scenario non-CO2 and aerosol forcing; not FAIR, not CMIP, and not publication-grade attribution."
aether_net_zero_2050,AETHER plus net-zero 2050,co2_only_screen,CO2-only emulator screen,2064,350.000000,1.305821,0.000000,0.000000,1.305821,0.927328,0.818807,0.105371,-0.425478,"Two-box screening emulator with scenario non-CO2 and aerosol forcing; not FAIR, not CMIP, and not publication-grade attribution."
aether_net_zero_2050,AETHER plus net-zero 2050,co2_only_screen,CO2-only emulator screen,2065,350.000000,1.305821,0.000000,0.000000,1.305821,0.926322,0.819838,0.103095,-0.426484,"Two-box screening emulator with scenario non-CO2 and aerosol forcing; not FAIR, not CMIP, and not publication-grade attribution."
aether_net_zero_2050,AETHER plus net-zero 2050,co2_only_screen,CO2-only emulator screen,2066,350.000000,1.305821,0.000000,0.000000,1.305821,0.925587,0.820850,0.101160,-0.427219,"Two-box screening emulator with scenario non-CO2 and aerosol forcing; not FAIR, not CMIP, and not publication-grade attribution."
aether_net_zero_2050,AETHER plus net-zero 2050,co2_only_screen,CO2-only emulator screen,2067,350.000000,1.305821,0.000000,0.000000,1.305821,0.925071,0.821845,0.099500,-0.427736,"Two-box screening emulator with scenario non-CO2 and aerosol forcing; not FAIR, not CMIP, and not publication-grade attribution."
aether_net_zero_2050,AETHER plus net-zero 2050,co2_only_screen,CO2-only emulator screen,2068,350.000000,1.305821,0.000000,0.000000,1.305821,0.924730,0.822825,0.098065,-0.428076,"Two-box screening emulator with scenario non-CO2 and aerosol forcing; not FAIR, not CMIP, and not publication-grade attribution."
aether_net_zero_2050,AETHER plus net-zero 2050,co2_only_screen,CO2-only emulator screen,2069,350.000000,1.305821,0.000000,0.000000,1.305821,0.924531,0.823794,0.096809,-0.428275,"Two-box screening emulator with scenario non-CO2 and aerosol forcing; not FAIR, not CMIP, and not publication-grade attribution."
aether_net_zero_2050,AETHER plus net-zero 2050,co2_only_screen,CO2-only emulator screen,2070,350.000000,1.305821,0.000000,0.000000,1.305821,0.924447,0.824751,0.095701,-0.428360,"Two-box screening emulator with scenario non-CO2 and aerosol forcing; not FAIR, not CMIP, and not publication-grade attribution."
aether_net_zero_2050,AETHER plus net-zero 2050,co2_only_screen,CO2-only emulator screen,2071,350.000000,1.305821,0.000000,0.000000,1.305821,0.924454,0.825698,0.094711,-0.428353,"Two-box screening emulator with scenario non-CO2 and aerosol forcing; not FAIR, not CMIP, and not publication-grade attribution."
aether_net_zero_2050,AETHER plus net-zero 2050,co2_only_screen,CO2-only emulator screen,2072,350.000000,1.305821,0.000000,0.000000,1.305821,0.924535,0.826636,0.093818,-0.428272,"Two-box screening emulator with scenario non-CO2 and aerosol forcing; not FAIR, not CMIP, and not publication-grade attribution."
aether_net_zero_2050,AETHER plus net-zero 2050,co2_only_screen,CO2-only emulator screen,2073,350.000000,1.305821,0.000000,0.000000,1.305821,0.924674,0.827566,0.093004,-0.428132,"Two-box screening emulator with scenario non-CO2 and aerosol forcing; not FAIR, not CMIP, and not publication-grade attribution."
aether_net_zero_2050,AETHER plus net-zero 2050,co2_only_screen,CO2-only emulator screen,2074,350.000000,1.305821,0.000000,0.000000,1.305821,0.924861,0.828488,0.092253,-0.427945,"Two-box screening emulator with scenario non-CO2 and aerosol forcing; not FAIR, not CMIP, and not publication-grade attribution."
aether_net_zero_2050,AETHER plus net-zero 2050,co2_only_screen,CO2-only emulator screen,2075,350.000000,1.305821,0.000000,0.000000,1.305821,0.925086,0.829404,0.091554,-0.427720,"Two-box screening emulator with scenario non-CO2 and aerosol forcing; not FAIR, not CMIP, and not publication-grade attribution."
aether_net_zero_2050,AETHER plus net-zero 2050,co2_only_screen,CO2-only emulator screen,2076,350.000000,1.305821,0.000000,0.000000,1.305821,0.925341,0.830313,0.090898,-0.427465,"Two-box screening emulator with scenario non-CO2 and aerosol forcing; not FAIR, not CMIP, and not publication-grade attribution."
aether_net_zero_2050,AETHER plus net-zero 2050,co2_only_screen,CO2-only emulator screen,2077,350.000000,1.305821,0.000000,0.000000,1.305821,0.925620,0.831216,0.090277,-0.427186,"Two-box screening emulator with scenario non-CO2 and aerosol forcing; not FAIR, not CMIP, and not publication-grade attribution."
aether_net_zero_2050,AETHER plus net-zero 2050,co2_only_screen,CO2-only emulator screen,2078,350.000000,1.305821,0.000000,0.000000,1.305821,0.925918,0.832113,0.089684,-0.426888,"Two-box screening emulator with scenario non-CO2 and aerosol forcing; not FAIR, not CMIP, and not publication-grade attribution."
aether_net_zero_2050,AETHER plus net-zero 2050,co2_only_screen,CO2-only emulator screen,2079,350.000000,1.305821,0.000000,0.000000,1.305821,0.926231,0.833004,0.089115,-0.426576,"Two-box screening emulator with scenario non-CO2 and aerosol forcing; not FAIR, not CMIP, and not publication-grade attribution."
aether_net_zero_2050,AETHER plus net-zero 2050,co2_only_screen,CO2-only emulator screen,2080,350.000000,1.305821,0.000000,0.000000,1.305821,0.926555,0.833889,0.088566,-0.426251,"Two-box screening emulator with scenario non-CO2 and aerosol forcing; not FAIR, not CMIP, and not publication-grade attribution."
aether_net_zero_2050,AETHER plus net-zero 2050,co2_only_screen,CO2-only emulator screen,2081,350.000000,1.305821,0.000000,0.000000,1.305821,0.926889,0.834770,0.088033,-0.425918,"Two-box screening emulator with scenario non-CO2 and aerosol forcing; not FAIR, not CMIP, and not publication-grade attribution."
aether_net_zero_2050,AETHER plus net-zero 2050,co2_only_screen,CO2-only emulator screen,2082,350.000000,1.305821,0.000000,0.000000,1.305821,0.927229,0.835645,0.087513,-0.425578,"Two-box screening emulator with scenario non-CO2 and aerosol forcing; not FAIR, not CMIP, and not publication-grade attribution."
aether_net_zero_2050,AETHER plus net-zero 2050,co2_only_screen,CO2-only emulator screen,2083,350.000000,1.305821,0.000000,0.000000,1.305821,0.927575,0.836515,0.087005,-0.425232,"Two-box screening emulator with scenario non-CO2 and aerosol forcing; not FAIR, not CMIP, and not publication-grade attribution."
aether_net_zero_2050,AETHER plus net-zero 2050,co2_only_screen,CO2-only emulator screen,2084,350.000000,1.305821,0.000000,0.000000,1.305821,0.927924,0.837380,0.086507,-0.424883,"Two-box screening emulator with scenario non-CO2 and aerosol forcing; not FAIR, not CMIP, and not publication-grade attribution."
aether_net_zero_2050,AETHER plus net-zero 2050,co2_only_screen,CO2-only emulator screen,2085,350.000000,1.305821,0.000000,0.000000,1.305821,0.928276,0.838240,0.086017,-0.424531,"Two-box screening emulator with scenario non-CO2 and aerosol forcing; not FAIR, not CMIP, and not publication-grade attribution."
aether_net_zero_2050,AETHER plus net-zero 2050,co2_only_screen,CO2-only emulator screen,2086,350.000000,1.305821,0.000000,0.000000,1.305821,0.928630,0.839095,0.085534,-0.424177,"Two-box screening emulator with scenario non-CO2 and aerosol forcing; not FAIR, not CMIP, and not publication-grade attribution."
aether_net_zero_2050,AETHER plus net-zero 2050,co2_only_screen,CO2-only emulator screen,2087,350.000000,1.305821,0.000000,0.000000,1.305821,0.928985,0.839946,0.085058,-0.423822,"Two-box screening emulator with scenario non-CO2 and aerosol forcing; not FAIR, not CMIP, and not publication-grade attribution."
aether_net_zero_2050,AETHER plus net-zero 2050,co2_only_screen,CO2-only emulator screen,2088,350.000000,1.305821,0.000000,0.000000,1.305821,0.929340,0.840792,0.084587,-0.423467,"Two-box screening emulator with scenario non-CO2 and aerosol forcing; not FAIR, not CMIP, and not publication-grade attribution."
aether_net_zero_2050,AETHER plus net-zero 2050,co2_only_screen,CO2-only emulator screen,2089,350.000000,1.305821,0.000000,0.000000,1.305821,0.929695,0.841633,0.084121,-0.423111,"Two-box screening emulator with scenario non-CO2 and aerosol forcing; not FAIR, not CMIP, and not publication-grade attribution."
aether_net_zero_2050,AETHER plus net-zero 2050,co2_only_screen,CO2-only emulator screen,2090,350.000000,1.305821,0.000000,0.000000,1.305821,0.930051,0.842470,0.083659,-0.422756,"Two-box screening emulator with scenario non-CO2 and aerosol forcing; not FAIR, not CMIP, and not publication-grade attribution."
aether_net_zero_2050,AETHER plus net-zero 2050,co2_only_screen,CO2-only emulator screen,2091,350.000000,1.305821,0.000000,0.000000,1.305821,0.930405,0.843302,0.083202,-0.422402,"Two-box screening emulator with scenario non-CO2 and aerosol forcing; not FAIR, not CMIP, and not publication-grade attribution."
aether_net_zero_2050,AETHER plus net-zero 2050,co2_only_screen,CO2-only emulator screen,2092,350.000000,1.305821,0.000000,0.000000,1.305821,0.930759,0.844129,0.082748,-0.422048,"Two-box screening emulator with scenario non-CO2 and aerosol forcing; not FAIR, not CMIP, and not publication-grade attribution."
aether_net_zero_2050,AETHER plus net-zero 2050,co2_only_screen,CO2-only emulator screen,2093,350.000000,1.305821,0.000000,0.000000,1.305821,0.931111,0.844952,0.082298,-0.421696,"Two-box screening emulator with scenario non-CO2 and aerosol forcing; not FAIR, not CMIP, and not publication-grade attribution."
aether_net_zero_2050,AETHER plus net-zero 2050,co2_only_screen,CO2-only emulator screen,2094,350.000000,1.305821,0.000000,0.000000,1.305821,0.931462,0.845771,0.081851,-0.421344,"Two-box screening emulator with scenario non-CO2 and aerosol forcing; not FAIR, not CMIP, and not publication-grade attribution."
aether_net_zero_2050,AETHER plus net-zero 2050,co2_only_screen,CO2-only emulator screen,2095,350.000000,1.305821,0.000000,0.000000,1.305821,0.931812,0.846585,0.081407,-0.420994,"Two-box screening emulator with scenario non-CO2 and aerosol forcing; not FAIR, not CMIP, and not publication-grade attribution."
aether_net_zero_2050,AETHER plus net-zero 2050,co2_only_screen,CO2-only emulator screen,2096,350.000000,1.305821,0.000000,0.000000,1.305821,0.932161,0.847394,0.080966,-0.420646,"Two-box screening emulator with scenario non-CO2 and aerosol forcing; not FAIR, not CMIP, and not publication-grade attribution."
aether_net_zero_2050,AETHER plus net-zero 2050,co2_only_screen,CO2-only emulator screen,2097,350.000000,1.305821,0.000000,0.000000,1.305821,0.932507,0.848200,0.080528,-0.420299,"Two-box screening emulator with scenario non-CO2 and aerosol forcing; not FAIR, not CMIP, and not publication-grade attribution."
aether_net_zero_2050,AETHER plus net-zero 2050,co2_only_screen,CO2-only emulator screen,2098,350.000000,1.305821,0.000000,0.000000,1.305821,0.932853,0.849001,0.080092,-0.419954,"Two-box screening emulator with scenario non-CO2 and aerosol forcing; not FAIR, not CMIP, and not publication-grade attribution."
aether_net_zero_2050,AETHER plus net-zero 2050,co2_only_screen,CO2-only emulator screen,2099,350.000000,1.305821,0.000000,0.000000,1.305821,0.933197,0.849797,0.079660,-0.419610,"Two-box screening emulator with scenario non-CO2 and aerosol forcing; not FAIR, not CMIP, and not publication-grade attribution."
aether_net_zero_2050,AETHER plus net-zero 2050,co2_only_screen,CO2-only emulator screen,2100,350.000000,1.305821,0.000000,0.000000,1.305821,0.933539,0.850589,0.079229,-0.419268,"Two-box screening emulator with scenario non-CO2 and aerosol forcing; not FAIR, not CMIP, and not publication-grade attribution."
aether_net_zero_2050,AETHER plus net-zero 2050,mitigation_with_aerosol_cleanup,Mitigation with aerosol cleanup,2026,433.940256,2.524677,1.200000,-0.700000,3.024677,1.613376,0.772719,0.795947,0.000000,"Two-box screening emulator with scenario non-CO2 and aerosol forcing; not FAIR, not CMIP, and not publication-grade attribution."
aether_net_zero_2050,AETHER plus net-zero 2050,mitigation_with_aerosol_cleanup,Mitigation with aerosol cleanup,2027,438.155465,2.579487,1.181250,-0.681250,3.079487,1.627321,0.780705,0.798624,0.013945,"Two-box screening emulator with scenario non-CO2 and aerosol forcing; not FAIR, not CMIP, and not publication-grade attribution."
aether_net_zero_2050,AETHER plus net-zero 2050,mitigation_with_aerosol_cleanup,Mitigation with aerosol cleanup,2028,441.296054,2.619982,1.162500,-0.662500,3.119982,1.642647,0.788748,0.804285,0.029271,"Two-box screening emulator with scenario non-CO2 and aerosol forcing; not FAIR, not CMIP, and not publication-grade attribution."
aether_net_zero_2050,AETHER plus net-zero 2050,mitigation_with_aerosol_cleanup,Mitigation with aerosol cleanup,2029,443.458938,2.647702,1.143750,-0.643750,3.147702,1.658033,0.796860,0.811203,0.044657,"Two-box screening emulator with scenario non-CO2 and aerosol forcing; not FAIR, not CMIP, and not publication-grade attribution."
aether_net_zero_2050,AETHER plus net-zero 2050,mitigation_with_aerosol_cleanup,Mitigation with aerosol cleanup,2030,444.722360,2.663833,1.125000,-0.625000,3.163833,1.672507,0.805041,0.818114,0.059131,"Two-box screening emulator with scenario non-CO2 and aerosol forcing; not FAIR, not CMIP, and not publication-grade attribution."
aether_net_zero_2050,AETHER plus net-zero 2050,mitigation_with_aerosol_cleanup,Mitigation with aerosol cleanup,2031,445.149724,2.669279,1.106250,-0.606250,3.169279,1.685357,0.813282,0.824093,0.071981,"Two-box screening emulator with scenario non-CO2 and aerosol forcing; not FAIR, not CMIP, and not publication-grade attribution."
aether_net_zero_2050,AETHER plus net-zero 2050,mitigation_with_aerosol_cleanup,Mitigation with aerosol cleanup,2032,444.792635,2.664729,1.087500,-0.587500,3.164729,1.696061,0.821567,0.828471,0.082685,"Two-box screening emulator with scenario non-CO2 and aerosol forcing; not FAIR, not CMIP, and not publication-grade attribution."
aether_net_zero_2050,AETHER plus net-zero 2050,mitigation_with_aerosol_cleanup,Mitigation with aerosol cleanup,2033,443.693317,2.650698,1.068750,-0.568750,3.150698,1.704235,0.829875,0.830769,0.090859,"Two-box screening emulator with scenario non-CO2 and aerosol forcing; not FAIR, not CMIP, and not publication-grade attribution."
aether_net_zero_2050,AETHER plus net-zero 2050,mitigation_with_aerosol_cleanup,Mitigation with aerosol cleanup,2034,441.886518,2.627563,1.050000,-0.550000,3.127563,1.709599,0.838181,0.830642,0.096223,"Two-box screening emulator with scenario non-CO2 and aerosol forcing; not FAIR, not CMIP, and not publication-grade attribution."
aether_net_zero_2050,AETHER plus net-zero 2050,mitigation_with_aerosol_cleanup,Mitigation with aerosol cleanup,2035,439.401032,2.595582,1.031250,-0.531250,3.095582,1.711946,0.846460,0.827847,0.098570,"Two-box screening emulator with scenario non-CO2 and aerosol forcing; not FAIR, not CMIP, and not publication-grade attribution."
aether_net_zero_2050,AETHER plus net-zero 2050,mitigation_with_aerosol_cleanup,Mitigation with aerosol cleanup,2036,436.260901,2.554918,1.012500,-0.512500,3.054918,1.711117,0.854682,0.822212,0.097741,"Two-box screening emulator with scenario non-CO2 and aerosol forcing; not FAIR, not CMIP, and not publication-grade attribution."
aether_net_zero_2050,AETHER plus net-zero 2050,mitigation_with_aerosol_cleanup,Mitigation with aerosol cleanup,2037,432.486371,2.505649,0.993750,-0.493750,3.005649,1.706990,0.862818,0.813614,0.093614,"Two-box screening emulator with scenario non-CO2 and aerosol forcing; not FAIR, not CMIP, and not publication-grade attribution."
aether_net_zero_2050,AETHER plus net-zero 2050,mitigation_with_aerosol_cleanup,Mitigation with aerosol cleanup,2038,428.094645,2.447780,0.975000,-0.475000,2.947780,1.699462,0.870837,0.801963,0.086086,"Two-box screening emulator with scenario non-CO2 and aerosol forcing; not FAIR, not CMIP, and not publication-grade attribution."
aether_net_zero_2050,AETHER plus net-zero 2050,mitigation_with_aerosol_cleanup,Mitigation with aerosol cleanup,2039,423.100490,2.381248,0.956250,-0.456250,2.881248,1.688442,0.878709,0.787193,0.075066,"Two-box screening emulator with scenario non-CO2 and aerosol forcing; not FAIR, not CMIP, and not publication-grade attribution."
aether_net_zero_2050,AETHER plus net-zero 2050,mitigation_with_aerosol_cleanup,Mitigation with aerosol cleanup,2040,417.516713,2.305924,0.937500,-0.437500,2.805924,1.673843,0.886402,0.769246,0.060467,"Two-box screening emulator with scenario non-CO2 and aerosol forcing; not FAIR, not CMIP, and not publication-grade attribution."
aether_net_zero_2050,AETHER plus net-zero 2050,mitigation_with_aerosol_cleanup,Mitigation with aerosol cleanup,2041,411.354537,2.221619,0.918750,-0.418750,2.721619,1.655578,0.893883,0.748069,0.042202,"Two-box screening emulator with scenario non-CO2 and aerosol forcing; not FAIR, not CMIP, and not publication-grade attribution."
aether_net_zero_2050,AETHER plus net-zero 2050,mitigation_with_aerosol_cleanup,Mitigation with aerosol cleanup,2042,404.623906,2.128082,0.900000,-0.400000,2.628082,1.633550,0.901119,0.723611,0.020174,"Two-box screening emulator with scenario non-CO2 and aerosol forcing; not FAIR, not CMIP, and not publication-grade attribution."
aether_net_zero_2050,AETHER plus net-zero 2050,mitigation_with_aerosol_cleanup,Mitigation with aerosol cleanup,2043,397.333723,2.024997,0.881250,-0.381250,2.524997,1.607653,0.908077,0.695810,-0.005723,"Two-box screening emulator with scenario non-CO2 and aerosol forcing; not FAIR, not CMIP, and not publication-grade attribution."
aether_net_zero_2050,AETHER plus net-zero 2050,mitigation_with_aerosol_cleanup,Mitigation with aerosol cleanup,2044,389.492039,1.911980,0.862500,-0.362500,2.411980,1.577766,0.914723,0.664597,-0.035610,"Two-box screening emulator with scenario non-CO2 and aerosol forcing; not FAIR, not CMIP, and not publication-grade attribution."
aether_net_zero_2050,AETHER plus net-zero 2050,mitigation_with_aerosol_cleanup,Mitigation with aerosol cleanup,2045,381.106210,1.788575,0.843750,-0.343750,2.288575,1.543750,0.921022,0.629891,-0.069626,"Two-box screening emulator with scenario non-CO2 and aerosol forcing; not FAIR, not CMIP, and not publication-grade attribution."
aether_net_zero_2050,AETHER plus net-zero 2050,mitigation_with_aerosol_cleanup,Mitigation with aerosol cleanup,2046,372.183011,1.654244,0.825000,-0.325000,2.154244,1.505445,0.926938,0.591592,-0.107931,"Two-box screening emulator with scenario non-CO2 and aerosol forcing; not FAIR, not CMIP, and not publication-grade attribution."
aether_net_zero_2050,AETHER plus net-zero 2050,mitigation_with_aerosol_cleanup,Mitigation with aerosol cleanup,2047,363.344123,1.517969,0.806250,-0.306250,2.017969,1.463466,0.932433,0.549582,-0.149910,"Two-box screening emulator with scenario non-CO2 and aerosol forcing; not FAIR, not CMIP, and not publication-grade attribution."
aether_net_zero_2050,AETHER plus net-zero 2050,mitigation_with_aerosol_cleanup,Mitigation with aerosol cleanup,2048,354.555144,1.379136,0.787500,-0.287500,1.879136,1.418259,0.937478,0.504481,-0.195117,"Two-box screening emulator with scenario non-CO2 and aerosol forcing; not FAIR, not CMIP, and not publication-grade attribution."
aether_net_zero_2050,AETHER plus net-zero 2050,mitigation_with_aerosol_cleanup,Mitigation with aerosol cleanup,2049,350.000000,1.305821,0.768750,-0.268750,1.805821,1.375856,0.942046,0.456742,-0.237520,"Two-box screening emulator with scenario non-CO2 and aerosol forcing; not FAIR, not CMIP, and not publication-grade attribution."
aether_net_zero_2050,AETHER plus net-zero 2050,mitigation_with_aerosol_cleanup,Mitigation with aerosol cleanup,2050,350.000000,1.305821,0.750000,-0.250000,1.805821,1.341800,0.946167,0.412120,-0.271576,"Two-box screening emulator with scenario non-CO2 and aerosol forcing; not FAIR, not CMIP, and not publication-grade attribution."
aether_net_zero_2050,AETHER plus net-zero 2050,mitigation_with_aerosol_cleanup,Mitigation with aerosol cleanup,2051,350.000000,1.305821,0.744000,-0.246000,1.803821,1.314318,0.949925,0.375852,-0.299058,"Two-box screening emulator with scenario non-CO2 and aerosol forcing; not FAIR, not CMIP, and not publication-grade attribution."
aether_net_zero_2050,AETHER plus net-zero 2050,mitigation_with_aerosol_cleanup,Mitigation with aerosol cleanup,2052,350.000000,1.305821,0.738000,-0.242000,1.801821,1.292142,0.953387,0.346173,-0.321234,"Two-box screening emulator with scenario non-CO2 and aerosol forcing; not FAIR, not CMIP, and not publication-grade attribution."
aether_net_zero_2050,AETHER plus net-zero 2050,mitigation_with_aerosol_cleanup,Mitigation with aerosol cleanup,2053,350.000000,1.305821,0.732000,-0.238000,1.799821,1.274250,0.956605,0.321817,-0.339126,"Two-box screening emulator with scenario non-CO2 and aerosol forcing; not FAIR, not CMIP, and not publication-grade attribution."
aether_net_zero_2050,AETHER plus net-zero 2050,mitigation_with_aerosol_cleanup,Mitigation with aerosol cleanup,2054,350.000000,1.305821,0.726000,-0.234000,1.797821,1.259816,0.959623,0.301763,-0.353560,"Two-box screening emulator with scenario non-CO2 and aerosol forcing; not FAIR, not CMIP, and not publication-grade attribution."
aether_net_zero_2050,AETHER plus net-zero 2050,mitigation_with_aerosol_cleanup,Mitigation with aerosol cleanup,2055,350.000000,1.305821,0.720000,-0.230000,1.795821,1.248173,0.962475,0.285184,-0.365203,"Two-box screening emulator with scenario non-CO2 and aerosol forcing; not FAIR, not CMIP, and not publication-grade attribution."
aether_net_zero_2050,AETHER plus net-zero 2050,mitigation_with_aerosol_cleanup,Mitigation with aerosol cleanup,2056,350.000000,1.305821,0.714000,-0.226000,1.793821,1.238781,0.965189,0.271413,-0.374595,"Two-box screening emulator with scenario non-CO2 and aerosol forcing; not FAIR, not CMIP, and not publication-grade attribution."
aether_net_zero_2050,AETHER plus net-zero 2050,mitigation_with_aerosol_cleanup,Mitigation with aerosol cleanup,2057,350.000000,1.305821,0.708000,-0.222000,1.791821,1.231207,0.967788,0.259913,-0.382169,"Two-box screening emulator with scenario non-CO2 and aerosol forcing; not FAIR, not CMIP, and not publication-grade attribution."
aether_net_zero_2050,AETHER plus net-zero 2050,mitigation_with_aerosol_cleanup,Mitigation with aerosol cleanup,2058,350.000000,1.305821,0.702000,-0.218000,1.789821,1.225098,0.970290,0.250248,-0.388278,"Two-box screening emulator with scenario non-CO2 and aerosol forcing; not FAIR, not CMIP, and not publication-grade attribution."
aether_net_zero_2050,AETHER plus net-zero 2050,mitigation_with_aerosol_cleanup,Mitigation with aerosol cleanup,2059,350.000000,1.305821,0.696000,-0.214000,1.787821,1.220171,0.972711,0.242067,-0.393205,"Two-box screening emulator with scenario non-CO2 and aerosol forcing; not FAIR, not CMIP, and not publication-grade attribution."
aether_net_zero_2050,AETHER plus net-zero 2050,mitigation_with_aerosol_cleanup,Mitigation with aerosol cleanup,2060,350.000000,1.305821,0.690000,-0.210000,1.785821,1.216197,0.975062,0.235087,-0.397179,"Two-box screening emulator with scenario non-CO2 and aerosol forcing; not FAIR, not CMIP, and not publication-grade attribution."
aether_net_zero_2050,AETHER plus net-zero 2050,mitigation_with_aerosol_cleanup,Mitigation with aerosol cleanup,2061,350.000000,1.305821,0.684000,-0.206000,1.783821,1.212990,0.977353,0.229078,-0.400386,"Two-box screening emulator with scenario non-CO2 and aerosol forcing; not FAIR, not CMIP, and not publication-grade attribution."
aether_net_zero_2050,AETHER plus net-zero 2050,mitigation_with_aerosol_cleanup,Mitigation with aerosol cleanup,2062,350.000000,1.305821,0.678000,-0.202000,1.781821,1.210403,0.979591,0.223856,-0.402973,"Two-box screening emulator with scenario non-CO2 and aerosol forcing; not FAIR, not CMIP, and not publication-grade attribution."
aether_net_zero_2050,AETHER plus net-zero 2050,mitigation_with_aerosol_cleanup,Mitigation with aerosol cleanup,2063,350.000000,1.305821,0.672000,-0.198000,1.779821,1.208313,0.981784,0.219271,-0.405063,"Two-box screening emulator with scenario non-CO2 and aerosol forcing; not FAIR, not CMIP, and not publication-grade attribution."
aether_net_zero_2050,AETHER plus net-zero 2050,mitigation_with_aerosol_cleanup,Mitigation with aerosol cleanup,2064,350.000000,1.305821,0.666000,-0.194000,1.777821,1.206624,0.983936,0.215203,-0.406752,"Two-box screening emulator with scenario non-CO2 and aerosol forcing; not FAIR, not CMIP, and not publication-grade attribution."
aether_net_zero_2050,AETHER plus net-zero 2050,mitigation_with_aerosol_cleanup,Mitigation with aerosol cleanup,2065,350.000000,1.305821,0.660000,-0.190000,1.775821,1.205256,0.986052,0.211553,-0.408120,"Two-box screening emulator with scenario non-CO2 and aerosol forcing; not FAIR, not CMIP, and not publication-grade attribution."
aether_net_zero_2050,AETHER plus net-zero 2050,mitigation_with_aerosol_cleanup,Mitigation with aerosol cleanup,2066,350.000000,1.305821,0.654000,-0.186000,1.773821,1.204147,0.988134,0.208245,-0.409229,"Two-box screening emulator with scenario non-CO2 and aerosol forcing; not FAIR, not CMIP, and not publication-grade attribution."
aether_net_zero_2050,AETHER plus net-zero 2050,mitigation_with_aerosol_cleanup,Mitigation with aerosol cleanup,2067,350.000000,1.305821,0.648000,-0.182000,1.771821,1.203245,0.990186,0.205213,-0.410131,"Two-box screening emulator with scenario non-CO2 and aerosol forcing; not FAIR, not CMIP, and not publication-grade attribution."
aether_net_zero_2050,AETHER plus net-zero 2050,mitigation_with_aerosol_cleanup,Mitigation with aerosol cleanup,2068,350.000000,1.305821,0.642000,-0.178000,1.769821,1.202509,0.992210,0.202406,-0.410867,"Two-box screening emulator with scenario non-CO2 and aerosol forcing; not FAIR, not CMIP, and not publication-grade attribution."
aether_net_zero_2050,AETHER plus net-zero 2050,mitigation_with_aerosol_cleanup,Mitigation with aerosol cleanup,2069,350.000000,1.305821,0.636000,-0.174000,1.767821,1.201905,0.994208,0.199784,-0.411471,"Two-box screening emulator with scenario non-CO2 and aerosol forcing; not FAIR, not CMIP, and not publication-grade attribution."
aether_net_zero_2050,AETHER plus net-zero 2050,mitigation_with_aerosol_cleanup,Mitigation with aerosol cleanup,2070,350.000000,1.305821,0.630000,-0.170000,1.765821,1.201406,0.996181,0.197312,-0.411970,"Two-box screening emulator with scenario non-CO2 and aerosol forcing; not FAIR, not CMIP, and not publication-grade attribution."
aether_net_zero_2050,AETHER plus net-zero 2050,mitigation_with_aerosol_cleanup,Mitigation with aerosol cleanup,2071,350.000000,1.305821,0.624000,-0.166000,1.763821,1.200991,0.998131,0.194964,-0.412385,"Two-box screening emulator with scenario non-CO2 and aerosol forcing; not FAIR, not CMIP, and not publication-grade attribution."
aether_net_zero_2050,AETHER plus net-zero 2050,mitigation_with_aerosol_cleanup,Mitigation with aerosol cleanup,2072,350.000000,1.305821,0.618000,-0.162000,1.761821,1.200641,1.000058,0.192717,-0.412735,"Two-box screening emulator with scenario non-CO2 and aerosol forcing; not FAIR, not CMIP, and not publication-grade attribution."
aether_net_zero_2050,AETHER plus net-zero 2050,mitigation_with_aerosol_cleanup,Mitigation with aerosol cleanup,2073,350.000000,1.305821,0.612000,-0.158000,1.759821,1.200343,1.001963,0.190554,-0.413033,"Two-box screening emulator with scenario non-CO2 and aerosol forcing; not FAIR, not CMIP, and not publication-grade attribution."
aether_net_zero_2050,AETHER plus net-zero 2050,mitigation_with_aerosol_cleanup,Mitigation with aerosol cleanup,2074,350.000000,1.305821,0.606000,-0.154000,1.757821,1.200086,1.003848,0.188461,-0.413290,"Two-box screening emulator with scenario non-CO2 and aerosol forcing; not FAIR, not CMIP, and not publication-grade attribution."
aether_net_zero_2050,AETHER plus net-zero 2050,mitigation_with_aerosol_cleanup,Mitigation with aerosol cleanup,2075,350.000000,1.305821,0.600000,-0.150000,1.755821,1.199860,1.005712,0.186426,-0.413517,"Two-box screening emulator with scenario non-CO2 and aerosol forcing; not FAIR, not CMIP, and not publication-grade attribution."
aether_net_zero_2050,AETHER plus net-zero 2050,mitigation_with_aerosol_cleanup,Mitigation with aerosol cleanup,2076,350.000000,1.305821,0.594000,-0.146000,1.753821,1.199657,1.007557,0.184440,-0.413719,"Two-box screening emulator with scenario non-CO2 and aerosol forcing; not FAIR, not CMIP, and not publication-grade attribution."
aether_net_zero_2050,AETHER plus net-zero 2050,mitigation_with_aerosol_cleanup,Mitigation with aerosol cleanup,2077,350.000000,1.305821,0.588000,-0.142000,1.751821,1.199471,1.009382,0.182495,-0.413905,"Two-box screening emulator with scenario non-CO2 and aerosol forcing; not FAIR, not CMIP, and not publication-grade attribution."
aether_net_zero_2050,AETHER plus net-zero 2050,mitigation_with_aerosol_cleanup,Mitigation with aerosol cleanup,2078,350.000000,1.305821,0.582000,-0.138000,1.749821,1.199299,1.011188,0.180585,-0.414077,"Two-box screening emulator with scenario non-CO2 and aerosol forcing; not FAIR, not CMIP, and not publication-grade attribution."
aether_net_zero_2050,AETHER plus net-zero 2050,mitigation_with_aerosol_cleanup,Mitigation with aerosol cleanup,2079,350.000000,1.305821,0.576000,-0.134000,1.747821,1.199135,1.012975,0.178706,-0.414241,"Two-box screening emulator with scenario non-CO2 and aerosol forcing; not FAIR, not CMIP, and not publication-grade attribution."
aether_net_zero_2050,AETHER plus net-zero 2050,mitigation_with_aerosol_cleanup,Mitigation with aerosol cleanup,2080,350.000000,1.305821,0.570000,-0.130000,1.745821,1.198977,1.014743,0.176852,-0.414399,"Two-box screening emulator with scenario non-CO2 and aerosol forcing; not FAIR, not CMIP, and not publication-grade attribution."
aether_net_zero_2050,AETHER plus net-zero 2050,mitigation_with_aerosol_cleanup,Mitigation with aerosol cleanup,2081,350.000000,1.305821,0.564000,-0.126000,1.743821,1.198822,1.016493,0.175022,-0.414554,"Two-box screening emulator with scenario non-CO2 and aerosol forcing; not FAIR, not CMIP, and not publication-grade attribution."
aether_net_zero_2050,AETHER plus net-zero 2050,mitigation_with_aerosol_cleanup,Mitigation with aerosol cleanup,2082,350.000000,1.305821,0.558000,-0.122000,1.741821,1.198668,1.018225,0.173212,-0.414708,"Two-box screening emulator with scenario non-CO2 and aerosol forcing; not FAIR, not CMIP, and not publication-grade attribution."
aether_net_zero_2050,AETHER plus net-zero 2050,mitigation_with_aerosol_cleanup,Mitigation with aerosol cleanup,2083,350.000000,1.305821,0.552000,-0.118000,1.739821,1.198513,1.019940,0.171420,-0.414863,"Two-box screening emulator with scenario non-CO2 and aerosol forcing; not FAIR, not CMIP, and not publication-grade attribution."
aether_net_zero_2050,AETHER plus net-zero 2050,mitigation_with_aerosol_cleanup,Mitigation with aerosol cleanup,2084,350.000000,1.305821,0.546000,-0.114000,1.737821,1.198357,1.021636,0.169645,-0.415019,"Two-box screening emulator with scenario non-CO2 and aerosol forcing; not FAIR, not CMIP, and not publication-grade attribution."
aether_net_zero_2050,AETHER plus net-zero 2050,mitigation_with_aerosol_cleanup,Mitigation with aerosol cleanup,2085,350.000000,1.305821,0.540000,-0.110000,1.735821,1.198198,1.023315,0.167885,-0.415178,"Two-box screening emulator with scenario non-CO2 and aerosol forcing; not FAIR, not CMIP, and not publication-grade attribution."
aether_net_zero_2050,AETHER plus net-zero 2050,mitigation_with_aerosol_cleanup,Mitigation with aerosol cleanup,2086,350.000000,1.305821,0.534000,-0.106000,1.733821,1.198035,1.024976,0.166139,-0.415341,"Two-box screening emulator with scenario non-CO2 and aerosol forcing; not FAIR, not CMIP, and not publication-grade attribution."
aether_net_zero_2050,AETHER plus net-zero 2050,mitigation_with_aerosol_cleanup,Mitigation with aerosol cleanup,2087,350.000000,1.305821,0.528000,-0.102000,1.731821,1.197867,1.026620,0.164405,-0.415509,"Two-box screening emulator with scenario non-CO2 and aerosol forcing; not FAIR, not CMIP, and not publication-grade attribution."
aether_net_zero_2050,AETHER plus net-zero 2050,mitigation_with_aerosol_cleanup,Mitigation with aerosol cleanup,2088,350.000000,1.305821,0.522000,-0.098000,1.729821,1.197695,1.028247,0.162684,-0.415681,"Two-box screening emulator with scenario non-CO2 and aerosol forcing; not FAIR, not CMIP, and not publication-grade attribution."
aether_net_zero_2050,AETHER plus net-zero 2050,mitigation_with_aerosol_cleanup,Mitigation with aerosol cleanup,2089,350.000000,1.305821,0.516000,-0.094000,1.727821,1.197517,1.029857,0.160975,-0.415859,"Two-box screening emulator with scenario non-CO2 and aerosol forcing; not FAIR, not CMIP, and not publication-grade attribution."
aether_net_zero_2050,AETHER plus net-zero 2050,mitigation_with_aerosol_cleanup,Mitigation with aerosol cleanup,2090,350.000000,1.305821,0.510000,-0.090000,1.725821,1.197333,1.031450,0.159277,-0.416043,"Two-box screening emulator with scenario non-CO2 and aerosol forcing; not FAIR, not CMIP, and not publication-grade attribution."
aether_net_zero_2050,AETHER plus net-zero 2050,mitigation_with_aerosol_cleanup,Mitigation with aerosol cleanup,2091,350.000000,1.305821,0.504000,-0.086000,1.723821,1.197144,1.033026,0.157589,-0.416232,"Two-box screening emulator with scenario non-CO2 and aerosol forcing; not FAIR, not CMIP, and not publication-grade attribution."
aether_net_zero_2050,AETHER plus net-zero 2050,mitigation_with_aerosol_cleanup,Mitigation with aerosol cleanup,2092,350.000000,1.305821,0.498000,-0.082000,1.721821,1.196948,1.034585,0.155912,-0.416428,"Two-box screening emulator with scenario non-CO2 and aerosol forcing; not FAIR, not CMIP, and not publication-grade attribution."
aether_net_zero_2050,AETHER plus net-zero 2050,mitigation_with_aerosol_cleanup,Mitigation with aerosol cleanup,2093,350.000000,1.305821,0.492000,-0.078000,1.719821,1.196746,1.036127,0.154245,-0.416630,"Two-box screening emulator with scenario non-CO2 and aerosol forcing; not FAIR, not CMIP, and not publication-grade attribution."
aether_net_zero_2050,AETHER plus net-zero 2050,mitigation_with_aerosol_cleanup,Mitigation with aerosol cleanup,2094,350.000000,1.305821,0.486000,-0.074000,1.717821,1.196537,1.037653,0.152588,-0.416839,"Two-box screening emulator with scenario non-CO2 and aerosol forcing; not FAIR, not CMIP, and not publication-grade attribution."
aether_net_zero_2050,AETHER plus net-zero 2050,mitigation_with_aerosol_cleanup,Mitigation with aerosol cleanup,2095,350.000000,1.305821,0.480000,-0.070000,1.715821,1.196322,1.039163,0.150940,-0.417054,"Two-box screening emulator with scenario non-CO2 and aerosol forcing; not FAIR, not CMIP, and not publication-grade attribution."
aether_net_zero_2050,AETHER plus net-zero 2050,mitigation_with_aerosol_cleanup,Mitigation with aerosol cleanup,2096,350.000000,1.305821,0.474000,-0.066000,1.713821,1.196100,1.040656,0.149302,-0.417276,"Two-box screening emulator with scenario non-CO2 and aerosol forcing; not FAIR, not CMIP, and not publication-grade attribution."
aether_net_zero_2050,AETHER plus net-zero 2050,mitigation_with_aerosol_cleanup,Mitigation with aerosol cleanup,2097,350.000000,1.305821,0.468000,-0.062000,1.711821,1.195872,1.042132,0.147672,-0.417504,"Two-box screening emulator with scenario non-CO2 and aerosol forcing; not FAIR, not CMIP, and not publication-grade attribution."
aether_net_zero_2050,AETHER plus net-zero 2050,mitigation_with_aerosol_cleanup,Mitigation with aerosol cleanup,2098,350.000000,1.305821,0.462000,-0.058000,1.709821,1.195636,1.043593,0.146052,-0.417740,"Two-box screening emulator with scenario non-CO2 and aerosol forcing; not FAIR, not CMIP, and not publication-grade attribution."
aether_net_zero_2050,AETHER plus net-zero 2050,mitigation_with_aerosol_cleanup,Mitigation with aerosol cleanup,2099,350.000000,1.305821,0.456000,-0.054000,1.707821,1.195394,1.045037,0.144441,-0.417982,"Two-box screening emulator with scenario non-CO2 and aerosol forcing; not FAIR, not CMIP, and not publication-grade attribution."
aether_net_zero_2050,AETHER plus net-zero 2050,mitigation_with_aerosol_cleanup,Mitigation with aerosol cleanup,2100,350.000000,1.305821,0.450000,-0.050000,1.705821,1.195146,1.046466,0.142839,-0.418230,"Two-box screening emulator with scenario non-CO2 and aerosol forcing; not FAIR, not CMIP, and not publication-grade attribution."
aether_net_zero_2050,AETHER plus net-zero 2050,nonco2_delay_aerosol_unmasking,Delayed non-CO2 mitigation plus aerosol unmasking,2026,433.940256,2.524677,1.200000,-0.700000,3.024677,1.613376,0.772719,0.795947,0.000000,"Two-box screening emulator with scenario non-CO2 and aerosol forcing; not FAIR, not CMIP, and not publication-grade attribution."
aether_net_zero_2050,AETHER plus net-zero 2050,nonco2_delay_aerosol_unmasking,Delayed non-CO2 mitigation plus aerosol unmasking,2027,438.155465,2.579487,1.197917,-0.677083,3.100320,1.629057,0.780705,0.798624,0.015681,"Two-box screening emulator with scenario non-CO2 and aerosol forcing; not FAIR, not CMIP, and not publication-grade attribution."
aether_net_zero_2050,AETHER plus net-zero 2050,nonco2_delay_aerosol_unmasking,Delayed non-CO2 mitigation plus aerosol unmasking,2028,441.296054,2.619982,1.195833,-0.654167,3.161648,1.647528,0.788765,0.805934,0.034152,"Two-box screening emulator with scenario non-CO2 and aerosol forcing; not FAIR, not CMIP, and not publication-grade attribution."
aether_net_zero_2050,AETHER plus net-zero 2050,nonco2_delay_aerosol_unmasking,Delayed non-CO2 mitigation plus aerosol unmasking,2029,443.458938,2.647702,1.193750,-0.631250,3.210202,1.667204,0.796923,0.815825,0.053828,"Two-box screening emulator with scenario non-CO2 and aerosol forcing; not FAIR, not CMIP, and not publication-grade attribution."
aether_net_zero_2050,AETHER plus net-zero 2050,nonco2_delay_aerosol_unmasking,Delayed non-CO2 mitigation plus aerosol unmasking,2030,444.722360,2.663833,1.191667,-0.608333,3.247166,1.686901,0.805191,0.826767,0.073525,"Two-box screening emulator with scenario non-CO2 and aerosol forcing; not FAIR, not CMIP, and not publication-grade attribution."
aether_net_zero_2050,AETHER plus net-zero 2050,nonco2_delay_aerosol_unmasking,Delayed non-CO2 mitigation plus aerosol unmasking,2031,445.149724,2.669279,1.189583,-0.585417,3.273445,1.705733,0.813567,0.837625,0.092357,"Two-box screening emulator with scenario non-CO2 and aerosol forcing; not FAIR, not CMIP, and not publication-grade attribution."
aether_net_zero_2050,AETHER plus net-zero 2050,nonco2_delay_aerosol_unmasking,Delayed non-CO2 mitigation plus aerosol unmasking,2032,444.792635,2.664729,1.187500,-0.562500,3.289729,1.723038,0.822042,0.847558,0.109662,"Two-box screening emulator with scenario non-CO2 and aerosol forcing; not FAIR, not CMIP, and not publication-grade attribution."
aether_net_zero_2050,AETHER plus net-zero 2050,nonco2_delay_aerosol_unmasking,Delayed non-CO2 mitigation plus aerosol unmasking,2033,443.693317,2.650698,1.185417,-0.539583,3.296532,1.738322,0.830602,0.855946,0.124946,"Two-box screening emulator with scenario non-CO2 and aerosol forcing; not FAIR, not CMIP, and not publication-grade attribution."
aether_net_zero_2050,AETHER plus net-zero 2050,nonco2_delay_aerosol_unmasking,Delayed non-CO2 mitigation plus aerosol unmasking,2034,441.886518,2.627563,1.183333,-0.516667,3.294229,1.751213,0.839225,0.862334,0.137837,"Two-box screening emulator with scenario non-CO2 and aerosol forcing; not FAIR, not CMIP, and not publication-grade attribution."
aether_net_zero_2050,AETHER plus net-zero 2050,nonco2_delay_aerosol_unmasking,Delayed non-CO2 mitigation plus aerosol unmasking,2035,439.401032,2.595582,1.181250,-0.493750,3.283082,1.761430,0.847889,0.866388,0.148054,"Two-box screening emulator with scenario non-CO2 and aerosol forcing; not FAIR, not CMIP, and not publication-grade attribution."
aether_net_zero_2050,AETHER plus net-zero 2050,nonco2_delay_aerosol_unmasking,Delayed non-CO2 mitigation plus aerosol unmasking,2036,436.260901,2.554918,1.179167,-0.470833,3.263251,1.768756,0.856568,0.867864,0.155380,"Two-box screening emulator with scenario non-CO2 and aerosol forcing; not FAIR, not CMIP, and not publication-grade attribution."
aether_net_zero_2050,AETHER plus net-zero 2050,nonco2_delay_aerosol_unmasking,Delayed non-CO2 mitigation plus aerosol unmasking,2037,432.486371,2.505649,1.177083,-0.447917,3.234816,1.773020,0.865234,0.866579,0.159644,"Two-box screening emulator with scenario non-CO2 and aerosol forcing; not FAIR, not CMIP, and not publication-grade attribution."
aether_net_zero_2050,AETHER plus net-zero 2050,nonco2_delay_aerosol_unmasking,Delayed non-CO2 mitigation plus aerosol unmasking,2038,428.094645,2.447780,1.175000,-0.425000,3.197780,1.774081,0.873857,0.862397,0.160705,"Two-box screening emulator with scenario non-CO2 and aerosol forcing; not FAIR, not CMIP, and not publication-grade attribution."
aether_net_zero_2050,AETHER plus net-zero 2050,nonco2_delay_aerosol_unmasking,Delayed non-CO2 mitigation plus aerosol unmasking,2039,423.100490,2.381248,1.172917,-0.402083,3.152081,1.771816,0.882410,0.855212,0.158440,"Two-box screening emulator with scenario non-CO2 and aerosol forcing; not FAIR, not CMIP, and not publication-grade attribution."
aether_net_zero_2050,AETHER plus net-zero 2050,nonco2_delay_aerosol_unmasking,Delayed non-CO2 mitigation plus aerosol unmasking,2040,417.516713,2.305924,1.170833,-0.379167,3.097590,1.766114,0.890859,0.844936,0.152738,"Two-box screening emulator with scenario non-CO2 and aerosol forcing; not FAIR, not CMIP, and not publication-grade attribution."
aether_net_zero_2050,AETHER plus net-zero 2050,nonco2_delay_aerosol_unmasking,Delayed non-CO2 mitigation plus aerosol unmasking,2041,411.354537,2.221619,1.168750,-0.356250,3.034119,1.756865,0.899174,0.831492,0.143489,"Two-box screening emulator with scenario non-CO2 and aerosol forcing; not FAIR, not CMIP, and not publication-grade attribution."
aether_net_zero_2050,AETHER plus net-zero 2050,nonco2_delay_aerosol_unmasking,Delayed non-CO2 mitigation plus aerosol unmasking,2042,404.623906,2.128082,1.166667,-0.333333,2.961415,1.743958,0.907322,0.814807,0.130582,"Two-box screening emulator with scenario non-CO2 and aerosol forcing; not FAIR, not CMIP, and not publication-grade attribution."
aether_net_zero_2050,AETHER plus net-zero 2050,nonco2_delay_aerosol_unmasking,Delayed non-CO2 mitigation plus aerosol unmasking,2043,397.333723,2.024997,1.164583,-0.310417,2.879163,1.727273,0.915270,0.794804,0.113897,"Two-box screening emulator with scenario non-CO2 and aerosol forcing; not FAIR, not CMIP, and not publication-grade attribution."
aether_net_zero_2050,AETHER plus net-zero 2050,nonco2_delay_aerosol_unmasking,Delayed non-CO2 mitigation plus aerosol unmasking,2044,389.492039,1.911980,1.162500,-0.287500,2.786980,1.706677,0.922984,0.771403,0.093301,"Two-box screening emulator with scenario non-CO2 and aerosol forcing; not FAIR, not CMIP, and not publication-grade attribution."
aether_net_zero_2050,AETHER plus net-zero 2050,nonco2_delay_aerosol_unmasking,Delayed non-CO2 mitigation plus aerosol unmasking,2045,381.106210,1.788575,1.160417,-0.264583,2.684409,1.682023,0.930429,0.744508,0.068647,"Two-box screening emulator with scenario non-CO2 and aerosol forcing; not FAIR, not CMIP, and not publication-grade attribution."
aether_net_zero_2050,AETHER plus net-zero 2050,nonco2_delay_aerosol_unmasking,Delayed non-CO2 mitigation plus aerosol unmasking,2046,372.183011,1.654244,1.158333,-0.241667,2.570911,1.653144,0.937569,0.714014,0.039768,"Two-box screening emulator with scenario non-CO2 and aerosol forcing; not FAIR, not CMIP, and not publication-grade attribution."
aether_net_zero_2050,AETHER plus net-zero 2050,nonco2_delay_aerosol_unmasking,Delayed non-CO2 mitigation plus aerosol unmasking,2047,363.344123,1.517969,1.156250,-0.218750,2.455469,1.620648,0.944367,0.679796,0.007272,"Two-box screening emulator with scenario non-CO2 and aerosol forcing; not FAIR, not CMIP, and not publication-grade attribution."
aether_net_zero_2050,AETHER plus net-zero 2050,nonco2_delay_aerosol_unmasking,Delayed non-CO2 mitigation plus aerosol unmasking,2048,354.555144,1.379136,1.154167,-0.195833,2.337469,1.584978,0.950792,0.642467,-0.028398,"Two-box screening emulator with scenario non-CO2 and aerosol forcing; not FAIR, not CMIP, and not publication-grade attribution."
aether_net_zero_2050,AETHER plus net-zero 2050,nonco2_delay_aerosol_unmasking,Delayed non-CO2 mitigation plus aerosol unmasking,2049,350.000000,1.305821,1.152083,-0.172917,2.284988,1.552160,0.956817,0.602476,-0.061216,"Two-box screening emulator with scenario non-CO2 and aerosol forcing; not FAIR, not CMIP, and not publication-grade attribution."
aether_net_zero_2050,AETHER plus net-zero 2050,nonco2_delay_aerosol_unmasking,Delayed non-CO2 mitigation plus aerosol unmasking,2050,350.000000,1.305821,1.150000,-0.150000,2.305821,1.527736,0.962472,0.565576,-0.085640,"Two-box screening emulator with scenario non-CO2 and aerosol forcing; not FAIR, not CMIP, and not publication-grade attribution."
aether_net_zero_2050,AETHER plus net-zero 2050,nonco2_delay_aerosol_unmasking,Delayed non-CO2 mitigation plus aerosol unmasking,2051,350.000000,1.305821,1.148000,-0.148000,2.305821,1.508360,0.967842,0.537001,-0.105016,"Two-box screening emulator with scenario non-CO2 and aerosol forcing; not FAIR, not CMIP, and not publication-grade attribution."
aether_net_zero_2050,AETHER plus net-zero 2050,nonco2_delay_aerosol_unmasking,Delayed non-CO2 mitigation plus aerosol unmasking,2052,350.000000,1.305821,1.146000,-0.146000,2.305821,1.493058,0.972977,0.513492,-0.120318,"Two-box screening emulator with scenario non-CO2 and aerosol forcing; not FAIR, not CMIP, and not publication-grade attribution."
aether_net_zero_2050,AETHER plus net-zero 2050,nonco2_delay_aerosol_unmasking,Delayed non-CO2 mitigation plus aerosol unmasking,2053,350.000000,1.305821,1.144000,-0.144000,2.305821,1.481045,0.977918,0.494077,-0.132331,"Two-box screening emulator with scenario non-CO2 and aerosol forcing; not FAIR, not CMIP, and not publication-grade attribution."
aether_net_zero_2050,AETHER plus net-zero 2050,nonco2_delay_aerosol_unmasking,Delayed non-CO2 mitigation plus aerosol unmasking,2054,350.000000,1.305821,1.142000,-0.142000,2.305821,1.471685,0.982698,0.477970,-0.141691,"Two-box screening emulator with scenario non-CO2 and aerosol forcing; not FAIR, not CMIP, and not publication-grade attribution."
aether_net_zero_2050,AETHER plus net-zero 2050,nonco2_delay_aerosol_unmasking,Delayed non-CO2 mitigation plus aerosol unmasking,2055,350.000000,1.305821,1.140000,-0.140000,2.305821,1.464466,0.987343,0.464538,-0.148910,"Two-box screening emulator with scenario non-CO2 and aerosol forcing; not FAIR, not CMIP, and not publication-grade attribution."
aether_net_zero_2050,AETHER plus net-zero 2050,nonco2_delay_aerosol_unmasking,Delayed non-CO2 mitigation plus aerosol unmasking,2056,350.000000,1.305821,1.138000,-0.138000,2.305821,1.458975,0.991876,0.453267,-0.154401,"Two-box screening emulator with scenario non-CO2 and aerosol forcing; not FAIR, not CMIP, and not publication-grade attribution."
aether_net_zero_2050,AETHER plus net-zero 2050,nonco2_delay_aerosol_unmasking,Delayed non-CO2 mitigation plus aerosol unmasking,2057,350.000000,1.305821,1.136000,-0.136000,2.305821,1.454877,0.996313,0.443744,-0.158499,"Two-box screening emulator with scenario non-CO2 and aerosol forcing; not FAIR, not CMIP, and not publication-grade attribution."
aether_net_zero_2050,AETHER plus net-zero 2050,nonco2_delay_aerosol_unmasking,Delayed non-CO2 mitigation plus aerosol unmasking,2058,350.000000,1.305821,1.134000,-0.134000,2.305821,1.451901,1.000670,0.435635,-0.161475,"Two-box screening emulator with scenario non-CO2 and aerosol forcing; not FAIR, not CMIP, and not publication-grade attribution."
aether_net_zero_2050,AETHER plus net-zero 2050,nonco2_delay_aerosol_unmasking,Delayed non-CO2 mitigation plus aerosol unmasking,2059,350.000000,1.305821,1.132000,-0.132000,2.305821,1.449831,1.004956,0.428670,-0.163545,"Two-box screening emulator with scenario non-CO2 and aerosol forcing; not FAIR, not CMIP, and not publication-grade attribution."
aether_net_zero_2050,AETHER plus net-zero 2050,nonco2_delay_aerosol_unmasking,Delayed non-CO2 mitigation plus aerosol unmasking,2060,350.000000,1.305821,1.130000,-0.130000,2.305821,1.448491,1.009183,0.422631,-0.164885,"Two-box screening emulator with scenario non-CO2 and aerosol forcing; not FAIR, not CMIP, and not publication-grade attribution."
aether_net_zero_2050,AETHER plus net-zero 2050,nonco2_delay_aerosol_unmasking,Delayed non-CO2 mitigation plus aerosol unmasking,2061,350.000000,1.305821,1.128000,-0.128000,2.305821,1.447737,1.013356,0.417343,-0.165639,"Two-box screening emulator with scenario non-CO2 and aerosol forcing; not FAIR, not CMIP, and not publication-grade attribution."
aether_net_zero_2050,AETHER plus net-zero 2050,nonco2_delay_aerosol_unmasking,Delayed non-CO2 mitigation plus aerosol unmasking,2062,350.000000,1.305821,1.126000,-0.126000,2.305821,1.447456,1.017483,0.412662,-0.165920,"Two-box screening emulator with scenario non-CO2 and aerosol forcing; not FAIR, not CMIP, and not publication-grade attribution."
aether_net_zero_2050,AETHER plus net-zero 2050,nonco2_delay_aerosol_unmasking,Delayed non-CO2 mitigation plus aerosol unmasking,2063,350.000000,1.305821,1.124000,-0.124000,2.305821,1.447554,1.021567,0.408474,-0.165822,"Two-box screening emulator with scenario non-CO2 and aerosol forcing; not FAIR, not CMIP, and not publication-grade attribution."
aether_net_zero_2050,AETHER plus net-zero 2050,nonco2_delay_aerosol_unmasking,Delayed non-CO2 mitigation plus aerosol unmasking,2064,350.000000,1.305821,1.122000,-0.122000,2.305821,1.447957,1.025614,0.404687,-0.165419,"Two-box screening emulator with scenario non-CO2 and aerosol forcing; not FAIR, not CMIP, and not publication-grade attribution."
aether_net_zero_2050,AETHER plus net-zero 2050,nonco2_delay_aerosol_unmasking,Delayed non-CO2 mitigation plus aerosol unmasking,2065,350.000000,1.305821,1.120000,-0.120000,2.305821,1.448605,1.029627,0.401226,-0.164771,"Two-box screening emulator with scenario non-CO2 and aerosol forcing; not FAIR, not CMIP, and not publication-grade attribution."
aether_net_zero_2050,AETHER plus net-zero 2050,nonco2_delay_aerosol_unmasking,Delayed non-CO2 mitigation plus aerosol unmasking,2066,350.000000,1.305821,1.118000,-0.118000,2.305821,1.449448,1.033607,0.398029,-0.163928,"Two-box screening emulator with scenario non-CO2 and aerosol forcing; not FAIR, not CMIP, and not publication-grade attribution."
aether_net_zero_2050,AETHER plus net-zero 2050,nonco2_delay_aerosol_unmasking,Delayed non-CO2 mitigation plus aerosol unmasking,2067,350.000000,1.305821,1.116000,-0.116000,2.305821,1.450448,1.037557,0.395049,-0.162928,"Two-box screening emulator with scenario non-CO2 and aerosol forcing; not FAIR, not CMIP, and not publication-grade attribution."
aether_net_zero_2050,AETHER plus net-zero 2050,nonco2_delay_aerosol_unmasking,Delayed non-CO2 mitigation plus aerosol unmasking,2068,350.000000,1.305821,1.114000,-0.114000,2.305821,1.451572,1.041480,0.392246,-0.161804,"Two-box screening emulator with scenario non-CO2 and aerosol forcing; not FAIR, not CMIP, and not publication-grade attribution."
aether_net_zero_2050,AETHER plus net-zero 2050,nonco2_delay_aerosol_unmasking,Delayed non-CO2 mitigation plus aerosol unmasking,2069,350.000000,1.305821,1.112000,-0.112000,2.305821,1.452795,1.045376,0.389587,-0.160581,"Two-box screening emulator with scenario non-CO2 and aerosol forcing; not FAIR, not CMIP, and not publication-grade attribution."
aether_net_zero_2050,AETHER plus net-zero 2050,nonco2_delay_aerosol_unmasking,Delayed non-CO2 mitigation plus aerosol unmasking,2070,350.000000,1.305821,1.110000,-0.110000,2.305821,1.454096,1.049246,0.387048,-0.159280,"Two-box screening emulator with scenario non-CO2 and aerosol forcing; not FAIR, not CMIP, and not publication-grade attribution."
aether_net_zero_2050,AETHER plus net-zero 2050,nonco2_delay_aerosol_unmasking,Delayed non-CO2 mitigation plus aerosol unmasking,2071,350.000000,1.305821,1.108000,-0.108000,2.305821,1.455458,1.053092,0.384607,-0.157918,"Two-box screening emulator with scenario non-CO2 and aerosol forcing; not FAIR, not CMIP, and not publication-grade attribution."
aether_net_zero_2050,AETHER plus net-zero 2050,nonco2_delay_aerosol_unmasking,Delayed non-CO2 mitigation plus aerosol unmasking,2072,350.000000,1.305821,1.106000,-0.106000,2.305821,1.456868,1.056915,0.382248,-0.156508,"Two-box screening emulator with scenario non-CO2 and aerosol forcing; not FAIR, not CMIP, and not publication-grade attribution."
aether_net_zero_2050,AETHER plus net-zero 2050,nonco2_delay_aerosol_unmasking,Delayed non-CO2 mitigation plus aerosol unmasking,2073,350.000000,1.305821,1.104000,-0.104000,2.305821,1.458316,1.060714,0.379956,-0.155060,"Two-box screening emulator with scenario non-CO2 and aerosol forcing; not FAIR, not CMIP, and not publication-grade attribution."
aether_net_zero_2050,AETHER plus net-zero 2050,nonco2_delay_aerosol_unmasking,Delayed non-CO2 mitigation plus aerosol unmasking,2074,350.000000,1.305821,1.102000,-0.102000,2.305821,1.459791,1.064491,0.377721,-0.153585,"Two-box screening emulator with scenario non-CO2 and aerosol forcing; not FAIR, not CMIP, and not publication-grade attribution."
aether_net_zero_2050,AETHER plus net-zero 2050,nonco2_delay_aerosol_unmasking,Delayed non-CO2 mitigation plus aerosol unmasking,2075,350.000000,1.305821,1.100000,-0.100000,2.305821,1.461288,1.068247,0.375535,-0.152088,"Two-box screening emulator with scenario non-CO2 and aerosol forcing; not FAIR, not CMIP, and not publication-grade attribution."
aether_net_zero_2050,AETHER plus net-zero 2050,nonco2_delay_aerosol_unmasking,Delayed non-CO2 mitigation plus aerosol unmasking,2076,350.000000,1.305821,1.098000,-0.098000,2.305821,1.462800,1.071981,0.373389,-0.150576,"Two-box screening emulator with scenario non-CO2 and aerosol forcing; not FAIR, not CMIP, and not publication-grade attribution."
aether_net_zero_2050,AETHER plus net-zero 2050,nonco2_delay_aerosol_unmasking,Delayed non-CO2 mitigation plus aerosol unmasking,2077,350.000000,1.305821,1.096000,-0.096000,2.305821,1.464323,1.075694,0.371278,-0.149053,"Two-box screening emulator with scenario non-CO2 and aerosol forcing; not FAIR, not CMIP, and not publication-grade attribution."
aether_net_zero_2050,AETHER plus net-zero 2050,nonco2_delay_aerosol_unmasking,Delayed non-CO2 mitigation plus aerosol unmasking,2078,350.000000,1.305821,1.094000,-0.094000,2.305821,1.465853,1.079385,0.369198,-0.147523,"Two-box screening emulator with scenario non-CO2 and aerosol forcing; not FAIR, not CMIP, and not publication-grade attribution."
aether_net_zero_2050,AETHER plus net-zero 2050,nonco2_delay_aerosol_unmasking,Delayed non-CO2 mitigation plus aerosol unmasking,2079,350.000000,1.305821,1.092000,-0.092000,2.305821,1.467387,1.083057,0.367144,-0.145989,"Two-box screening emulator with scenario non-CO2 and aerosol forcing; not FAIR, not CMIP, and not publication-grade attribution."
aether_net_zero_2050,AETHER plus net-zero 2050,nonco2_delay_aerosol_unmasking,Delayed non-CO2 mitigation plus aerosol unmasking,2080,350.000000,1.305821,1.090000,-0.090000,2.305821,1.468923,1.086708,0.365114,-0.144453,"Two-box screening emulator with scenario non-CO2 and aerosol forcing; not FAIR, not CMIP, and not publication-grade attribution."
aether_net_zero_2050,AETHER plus net-zero 2050,nonco2_delay_aerosol_unmasking,Delayed non-CO2 mitigation plus aerosol unmasking,2081,350.000000,1.305821,1.088000,-0.088000,2.305821,1.470459,1.090339,0.363104,-0.142917,"Two-box screening emulator with scenario non-CO2 and aerosol forcing; not FAIR, not CMIP, and not publication-grade attribution."
aether_net_zero_2050,AETHER plus net-zero 2050,nonco2_delay_aerosol_unmasking,Delayed non-CO2 mitigation plus aerosol unmasking,2082,350.000000,1.305821,1.086000,-0.086000,2.305821,1.471993,1.093950,0.361114,-0.141383,"Two-box screening emulator with scenario non-CO2 and aerosol forcing; not FAIR, not CMIP, and not publication-grade attribution."
aether_net_zero_2050,AETHER plus net-zero 2050,nonco2_delay_aerosol_unmasking,Delayed non-CO2 mitigation plus aerosol unmasking,2083,350.000000,1.305821,1.084000,-0.084000,2.305821,1.473523,1.097542,0.359140,-0.139853,"Two-box screening emulator with scenario non-CO2 and aerosol forcing; not FAIR, not CMIP, and not publication-grade attribution."
aether_net_zero_2050,AETHER plus net-zero 2050,nonco2_delay_aerosol_unmasking,Delayed non-CO2 mitigation plus aerosol unmasking,2084,350.000000,1.305821,1.082000,-0.082000,2.305821,1.475050,1.101113,0.357183,-0.138326,"Two-box screening emulator with scenario non-CO2 and aerosol forcing; not FAIR, not CMIP, and not publication-grade attribution."
aether_net_zero_2050,AETHER plus net-zero 2050,nonco2_delay_aerosol_unmasking,Delayed non-CO2 mitigation plus aerosol unmasking,2085,350.000000,1.305821,1.080000,-0.080000,2.305821,1.476572,1.104666,0.355240,-0.136804,"Two-box screening emulator with scenario non-CO2 and aerosol forcing; not FAIR, not CMIP, and not publication-grade attribution."
aether_net_zero_2050,AETHER plus net-zero 2050,nonco2_delay_aerosol_unmasking,Delayed non-CO2 mitigation plus aerosol unmasking,2086,350.000000,1.305821,1.078000,-0.078000,2.305821,1.478089,1.108199,0.353311,-0.135287,"Two-box screening emulator with scenario non-CO2 and aerosol forcing; not FAIR, not CMIP, and not publication-grade attribution."
aether_net_zero_2050,AETHER plus net-zero 2050,nonco2_delay_aerosol_unmasking,Delayed non-CO2 mitigation plus aerosol unmasking,2087,350.000000,1.305821,1.076000,-0.076000,2.305821,1.479600,1.111713,0.351396,-0.133776,"Two-box screening emulator with scenario non-CO2 and aerosol forcing; not FAIR, not CMIP, and not publication-grade attribution."
aether_net_zero_2050,AETHER plus net-zero 2050,nonco2_delay_aerosol_unmasking,Delayed non-CO2 mitigation plus aerosol unmasking,2088,350.000000,1.305821,1.074000,-0.074000,2.305821,1.481104,1.115208,0.349493,-0.132272,"Two-box screening emulator with scenario non-CO2 and aerosol forcing; not FAIR, not CMIP, and not publication-grade attribution."
aether_net_zero_2050,AETHER plus net-zero 2050,nonco2_delay_aerosol_unmasking,Delayed non-CO2 mitigation plus aerosol unmasking,2089,350.000000,1.305821,1.072000,-0.072000,2.305821,1.482602,1.118684,0.347602,-0.130774,"Two-box screening emulator with scenario non-CO2 and aerosol forcing; not FAIR, not CMIP, and not publication-grade attribution."
aether_net_zero_2050,AETHER plus net-zero 2050,nonco2_delay_aerosol_unmasking,Delayed non-CO2 mitigation plus aerosol unmasking,2090,350.000000,1.305821,1.070000,-0.070000,2.305821,1.484093,1.122141,0.345722,-0.129283,"Two-box screening emulator with scenario non-CO2 and aerosol forcing; not FAIR, not CMIP, and not publication-grade attribution."
aether_net_zero_2050,AETHER plus net-zero 2050,nonco2_delay_aerosol_unmasking,Delayed non-CO2 mitigation plus aerosol unmasking,2091,350.000000,1.305821,1.068000,-0.068000,2.305821,1.485577,1.125580,0.343854,-0.127799,"Two-box screening emulator with scenario non-CO2 and aerosol forcing; not FAIR, not CMIP, and not publication-grade attribution."
aether_net_zero_2050,AETHER plus net-zero 2050,nonco2_delay_aerosol_unmasking,Delayed non-CO2 mitigation plus aerosol unmasking,2092,350.000000,1.305821,1.066000,-0.066000,2.305821,1.487053,1.129000,0.341997,-0.126323,"Two-box screening emulator with scenario non-CO2 and aerosol forcing; not FAIR, not CMIP, and not publication-grade attribution."
aether_net_zero_2050,AETHER plus net-zero 2050,nonco2_delay_aerosol_unmasking,Delayed non-CO2 mitigation plus aerosol unmasking,2093,350.000000,1.305821,1.064000,-0.064000,2.305821,1.488522,1.132401,0.340151,-0.124854,"Two-box screening emulator with scenario non-CO2 and aerosol forcing; not FAIR, not CMIP, and not publication-grade attribution."
aether_net_zero_2050,AETHER plus net-zero 2050,nonco2_delay_aerosol_unmasking,Delayed non-CO2 mitigation plus aerosol unmasking,2094,350.000000,1.305821,1.062000,-0.062000,2.305821,1.489984,1.135784,0.338315,-0.123392,"Two-box screening emulator with scenario non-CO2 and aerosol forcing; not FAIR, not CMIP, and not publication-grade attribution."
aether_net_zero_2050,AETHER plus net-zero 2050,nonco2_delay_aerosol_unmasking,Delayed non-CO2 mitigation plus aerosol unmasking,2095,350.000000,1.305821,1.060000,-0.060000,2.305821,1.491439,1.139149,0.336490,-0.121937,"Two-box screening emulator with scenario non-CO2 and aerosol forcing; not FAIR, not CMIP, and not publication-grade attribution."
aether_net_zero_2050,AETHER plus net-zero 2050,nonco2_delay_aerosol_unmasking,Delayed non-CO2 mitigation plus aerosol unmasking,2096,350.000000,1.305821,1.058000,-0.058000,2.305821,1.492885,1.142496,0.334675,-0.120491,"Two-box screening emulator with scenario non-CO2 and aerosol forcing; not FAIR, not CMIP, and not publication-grade attribution."
aether_net_zero_2050,AETHER plus net-zero 2050,nonco2_delay_aerosol_unmasking,Delayed non-CO2 mitigation plus aerosol unmasking,2097,350.000000,1.305821,1.056000,-0.056000,2.305821,1.494325,1.145825,0.332870,-0.119051,"Two-box screening emulator with scenario non-CO2 and aerosol forcing; not FAIR, not CMIP, and not publication-grade attribution."
aether_net_zero_2050,AETHER plus net-zero 2050,nonco2_delay_aerosol_unmasking,Delayed non-CO2 mitigation plus aerosol unmasking,2098,350.000000,1.305821,1.054000,-0.054000,2.305821,1.495756,1.149135,0.331075,-0.117620,"Two-box screening emulator with scenario non-CO2 and aerosol forcing; not FAIR, not CMIP, and not publication-grade attribution."
aether_net_zero_2050,AETHER plus net-zero 2050,nonco2_delay_aerosol_unmasking,Delayed non-CO2 mitigation plus aerosol unmasking,2099,350.000000,1.305821,1.052000,-0.052000,2.305821,1.497181,1.152428,0.329290,-0.116195,"Two-box screening emulator with scenario non-CO2 and aerosol forcing; not FAIR, not CMIP, and not publication-grade attribution."
aether_net_zero_2050,AETHER plus net-zero 2050,nonco2_delay_aerosol_unmasking,Delayed non-CO2 mitigation plus aerosol unmasking,2100,350.000000,1.305821,1.050000,-0.050000,2.305821,1.498597,1.155703,0.327515,-0.114779,"Two-box screening emulator with scenario non-CO2 and aerosol forcing; not FAIR, not CMIP, and not publication-grade attribution."
aether_net_zero_2050,AETHER plus net-zero 2050,active_full_forcing_management,Active full-forcing management,2026,433.940256,2.524677,1.200000,-0.700000,3.024677,1.613376,0.772719,0.795947,0.000000,"Two-box screening emulator with scenario non-CO2 and aerosol forcing; not FAIR, not CMIP, and not publication-grade attribution."
aether_net_zero_2050,AETHER plus net-zero 2050,active_full_forcing_management,Active full-forcing management,2027,438.155465,2.579487,1.172917,-0.677083,3.075320,1.626974,0.780705,0.798624,0.013598,"Two-box screening emulator with scenario non-CO2 and aerosol forcing; not FAIR, not CMIP, and not publication-grade attribution."
aether_net_zero_2050,AETHER plus net-zero 2050,active_full_forcing_management,Active full-forcing management,2028,441.296054,2.619982,1.145833,-0.654167,3.111648,1.641670,0.788745,0.803955,0.028294,"Two-box screening emulator with scenario non-CO2 and aerosol forcing; not FAIR, not CMIP, and not publication-grade attribution."
aether_net_zero_2050,AETHER plus net-zero 2050,active_full_forcing_management,Active full-forcing management,2029,443.458938,2.647702,1.118750,-0.631250,3.135202,1.656198,0.796848,0.810279,0.042822,"Two-box screening emulator with scenario non-CO2 and aerosol forcing; not FAIR, not CMIP, and not publication-grade attribution."
aether_net_zero_2050,AETHER plus net-zero 2050,active_full_forcing_management,Active full-forcing management,2030,444.722360,2.663833,1.091667,-0.608333,3.147166,1.669628,0.805011,0.816383,0.056252,"Two-box screening emulator with scenario non-CO2 and aerosol forcing; not FAIR, not CMIP, and not publication-grade attribution."
aether_net_zero_2050,AETHER plus net-zero 2050,active_full_forcing_management,Active full-forcing management,2031,445.149724,2.669279,1.064583,-0.585417,3.148445,1.681282,0.813225,0.821386,0.067906,"Two-box screening emulator with scenario non-CO2 and aerosol forcing; not FAIR, not CMIP, and not publication-grade attribution."
aether_net_zero_2050,AETHER plus net-zero 2050,active_full_forcing_management,Active full-forcing management,2032,444.792635,2.664729,1.037500,-0.562500,3.139729,1.690665,0.821472,0.824654,0.077289,"Two-box screening emulator with scenario non-CO2 and aerosol forcing; not FAIR, not CMIP, and not publication-grade attribution."
aether_net_zero_2050,AETHER plus net-zero 2050,active_full_forcing_management,Active full-forcing management,2033,443.693317,2.650698,1.010417,-0.539583,3.121532,1.697417,0.829729,0.825734,0.084041,"Two-box screening emulator with scenario non-CO2 and aerosol forcing; not FAIR, not CMIP, and not publication-grade attribution."
aether_net_zero_2050,AETHER plus net-zero 2050,active_full_forcing_management,Active full-forcing management,2034,441.886518,2.627563,0.983333,-0.516667,3.094229,1.701276,0.837972,0.824304,0.087900,"Two-box screening emulator with scenario non-CO2 and aerosol forcing; not FAIR, not CMIP, and not publication-grade attribution."
aether_net_zero_2050,AETHER plus net-zero 2050,active_full_forcing_management,Active full-forcing management,2035,439.401032,2.595582,0.956250,-0.493750,3.058082,1.702049,0.846174,0.820139,0.088673,"Two-box screening emulator with scenario non-CO2 and aerosol forcing; not FAIR, not CMIP, and not publication-grade attribution."
aether_net_zero_2050,AETHER plus net-zero 2050,active_full_forcing_management,Active full-forcing management,2036,436.260901,2.554918,0.929167,-0.470833,3.013251,1.699589,0.854304,0.813082,0.086213,"Two-box screening emulator with scenario non-CO2 and aerosol forcing; not FAIR, not CMIP, and not publication-grade attribution."
aether_net_zero_2050,AETHER plus net-zero 2050,active_full_forcing_management,Active full-forcing management,2037,432.486371,2.505649,0.902083,-0.447917,2.959816,1.693784,0.862335,0.803021,0.080408,"Two-box screening emulator with scenario non-CO2 and aerosol forcing; not FAIR, not CMIP, and not publication-grade attribution."
aether_net_zero_2050,AETHER plus net-zero 2050,active_full_forcing_management,Active full-forcing management,2038,428.094645,2.447780,0.875000,-0.425000,2.897780,1.684538,0.870233,0.789877,0.071162,"Two-box screening emulator with scenario non-CO2 and aerosol forcing; not FAIR, not CMIP, and not publication-grade attribution."
aether_net_zero_2050,AETHER plus net-zero 2050,active_full_forcing_management,Active full-forcing management,2039,423.100490,2.381248,0.847917,-0.402083,2.827081,1.671767,0.877969,0.773589,0.058391,"Two-box screening emulator with scenario non-CO2 and aerosol forcing; not FAIR, not CMIP, and not publication-grade attribution."
aether_net_zero_2050,AETHER plus net-zero 2050,active_full_forcing_management,Active full-forcing management,2040,417.516713,2.305924,0.820833,-0.379167,2.747590,1.655389,0.885510,0.754108,0.042013,"Two-box screening emulator with scenario non-CO2 and aerosol forcing; not FAIR, not CMIP, and not publication-grade attribution."
aether_net_zero_2050,AETHER plus net-zero 2050,active_full_forcing_management,Active full-forcing management,2041,411.354537,2.221619,0.793750,-0.356250,2.659119,1.635320,0.892824,0.731385,0.021944,"Two-box screening emulator with scenario non-CO2 and aerosol forcing; not FAIR, not CMIP, and not publication-grade attribution."
aether_net_zero_2050,AETHER plus net-zero 2050,active_full_forcing_management,Active full-forcing management,2042,404.623906,2.128082,0.766667,-0.333333,2.561415,1.611468,0.899878,0.705371,-0.001908,"Two-box screening emulator with scenario non-CO2 and aerosol forcing; not FAIR, not CMIP, and not publication-grade attribution."
aether_net_zero_2050,AETHER plus net-zero 2050,active_full_forcing_management,Active full-forcing management,2043,397.333723,2.024997,0.739583,-0.310417,2.454163,1.583729,0.906638,0.676011,-0.029647,"Two-box screening emulator with scenario non-CO2 and aerosol forcing; not FAIR, not CMIP, and not publication-grade attribution."
aether_net_zero_2050,AETHER plus net-zero 2050,active_full_forcing_management,Active full-forcing management,2044,389.492039,1.911980,0.712500,-0.287500,2.336980,1.551984,0.913070,0.643236,-0.061392,"Two-box screening emulator with scenario non-CO2 and aerosol forcing; not FAIR, not CMIP, and not publication-grade attribution."
aether_net_zero_2050,AETHER plus net-zero 2050,active_full_forcing_management,Active full-forcing management,2045,381.106210,1.788575,0.685417,-0.264583,2.209409,1.516096,0.919140,0.606968,-0.097280,"Two-box screening emulator with scenario non-CO2 and aerosol forcing; not FAIR, not CMIP, and not publication-grade attribution."
aether_net_zero_2050,AETHER plus net-zero 2050,active_full_forcing_management,Active full-forcing management,2046,372.183011,1.654244,0.658333,-0.241667,2.070911,1.475906,0.924811,0.567108,-0.137470,"Two-box screening emulator with scenario non-CO2 and aerosol forcing; not FAIR, not CMIP, and not publication-grade attribution."
aether_net_zero_2050,AETHER plus net-zero 2050,active_full_forcing_management,Active full-forcing management,2047,363.344123,1.517969,0.631250,-0.218750,1.930469,1.432030,0.930047,0.523540,-0.181346,"Two-box screening emulator with scenario non-CO2 and aerosol forcing; not FAIR, not CMIP, and not publication-grade attribution."
aether_net_zero_2050,AETHER plus net-zero 2050,active_full_forcing_management,Active full-forcing management,2048,354.555144,1.379136,0.604167,-0.195833,1.787469,1.384915,0.934815,0.476884,-0.228461,"Two-box screening emulator with scenario non-CO2 and aerosol forcing; not FAIR, not CMIP, and not publication-grade attribution."
aether_net_zero_2050,AETHER plus net-zero 2050,active_full_forcing_management,Active full-forcing management,2049,350.000000,1.305821,0.577083,-0.172917,1.709988,1.340595,0.939091,0.427595,-0.272781,"Two-box screening emulator with scenario non-CO2 and aerosol forcing; not FAIR, not CMIP, and not publication-grade attribution."
aether_net_zero_2050,AETHER plus net-zero 2050,active_full_forcing_management,Active full-forcing management,2050,350.000000,1.305821,0.550000,-0.150000,1.705821,1.304613,0.942906,0.381428,-0.308763,"Two-box screening emulator with scenario non-CO2 and aerosol forcing; not FAIR, not CMIP, and not publication-grade attribution."
aether_net_zero_2050,AETHER plus net-zero 2050,active_full_forcing_management,Active full-forcing management,2051,350.000000,1.305821,0.543000,-0.147000,1.701821,1.275376,0.946342,0.343622,-0.338000,"Two-box screening emulator with scenario non-CO2 and aerosol forcing; not FAIR, not CMIP, and not publication-grade attribution."
aether_net_zero_2050,AETHER plus net-zero 2050,active_full_forcing_management,Active full-forcing management,2052,350.000000,1.305821,0.536000,-0.144000,1.697821,1.251584,0.949468,0.312582,-0.361792,"Two-box screening emulator with scenario non-CO2 and aerosol forcing; not FAIR, not CMIP, and not publication-grade attribution."
aether_net_zero_2050,AETHER plus net-zero 2050,active_full_forcing_management,Active full-forcing management,2053,350.000000,1.305821,0.529000,-0.141000,1.693821,1.232187,0.952338,0.287010,-0.381189,"Two-box screening emulator with scenario non-CO2 and aerosol forcing; not FAIR, not CMIP, and not publication-grade attribution."
aether_net_zero_2050,AETHER plus net-zero 2050,active_full_forcing_management,Active full-forcing management,2054,350.000000,1.305821,0.522000,-0.138000,1.689821,1.216337,0.954996,0.265857,-0.397039,"Two-box screening emulator with scenario non-CO2 and aerosol forcing; not FAIR, not CMIP, and not publication-grade attribution."
aether_net_zero_2050,AETHER plus net-zero 2050,active_full_forcing_management,Active full-forcing management,2055,350.000000,1.305821,0.515000,-0.135000,1.685821,1.203349,0.957479,0.248273,-0.410027,"Two-box screening emulator with scenario non-CO2 and aerosol forcing; not FAIR, not CMIP, and not publication-grade attribution."
aether_net_zero_2050,AETHER plus net-zero 2050,active_full_forcing_management,Active full-forcing management,2056,350.000000,1.305821,0.508000,-0.132000,1.681821,1.192671,0.959815,0.233576,-0.420706,"Two-box screening emulator with scenario non-CO2 and aerosol forcing; not FAIR, not CMIP, and not publication-grade attribution."
aether_net_zero_2050,AETHER plus net-zero 2050,active_full_forcing_management,Active full-forcing management,2057,350.000000,1.305821,0.501000,-0.129000,1.677821,1.183855,0.962027,0.221213,-0.429521,"Two-box screening emulator with scenario non-CO2 and aerosol forcing; not FAIR, not CMIP, and not publication-grade attribution."
aether_net_zero_2050,AETHER plus net-zero 2050,active_full_forcing_management,Active full-forcing management,2058,350.000000,1.305821,0.494000,-0.126000,1.673821,1.176541,0.964134,0.210736,-0.436835,"Two-box screening emulator with scenario non-CO2 and aerosol forcing; not FAIR, not CMIP, and not publication-grade attribution."
aether_net_zero_2050,AETHER plus net-zero 2050,active_full_forcing_management,Active full-forcing management,2059,350.000000,1.305821,0.487000,-0.123000,1.669821,1.170438,0.966152,0.201786,-0.442938,"Two-box screening emulator with scenario non-CO2 and aerosol forcing; not FAIR, not CMIP, and not publication-grade attribution."
aether_net_zero_2050,AETHER plus net-zero 2050,active_full_forcing_management,Active full-forcing management,2060,350.000000,1.305821,0.480000,-0.120000,1.665821,1.165311,0.968093,0.194072,-0.448065,"Two-box screening emulator with scenario non-CO2 and aerosol forcing; not FAIR, not CMIP, and not publication-grade attribution."
aether_net_zero_2050,AETHER plus net-zero 2050,active_full_forcing_management,Active full-forcing management,2061,350.000000,1.305821,0.473000,-0.117000,1.661821,1.160970,0.969967,0.187357,-0.452406,"Two-box screening emulator with scenario non-CO2 and aerosol forcing; not FAIR, not CMIP, and not publication-grade attribution."
aether_net_zero_2050,AETHER plus net-zero 2050,active_full_forcing_management,Active full-forcing management,2062,350.000000,1.305821,0.466000,-0.114000,1.657821,1.157261,0.971781,0.181453,-0.456115,"Two-box screening emulator with scenario non-CO2 and aerosol forcing; not FAIR, not CMIP, and not publication-grade attribution."
aether_net_zero_2050,AETHER plus net-zero 2050,active_full_forcing_management,Active full-forcing management,2063,350.000000,1.305821,0.459000,-0.111000,1.653821,1.154062,0.973543,0.176206,-0.459314,"Two-box screening emulator with scenario non-CO2 and aerosol forcing; not FAIR, not CMIP, and not publication-grade attribution."
aether_net_zero_2050,AETHER plus net-zero 2050,active_full_forcing_management,Active full-forcing management,2064,350.000000,1.305821,0.452000,-0.108000,1.649821,1.151271,0.975258,0.171493,-0.462105,"Two-box screening emulator with scenario non-CO2 and aerosol forcing; not FAIR, not CMIP, and not publication-grade attribution."
aether_net_zero_2050,AETHER plus net-zero 2050,active_full_forcing_management,Active full-forcing management,2065,350.000000,1.305821,0.445000,-0.105000,1.645821,1.148808,0.976930,0.167212,-0.464568,"Two-box screening emulator with scenario non-CO2 and aerosol forcing; not FAIR, not CMIP, and not publication-grade attribution."
aether_net_zero_2050,AETHER plus net-zero 2050,active_full_forcing_management,Active full-forcing management,2066,350.000000,1.305821,0.438000,-0.102000,1.641821,1.146608,0.978563,0.163284,-0.466768,"Two-box screening emulator with scenario non-CO2 and aerosol forcing; not FAIR, not CMIP, and not publication-grade attribution."
aether_net_zero_2050,AETHER plus net-zero 2050,active_full_forcing_management,Active full-forcing management,2067,350.000000,1.305821,0.431000,-0.099000,1.637821,1.144618,0.980159,0.159642,-0.468758,"Two-box screening emulator with scenario non-CO2 and aerosol forcing; not FAIR, not CMIP, and not publication-grade attribution."
aether_net_zero_2050,AETHER plus net-zero 2050,active_full_forcing_management,Active full-forcing management,2068,350.000000,1.305821,0.424000,-0.096000,1.633821,1.142796,0.981722,0.156236,-0.470580,"Two-box screening emulator with scenario non-CO2 and aerosol forcing; not FAIR, not CMIP, and not publication-grade attribution."
aether_net_zero_2050,AETHER plus net-zero 2050,active_full_forcing_management,Active full-forcing management,2069,350.000000,1.305821,0.417000,-0.093000,1.629821,1.141107,0.983252,0.153020,-0.472269,"Two-box screening emulator with scenario non-CO2 and aerosol forcing; not FAIR, not CMIP, and not publication-grade attribution."
aether_net_zero_2050,AETHER plus net-zero 2050,active_full_forcing_management,Active full-forcing management,2070,350.000000,1.305821,0.410000,-0.090000,1.625821,1.139525,0.984752,0.149963,-0.473851,"Two-box screening emulator with scenario non-CO2 and aerosol forcing; not FAIR, not CMIP, and not publication-grade attribution."
aether_net_zero_2050,AETHER plus net-zero 2050,active_full_forcing_management,Active full-forcing management,2071,350.000000,1.305821,0.403000,-0.087000,1.621821,1.138026,0.986222,0.147034,-0.475351,"Two-box screening emulator with scenario non-CO2 and aerosol forcing; not FAIR, not CMIP, and not publication-grade attribution."
aether_net_zero_2050,AETHER plus net-zero 2050,active_full_forcing_management,Active full-forcing management,2072,350.000000,1.305821,0.396000,-0.084000,1.617821,1.136592,0.987664,0.144213,-0.476784,"Two-box screening emulator with scenario non-CO2 and aerosol forcing; not FAIR, not CMIP, and not publication-grade attribution."
aether_net_zero_2050,AETHER plus net-zero 2050,active_full_forcing_management,Active full-forcing management,2073,350.000000,1.305821,0.389000,-0.081000,1.613821,1.135209,0.989079,0.141481,-0.478167,"Two-box screening emulator with scenario non-CO2 and aerosol forcing; not FAIR, not CMIP, and not publication-grade attribution."
aether_net_zero_2050,AETHER plus net-zero 2050,active_full_forcing_management,Active full-forcing management,2074,350.000000,1.305821,0.382000,-0.078000,1.609821,1.133865,0.990467,0.138823,-0.479511,"Two-box screening emulator with scenario non-CO2 and aerosol forcing; not FAIR, not CMIP, and not publication-grade attribution."
aether_net_zero_2050,AETHER plus net-zero 2050,active_full_forcing_management,Active full-forcing management,2075,350.000000,1.305821,0.375000,-0.075000,1.605821,1.132551,0.991829,0.136228,-0.480825,"Two-box screening emulator with scenario non-CO2 and aerosol forcing; not FAIR, not CMIP, and not publication-grade attribution."
aether_net_zero_2050,AETHER plus net-zero 2050,active_full_forcing_management,Active full-forcing management,2076,350.000000,1.305821,0.368000,-0.072000,1.601821,1.131259,0.993166,0.133685,-0.482117,"Two-box screening emulator with scenario non-CO2 and aerosol forcing; not FAIR, not CMIP, and not publication-grade attribution."
aether_net_zero_2050,AETHER plus net-zero 2050,active_full_forcing_management,Active full-forcing management,2077,350.000000,1.305821,0.361000,-0.069000,1.597821,1.129982,0.994478,0.131188,-0.483394,"Two-box screening emulator with scenario non-CO2 and aerosol forcing; not FAIR, not CMIP, and not publication-grade attribution."
aether_net_zero_2050,AETHER plus net-zero 2050,active_full_forcing_management,Active full-forcing management,2078,350.000000,1.305821,0.354000,-0.066000,1.593821,1.128717,0.995765,0.128729,-0.484659,"Two-box screening emulator with scenario non-CO2 and aerosol forcing; not FAIR, not CMIP, and not publication-grade attribution."
aether_net_zero_2050,AETHER plus net-zero 2050,active_full_forcing_management,Active full-forcing management,2079,350.000000,1.305821,0.347000,-0.063000,1.589821,1.127459,0.997028,0.126304,-0.485918,"Two-box screening emulator with scenario non-CO2 and aerosol forcing; not FAIR, not CMIP, and not publication-grade attribution."
aether_net_zero_2050,AETHER plus net-zero 2050,active_full_forcing_management,Active full-forcing management,2080,350.000000,1.305821,0.340000,-0.060000,1.585821,1.126204,0.998268,0.123909,-0.487172,"Two-box screening emulator with scenario non-CO2 and aerosol forcing; not FAIR, not CMIP, and not publication-grade attribution."
aether_net_zero_2050,AETHER plus net-zero 2050,active_full_forcing_management,Active full-forcing management,2081,350.000000,1.305821,0.333000,-0.057000,1.581821,1.124950,0.999483,0.121539,-0.488426,"Two-box screening emulator with scenario non-CO2 and aerosol forcing; not FAIR, not CMIP, and not publication-grade attribution."
aether_net_zero_2050,AETHER plus net-zero 2050,active_full_forcing_management,Active full-forcing management,2082,350.000000,1.305821,0.326000,-0.054000,1.577821,1.123695,1.000675,0.119194,-0.489681,"Two-box screening emulator with scenario non-CO2 and aerosol forcing; not FAIR, not CMIP, and not publication-grade attribution."
aether_net_zero_2050,AETHER plus net-zero 2050,active_full_forcing_management,Active full-forcing management,2083,350.000000,1.305821,0.319000,-0.051000,1.573821,1.122438,1.001844,0.116869,-0.490938,"Two-box screening emulator with scenario non-CO2 and aerosol forcing; not FAIR, not CMIP, and not publication-grade attribution."
aether_net_zero_2050,AETHER plus net-zero 2050,active_full_forcing_management,Active full-forcing management,2084,350.000000,1.305821,0.312000,-0.048000,1.569821,1.121176,1.002989,0.114565,-0.492200,"Two-box screening emulator with scenario non-CO2 and aerosol forcing; not FAIR, not CMIP, and not publication-grade attribution."
aether_net_zero_2050,AETHER plus net-zero 2050,active_full_forcing_management,Active full-forcing management,2085,350.000000,1.305821,0.305000,-0.045000,1.565821,1.119910,1.004112,0.112278,-0.493466,"Two-box screening emulator with scenario non-CO2 and aerosol forcing; not FAIR, not CMIP, and not publication-grade attribution."
aether_net_zero_2050,AETHER plus net-zero 2050,active_full_forcing_management,Active full-forcing management,2086,350.000000,1.305821,0.298000,-0.042000,1.561821,1.118638,1.005212,0.110008,-0.494738,"Two-box screening emulator with scenario non-CO2 and aerosol forcing; not FAIR, not CMIP, and not publication-grade attribution."
aether_net_zero_2050,AETHER plus net-zero 2050,active_full_forcing_management,Active full-forcing management,2087,350.000000,1.305821,0.291000,-0.039000,1.557821,1.117359,1.006290,0.107754,-0.496018,"Two-box screening emulator with scenario non-CO2 and aerosol forcing; not FAIR, not CMIP, and not publication-grade attribution."
aether_net_zero_2050,AETHER plus net-zero 2050,active_full_forcing_management,Active full-forcing management,2088,350.000000,1.305821,0.284000,-0.036000,1.553821,1.116072,1.007345,0.105515,-0.497304,"Two-box screening emulator with scenario non-CO2 and aerosol forcing; not FAIR, not CMIP, and not publication-grade attribution."
aether_net_zero_2050,AETHER plus net-zero 2050,active_full_forcing_management,Active full-forcing management,2089,350.000000,1.305821,0.277000,-0.033000,1.549821,1.114779,1.008378,0.103291,-0.498597,"Two-box screening emulator with scenario non-CO2 and aerosol forcing; not FAIR, not CMIP, and not publication-grade attribution."
aether_net_zero_2050,AETHER plus net-zero 2050,active_full_forcing_management,Active full-forcing management,2090,350.000000,1.305821,0.270000,-0.030000,1.545821,1.113477,1.009389,0.101081,-0.499899,"Two-box screening emulator with scenario non-CO2 and aerosol forcing; not FAIR, not CMIP, and not publication-grade attribution."
aether_net_zero_2050,AETHER plus net-zero 2050,active_full_forcing_management,Active full-forcing management,2091,350.000000,1.305821,0.263000,-0.027000,1.541821,1.112167,1.010377,0.098884,-0.501209,"Two-box screening emulator with scenario non-CO2 and aerosol forcing; not FAIR, not CMIP, and not publication-grade attribution."
aether_net_zero_2050,AETHER plus net-zero 2050,active_full_forcing_management,Active full-forcing management,2092,350.000000,1.305821,0.256000,-0.024000,1.537821,1.110849,1.011344,0.096700,-0.502527,"Two-box screening emulator with scenario non-CO2 and aerosol forcing; not FAIR, not CMIP, and not publication-grade attribution."
aether_net_zero_2050,AETHER plus net-zero 2050,active_full_forcing_management,Active full-forcing management,2093,350.000000,1.305821,0.249000,-0.021000,1.533821,1.109522,1.012290,0.094529,-0.503854,"Two-box screening emulator with scenario non-CO2 and aerosol forcing; not FAIR, not CMIP, and not publication-grade attribution."
aether_net_zero_2050,AETHER plus net-zero 2050,active_full_forcing_management,Active full-forcing management,2094,350.000000,1.305821,0.242000,-0.018000,1.529821,1.108187,1.013213,0.092371,-0.505189,"Two-box screening emulator with scenario non-CO2 and aerosol forcing; not FAIR, not CMIP, and not publication-grade attribution."
aether_net_zero_2050,AETHER plus net-zero 2050,active_full_forcing_management,Active full-forcing management,2095,350.000000,1.305821,0.235000,-0.015000,1.525821,1.106843,1.014116,0.090225,-0.506533,"Two-box screening emulator with scenario non-CO2 and aerosol forcing; not FAIR, not CMIP, and not publication-grade attribution."
aether_net_zero_2050,AETHER plus net-zero 2050,active_full_forcing_management,Active full-forcing management,2096,350.000000,1.305821,0.228000,-0.012000,1.521821,1.105490,1.014997,0.088091,-0.507886,"Two-box screening emulator with scenario non-CO2 and aerosol forcing; not FAIR, not CMIP, and not publication-grade attribution."
aether_net_zero_2050,AETHER plus net-zero 2050,active_full_forcing_management,Active full-forcing management,2097,350.000000,1.305821,0.221000,-0.009000,1.517821,1.104128,1.015856,0.085969,-0.509248,"Two-box screening emulator with scenario non-CO2 and aerosol forcing; not FAIR, not CMIP, and not publication-grade attribution."
aether_net_zero_2050,AETHER plus net-zero 2050,active_full_forcing_management,Active full-forcing management,2098,350.000000,1.305821,0.214000,-0.006000,1.513821,1.102758,1.016695,0.083859,-0.510618,"Two-box screening emulator with scenario non-CO2 and aerosol forcing; not FAIR, not CMIP, and not publication-grade attribution."
aether_net_zero_2050,AETHER plus net-zero 2050,active_full_forcing_management,Active full-forcing management,2099,350.000000,1.305821,0.207000,-0.003000,1.509821,1.101379,1.017512,0.081760,-0.511997,"Two-box screening emulator with scenario non-CO2 and aerosol forcing; not FAIR, not CMIP, and not publication-grade attribution."
aether_net_zero_2050,AETHER plus net-zero 2050,active_full_forcing_management,Active full-forcing management,2100,350.000000,1.305821,0.200000,0.000000,1.505821,1.099991,1.018309,0.079673,-0.513386,"Two-box screening emulator with scenario non-CO2 and aerosol forcing; not FAIR, not CMIP, and not publication-grade attribution."
aether_net_zero_2050_25pct_rebound,"AETHER, net-zero 2050, 25% rebound",co2_only_screen,CO2-only emulator screen,2026,433.940256,2.524677,0.000000,0.000000,2.524677,1.352807,0.656100,0.659913,0.000000,"Two-box screening emulator with scenario non-CO2 and aerosol forcing; not FAIR, not CMIP, and not publication-grade attribution."
aether_net_zero_2050_25pct_rebound,"AETHER, net-zero 2050, 25% rebound",co2_only_screen,CO2-only emulator screen,2027,438.315722,2.581560,0.000000,0.000000,2.581560,1.365099,0.662718,0.661872,0.012293,"Two-box screening emulator with scenario non-CO2 and aerosol forcing; not FAIR, not CMIP, and not publication-grade attribution."
aether_net_zero_2050_25pct_rebound,"AETHER, net-zero 2050, 25% rebound",co2_only_screen,CO2-only emulator screen,2028,441.766330,2.626020,0.000000,0.000000,2.626020,1.379306,0.669391,0.667262,0.026499,"Two-box screening emulator with scenario non-CO2 and aerosol forcing; not FAIR, not CMIP, and not publication-grade attribution."
aether_net_zero_2050_25pct_rebound,"AETHER, net-zero 2050, 25% rebound",co2_only_screen,CO2-only emulator screen,2029,444.380442,2.659472,0.000000,0.000000,2.659472,1.394153,0.676135,0.674419,0.041346,"Two-box screening emulator with scenario non-CO2 and aerosol forcing; not FAIR, not CMIP, and not publication-grade attribution."
aether_net_zero_2050_25pct_rebound,"AETHER, net-zero 2050, 25% rebound",co2_only_screen,CO2-only emulator screen,2030,446.229284,2.683012,0.000000,0.000000,2.683012,1.408699,0.682956,0.682117,0.055892,"Two-box screening emulator with scenario non-CO2 and aerosol forcing; not FAIR, not CMIP, and not publication-grade attribution."
aether_net_zero_2050_25pct_rebound,"AETHER, net-zero 2050, 25% rebound",co2_only_screen,CO2-only emulator screen,2031,447.370471,2.697494,0.000000,0.000000,2.697494,1.422252,0.689851,0.689456,0.069446,"Two-box screening emulator with scenario non-CO2 and aerosol forcing; not FAIR, not CMIP, and not publication-grade attribution."
aether_net_zero_2050_25pct_rebound,"AETHER, net-zero 2050, 25% rebound",co2_only_screen,CO2-only emulator screen,2032,447.850801,2.703578,0.000000,0.000000,2.703578,1.434306,0.696809,0.695782,0.081500,"Two-box screening emulator with scenario non-CO2 and aerosol forcing; not FAIR, not CMIP, and not publication-grade attribution."
aether_net_zero_2050_25pct_rebound,"AETHER, net-zero 2050, 25% rebound",co2_only_screen,CO2-only emulator screen,2033,447.708467,2.701776,0.000000,0.000000,2.701776,1.444491,0.703815,0.700623,0.091684,"Two-box screening emulator with scenario non-CO2 and aerosol forcing; not FAIR, not CMIP, and not publication-grade attribution."
aether_net_zero_2050_25pct_rebound,"AETHER, net-zero 2050, 25% rebound",co2_only_screen,CO2-only emulator screen,2034,446.974816,2.692477,0.000000,0.000000,2.692477,1.452537,0.710851,0.703642,0.099730,"Two-box screening emulator with scenario non-CO2 and aerosol forcing; not FAIR, not CMIP, and not publication-grade attribution."
aether_net_zero_2050_25pct_rebound,"AETHER, net-zero 2050, 25% rebound",co2_only_screen,CO2-only emulator screen,2035,445.675738,2.675974,0.000000,0.000000,2.675974,1.458249,0.717897,0.704601,0.105443,"Two-box screening emulator with scenario non-CO2 and aerosol forcing; not FAIR, not CMIP, and not publication-grade attribution."
aether_net_zero_2050_25pct_rebound,"AETHER, net-zero 2050, 25% rebound",co2_only_screen,CO2-only emulator screen,2036,443.832773,2.652480,0.000000,0.000000,2.652480,1.461486,0.724931,0.703334,0.108679,"Two-box screening emulator with scenario non-CO2 and aerosol forcing; not FAIR, not CMIP, and not publication-grade attribution."
aether_net_zero_2050_25pct_rebound,"AETHER, net-zero 2050, 25% rebound",co2_only_screen,CO2-only emulator screen,2037,441.463988,2.622139,0.000000,0.000000,2.622139,1.462141,0.731928,0.699727,0.109335,"Two-box screening emulator with scenario non-CO2 and aerosol forcing; not FAIR, not CMIP, and not publication-grade attribution."
aether_net_zero_2050_25pct_rebound,"AETHER, net-zero 2050, 25% rebound",co2_only_screen,CO2-only emulator screen,2038,438.584671,2.585038,0.000000,0.000000,2.585038,1.460135,0.738865,0.693703,0.107329,"Two-box screening emulator with scenario non-CO2 and aerosol forcing; not FAIR, not CMIP, and not publication-grade attribution."
aether_net_zero_2050_25pct_rebound,"AETHER, net-zero 2050, 25% rebound",co2_only_screen,CO2-only emulator screen,2039,435.207884,2.541216,0.000000,0.000000,2.541216,1.455405,0.745717,0.685207,0.102598,"Two-box screening emulator with scenario non-CO2 and aerosol forcing; not FAIR, not CMIP, and not publication-grade attribution."
aether_net_zero_2050_25pct_rebound,"AETHER, net-zero 2050, 25% rebound",co2_only_screen,CO2-only emulator screen,2040,431.344900,2.490665,0.000000,0.000000,2.490665,1.447895,0.752459,0.674203,0.095088,"Two-box screening emulator with scenario non-CO2 and aerosol forcing; not FAIR, not CMIP, and not publication-grade attribution."
aether_net_zero_2050_25pct_rebound,"AETHER, net-zero 2050, 25% rebound",co2_only_screen,CO2-only emulator screen,2041,427.005549,2.433338,0.000000,0.000000,2.433338,1.437556,0.759066,0.660664,0.084749,"Two-box screening emulator with scenario non-CO2 and aerosol forcing; not FAIR, not CMIP, and not publication-grade attribution."
aether_net_zero_2050_25pct_rebound,"AETHER, net-zero 2050, 25% rebound",co2_only_screen,CO2-only emulator screen,2042,422.198502,2.369148,0.000000,0.000000,2.369148,1.424338,0.765511,0.644566,0.071531,"Two-box screening emulator with scenario non-CO2 and aerosol forcing; not FAIR, not CMIP, and not publication-grade attribution."
aether_net_zero_2050_25pct_rebound,"AETHER, net-zero 2050, 25% rebound",co2_only_screen,CO2-only emulator screen,2043,416.931481,2.297971,0.000000,0.000000,2.297971,1.408188,0.771770,0.625885,0.055382,"Two-box screening emulator with scenario non-CO2 and aerosol forcing; not FAIR, not CMIP, and not publication-grade attribution."
aether_net_zero_2050_25pct_rebound,"AETHER, net-zero 2050, 25% rebound",co2_only_screen,CO2-only emulator screen,2044,411.211439,2.219646,0.000000,0.000000,2.219646,1.389048,0.777816,0.604597,0.036242,"Two-box screening emulator with scenario non-CO2 and aerosol forcing; not FAIR, not CMIP, and not publication-grade attribution."
aether_net_zero_2050_25pct_rebound,"AETHER, net-zero 2050, 25% rebound",co2_only_screen,CO2-only emulator screen,2045,405.044700,2.133975,0.000000,0.000000,2.133975,1.366853,0.783623,0.580671,0.014046,"Two-box screening emulator with scenario non-CO2 and aerosol forcing; not FAIR, not CMIP, and not publication-grade attribution."
aether_net_zero_2050_25pct_rebound,"AETHER, net-zero 2050, 25% rebound",co2_only_screen,CO2-only emulator screen,2046,398.437067,2.040719,0.000000,0.000000,2.040719,1.341525,0.789164,0.554068,-0.011281,"Two-box screening emulator with scenario non-CO2 and aerosol forcing; not FAIR, not CMIP, and not publication-grade attribution."
aether_net_zero_2050_25pct_rebound,"AETHER, net-zero 2050, 25% rebound",co2_only_screen,CO2-only emulator screen,2047,391.849038,1.946187,0.000000,0.000000,1.946187,1.313529,0.794411,0.524744,-0.039277,"Two-box screening emulator with scenario non-CO2 and aerosol forcing; not FAIR, not CMIP, and not publication-grade attribution."
aether_net_zero_2050_25pct_rebound,"AETHER, net-zero 2050, 25% rebound",co2_only_screen,CO2-only emulator screen,2048,385.255826,1.849976,0.000000,0.000000,1.849976,1.283203,0.799343,0.493162,-0.069603,"Two-box screening emulator with scenario non-CO2 and aerosol forcing; not FAIR, not CMIP, and not publication-grade attribution."
aether_net_zero_2050_25pct_rebound,"AETHER, net-zero 2050, 25% rebound",co2_only_screen,CO2-only emulator screen,2049,378.637834,1.751733,0.000000,0.000000,1.751733,1.250793,0.803939,0.459668,-0.102014,"Two-box screening emulator with scenario non-CO2 and aerosol forcing; not FAIR, not CMIP, and not publication-grade attribution."
aether_net_zero_2050_25pct_rebound,"AETHER, net-zero 2050, 25% rebound",co2_only_screen,CO2-only emulator screen,2050,371.979586,1.651145,0.000000,0.000000,1.651145,1.216467,0.808184,0.424511,-0.136339,"Two-box screening emulator with scenario non-CO2 and aerosol forcing; not FAIR, not CMIP, and not publication-grade attribution."
aether_net_zero_2050_25pct_rebound,"AETHER, net-zero 2050, 25% rebound",co2_only_screen,CO2-only emulator screen,2051,365.494294,1.551423,0.000000,0.000000,1.551423,1.180632,0.812063,0.387869,-0.172174,"Two-box screening emulator with scenario non-CO2 and aerosol forcing; not FAIR, not CMIP, and not publication-grade attribution."
aether_net_zero_2050_25pct_rebound,"AETHER, net-zero 2050, 25% rebound",co2_only_screen,CO2-only emulator screen,2052,359.157569,1.452261,0.000000,0.000000,1.452261,1.143590,0.815564,0.350141,-0.209217,"Two-box screening emulator with scenario non-CO2 and aerosol forcing; not FAIR, not CMIP, and not publication-grade attribution."
aether_net_zero_2050_25pct_rebound,"AETHER, net-zero 2050, 25% rebound",co2_only_screen,CO2-only emulator screen,2053,352.949793,1.353406,0.000000,0.000000,1.353406,1.105563,0.818681,0.311624,-0.247243,"Two-box screening emulator with scenario non-CO2 and aerosol forcing; not FAIR, not CMIP, and not publication-grade attribution."
aether_net_zero_2050_25pct_rebound,"AETHER, net-zero 2050, 25% rebound",co2_only_screen,CO2-only emulator screen,2054,350.000000,1.305821,0.000000,0.000000,1.305821,1.070979,0.821406,0.272538,-0.281827,"Two-box screening emulator with scenario non-CO2 and aerosol forcing; not FAIR, not CMIP, and not publication-grade attribution."
aether_net_zero_2050_25pct_rebound,"AETHER, net-zero 2050, 25% rebound",co2_only_screen,CO2-only emulator screen,2055,350.000000,1.305821,0.000000,0.000000,1.305821,1.043125,0.823777,0.237095,-0.309682,"Two-box screening emulator with scenario non-CO2 and aerosol forcing; not FAIR, not CMIP, and not publication-grade attribution."
aether_net_zero_2050_25pct_rebound,"AETHER, net-zero 2050, 25% rebound",co2_only_screen,CO2-only emulator screen,2056,350.000000,1.305821,0.000000,0.000000,1.305821,1.020704,0.825861,0.208380,-0.332103,"Two-box screening emulator with scenario non-CO2 and aerosol forcing; not FAIR, not CMIP, and not publication-grade attribution."
aether_net_zero_2050_25pct_rebound,"AETHER, net-zero 2050, 25% rebound",co2_only_screen,CO2-only emulator screen,2057,350.000000,1.305821,0.000000,0.000000,1.305821,1.002670,0.827712,0.185101,-0.350136,"Two-box screening emulator with scenario non-CO2 and aerosol forcing; not FAIR, not CMIP, and not publication-grade attribution."
aether_net_zero_2050_25pct_rebound,"AETHER, net-zero 2050, 25% rebound",co2_only_screen,CO2-only emulator screen,2058,350.000000,1.305821,0.000000,0.000000,1.305821,0.988180,0.829374,0.166211,-0.364627,"Two-box screening emulator with scenario non-CO2 and aerosol forcing; not FAIR, not CMIP, and not publication-grade attribution."
aether_net_zero_2050_25pct_rebound,"AETHER, net-zero 2050, 25% rebound",co2_only_screen,CO2-only emulator screen,2059,350.000000,1.305821,0.000000,0.000000,1.305821,0.976550,0.830883,0.150865,-0.376257,"Two-box screening emulator with scenario non-CO2 and aerosol forcing; not FAIR, not CMIP, and not publication-grade attribution."
aether_net_zero_2050_25pct_rebound,"AETHER, net-zero 2050, 25% rebound",co2_only_screen,CO2-only emulator screen,2060,350.000000,1.305821,0.000000,0.000000,1.305821,0.967229,0.832266,0.138384,-0.385577,"Two-box screening emulator with scenario non-CO2 and aerosol forcing; not FAIR, not CMIP, and not publication-grade attribution."
aether_net_zero_2050_25pct_rebound,"AETHER, net-zero 2050, 25% rebound",co2_only_screen,CO2-only emulator screen,2061,350.000000,1.305821,0.000000,0.000000,1.305821,0.959774,0.833549,0.128215,-0.393032,"Two-box screening emulator with scenario non-CO2 and aerosol forcing; not FAIR, not CMIP, and not publication-grade attribution."
aether_net_zero_2050_25pct_rebound,"AETHER, net-zero 2050, 25% rebound",co2_only_screen,CO2-only emulator screen,2062,350.000000,1.305821,0.000000,0.000000,1.305821,0.953824,0.834748,0.119914,-0.398982,"Two-box screening emulator with scenario non-CO2 and aerosol forcing; not FAIR, not CMIP, and not publication-grade attribution."
aether_net_zero_2050_25pct_rebound,"AETHER, net-zero 2050, 25% rebound",co2_only_screen,CO2-only emulator screen,2063,350.000000,1.305821,0.000000,0.000000,1.305821,0.949090,0.835879,0.113123,-0.403716,"Two-box screening emulator with scenario non-CO2 and aerosol forcing; not FAIR, not CMIP, and not publication-grade attribution."
aether_net_zero_2050_25pct_rebound,"AETHER, net-zero 2050, 25% rebound",co2_only_screen,CO2-only emulator screen,2064,350.000000,1.305821,0.000000,0.000000,1.305821,0.945337,0.836954,0.107551,-0.407470,"Two-box screening emulator with scenario non-CO2 and aerosol forcing; not FAIR, not CMIP, and not publication-grade attribution."
aether_net_zero_2050_25pct_rebound,"AETHER, net-zero 2050, 25% rebound",co2_only_screen,CO2-only emulator screen,2065,350.000000,1.305821,0.000000,0.000000,1.305821,0.942376,0.837984,0.102963,-0.410431,"Two-box screening emulator with scenario non-CO2 and aerosol forcing; not FAIR, not CMIP, and not publication-grade attribution."
aether_net_zero_2050_25pct_rebound,"AETHER, net-zero 2050, 25% rebound",co2_only_screen,CO2-only emulator screen,2066,350.000000,1.305821,0.000000,0.000000,1.305821,0.940054,0.838976,0.099172,-0.412753,"Two-box screening emulator with scenario non-CO2 and aerosol forcing; not FAIR, not CMIP, and not publication-grade attribution."
aether_net_zero_2050_25pct_rebound,"AETHER, net-zero 2050, 25% rebound",co2_only_screen,CO2-only emulator screen,2067,350.000000,1.305821,0.000000,0.000000,1.305821,0.938248,0.839936,0.096024,-0.414559,"Two-box screening emulator with scenario non-CO2 and aerosol forcing; not FAIR, not CMIP, and not publication-grade attribution."
aether_net_zero_2050_25pct_rebound,"AETHER, net-zero 2050, 25% rebound",co2_only_screen,CO2-only emulator screen,2068,350.000000,1.305821,0.000000,0.000000,1.305821,0.936858,0.840870,0.093396,-0.415949,"Two-box screening emulator with scenario non-CO2 and aerosol forcing; not FAIR, not CMIP, and not publication-grade attribution."
aether_net_zero_2050_25pct_rebound,"AETHER, net-zero 2050, 25% rebound",co2_only_screen,CO2-only emulator screen,2069,350.000000,1.305821,0.000000,0.000000,1.305821,0.935804,0.841782,0.091188,-0.417003,"Two-box screening emulator with scenario non-CO2 and aerosol forcing; not FAIR, not CMIP, and not publication-grade attribution."
aether_net_zero_2050_25pct_rebound,"AETHER, net-zero 2050, 25% rebound",co2_only_screen,CO2-only emulator screen,2070,350.000000,1.305821,0.000000,0.000000,1.305821,0.935020,0.842675,0.089321,-0.417786,"Two-box screening emulator with scenario non-CO2 and aerosol forcing; not FAIR, not CMIP, and not publication-grade attribution."
aether_net_zero_2050_25pct_rebound,"AETHER, net-zero 2050, 25% rebound",co2_only_screen,CO2-only emulator screen,2071,350.000000,1.305821,0.000000,0.000000,1.305821,0.934455,0.843552,0.087728,-0.418352,"Two-box screening emulator with scenario non-CO2 and aerosol forcing; not FAIR, not CMIP, and not publication-grade attribution."
aether_net_zero_2050_25pct_rebound,"AETHER, net-zero 2050, 25% rebound",co2_only_screen,CO2-only emulator screen,2072,350.000000,1.305821,0.000000,0.000000,1.305821,0.934066,0.844416,0.086357,-0.418741,"Two-box screening emulator with scenario non-CO2 and aerosol forcing; not FAIR, not CMIP, and not publication-grade attribution."
aether_net_zero_2050_25pct_rebound,"AETHER, net-zero 2050, 25% rebound",co2_only_screen,CO2-only emulator screen,2073,350.000000,1.305821,0.000000,0.000000,1.305821,0.933818,0.845268,0.085167,-0.418989,"Two-box screening emulator with scenario non-CO2 and aerosol forcing; not FAIR, not CMIP, and not publication-grade attribution."
aether_net_zero_2050_25pct_rebound,"AETHER, net-zero 2050, 25% rebound",co2_only_screen,CO2-only emulator screen,2074,350.000000,1.305821,0.000000,0.000000,1.305821,0.933684,0.846109,0.084123,-0.419122,"Two-box screening emulator with scenario non-CO2 and aerosol forcing; not FAIR, not CMIP, and not publication-grade attribution."
aether_net_zero_2050_25pct_rebound,"AETHER, net-zero 2050, 25% rebound",co2_only_screen,CO2-only emulator screen,2075,350.000000,1.305821,0.000000,0.000000,1.305821,0.933642,0.846941,0.083197,-0.419164,"Two-box screening emulator with scenario non-CO2 and aerosol forcing; not FAIR, not CMIP, and not publication-grade attribution."
aether_net_zero_2050_25pct_rebound,"AETHER, net-zero 2050, 25% rebound",co2_only_screen,CO2-only emulator screen,2076,350.000000,1.305821,0.000000,0.000000,1.305821,0.933674,0.847764,0.082367,-0.419132,"Two-box screening emulator with scenario non-CO2 and aerosol forcing; not FAIR, not CMIP, and not publication-grade attribution."
aether_net_zero_2050_25pct_rebound,"AETHER, net-zero 2050, 25% rebound",co2_only_screen,CO2-only emulator screen,2077,350.000000,1.305821,0.000000,0.000000,1.305821,0.933766,0.848581,0.081614,-0.419041,"Two-box screening emulator with scenario non-CO2 and aerosol forcing; not FAIR, not CMIP, and not publication-grade attribution."
aether_net_zero_2050_25pct_rebound,"AETHER, net-zero 2050, 25% rebound",co2_only_screen,CO2-only emulator screen,2078,350.000000,1.305821,0.000000,0.000000,1.305821,0.933904,0.849390,0.080926,-0.418902,"Two-box screening emulator with scenario non-CO2 and aerosol forcing; not FAIR, not CMIP, and not publication-grade attribution."
aether_net_zero_2050_25pct_rebound,"AETHER, net-zero 2050, 25% rebound",co2_only_screen,CO2-only emulator screen,2079,350.000000,1.305821,0.000000,0.000000,1.305821,0.934081,0.850193,0.080288,-0.418726,"Two-box screening emulator with scenario non-CO2 and aerosol forcing; not FAIR, not CMIP, and not publication-grade attribution."
aether_net_zero_2050_25pct_rebound,"AETHER, net-zero 2050, 25% rebound",co2_only_screen,CO2-only emulator screen,2080,350.000000,1.305821,0.000000,0.000000,1.305821,0.934287,0.850990,0.079693,-0.418519,"Two-box screening emulator with scenario non-CO2 and aerosol forcing; not FAIR, not CMIP, and not publication-grade attribution."
aether_net_zero_2050_25pct_rebound,"AETHER, net-zero 2050, 25% rebound",co2_only_screen,CO2-only emulator screen,2081,350.000000,1.305821,0.000000,0.000000,1.305821,0.934518,0.851781,0.079133,-0.418288,"Two-box screening emulator with scenario non-CO2 and aerosol forcing; not FAIR, not CMIP, and not publication-grade attribution."
aether_net_zero_2050_25pct_rebound,"AETHER, net-zero 2050, 25% rebound",co2_only_screen,CO2-only emulator screen,2082,350.000000,1.305821,0.000000,0.000000,1.305821,0.934769,0.852567,0.078601,-0.418038,"Two-box screening emulator with scenario non-CO2 and aerosol forcing; not FAIR, not CMIP, and not publication-grade attribution."
aether_net_zero_2050_25pct_rebound,"AETHER, net-zero 2050, 25% rebound",co2_only_screen,CO2-only emulator screen,2083,350.000000,1.305821,0.000000,0.000000,1.305821,0.935034,0.853348,0.078091,-0.417773,"Two-box screening emulator with scenario non-CO2 and aerosol forcing; not FAIR, not CMIP, and not publication-grade attribution."
aether_net_zero_2050_25pct_rebound,"AETHER, net-zero 2050, 25% rebound",co2_only_screen,CO2-only emulator screen,2084,350.000000,1.305821,0.000000,0.000000,1.305821,0.935311,0.854124,0.077602,-0.417496,"Two-box screening emulator with scenario non-CO2 and aerosol forcing; not FAIR, not CMIP, and not publication-grade attribution."
aether_net_zero_2050_25pct_rebound,"AETHER, net-zero 2050, 25% rebound",co2_only_screen,CO2-only emulator screen,2085,350.000000,1.305821,0.000000,0.000000,1.305821,0.935597,0.854895,0.077128,-0.417209,"Two-box screening emulator with scenario non-CO2 and aerosol forcing; not FAIR, not CMIP, and not publication-grade attribution."
aether_net_zero_2050_25pct_rebound,"AETHER, net-zero 2050, 25% rebound",co2_only_screen,CO2-only emulator screen,2086,350.000000,1.305821,0.000000,0.000000,1.305821,0.935891,0.855662,0.076667,-0.416916,"Two-box screening emulator with scenario non-CO2 and aerosol forcing; not FAIR, not CMIP, and not publication-grade attribution."
aether_net_zero_2050_25pct_rebound,"AETHER, net-zero 2050, 25% rebound",co2_only_screen,CO2-only emulator screen,2087,350.000000,1.305821,0.000000,0.000000,1.305821,0.936190,0.856424,0.076217,-0.416617,"Two-box screening emulator with scenario non-CO2 and aerosol forcing; not FAIR, not CMIP, and not publication-grade attribution."
aether_net_zero_2050_25pct_rebound,"AETHER, net-zero 2050, 25% rebound",co2_only_screen,CO2-only emulator screen,2088,350.000000,1.305821,0.000000,0.000000,1.305821,0.936493,0.857182,0.075777,-0.416314,"Two-box screening emulator with scenario non-CO2 and aerosol forcing; not FAIR, not CMIP, and not publication-grade attribution."
aether_net_zero_2050_25pct_rebound,"AETHER, net-zero 2050, 25% rebound",co2_only_screen,CO2-only emulator screen,2089,350.000000,1.305821,0.000000,0.000000,1.305821,0.936799,0.857935,0.075345,-0.416008,"Two-box screening emulator with scenario non-CO2 and aerosol forcing; not FAIR, not CMIP, and not publication-grade attribution."
aether_net_zero_2050_25pct_rebound,"AETHER, net-zero 2050, 25% rebound",co2_only_screen,CO2-only emulator screen,2090,350.000000,1.305821,0.000000,0.000000,1.305821,0.937106,0.858685,0.074920,-0.415700,"Two-box screening emulator with scenario non-CO2 and aerosol forcing; not FAIR, not CMIP, and not publication-grade attribution."
aether_net_zero_2050_25pct_rebound,"AETHER, net-zero 2050, 25% rebound",co2_only_screen,CO2-only emulator screen,2091,350.000000,1.305821,0.000000,0.000000,1.305821,0.937416,0.859430,0.074501,-0.415391,"Two-box screening emulator with scenario non-CO2 and aerosol forcing; not FAIR, not CMIP, and not publication-grade attribution."
aether_net_zero_2050_25pct_rebound,"AETHER, net-zero 2050, 25% rebound",co2_only_screen,CO2-only emulator screen,2092,350.000000,1.305821,0.000000,0.000000,1.305821,0.937726,0.860170,0.074087,-0.415081,"Two-box screening emulator with scenario non-CO2 and aerosol forcing; not FAIR, not CMIP, and not publication-grade attribution."
aether_net_zero_2050_25pct_rebound,"AETHER, net-zero 2050, 25% rebound",co2_only_screen,CO2-only emulator screen,2093,350.000000,1.305821,0.000000,0.000000,1.305821,0.938036,0.860907,0.073678,-0.414771,"Two-box screening emulator with scenario non-CO2 and aerosol forcing; not FAIR, not CMIP, and not publication-grade attribution."
aether_net_zero_2050_25pct_rebound,"AETHER, net-zero 2050, 25% rebound",co2_only_screen,CO2-only emulator screen,2094,350.000000,1.305821,0.000000,0.000000,1.305821,0.938346,0.861640,0.073272,-0.414460,"Two-box screening emulator with scenario non-CO2 and aerosol forcing; not FAIR, not CMIP, and not publication-grade attribution."
aether_net_zero_2050_25pct_rebound,"AETHER, net-zero 2050, 25% rebound",co2_only_screen,CO2-only emulator screen,2095,350.000000,1.305821,0.000000,0.000000,1.305821,0.938656,0.862369,0.072871,-0.414151,"Two-box screening emulator with scenario non-CO2 and aerosol forcing; not FAIR, not CMIP, and not publication-grade attribution."
aether_net_zero_2050_25pct_rebound,"AETHER, net-zero 2050, 25% rebound",co2_only_screen,CO2-only emulator screen,2096,350.000000,1.305821,0.000000,0.000000,1.305821,0.938965,0.863093,0.072473,-0.413842,"Two-box screening emulator with scenario non-CO2 and aerosol forcing; not FAIR, not CMIP, and not publication-grade attribution."
aether_net_zero_2050_25pct_rebound,"AETHER, net-zero 2050, 25% rebound",co2_only_screen,CO2-only emulator screen,2097,350.000000,1.305821,0.000000,0.000000,1.305821,0.939273,0.863814,0.072078,-0.413533,"Two-box screening emulator with scenario non-CO2 and aerosol forcing; not FAIR, not CMIP, and not publication-grade attribution."
aether_net_zero_2050_25pct_rebound,"AETHER, net-zero 2050, 25% rebound",co2_only_screen,CO2-only emulator screen,2098,350.000000,1.305821,0.000000,0.000000,1.305821,0.939580,0.864531,0.071686,-0.413226,"Two-box screening emulator with scenario non-CO2 and aerosol forcing; not FAIR, not CMIP, and not publication-grade attribution."
aether_net_zero_2050_25pct_rebound,"AETHER, net-zero 2050, 25% rebound",co2_only_screen,CO2-only emulator screen,2099,350.000000,1.305821,0.000000,0.000000,1.305821,0.939887,0.865244,0.071297,-0.412920,"Two-box screening emulator with scenario non-CO2 and aerosol forcing; not FAIR, not CMIP, and not publication-grade attribution."
aether_net_zero_2050_25pct_rebound,"AETHER, net-zero 2050, 25% rebound",co2_only_screen,CO2-only emulator screen,2100,350.000000,1.305821,0.000000,0.000000,1.305821,0.940192,0.865953,0.070911,-0.412615,"Two-box screening emulator with scenario non-CO2 and aerosol forcing; not FAIR, not CMIP, and not publication-grade attribution."
aether_net_zero_2050_25pct_rebound,"AETHER, net-zero 2050, 25% rebound",mitigation_with_aerosol_cleanup,Mitigation with aerosol cleanup,2026,433.940256,2.524677,1.200000,-0.700000,3.024677,1.613376,0.772719,0.795947,0.000000,"Two-box screening emulator with scenario non-CO2 and aerosol forcing; not FAIR, not CMIP, and not publication-grade attribution."
aether_net_zero_2050_25pct_rebound,"AETHER, net-zero 2050, 25% rebound",mitigation_with_aerosol_cleanup,Mitigation with aerosol cleanup,2027,438.315722,2.581560,1.181250,-0.681250,3.081560,1.627494,0.780705,0.798624,0.014118,"Two-box screening emulator with scenario non-CO2 and aerosol forcing; not FAIR, not CMIP, and not publication-grade attribution."
aether_net_zero_2050_25pct_rebound,"AETHER, net-zero 2050, 25% rebound",mitigation_with_aerosol_cleanup,Mitigation with aerosol cleanup,2028,441.766330,2.626020,1.162500,-0.662500,3.126020,1.643290,0.788750,0.804449,0.029914,"Two-box screening emulator with scenario non-CO2 and aerosol forcing; not FAIR, not CMIP, and not publication-grade attribution."
aether_net_zero_2050_25pct_rebound,"AETHER, net-zero 2050, 25% rebound",mitigation_with_aerosol_cleanup,Mitigation with aerosol cleanup,2029,444.380442,2.659472,1.143750,-0.643750,3.159472,1.659536,0.796868,0.811813,0.046160,"Two-box screening emulator with scenario non-CO2 and aerosol forcing; not FAIR, not CMIP, and not publication-grade attribution."
aether_net_zero_2050_25pct_rebound,"AETHER, net-zero 2050, 25% rebound",mitigation_with_aerosol_cleanup,Mitigation with aerosol cleanup,2030,446.229284,2.683012,1.125000,-0.625000,3.183012,1.675326,0.805063,0.819534,0.061950,"Two-box screening emulator with scenario non-CO2 and aerosol forcing; not FAIR, not CMIP, and not publication-grade attribution."
aether_net_zero_2050_25pct_rebound,"AETHER, net-zero 2050, 25% rebound",mitigation_with_aerosol_cleanup,Mitigation with aerosol cleanup,2031,447.370471,2.697494,1.106250,-0.606250,3.197494,1.689998,0.813331,0.826750,0.076622,"Two-box screening emulator with scenario non-CO2 and aerosol forcing; not FAIR, not CMIP, and not publication-grade attribution."
aether_net_zero_2050_25pct_rebound,"AETHER, net-zero 2050, 25% rebound",mitigation_with_aerosol_cleanup,Mitigation with aerosol cleanup,2032,447.850801,2.703578,1.087500,-0.587500,3.203578,1.703069,0.821659,0.832834,0.089693,"Two-box screening emulator with scenario non-CO2 and aerosol forcing; not FAIR, not CMIP, and not publication-grade attribution."
aether_net_zero_2050_25pct_rebound,"AETHER, net-zero 2050, 25% rebound",mitigation_with_aerosol_cleanup,Mitigation with aerosol cleanup,2033,447.708467,2.701776,1.068750,-0.568750,3.201776,1.714187,0.830033,0.837339,0.100811,"Two-box screening emulator with scenario non-CO2 and aerosol forcing; not FAIR, not CMIP, and not publication-grade attribution."
aether_net_zero_2050_25pct_rebound,"AETHER, net-zero 2050, 25% rebound",mitigation_with_aerosol_cleanup,Mitigation with aerosol cleanup,2034,446.974816,2.692477,1.050000,-0.550000,3.192477,1.723099,0.838432,0.839947,0.109723,"Two-box screening emulator with scenario non-CO2 and aerosol forcing; not FAIR, not CMIP, and not publication-grade attribution."
aether_net_zero_2050_25pct_rebound,"AETHER, net-zero 2050, 25% rebound",mitigation_with_aerosol_cleanup,Mitigation with aerosol cleanup,2035,445.675738,2.675974,1.031250,-0.531250,3.175974,1.729622,0.846836,0.840434,0.116246,"Two-box screening emulator with scenario non-CO2 and aerosol forcing; not FAIR, not CMIP, and not publication-grade attribution."
aether_net_zero_2050_25pct_rebound,"AETHER, net-zero 2050, 25% rebound",mitigation_with_aerosol_cleanup,Mitigation with aerosol cleanup,2036,443.832773,2.652480,1.012500,-0.512500,3.152480,1.733625,0.855223,0.838647,0.120249,"Two-box screening emulator with scenario non-CO2 and aerosol forcing; not FAIR, not CMIP, and not publication-grade attribution."
aether_net_zero_2050_25pct_rebound,"AETHER, net-zero 2050, 25% rebound",mitigation_with_aerosol_cleanup,Mitigation with aerosol cleanup,2037,441.463988,2.622139,0.993750,-0.493750,3.122139,1.735009,0.863568,0.834482,0.121633,"Two-box screening emulator with scenario non-CO2 and aerosol forcing; not FAIR, not CMIP, and not publication-grade attribution."
aether_net_zero_2050_25pct_rebound,"AETHER, net-zero 2050, 25% rebound",mitigation_with_aerosol_cleanup,Mitigation with aerosol cleanup,2038,438.584671,2.585038,0.975000,-0.475000,3.085038,1.733701,0.871846,0.827869,0.120325,"Two-box screening emulator with scenario non-CO2 and aerosol forcing; not FAIR, not CMIP, and not publication-grade attribution."
aether_net_zero_2050_25pct_rebound,"AETHER, net-zero 2050, 25% rebound",mitigation_with_aerosol_cleanup,Mitigation with aerosol cleanup,2039,435.207884,2.541216,0.956250,-0.456250,3.041216,1.729643,0.880034,0.818762,0.116267,"Two-box screening emulator with scenario non-CO2 and aerosol forcing; not FAIR, not CMIP, and not publication-grade attribution."
aether_net_zero_2050_25pct_rebound,"AETHER, net-zero 2050, 25% rebound",mitigation_with_aerosol_cleanup,Mitigation with aerosol cleanup,2040,431.344900,2.490665,0.937500,-0.437500,2.990665,1.722785,0.888105,0.807129,0.109409,"Two-box screening emulator with scenario non-CO2 and aerosol forcing; not FAIR, not CMIP, and not publication-grade attribution."
aether_net_zero_2050_25pct_rebound,"AETHER, net-zero 2050, 25% rebound",mitigation_with_aerosol_cleanup,Mitigation with aerosol cleanup,2041,427.005549,2.433338,0.918750,-0.418750,2.933338,1.713080,0.896035,0.792946,0.099704,"Two-box screening emulator with scenario non-CO2 and aerosol forcing; not FAIR, not CMIP, and not publication-grade attribution."
aether_net_zero_2050_25pct_rebound,"AETHER, net-zero 2050, 25% rebound",mitigation_with_aerosol_cleanup,Mitigation with aerosol cleanup,2042,422.198502,2.369148,0.900000,-0.400000,2.869148,1.700482,0.903797,0.776194,0.087106,"Two-box screening emulator with scenario non-CO2 and aerosol forcing; not FAIR, not CMIP, and not publication-grade attribution."
aether_net_zero_2050_25pct_rebound,"AETHER, net-zero 2050, 25% rebound",mitigation_with_aerosol_cleanup,Mitigation with aerosol cleanup,2043,416.931481,2.297971,0.881250,-0.381250,2.797971,1.684939,0.911365,0.756851,0.071563,"Two-box screening emulator with scenario non-CO2 and aerosol forcing; not FAIR, not CMIP, and not publication-grade attribution."
aether_net_zero_2050_25pct_rebound,"AETHER, net-zero 2050, 25% rebound",mitigation_with_aerosol_cleanup,Mitigation with aerosol cleanup,2044,411.211439,2.219646,0.862500,-0.362500,2.719646,1.666396,0.918714,0.734896,0.053020,"Two-box screening emulator with scenario non-CO2 and aerosol forcing; not FAIR, not CMIP, and not publication-grade attribution."
aether_net_zero_2050_25pct_rebound,"AETHER, net-zero 2050, 25% rebound",mitigation_with_aerosol_cleanup,Mitigation with aerosol cleanup,2045,405.044700,2.133975,0.843750,-0.343750,2.633975,1.644788,0.925817,0.710298,0.031412,"Two-box screening emulator with scenario non-CO2 and aerosol forcing; not FAIR, not CMIP, and not publication-grade attribution."
aether_net_zero_2050_25pct_rebound,"AETHER, net-zero 2050, 25% rebound",mitigation_with_aerosol_cleanup,Mitigation with aerosol cleanup,2046,398.437067,2.040719,0.825000,-0.325000,2.540719,1.620040,0.932647,0.683022,0.006664,"Two-box screening emulator with scenario non-CO2 and aerosol forcing; not FAIR, not CMIP, and not publication-grade attribution."
aether_net_zero_2050_25pct_rebound,"AETHER, net-zero 2050, 25% rebound",mitigation_with_aerosol_cleanup,Mitigation with aerosol cleanup,2047,391.849038,1.946187,0.806250,-0.306250,2.446187,1.592616,0.939177,0.653023,-0.020760,"Two-box screening emulator with scenario non-CO2 and aerosol forcing; not FAIR, not CMIP, and not publication-grade attribution."
aether_net_zero_2050_25pct_rebound,"AETHER, net-zero 2050, 25% rebound",mitigation_with_aerosol_cleanup,Mitigation with aerosol cleanup,2048,385.255826,1.849976,0.787500,-0.287500,2.349976,1.562856,0.945385,0.620766,-0.050520,"Two-box screening emulator with scenario non-CO2 and aerosol forcing; not FAIR, not CMIP, and not publication-grade attribution."
aether_net_zero_2050_25pct_rebound,"AETHER, net-zero 2050, 25% rebound",mitigation_with_aerosol_cleanup,Mitigation with aerosol cleanup,2049,378.637834,1.751733,0.768750,-0.268750,2.251733,1.531006,0.951251,0.586597,-0.082370,"Two-box screening emulator with scenario non-CO2 and aerosol forcing; not FAIR, not CMIP, and not publication-grade attribution."
aether_net_zero_2050_25pct_rebound,"AETHER, net-zero 2050, 25% rebound",mitigation_with_aerosol_cleanup,Mitigation with aerosol cleanup,2050,371.979586,1.651145,0.750000,-0.250000,2.151145,1.497236,0.956759,0.550767,-0.116140,"Two-box screening emulator with scenario non-CO2 and aerosol forcing; not FAIR, not CMIP, and not publication-grade attribution."
aether_net_zero_2050_25pct_rebound,"AETHER, net-zero 2050, 25% rebound",mitigation_with_aerosol_cleanup,Mitigation with aerosol cleanup,2051,365.494294,1.551423,0.744000,-0.246000,2.049423,1.461785,0.961893,0.513453,-0.151591,"Two-box screening emulator with scenario non-CO2 and aerosol forcing; not FAIR, not CMIP, and not publication-grade attribution."
aether_net_zero_2050_25pct_rebound,"AETHER, net-zero 2050, 25% rebound",mitigation_with_aerosol_cleanup,Mitigation with aerosol cleanup,2052,359.157569,1.452261,0.738000,-0.242000,1.948261,1.424987,0.966642,0.474897,-0.188389,"Two-box screening emulator with scenario non-CO2 and aerosol forcing; not FAIR, not CMIP, and not publication-grade attribution."
aether_net_zero_2050_25pct_rebound,"AETHER, net-zero 2050, 25% rebound",mitigation_with_aerosol_cleanup,Mitigation with aerosol cleanup,2053,352.949793,1.353406,0.732000,-0.238000,1.847406,1.387091,0.970997,0.435427,-0.226285,"Two-box screening emulator with scenario non-CO2 and aerosol forcing; not FAIR, not CMIP, and not publication-grade attribution."
aether_net_zero_2050_25pct_rebound,"AETHER, net-zero 2050, 25% rebound",mitigation_with_aerosol_cleanup,Mitigation with aerosol cleanup,2054,350.000000,1.305821,0.726000,-0.234000,1.797821,1.352544,0.974949,0.395290,-0.260832,"Two-box screening emulator with scenario non-CO2 and aerosol forcing; not FAIR, not CMIP, and not publication-grade attribution."
aether_net_zero_2050_25pct_rebound,"AETHER, net-zero 2050, 25% rebound",mitigation_with_aerosol_cleanup,Mitigation with aerosol cleanup,2055,350.000000,1.305821,0.720000,-0.230000,1.795821,1.324650,0.978537,0.358715,-0.288726,"Two-box screening emulator with scenario non-CO2 and aerosol forcing; not FAIR, not CMIP, and not publication-grade attribution."
aether_net_zero_2050_25pct_rebound,"AETHER, net-zero 2050, 25% rebound",mitigation_with_aerosol_cleanup,Mitigation with aerosol cleanup,2056,350.000000,1.305821,0.714000,-0.226000,1.793821,1.302127,0.981825,0.328808,-0.311249,"Two-box screening emulator with scenario non-CO2 and aerosol forcing; not FAIR, not CMIP, and not publication-grade attribution."
aether_net_zero_2050_25pct_rebound,"AETHER, net-zero 2050, 25% rebound",mitigation_with_aerosol_cleanup,Mitigation with aerosol cleanup,2057,350.000000,1.305821,0.708000,-0.222000,1.791821,1.283939,0.984868,0.304287,-0.329437,"Two-box screening emulator with scenario non-CO2 and aerosol forcing; not FAIR, not CMIP, and not publication-grade attribution."
aether_net_zero_2050_25pct_rebound,"AETHER, net-zero 2050, 25% rebound",mitigation_with_aerosol_cleanup,Mitigation with aerosol cleanup,2058,350.000000,1.305821,0.702000,-0.218000,1.789821,1.269251,0.987709,0.284118,-0.344125,"Two-box screening emulator with scenario non-CO2 and aerosol forcing; not FAIR, not CMIP, and not publication-grade attribution."
aether_net_zero_2050_25pct_rebound,"AETHER, net-zero 2050, 25% rebound",mitigation_with_aerosol_cleanup,Mitigation with aerosol cleanup,2059,350.000000,1.305821,0.696000,-0.214000,1.787821,1.257388,0.990383,0.267465,-0.355988,"Two-box screening emulator with scenario non-CO2 and aerosol forcing; not FAIR, not CMIP, and not publication-grade attribution."
aether_net_zero_2050_25pct_rebound,"AETHER, net-zero 2050, 25% rebound",mitigation_with_aerosol_cleanup,Mitigation with aerosol cleanup,2060,350.000000,1.305821,0.690000,-0.210000,1.785821,1.247803,0.992920,0.253654,-0.365573,"Two-box screening emulator with scenario non-CO2 and aerosol forcing; not FAIR, not CMIP, and not publication-grade attribution."
aether_net_zero_2050_25pct_rebound,"AETHER, net-zero 2050, 25% rebound",mitigation_with_aerosol_cleanup,Mitigation with aerosol cleanup,2061,350.000000,1.305821,0.684000,-0.206000,1.783821,1.240058,0.995341,0.242139,-0.373318,"Two-box screening emulator with scenario non-CO2 and aerosol forcing; not FAIR, not CMIP, and not publication-grade attribution."
aether_net_zero_2050_25pct_rebound,"AETHER, net-zero 2050, 25% rebound",mitigation_with_aerosol_cleanup,Mitigation with aerosol cleanup,2062,350.000000,1.305821,0.678000,-0.202000,1.781821,1.233797,0.997666,0.232481,-0.379579,"Two-box screening emulator with scenario non-CO2 and aerosol forcing; not FAIR, not CMIP, and not publication-grade attribution."
aether_net_zero_2050_25pct_rebound,"AETHER, net-zero 2050, 25% rebound",mitigation_with_aerosol_cleanup,Mitigation with aerosol cleanup,2063,350.000000,1.305821,0.672000,-0.198000,1.779821,1.228732,0.999909,0.224324,-0.384644,"Two-box screening emulator with scenario non-CO2 and aerosol forcing; not FAIR, not CMIP, and not publication-grade attribution."
aether_net_zero_2050_25pct_rebound,"AETHER, net-zero 2050, 25% rebound",mitigation_with_aerosol_cleanup,Mitigation with aerosol cleanup,2064,350.000000,1.305821,0.666000,-0.194000,1.777821,1.224632,1.002083,0.217382,-0.388744,"Two-box screening emulator with scenario non-CO2 and aerosol forcing; not FAIR, not CMIP, and not publication-grade attribution."
aether_net_zero_2050_25pct_rebound,"AETHER, net-zero 2050, 25% rebound",mitigation_with_aerosol_cleanup,Mitigation with aerosol cleanup,2065,350.000000,1.305821,0.660000,-0.190000,1.775821,1.221310,1.004197,0.211422,-0.392066,"Two-box screening emulator with scenario non-CO2 and aerosol forcing; not FAIR, not CMIP, and not publication-grade attribution."
aether_net_zero_2050_25pct_rebound,"AETHER, net-zero 2050, 25% rebound",mitigation_with_aerosol_cleanup,Mitigation with aerosol cleanup,2066,350.000000,1.305821,0.654000,-0.186000,1.773821,1.218614,1.006260,0.206257,-0.394762,"Two-box screening emulator with scenario non-CO2 and aerosol forcing; not FAIR, not CMIP, and not publication-grade attribution."
aether_net_zero_2050_25pct_rebound,"AETHER, net-zero 2050, 25% rebound",mitigation_with_aerosol_cleanup,Mitigation with aerosol cleanup,2067,350.000000,1.305821,0.648000,-0.182000,1.771821,1.216422,1.008277,0.201736,-0.396954,"Two-box screening emulator with scenario non-CO2 and aerosol forcing; not FAIR, not CMIP, and not publication-grade attribution."
aether_net_zero_2050_25pct_rebound,"AETHER, net-zero 2050, 25% rebound",mitigation_with_aerosol_cleanup,Mitigation with aerosol cleanup,2068,350.000000,1.305821,0.642000,-0.178000,1.769821,1.214637,1.010255,0.197738,-0.398740,"Two-box screening emulator with scenario non-CO2 and aerosol forcing; not FAIR, not CMIP, and not publication-grade attribution."
aether_net_zero_2050_25pct_rebound,"AETHER, net-zero 2050, 25% rebound",mitigation_with_aerosol_cleanup,Mitigation with aerosol cleanup,2069,350.000000,1.305821,0.636000,-0.174000,1.767821,1.213177,1.012196,0.194163,-0.400199,"Two-box screening emulator with scenario non-CO2 and aerosol forcing; not FAIR, not CMIP, and not publication-grade attribution."
aether_net_zero_2050_25pct_rebound,"AETHER, net-zero 2050, 25% rebound",mitigation_with_aerosol_cleanup,Mitigation with aerosol cleanup,2070,350.000000,1.305821,0.630000,-0.170000,1.765821,1.211979,1.014106,0.190932,-0.401397,"Two-box screening emulator with scenario non-CO2 and aerosol forcing; not FAIR, not CMIP, and not publication-grade attribution."
aether_net_zero_2050_25pct_rebound,"AETHER, net-zero 2050, 25% rebound",mitigation_with_aerosol_cleanup,Mitigation with aerosol cleanup,2071,350.000000,1.305821,0.624000,-0.166000,1.763821,1.210992,1.015985,0.187980,-0.402384,"Two-box screening emulator with scenario non-CO2 and aerosol forcing; not FAIR, not CMIP, and not publication-grade attribution."
aether_net_zero_2050_25pct_rebound,"AETHER, net-zero 2050, 25% rebound",mitigation_with_aerosol_cleanup,Mitigation with aerosol cleanup,2072,350.000000,1.305821,0.618000,-0.162000,1.761821,1.210172,1.017838,0.185256,-0.403204,"Two-box screening emulator with scenario non-CO2 and aerosol forcing; not FAIR, not CMIP, and not publication-grade attribution."
aether_net_zero_2050_25pct_rebound,"AETHER, net-zero 2050, 25% rebound",mitigation_with_aerosol_cleanup,Mitigation with aerosol cleanup,2073,350.000000,1.305821,0.612000,-0.158000,1.759821,1.209487,1.019665,0.182717,-0.403889,"Two-box screening emulator with scenario non-CO2 and aerosol forcing; not FAIR, not CMIP, and not publication-grade attribution."
aether_net_zero_2050_25pct_rebound,"AETHER, net-zero 2050, 25% rebound",mitigation_with_aerosol_cleanup,Mitigation with aerosol cleanup,2074,350.000000,1.305821,0.606000,-0.154000,1.757821,1.208909,1.021469,0.180331,-0.404467,"Two-box screening emulator with scenario non-CO2 and aerosol forcing; not FAIR, not CMIP, and not publication-grade attribution."
aether_net_zero_2050_25pct_rebound,"AETHER, net-zero 2050, 25% rebound",mitigation_with_aerosol_cleanup,Mitigation with aerosol cleanup,2075,350.000000,1.305821,0.600000,-0.150000,1.755821,1.208416,1.023249,0.178068,-0.404960,"Two-box screening emulator with scenario non-CO2 and aerosol forcing; not FAIR, not CMIP, and not publication-grade attribution."
aether_net_zero_2050_25pct_rebound,"AETHER, net-zero 2050, 25% rebound",mitigation_with_aerosol_cleanup,Mitigation with aerosol cleanup,2076,350.000000,1.305821,0.594000,-0.146000,1.753821,1.207990,1.025008,0.175908,-0.405386,"Two-box screening emulator with scenario non-CO2 and aerosol forcing; not FAIR, not CMIP, and not publication-grade attribution."
aether_net_zero_2050_25pct_rebound,"AETHER, net-zero 2050, 25% rebound",mitigation_with_aerosol_cleanup,Mitigation with aerosol cleanup,2077,350.000000,1.305821,0.588000,-0.142000,1.751821,1.207617,1.026747,0.173832,-0.405759,"Two-box screening emulator with scenario non-CO2 and aerosol forcing; not FAIR, not CMIP, and not publication-grade attribution."
aether_net_zero_2050_25pct_rebound,"AETHER, net-zero 2050, 25% rebound",mitigation_with_aerosol_cleanup,Mitigation with aerosol cleanup,2078,350.000000,1.305821,0.582000,-0.138000,1.749821,1.207285,1.028465,0.171827,-0.406091,"Two-box screening emulator with scenario non-CO2 and aerosol forcing; not FAIR, not CMIP, and not publication-grade attribution."
aether_net_zero_2050_25pct_rebound,"AETHER, net-zero 2050, 25% rebound",mitigation_with_aerosol_cleanup,Mitigation with aerosol cleanup,2079,350.000000,1.305821,0.576000,-0.134000,1.747821,1.206985,1.030164,0.169879,-0.406391,"Two-box screening emulator with scenario non-CO2 and aerosol forcing; not FAIR, not CMIP, and not publication-grade attribution."
aether_net_zero_2050_25pct_rebound,"AETHER, net-zero 2050, 25% rebound",mitigation_with_aerosol_cleanup,Mitigation with aerosol cleanup,2080,350.000000,1.305821,0.570000,-0.130000,1.745821,1.206709,1.031843,0.167980,-0.406667,"Two-box screening emulator with scenario non-CO2 and aerosol forcing; not FAIR, not CMIP, and not publication-grade attribution."
aether_net_zero_2050_25pct_rebound,"AETHER, net-zero 2050, 25% rebound",mitigation_with_aerosol_cleanup,Mitigation with aerosol cleanup,2081,350.000000,1.305821,0.564000,-0.126000,1.743821,1.206451,1.033505,0.166122,-0.406925,"Two-box screening emulator with scenario non-CO2 and aerosol forcing; not FAIR, not CMIP, and not publication-grade attribution."
aether_net_zero_2050_25pct_rebound,"AETHER, net-zero 2050, 25% rebound",mitigation_with_aerosol_cleanup,Mitigation with aerosol cleanup,2082,350.000000,1.305821,0.558000,-0.122000,1.741821,1.206207,1.035148,0.164299,-0.407169,"Two-box screening emulator with scenario non-CO2 and aerosol forcing; not FAIR, not CMIP, and not publication-grade attribution."
aether_net_zero_2050_25pct_rebound,"AETHER, net-zero 2050, 25% rebound",mitigation_with_aerosol_cleanup,Mitigation with aerosol cleanup,2083,350.000000,1.305821,0.552000,-0.118000,1.739821,1.205973,1.036773,0.162507,-0.407403,"Two-box screening emulator with scenario non-CO2 and aerosol forcing; not FAIR, not CMIP, and not publication-grade attribution."
aether_net_zero_2050_25pct_rebound,"AETHER, net-zero 2050, 25% rebound",mitigation_with_aerosol_cleanup,Mitigation with aerosol cleanup,2084,350.000000,1.305821,0.546000,-0.114000,1.737821,1.205744,1.038380,0.160740,-0.407632,"Two-box screening emulator with scenario non-CO2 and aerosol forcing; not FAIR, not CMIP, and not publication-grade attribution."
aether_net_zero_2050_25pct_rebound,"AETHER, net-zero 2050, 25% rebound",mitigation_with_aerosol_cleanup,Mitigation with aerosol cleanup,2085,350.000000,1.305821,0.540000,-0.110000,1.735821,1.205519,1.039970,0.158996,-0.407857,"Two-box screening emulator with scenario non-CO2 and aerosol forcing; not FAIR, not CMIP, and not publication-grade attribution."
aether_net_zero_2050_25pct_rebound,"AETHER, net-zero 2050, 25% rebound",mitigation_with_aerosol_cleanup,Mitigation with aerosol cleanup,2086,350.000000,1.305821,0.534000,-0.106000,1.733821,1.205296,1.041543,0.157272,-0.408080,"Two-box screening emulator with scenario non-CO2 and aerosol forcing; not FAIR, not CMIP, and not publication-grade attribution."
aether_net_zero_2050_25pct_rebound,"AETHER, net-zero 2050, 25% rebound",mitigation_with_aerosol_cleanup,Mitigation with aerosol cleanup,2087,350.000000,1.305821,0.528000,-0.102000,1.731821,1.205072,1.043098,0.155565,-0.408304,"Two-box screening emulator with scenario non-CO2 and aerosol forcing; not FAIR, not CMIP, and not publication-grade attribution."
aether_net_zero_2050_25pct_rebound,"AETHER, net-zero 2050, 25% rebound",mitigation_with_aerosol_cleanup,Mitigation with aerosol cleanup,2088,350.000000,1.305821,0.522000,-0.098000,1.729821,1.204847,1.044637,0.153875,-0.408529,"Two-box screening emulator with scenario non-CO2 and aerosol forcing; not FAIR, not CMIP, and not publication-grade attribution."
aether_net_zero_2050_25pct_rebound,"AETHER, net-zero 2050, 25% rebound",mitigation_with_aerosol_cleanup,Mitigation with aerosol cleanup,2089,350.000000,1.305821,0.516000,-0.094000,1.727821,1.204620,1.046159,0.152200,-0.408756,"Two-box screening emulator with scenario non-CO2 and aerosol forcing; not FAIR, not CMIP, and not publication-grade attribution."
aether_net_zero_2050_25pct_rebound,"AETHER, net-zero 2050, 25% rebound",mitigation_with_aerosol_cleanup,Mitigation with aerosol cleanup,2090,350.000000,1.305821,0.510000,-0.090000,1.725821,1.204389,1.047665,0.150538,-0.408987,"Two-box screening emulator with scenario non-CO2 and aerosol forcing; not FAIR, not CMIP, and not publication-grade attribution."
aether_net_zero_2050_25pct_rebound,"AETHER, net-zero 2050, 25% rebound",mitigation_with_aerosol_cleanup,Mitigation with aerosol cleanup,2091,350.000000,1.305821,0.504000,-0.086000,1.723821,1.204155,1.049153,0.148888,-0.409221,"Two-box screening emulator with scenario non-CO2 and aerosol forcing; not FAIR, not CMIP, and not publication-grade attribution."
aether_net_zero_2050_25pct_rebound,"AETHER, net-zero 2050, 25% rebound",mitigation_with_aerosol_cleanup,Mitigation with aerosol cleanup,2092,350.000000,1.305821,0.498000,-0.082000,1.721821,1.203915,1.050626,0.147251,-0.409461,"Two-box screening emulator with scenario non-CO2 and aerosol forcing; not FAIR, not CMIP, and not publication-grade attribution."
aether_net_zero_2050_25pct_rebound,"AETHER, net-zero 2050, 25% rebound",mitigation_with_aerosol_cleanup,Mitigation with aerosol cleanup,2093,350.000000,1.305821,0.492000,-0.078000,1.719821,1.203671,1.052082,0.145625,-0.409705,"Two-box screening emulator with scenario non-CO2 and aerosol forcing; not FAIR, not CMIP, and not publication-grade attribution."
aether_net_zero_2050_25pct_rebound,"AETHER, net-zero 2050, 25% rebound",mitigation_with_aerosol_cleanup,Mitigation with aerosol cleanup,2094,350.000000,1.305821,0.486000,-0.074000,1.717821,1.203421,1.053522,0.144009,-0.409955,"Two-box screening emulator with scenario non-CO2 and aerosol forcing; not FAIR, not CMIP, and not publication-grade attribution."
aether_net_zero_2050_25pct_rebound,"AETHER, net-zero 2050, 25% rebound",mitigation_with_aerosol_cleanup,Mitigation with aerosol cleanup,2095,350.000000,1.305821,0.480000,-0.070000,1.715821,1.203166,1.054946,0.142404,-0.410210,"Two-box screening emulator with scenario non-CO2 and aerosol forcing; not FAIR, not CMIP, and not publication-grade attribution."
aether_net_zero_2050_25pct_rebound,"AETHER, net-zero 2050, 25% rebound",mitigation_with_aerosol_cleanup,Mitigation with aerosol cleanup,2096,350.000000,1.305821,0.474000,-0.066000,1.713821,1.202905,1.056354,0.140808,-0.410471,"Two-box screening emulator with scenario non-CO2 and aerosol forcing; not FAIR, not CMIP, and not publication-grade attribution."
aether_net_zero_2050_25pct_rebound,"AETHER, net-zero 2050, 25% rebound",mitigation_with_aerosol_cleanup,Mitigation with aerosol cleanup,2097,350.000000,1.305821,0.468000,-0.062000,1.711821,1.202637,1.057747,0.139223,-0.410739,"Two-box screening emulator with scenario non-CO2 and aerosol forcing; not FAIR, not CMIP, and not publication-grade attribution."
aether_net_zero_2050_25pct_rebound,"AETHER, net-zero 2050, 25% rebound",mitigation_with_aerosol_cleanup,Mitigation with aerosol cleanup,2098,350.000000,1.305821,0.462000,-0.058000,1.709821,1.202364,1.059123,0.137646,-0.411012,"Two-box screening emulator with scenario non-CO2 and aerosol forcing; not FAIR, not CMIP, and not publication-grade attribution."
aether_net_zero_2050_25pct_rebound,"AETHER, net-zero 2050, 25% rebound",mitigation_with_aerosol_cleanup,Mitigation with aerosol cleanup,2099,350.000000,1.305821,0.456000,-0.054000,1.707821,1.202085,1.060484,0.136079,-0.411292,"Two-box screening emulator with scenario non-CO2 and aerosol forcing; not FAIR, not CMIP, and not publication-grade attribution."
aether_net_zero_2050_25pct_rebound,"AETHER, net-zero 2050, 25% rebound",mitigation_with_aerosol_cleanup,Mitigation with aerosol cleanup,2100,350.000000,1.305821,0.450000,-0.050000,1.705821,1.201799,1.061829,0.134521,-0.411577,"Two-box screening emulator with scenario non-CO2 and aerosol forcing; not FAIR, not CMIP, and not publication-grade attribution."
aether_net_zero_2050_25pct_rebound,"AETHER, net-zero 2050, 25% rebound",nonco2_delay_aerosol_unmasking,Delayed non-CO2 mitigation plus aerosol unmasking,2026,433.940256,2.524677,1.200000,-0.700000,3.024677,1.613376,0.772719,0.795947,0.000000,"Two-box screening emulator with scenario non-CO2 and aerosol forcing; not FAIR, not CMIP, and not publication-grade attribution."
aether_net_zero_2050_25pct_rebound,"AETHER, net-zero 2050, 25% rebound",nonco2_delay_aerosol_unmasking,Delayed non-CO2 mitigation plus aerosol unmasking,2027,438.315722,2.581560,1.197917,-0.677083,3.102394,1.629230,0.780705,0.798624,0.015854,"Two-box screening emulator with scenario non-CO2 and aerosol forcing; not FAIR, not CMIP, and not publication-grade attribution."
aether_net_zero_2050_25pct_rebound,"AETHER, net-zero 2050, 25% rebound",nonco2_delay_aerosol_unmasking,Delayed non-CO2 mitigation plus aerosol unmasking,2028,441.766330,2.626020,1.195833,-0.654167,3.167687,1.648171,0.788766,0.806098,0.034795,"Two-box screening emulator with scenario non-CO2 and aerosol forcing; not FAIR, not CMIP, and not publication-grade attribution."
aether_net_zero_2050_25pct_rebound,"AETHER, net-zero 2050, 25% rebound",nonco2_delay_aerosol_unmasking,Delayed non-CO2 mitigation plus aerosol unmasking,2029,444.380442,2.659472,1.193750,-0.631250,3.221972,1.668707,0.796931,0.816435,0.055331,"Two-box screening emulator with scenario non-CO2 and aerosol forcing; not FAIR, not CMIP, and not publication-grade attribution."
aether_net_zero_2050_25pct_rebound,"AETHER, net-zero 2050, 25% rebound",nonco2_delay_aerosol_unmasking,Delayed non-CO2 mitigation plus aerosol unmasking,2030,446.229284,2.683012,1.191667,-0.608333,3.266346,1.689720,0.805213,0.828188,0.076344,"Two-box screening emulator with scenario non-CO2 and aerosol forcing; not FAIR, not CMIP, and not publication-grade attribution."
aether_net_zero_2050_25pct_rebound,"AETHER, net-zero 2050, 25% rebound",nonco2_delay_aerosol_unmasking,Delayed non-CO2 mitigation plus aerosol unmasking,2031,447.370471,2.697494,1.189583,-0.585417,3.301660,1.710374,0.813615,0.840282,0.096998,"Two-box screening emulator with scenario non-CO2 and aerosol forcing; not FAIR, not CMIP, and not publication-grade attribution."
aether_net_zero_2050_25pct_rebound,"AETHER, net-zero 2050, 25% rebound",nonco2_delay_aerosol_unmasking,Delayed non-CO2 mitigation plus aerosol unmasking,2032,447.850801,2.703578,1.187500,-0.562500,3.328578,1.730046,0.822135,0.851920,0.116670,"Two-box screening emulator with scenario non-CO2 and aerosol forcing; not FAIR, not CMIP, and not publication-grade attribution."
aether_net_zero_2050_25pct_rebound,"AETHER, net-zero 2050, 25% rebound",nonco2_delay_aerosol_unmasking,Delayed non-CO2 mitigation plus aerosol unmasking,2033,447.708467,2.701776,1.185417,-0.539583,3.347609,1.748274,0.830760,0.862516,0.134898,"Two-box screening emulator with scenario non-CO2 and aerosol forcing; not FAIR, not CMIP, and not publication-grade attribution."
aether_net_zero_2050_25pct_rebound,"AETHER, net-zero 2050, 25% rebound",nonco2_delay_aerosol_unmasking,Delayed non-CO2 mitigation plus aerosol unmasking,2034,446.974816,2.692477,1.183333,-0.516667,3.359144,1.764713,0.839476,0.871638,0.151337,"Two-box screening emulator with scenario non-CO2 and aerosol forcing; not FAIR, not CMIP, and not publication-grade attribution."
aether_net_zero_2050_25pct_rebound,"AETHER, net-zero 2050, 25% rebound",nonco2_delay_aerosol_unmasking,Delayed non-CO2 mitigation plus aerosol unmasking,2035,445.675738,2.675974,1.181250,-0.493750,3.363474,1.779107,0.848266,0.878975,0.165730,"Two-box screening emulator with scenario non-CO2 and aerosol forcing; not FAIR, not CMIP, and not publication-grade attribution."
aether_net_zero_2050_25pct_rebound,"AETHER, net-zero 2050, 25% rebound",nonco2_delay_aerosol_unmasking,Delayed non-CO2 mitigation plus aerosol unmasking,2036,443.832773,2.652480,1.179167,-0.470833,3.360813,1.791264,0.857109,0.884299,0.177888,"Two-box screening emulator with scenario non-CO2 and aerosol forcing; not FAIR, not CMIP, and not publication-grade attribution."
aether_net_zero_2050_25pct_rebound,"AETHER, net-zero 2050, 25% rebound",nonco2_delay_aerosol_unmasking,Delayed non-CO2 mitigation plus aerosol unmasking,2037,441.463988,2.622139,1.177083,-0.447917,3.351305,1.801039,0.865983,0.887447,0.187663,"Two-box screening emulator with scenario non-CO2 and aerosol forcing; not FAIR, not CMIP, and not publication-grade attribution."
aether_net_zero_2050_25pct_rebound,"AETHER, net-zero 2050, 25% rebound",nonco2_delay_aerosol_unmasking,Delayed non-CO2 mitigation plus aerosol unmasking,2038,438.584671,2.585038,1.175000,-0.425000,3.335038,1.808320,0.874866,0.888303,0.194944,"Two-box screening emulator with scenario non-CO2 and aerosol forcing; not FAIR, not CMIP, and not publication-grade attribution."
aether_net_zero_2050_25pct_rebound,"AETHER, net-zero 2050, 25% rebound",nonco2_delay_aerosol_unmasking,Delayed non-CO2 mitigation plus aerosol unmasking,2039,435.207884,2.541216,1.172917,-0.402083,3.312049,1.813017,0.883734,0.886781,0.199641,"Two-box screening emulator with scenario non-CO2 and aerosol forcing; not FAIR, not CMIP, and not publication-grade attribution."
aether_net_zero_2050_25pct_rebound,"AETHER, net-zero 2050, 25% rebound",nonco2_delay_aerosol_unmasking,Delayed non-CO2 mitigation plus aerosol unmasking,2040,431.344900,2.490665,1.170833,-0.379167,3.282332,1.815056,0.892562,0.882819,0.201680,"Two-box screening emulator with scenario non-CO2 and aerosol forcing; not FAIR, not CMIP, and not publication-grade attribution."
aether_net_zero_2050_25pct_rebound,"AETHER, net-zero 2050, 25% rebound",nonco2_delay_aerosol_unmasking,Delayed non-CO2 mitigation plus aerosol unmasking,2041,427.005549,2.433338,1.168750,-0.356250,3.245838,1.814368,0.901326,0.876369,0.200992,"Two-box screening emulator with scenario non-CO2 and aerosol forcing; not FAIR, not CMIP, and not publication-grade attribution."
aether_net_zero_2050_25pct_rebound,"AETHER, net-zero 2050, 25% rebound",nonco2_delay_aerosol_unmasking,Delayed non-CO2 mitigation plus aerosol unmasking,2042,422.198502,2.369148,1.166667,-0.333333,3.202481,1.810890,0.910000,0.867390,0.197514,"Two-box screening emulator with scenario non-CO2 and aerosol forcing; not FAIR, not CMIP, and not publication-grade attribution."
aether_net_zero_2050_25pct_rebound,"AETHER, net-zero 2050, 25% rebound",nonco2_delay_aerosol_unmasking,Delayed non-CO2 mitigation plus aerosol unmasking,2043,416.931481,2.297971,1.164583,-0.310417,3.152138,1.804559,0.918558,0.855846,0.191183,"Two-box screening emulator with scenario non-CO2 and aerosol forcing; not FAIR, not CMIP, and not publication-grade attribution."
aether_net_zero_2050_25pct_rebound,"AETHER, net-zero 2050, 25% rebound",nonco2_delay_aerosol_unmasking,Delayed non-CO2 mitigation plus aerosol unmasking,2044,411.211439,2.219646,1.162500,-0.287500,3.094646,1.795307,0.926975,0.841701,0.181931,"Two-box screening emulator with scenario non-CO2 and aerosol forcing; not FAIR, not CMIP, and not publication-grade attribution."
aether_net_zero_2050_25pct_rebound,"AETHER, net-zero 2050, 25% rebound",nonco2_delay_aerosol_unmasking,Delayed non-CO2 mitigation plus aerosol unmasking,2045,405.044700,2.133975,1.160417,-0.264583,3.029809,1.783060,0.935225,0.824915,0.169684,"Two-box screening emulator with scenario non-CO2 and aerosol forcing; not FAIR, not CMIP, and not publication-grade attribution."
aether_net_zero_2050_25pct_rebound,"AETHER, net-zero 2050, 25% rebound",nonco2_delay_aerosol_unmasking,Delayed non-CO2 mitigation plus aerosol unmasking,2046,398.437067,2.040719,1.158333,-0.241667,2.957386,1.767738,0.943279,0.805444,0.154362,"Two-box screening emulator with scenario non-CO2 and aerosol forcing; not FAIR, not CMIP, and not publication-grade attribution."
aether_net_zero_2050_25pct_rebound,"AETHER, net-zero 2050, 25% rebound",nonco2_delay_aerosol_unmasking,Delayed non-CO2 mitigation plus aerosol unmasking,2047,391.849038,1.946187,1.156250,-0.218750,2.883687,1.749798,0.951111,0.783236,0.136422,"Two-box screening emulator with scenario non-CO2 and aerosol forcing; not FAIR, not CMIP, and not publication-grade attribution."
aether_net_zero_2050_25pct_rebound,"AETHER, net-zero 2050, 25% rebound",nonco2_delay_aerosol_unmasking,Delayed non-CO2 mitigation plus aerosol unmasking,2048,385.255826,1.849976,1.154167,-0.195833,2.808310,1.729575,0.958699,0.758752,0.116198,"Two-box screening emulator with scenario non-CO2 and aerosol forcing; not FAIR, not CMIP, and not publication-grade attribution."
aether_net_zero_2050_25pct_rebound,"AETHER, net-zero 2050, 25% rebound",nonco2_delay_aerosol_unmasking,Delayed non-CO2 mitigation plus aerosol unmasking,2049,378.637834,1.751733,1.152083,-0.172917,2.730900,1.707310,0.966022,0.732332,0.093934,"Two-box screening emulator with scenario non-CO2 and aerosol forcing; not FAIR, not CMIP, and not publication-grade attribution."
aether_net_zero_2050_25pct_rebound,"AETHER, net-zero 2050, 25% rebound",nonco2_delay_aerosol_unmasking,Delayed non-CO2 mitigation plus aerosol unmasking,2050,371.979586,1.651145,1.150000,-0.150000,2.651145,1.683172,0.973064,0.704223,0.069796,"Two-box screening emulator with scenario non-CO2 and aerosol forcing; not FAIR, not CMIP, and not publication-grade attribution."
aether_net_zero_2050_25pct_rebound,"AETHER, net-zero 2050, 25% rebound",nonco2_delay_aerosol_unmasking,Delayed non-CO2 mitigation plus aerosol unmasking,2051,365.494294,1.551423,1.148000,-0.148000,2.551423,1.655827,0.979810,0.674602,0.042451,"Two-box screening emulator with scenario non-CO2 and aerosol forcing; not FAIR, not CMIP, and not publication-grade attribution."
aether_net_zero_2050_25pct_rebound,"AETHER, net-zero 2050, 25% rebound",nonco2_delay_aerosol_unmasking,Delayed non-CO2 mitigation plus aerosol unmasking,2052,359.157569,1.452261,1.146000,-0.146000,2.452261,1.625903,0.986233,0.642216,0.012527,"Two-box screening emulator with scenario non-CO2 and aerosol forcing; not FAIR, not CMIP, and not publication-grade attribution."
aether_net_zero_2050_25pct_rebound,"AETHER, net-zero 2050, 25% rebound",nonco2_delay_aerosol_unmasking,Delayed non-CO2 mitigation plus aerosol unmasking,2053,352.949793,1.353406,1.144000,-0.144000,2.353406,1.593885,0.992309,0.607687,-0.019491,"Two-box screening emulator with scenario non-CO2 and aerosol forcing; not FAIR, not CMIP, and not publication-grade attribution."
aether_net_zero_2050_25pct_rebound,"AETHER, net-zero 2050, 25% rebound",nonco2_delay_aerosol_unmasking,Delayed non-CO2 mitigation plus aerosol unmasking,2054,350.000000,1.305821,1.142000,-0.142000,2.305821,1.564413,0.998024,0.571497,-0.048963,"Two-box screening emulator with scenario non-CO2 and aerosol forcing; not FAIR, not CMIP, and not publication-grade attribution."
aether_net_zero_2050_25pct_rebound,"AETHER, net-zero 2050, 25% rebound",nonco2_delay_aerosol_unmasking,Delayed non-CO2 mitigation plus aerosol unmasking,2055,350.000000,1.305821,1.140000,-0.140000,2.305821,1.540944,1.003405,0.538069,-0.072432,"Two-box screening emulator with scenario non-CO2 and aerosol forcing; not FAIR, not CMIP, and not publication-grade attribution."
aether_net_zero_2050_25pct_rebound,"AETHER, net-zero 2050, 25% rebound",nonco2_delay_aerosol_unmasking,Delayed non-CO2 mitigation plus aerosol unmasking,2056,350.000000,1.305821,1.138000,-0.138000,2.305821,1.522321,1.008512,0.510662,-0.091055,"Two-box screening emulator with scenario non-CO2 and aerosol forcing; not FAIR, not CMIP, and not publication-grade attribution."
aether_net_zero_2050_25pct_rebound,"AETHER, net-zero 2050, 25% rebound",nonco2_delay_aerosol_unmasking,Delayed non-CO2 mitigation plus aerosol unmasking,2057,350.000000,1.305821,1.136000,-0.136000,2.305821,1.507610,1.013393,0.488119,-0.105767,"Two-box screening emulator with scenario non-CO2 and aerosol forcing; not FAIR, not CMIP, and not publication-grade attribution."
aether_net_zero_2050_25pct_rebound,"AETHER, net-zero 2050, 25% rebound",nonco2_delay_aerosol_unmasking,Delayed non-CO2 mitigation plus aerosol unmasking,2058,350.000000,1.305821,1.134000,-0.134000,2.305821,1.496055,1.018088,0.469506,-0.117321,"Two-box screening emulator with scenario non-CO2 and aerosol forcing; not FAIR, not CMIP, and not publication-grade attribution."
aether_net_zero_2050_25pct_rebound,"AETHER, net-zero 2050, 25% rebound",nonco2_delay_aerosol_unmasking,Delayed non-CO2 mitigation plus aerosol unmasking,2059,350.000000,1.305821,1.132000,-0.132000,2.305821,1.487048,1.022629,0.454069,-0.126328,"Two-box screening emulator with scenario non-CO2 and aerosol forcing; not FAIR, not CMIP, and not publication-grade attribution."
aether_net_zero_2050_25pct_rebound,"AETHER, net-zero 2050, 25% rebound",nonco2_delay_aerosol_unmasking,Delayed non-CO2 mitigation plus aerosol unmasking,2060,350.000000,1.305821,1.130000,-0.130000,2.305821,1.480098,1.027041,0.441199,-0.133278,"Two-box screening emulator with scenario non-CO2 and aerosol forcing; not FAIR, not CMIP, and not publication-grade attribution."
aether_net_zero_2050_25pct_rebound,"AETHER, net-zero 2050, 25% rebound",nonco2_delay_aerosol_unmasking,Delayed non-CO2 mitigation plus aerosol unmasking,2061,350.000000,1.305821,1.128000,-0.128000,2.305821,1.474805,1.031345,0.430404,-0.138571,"Two-box screening emulator with scenario non-CO2 and aerosol forcing; not FAIR, not CMIP, and not publication-grade attribution."
aether_net_zero_2050_25pct_rebound,"AETHER, net-zero 2050, 25% rebound",nonco2_delay_aerosol_unmasking,Delayed non-CO2 mitigation plus aerosol unmasking,2062,350.000000,1.305821,1.126000,-0.126000,2.305821,1.470850,1.035558,0.421287,-0.142526,"Two-box screening emulator with scenario non-CO2 and aerosol forcing; not FAIR, not CMIP, and not publication-grade attribution."
aether_net_zero_2050_25pct_rebound,"AETHER, net-zero 2050, 25% rebound",nonco2_delay_aerosol_unmasking,Delayed non-CO2 mitigation plus aerosol unmasking,2063,350.000000,1.305821,1.124000,-0.124000,2.305821,1.467973,1.039693,0.413528,-0.145403,"Two-box screening emulator with scenario non-CO2 and aerosol forcing; not FAIR, not CMIP, and not publication-grade attribution."
aether_net_zero_2050_25pct_rebound,"AETHER, net-zero 2050, 25% rebound",nonco2_delay_aerosol_unmasking,Delayed non-CO2 mitigation plus aerosol unmasking,2064,350.000000,1.305821,1.122000,-0.122000,2.305821,1.465966,1.043762,0.406866,-0.147410,"Two-box screening emulator with scenario non-CO2 and aerosol forcing; not FAIR, not CMIP, and not publication-grade attribution."
aether_net_zero_2050_25pct_rebound,"AETHER, net-zero 2050, 25% rebound",nonco2_delay_aerosol_unmasking,Delayed non-CO2 mitigation plus aerosol unmasking,2065,350.000000,1.305821,1.120000,-0.120000,2.305821,1.464658,1.047772,0.401094,-0.148718,"Two-box screening emulator with scenario non-CO2 and aerosol forcing; not FAIR, not CMIP, and not publication-grade attribution."
aether_net_zero_2050_25pct_rebound,"AETHER, net-zero 2050, 25% rebound",nonco2_delay_aerosol_unmasking,Delayed non-CO2 mitigation plus aerosol unmasking,2066,350.000000,1.305821,1.118000,-0.118000,2.305821,1.463915,1.051733,0.396042,-0.149461,"Two-box screening emulator with scenario non-CO2 and aerosol forcing; not FAIR, not CMIP, and not publication-grade attribution."
aether_net_zero_2050_25pct_rebound,"AETHER, net-zero 2050, 25% rebound",nonco2_delay_aerosol_unmasking,Delayed non-CO2 mitigation plus aerosol unmasking,2067,350.000000,1.305821,1.116000,-0.116000,2.305821,1.463625,1.055649,0.391573,-0.149751,"Two-box screening emulator with scenario non-CO2 and aerosol forcing; not FAIR, not CMIP, and not publication-grade attribution."
aether_net_zero_2050_25pct_rebound,"AETHER, net-zero 2050, 25% rebound",nonco2_delay_aerosol_unmasking,Delayed non-CO2 mitigation plus aerosol unmasking,2068,350.000000,1.305821,1.114000,-0.114000,2.305821,1.463699,1.059524,0.387577,-0.149677,"Two-box screening emulator with scenario non-CO2 and aerosol forcing; not FAIR, not CMIP, and not publication-grade attribution."
aether_net_zero_2050_25pct_rebound,"AETHER, net-zero 2050, 25% rebound",nonco2_delay_aerosol_unmasking,Delayed non-CO2 mitigation plus aerosol unmasking,2069,350.000000,1.305821,1.112000,-0.112000,2.305821,1.464067,1.063364,0.383966,-0.149309,"Two-box screening emulator with scenario non-CO2 and aerosol forcing; not FAIR, not CMIP, and not publication-grade attribution."
aether_net_zero_2050_25pct_rebound,"AETHER, net-zero 2050, 25% rebound",nonco2_delay_aerosol_unmasking,Delayed non-CO2 mitigation plus aerosol unmasking,2070,350.000000,1.305821,1.110000,-0.110000,2.305821,1.464669,1.067171,0.380668,-0.148707,"Two-box screening emulator with scenario non-CO2 and aerosol forcing; not FAIR, not CMIP, and not publication-grade attribution."
aether_net_zero_2050_25pct_rebound,"AETHER, net-zero 2050, 25% rebound",nonco2_delay_aerosol_unmasking,Delayed non-CO2 mitigation plus aerosol unmasking,2071,350.000000,1.305821,1.108000,-0.108000,2.305821,1.465459,1.070947,0.377623,-0.147917,"Two-box screening emulator with scenario non-CO2 and aerosol forcing; not FAIR, not CMIP, and not publication-grade attribution."
aether_net_zero_2050_25pct_rebound,"AETHER, net-zero 2050, 25% rebound",nonco2_delay_aerosol_unmasking,Delayed non-CO2 mitigation plus aerosol unmasking,2072,350.000000,1.305821,1.106000,-0.106000,2.305821,1.466399,1.074695,0.374787,-0.146977,"Two-box screening emulator with scenario non-CO2 and aerosol forcing; not FAIR, not CMIP, and not publication-grade attribution."
aether_net_zero_2050_25pct_rebound,"AETHER, net-zero 2050, 25% rebound",nonco2_delay_aerosol_unmasking,Delayed non-CO2 mitigation plus aerosol unmasking,2073,350.000000,1.305821,1.104000,-0.104000,2.305821,1.467459,1.078416,0.372119,-0.145917,"Two-box screening emulator with scenario non-CO2 and aerosol forcing; not FAIR, not CMIP, and not publication-grade attribution."
aether_net_zero_2050_25pct_rebound,"AETHER, net-zero 2050, 25% rebound",nonco2_delay_aerosol_unmasking,Delayed non-CO2 mitigation plus aerosol unmasking,2074,350.000000,1.305821,1.102000,-0.102000,2.305821,1.468614,1.082112,0.369591,-0.144762,"Two-box screening emulator with scenario non-CO2 and aerosol forcing; not FAIR, not CMIP, and not publication-grade attribution."
aether_net_zero_2050_25pct_rebound,"AETHER, net-zero 2050, 25% rebound",nonco2_delay_aerosol_unmasking,Delayed non-CO2 mitigation plus aerosol unmasking,2075,350.000000,1.305821,1.100000,-0.100000,2.305821,1.469844,1.085784,0.367177,-0.143532,"Two-box screening emulator with scenario non-CO2 and aerosol forcing; not FAIR, not CMIP, and not publication-grade attribution."
aether_net_zero_2050_25pct_rebound,"AETHER, net-zero 2050, 25% rebound",nonco2_delay_aerosol_unmasking,Delayed non-CO2 mitigation plus aerosol unmasking,2076,350.000000,1.305821,1.098000,-0.098000,2.305821,1.471133,1.089432,0.364857,-0.142243,"Two-box screening emulator with scenario non-CO2 and aerosol forcing; not FAIR, not CMIP, and not publication-grade attribution."
aether_net_zero_2050_25pct_rebound,"AETHER, net-zero 2050, 25% rebound",nonco2_delay_aerosol_unmasking,Delayed non-CO2 mitigation plus aerosol unmasking,2077,350.000000,1.305821,1.096000,-0.096000,2.305821,1.472468,1.093058,0.362616,-0.140908,"Two-box screening emulator with scenario non-CO2 and aerosol forcing; not FAIR, not CMIP, and not publication-grade attribution."
aether_net_zero_2050_25pct_rebound,"AETHER, net-zero 2050, 25% rebound",nonco2_delay_aerosol_unmasking,Delayed non-CO2 mitigation plus aerosol unmasking,2078,350.000000,1.305821,1.094000,-0.094000,2.305821,1.473839,1.096663,0.360439,-0.139537,"Two-box screening emulator with scenario non-CO2 and aerosol forcing; not FAIR, not CMIP, and not publication-grade attribution."
aether_net_zero_2050_25pct_rebound,"AETHER, net-zero 2050, 25% rebound",nonco2_delay_aerosol_unmasking,Delayed non-CO2 mitigation plus aerosol unmasking,2079,350.000000,1.305821,1.092000,-0.092000,2.305821,1.475237,1.100246,0.358317,-0.138139,"Two-box screening emulator with scenario non-CO2 and aerosol forcing; not FAIR, not CMIP, and not publication-grade attribution."
aether_net_zero_2050_25pct_rebound,"AETHER, net-zero 2050, 25% rebound",nonco2_delay_aerosol_unmasking,Delayed non-CO2 mitigation plus aerosol unmasking,2080,350.000000,1.305821,1.090000,-0.090000,2.305821,1.476655,1.103808,0.356241,-0.136721,"Two-box screening emulator with scenario non-CO2 and aerosol forcing; not FAIR, not CMIP, and not publication-grade attribution."
aether_net_zero_2050_25pct_rebound,"AETHER, net-zero 2050, 25% rebound",nonco2_delay_aerosol_unmasking,Delayed non-CO2 mitigation plus aerosol unmasking,2081,350.000000,1.305821,1.088000,-0.088000,2.305821,1.478088,1.107350,0.354204,-0.135288,"Two-box screening emulator with scenario non-CO2 and aerosol forcing; not FAIR, not CMIP, and not publication-grade attribution."
aether_net_zero_2050_25pct_rebound,"AETHER, net-zero 2050, 25% rebound",nonco2_delay_aerosol_unmasking,Delayed non-CO2 mitigation plus aerosol unmasking,2082,350.000000,1.305821,1.086000,-0.086000,2.305821,1.479532,1.110872,0.352201,-0.133844,"Two-box screening emulator with scenario non-CO2 and aerosol forcing; not FAIR, not CMIP, and not publication-grade attribution."
aether_net_zero_2050_25pct_rebound,"AETHER, net-zero 2050, 25% rebound",nonco2_delay_aerosol_unmasking,Delayed non-CO2 mitigation plus aerosol unmasking,2083,350.000000,1.305821,1.084000,-0.084000,2.305821,1.480983,1.114375,0.350227,-0.132393,"Two-box screening emulator with scenario non-CO2 and aerosol forcing; not FAIR, not CMIP, and not publication-grade attribution."
aether_net_zero_2050_25pct_rebound,"AETHER, net-zero 2050, 25% rebound",nonco2_delay_aerosol_unmasking,Delayed non-CO2 mitigation plus aerosol unmasking,2084,350.000000,1.305821,1.082000,-0.082000,2.305821,1.482437,1.117858,0.348278,-0.130939,"Two-box screening emulator with scenario non-CO2 and aerosol forcing; not FAIR, not CMIP, and not publication-grade attribution."
aether_net_zero_2050_25pct_rebound,"AETHER, net-zero 2050, 25% rebound",nonco2_delay_aerosol_unmasking,Delayed non-CO2 mitigation plus aerosol unmasking,2085,350.000000,1.305821,1.080000,-0.080000,2.305821,1.483894,1.121321,0.346351,-0.129482,"Two-box screening emulator with scenario non-CO2 and aerosol forcing; not FAIR, not CMIP, and not publication-grade attribution."
aether_net_zero_2050_25pct_rebound,"AETHER, net-zero 2050, 25% rebound",nonco2_delay_aerosol_unmasking,Delayed non-CO2 mitigation plus aerosol unmasking,2086,350.000000,1.305821,1.078000,-0.078000,2.305821,1.485350,1.124765,0.344444,-0.128026,"Two-box screening emulator with scenario non-CO2 and aerosol forcing; not FAIR, not CMIP, and not publication-grade attribution."
aether_net_zero_2050_25pct_rebound,"AETHER, net-zero 2050, 25% rebound",nonco2_delay_aerosol_unmasking,Delayed non-CO2 mitigation plus aerosol unmasking,2087,350.000000,1.305821,1.076000,-0.076000,2.305821,1.486805,1.128191,0.342555,-0.126571,"Two-box screening emulator with scenario non-CO2 and aerosol forcing; not FAIR, not CMIP, and not publication-grade attribution."
aether_net_zero_2050_25pct_rebound,"AETHER, net-zero 2050, 25% rebound",nonco2_delay_aerosol_unmasking,Delayed non-CO2 mitigation plus aerosol unmasking,2088,350.000000,1.305821,1.074000,-0.074000,2.305821,1.488257,1.131598,0.340683,-0.125119,"Two-box screening emulator with scenario non-CO2 and aerosol forcing; not FAIR, not CMIP, and not publication-grade attribution."
aether_net_zero_2050_25pct_rebound,"AETHER, net-zero 2050, 25% rebound",nonco2_delay_aerosol_unmasking,Delayed non-CO2 mitigation plus aerosol unmasking,2089,350.000000,1.305821,1.072000,-0.072000,2.305821,1.489705,1.134986,0.338826,-0.123671,"Two-box screening emulator with scenario non-CO2 and aerosol forcing; not FAIR, not CMIP, and not publication-grade attribution."
aether_net_zero_2050_25pct_rebound,"AETHER, net-zero 2050, 25% rebound",nonco2_delay_aerosol_unmasking,Delayed non-CO2 mitigation plus aerosol unmasking,2090,350.000000,1.305821,1.070000,-0.070000,2.305821,1.491149,1.138356,0.336983,-0.122227,"Two-box screening emulator with scenario non-CO2 and aerosol forcing; not FAIR, not CMIP, and not publication-grade attribution."
aether_net_zero_2050_25pct_rebound,"AETHER, net-zero 2050, 25% rebound",nonco2_delay_aerosol_unmasking,Delayed non-CO2 mitigation plus aerosol unmasking,2091,350.000000,1.305821,1.068000,-0.068000,2.305821,1.492587,1.141707,0.335153,-0.120789,"Two-box screening emulator with scenario non-CO2 and aerosol forcing; not FAIR, not CMIP, and not publication-grade attribution."
aether_net_zero_2050_25pct_rebound,"AETHER, net-zero 2050, 25% rebound",nonco2_delay_aerosol_unmasking,Delayed non-CO2 mitigation plus aerosol unmasking,2092,350.000000,1.305821,1.066000,-0.066000,2.305821,1.494020,1.145041,0.333336,-0.119356,"Two-box screening emulator with scenario non-CO2 and aerosol forcing; not FAIR, not CMIP, and not publication-grade attribution."
aether_net_zero_2050_25pct_rebound,"AETHER, net-zero 2050, 25% rebound",nonco2_delay_aerosol_unmasking,Delayed non-CO2 mitigation plus aerosol unmasking,2093,350.000000,1.305821,1.064000,-0.064000,2.305821,1.495447,1.148356,0.331531,-0.117929,"Two-box screening emulator with scenario non-CO2 and aerosol forcing; not FAIR, not CMIP, and not publication-grade attribution."
aether_net_zero_2050_25pct_rebound,"AETHER, net-zero 2050, 25% rebound",nonco2_delay_aerosol_unmasking,Delayed non-CO2 mitigation plus aerosol unmasking,2094,350.000000,1.305821,1.062000,-0.062000,2.305821,1.496868,1.151654,0.329737,-0.116508,"Two-box screening emulator with scenario non-CO2 and aerosol forcing; not FAIR, not CMIP, and not publication-grade attribution."
aether_net_zero_2050_25pct_rebound,"AETHER, net-zero 2050, 25% rebound",nonco2_delay_aerosol_unmasking,Delayed non-CO2 mitigation plus aerosol unmasking,2095,350.000000,1.305821,1.060000,-0.060000,2.305821,1.498282,1.154933,0.327954,-0.115094,"Two-box screening emulator with scenario non-CO2 and aerosol forcing; not FAIR, not CMIP, and not publication-grade attribution."
aether_net_zero_2050_25pct_rebound,"AETHER, net-zero 2050, 25% rebound",nonco2_delay_aerosol_unmasking,Delayed non-CO2 mitigation plus aerosol unmasking,2096,350.000000,1.305821,1.058000,-0.058000,2.305821,1.499690,1.158195,0.326182,-0.113686,"Two-box screening emulator with scenario non-CO2 and aerosol forcing; not FAIR, not CMIP, and not publication-grade attribution."
aether_net_zero_2050_25pct_rebound,"AETHER, net-zero 2050, 25% rebound",nonco2_delay_aerosol_unmasking,Delayed non-CO2 mitigation plus aerosol unmasking,2097,350.000000,1.305821,1.056000,-0.056000,2.305821,1.501090,1.161439,0.324420,-0.112286,"Two-box screening emulator with scenario non-CO2 and aerosol forcing; not FAIR, not CMIP, and not publication-grade attribution."
aether_net_zero_2050_25pct_rebound,"AETHER, net-zero 2050, 25% rebound",nonco2_delay_aerosol_unmasking,Delayed non-CO2 mitigation plus aerosol unmasking,2098,350.000000,1.305821,1.054000,-0.054000,2.305821,1.502484,1.164666,0.322669,-0.110892,"Two-box screening emulator with scenario non-CO2 and aerosol forcing; not FAIR, not CMIP, and not publication-grade attribution."
aether_net_zero_2050_25pct_rebound,"AETHER, net-zero 2050, 25% rebound",nonco2_delay_aerosol_unmasking,Delayed non-CO2 mitigation plus aerosol unmasking,2099,350.000000,1.305821,1.052000,-0.052000,2.305821,1.503871,1.167875,0.320927,-0.109505,"Two-box screening emulator with scenario non-CO2 and aerosol forcing; not FAIR, not CMIP, and not publication-grade attribution."
aether_net_zero_2050_25pct_rebound,"AETHER, net-zero 2050, 25% rebound",nonco2_delay_aerosol_unmasking,Delayed non-CO2 mitigation plus aerosol unmasking,2100,350.000000,1.305821,1.050000,-0.050000,2.305821,1.505250,1.171067,0.319196,-0.108126,"Two-box screening emulator with scenario non-CO2 and aerosol forcing; not FAIR, not CMIP, and not publication-grade attribution."
aether_net_zero_2050_25pct_rebound,"AETHER, net-zero 2050, 25% rebound",active_full_forcing_management,Active full-forcing management,2026,433.940256,2.524677,1.200000,-0.700000,3.024677,1.613376,0.772719,0.795947,0.000000,"Two-box screening emulator with scenario non-CO2 and aerosol forcing; not FAIR, not CMIP, and not publication-grade attribution."
aether_net_zero_2050_25pct_rebound,"AETHER, net-zero 2050, 25% rebound",active_full_forcing_management,Active full-forcing management,2027,438.315722,2.581560,1.172917,-0.677083,3.077394,1.627147,0.780705,0.798624,0.013771,"Two-box screening emulator with scenario non-CO2 and aerosol forcing; not FAIR, not CMIP, and not publication-grade attribution."
aether_net_zero_2050_25pct_rebound,"AETHER, net-zero 2050, 25% rebound",active_full_forcing_management,Active full-forcing management,2028,441.766330,2.626020,1.145833,-0.654167,3.117687,1.642314,0.788747,0.804119,0.028938,"Two-box screening emulator with scenario non-CO2 and aerosol forcing; not FAIR, not CMIP, and not publication-grade attribution."
aether_net_zero_2050_25pct_rebound,"AETHER, net-zero 2050, 25% rebound",active_full_forcing_management,Active full-forcing management,2029,444.380442,2.659472,1.118750,-0.631250,3.146972,1.657701,0.796855,0.810889,0.044325,"Two-box screening emulator with scenario non-CO2 and aerosol forcing; not FAIR, not CMIP, and not publication-grade attribution."
aether_net_zero_2050_25pct_rebound,"AETHER, net-zero 2050, 25% rebound",active_full_forcing_management,Active full-forcing management,2030,446.229284,2.683012,1.091667,-0.608333,3.166346,1.672448,0.805033,0.817804,0.059071,"Two-box screening emulator with scenario non-CO2 and aerosol forcing; not FAIR, not CMIP, and not publication-grade attribution."
aether_net_zero_2050_25pct_rebound,"AETHER, net-zero 2050, 25% rebound",active_full_forcing_management,Active full-forcing management,2031,447.370471,2.697494,1.064583,-0.585417,3.176660,1.685923,0.813274,0.824043,0.072547,"Two-box screening emulator with scenario non-CO2 and aerosol forcing; not FAIR, not CMIP, and not publication-grade attribution."
aether_net_zero_2050_25pct_rebound,"AETHER, net-zero 2050, 25% rebound",active_full_forcing_management,Active full-forcing management,2032,447.850801,2.703578,1.037500,-0.562500,3.178578,1.697673,0.821564,0.829017,0.084297,"Two-box screening emulator with scenario non-CO2 and aerosol forcing; not FAIR, not CMIP, and not publication-grade attribution."
aether_net_zero_2050_25pct_rebound,"AETHER, net-zero 2050, 25% rebound",active_full_forcing_management,Active full-forcing management,2033,447.708467,2.701776,1.010417,-0.539583,3.172609,1.707370,0.829887,0.832304,0.093994,"Two-box screening emulator with scenario non-CO2 and aerosol forcing; not FAIR, not CMIP, and not publication-grade attribution."
aether_net_zero_2050_25pct_rebound,"AETHER, net-zero 2050, 25% rebound",active_full_forcing_management,Active full-forcing management,2034,446.974816,2.692477,0.983333,-0.516667,3.159144,1.714776,0.838223,0.833608,0.101400,"Two-box screening emulator with scenario non-CO2 and aerosol forcing; not FAIR, not CMIP, and not publication-grade attribution."
aether_net_zero_2050_25pct_rebound,"AETHER, net-zero 2050, 25% rebound",active_full_forcing_management,Active full-forcing management,2035,445.675738,2.675974,0.956250,-0.493750,3.138474,1.719726,0.846550,0.832726,0.106350,"Two-box screening emulator with scenario non-CO2 and aerosol forcing; not FAIR, not CMIP, and not publication-grade attribution."
aether_net_zero_2050_25pct_rebound,"AETHER, net-zero 2050, 25% rebound",active_full_forcing_management,Active full-forcing management,2036,443.832773,2.652480,0.929167,-0.470833,3.110813,1.722097,0.854846,0.829516,0.108721,"Two-box screening emulator with scenario non-CO2 and aerosol forcing; not FAIR, not CMIP, and not publication-grade attribution."
aether_net_zero_2050_25pct_rebound,"AETHER, net-zero 2050, 25% rebound",active_full_forcing_management,Active full-forcing management,2037,441.463988,2.622139,0.902083,-0.447917,3.076305,1.721803,0.863084,0.823889,0.108427,"Two-box screening emulator with scenario non-CO2 and aerosol forcing; not FAIR, not CMIP, and not publication-grade attribution."
aether_net_zero_2050_25pct_rebound,"AETHER, net-zero 2050, 25% rebound",active_full_forcing_management,Active full-forcing management,2038,438.584671,2.585038,0.875000,-0.425000,3.035038,1.718777,0.871242,0.815782,0.105401,"Two-box screening emulator with scenario non-CO2 and aerosol forcing; not FAIR, not CMIP, and not publication-grade attribution."
aether_net_zero_2050_25pct_rebound,"AETHER, net-zero 2050, 25% rebound",active_full_forcing_management,Active full-forcing management,2039,435.207884,2.541216,0.847917,-0.402083,2.987049,1.712968,0.879294,0.805158,0.099592,"Two-box screening emulator with scenario non-CO2 and aerosol forcing; not FAIR, not CMIP, and not publication-grade attribution."
aether_net_zero_2050_25pct_rebound,"AETHER, net-zero 2050, 25% rebound",active_full_forcing_management,Active full-forcing management,2040,431.344900,2.490665,0.820833,-0.379167,2.932332,1.704331,0.887214,0.791991,0.090955,"Two-box screening emulator with scenario non-CO2 and aerosol forcing; not FAIR, not CMIP, and not publication-grade attribution."
aether_net_zero_2050_25pct_rebound,"AETHER, net-zero 2050, 25% rebound",active_full_forcing_management,Active full-forcing management,2041,427.005549,2.433338,0.793750,-0.356250,2.870838,1.692823,0.894976,0.776261,0.079447,"Two-box screening emulator with scenario non-CO2 and aerosol forcing; not FAIR, not CMIP, and not publication-grade attribution."
aether_net_zero_2050_25pct_rebound,"AETHER, net-zero 2050, 25% rebound",active_full_forcing_management,Active full-forcing management,2042,422.198502,2.369148,0.766667,-0.333333,2.802481,1.678400,0.902556,0.757954,0.065024,"Two-box screening emulator with scenario non-CO2 and aerosol forcing; not FAIR, not CMIP, and not publication-grade attribution."
aether_net_zero_2050_25pct_rebound,"AETHER, net-zero 2050, 25% rebound",active_full_forcing_management,Active full-forcing management,2043,416.931481,2.297971,0.739583,-0.310417,2.727138,1.661015,0.909926,0.737052,0.047639,"Two-box screening emulator with scenario non-CO2 and aerosol forcing; not FAIR, not CMIP, and not publication-grade attribution."
aether_net_zero_2050_25pct_rebound,"AETHER, net-zero 2050, 25% rebound",active_full_forcing_management,Active full-forcing management,2044,411.211439,2.219646,0.712500,-0.287500,2.644646,1.640614,0.917062,0.713535,0.027238,"Two-box screening emulator with scenario non-CO2 and aerosol forcing; not FAIR, not CMIP, and not publication-grade attribution."
aether_net_zero_2050_25pct_rebound,"AETHER, net-zero 2050, 25% rebound",active_full_forcing_management,Active full-forcing management,2045,405.044700,2.133975,0.685417,-0.264583,2.554809,1.617133,0.923936,0.687374,0.003757,"Two-box screening emulator with scenario non-CO2 and aerosol forcing; not FAIR, not CMIP, and not publication-grade attribution."
aether_net_zero_2050_25pct_rebound,"AETHER, net-zero 2050, 25% rebound",active_full_forcing_management,Active full-forcing management,2046,398.437067,2.040719,0.658333,-0.241667,2.457386,1.590500,0.930521,0.658538,-0.022876,"Two-box screening emulator with scenario non-CO2 and aerosol forcing; not FAIR, not CMIP, and not publication-grade attribution."
aether_net_zero_2050_25pct_rebound,"AETHER, net-zero 2050, 25% rebound",active_full_forcing_management,Active full-forcing management,2047,391.849038,1.946187,0.631250,-0.218750,2.358687,1.561179,0.936791,0.626980,-0.052197,"Two-box screening emulator with scenario non-CO2 and aerosol forcing; not FAIR, not CMIP, and not publication-grade attribution."
aether_net_zero_2050_25pct_rebound,"AETHER, net-zero 2050, 25% rebound",active_full_forcing_management,Active full-forcing management,2048,385.255826,1.849976,0.604167,-0.195833,2.258310,1.529512,0.942722,0.593169,-0.083864,"Two-box screening emulator with scenario non-CO2 and aerosol forcing; not FAIR, not CMIP, and not publication-grade attribution."
aether_net_zero_2050_25pct_rebound,"AETHER, net-zero 2050, 25% rebound",active_full_forcing_management,Active full-forcing management,2049,378.637834,1.751733,0.577083,-0.172917,2.155900,1.495745,0.948297,0.557450,-0.117631,"Two-box screening emulator with scenario non-CO2 and aerosol forcing; not FAIR, not CMIP, and not publication-grade attribution."
aether_net_zero_2050_25pct_rebound,"AETHER, net-zero 2050, 25% rebound",active_full_forcing_management,Active full-forcing management,2050,371.979586,1.651145,0.550000,-0.150000,2.051145,1.460048,0.953498,0.520075,-0.153328,"Two-box screening emulator with scenario non-CO2 and aerosol forcing; not FAIR, not CMIP, and not publication-grade attribution."
aether_net_zero_2050_25pct_rebound,"AETHER, net-zero 2050, 25% rebound",active_full_forcing_management,Active full-forcing management,2051,365.494294,1.551423,0.543000,-0.147000,1.947423,1.422843,0.958310,0.481223,-0.190533,"Two-box screening emulator with scenario non-CO2 and aerosol forcing; not FAIR, not CMIP, and not publication-grade attribution."
aether_net_zero_2050_25pct_rebound,"AETHER, net-zero 2050, 25% rebound",active_full_forcing_management,Active full-forcing management,2052,359.157569,1.452261,0.536000,-0.144000,1.844261,1.384429,0.962723,0.441306,-0.228947,"Two-box screening emulator with scenario non-CO2 and aerosol forcing; not FAIR, not CMIP, and not publication-grade attribution."
aether_net_zero_2050_25pct_rebound,"AETHER, net-zero 2050, 25% rebound",active_full_forcing_management,Active full-forcing management,2053,352.949793,1.353406,0.529000,-0.141000,1.741406,1.345027,0.966729,0.400621,-0.268349,"Two-box screening emulator with scenario non-CO2 and aerosol forcing; not FAIR, not CMIP, and not publication-grade attribution."
aether_net_zero_2050_25pct_rebound,"AETHER, net-zero 2050, 25% rebound",active_full_forcing_management,Active full-forcing management,2054,350.000000,1.305821,0.522000,-0.138000,1.689821,1.309065,0.970323,0.359383,-0.304311,"Two-box screening emulator with scenario non-CO2 and aerosol forcing; not FAIR, not CMIP, and not publication-grade attribution."
aether_net_zero_2050_25pct_rebound,"AETHER, net-zero 2050, 25% rebound",active_full_forcing_management,Active full-forcing management,2055,350.000000,1.305821,0.515000,-0.135000,1.685821,1.279827,0.973541,0.321805,-0.333549,"Two-box screening emulator with scenario non-CO2 and aerosol forcing; not FAIR, not CMIP, and not publication-grade attribution."
aether_net_zero_2050_25pct_rebound,"AETHER, net-zero 2050, 25% rebound",active_full_forcing_management,Active full-forcing management,2056,350.000000,1.305821,0.508000,-0.132000,1.681821,1.256017,0.976451,0.290972,-0.357359,"Two-box screening emulator with scenario non-CO2 and aerosol forcing; not FAIR, not CMIP, and not publication-grade attribution."
aether_net_zero_2050_25pct_rebound,"AETHER, net-zero 2050, 25% rebound",active_full_forcing_management,Active full-forcing management,2057,350.000000,1.305821,0.501000,-0.129000,1.677821,1.236588,0.979107,0.265588,-0.376788,"Two-box screening emulator with scenario non-CO2 and aerosol forcing; not FAIR, not CMIP, and not publication-grade attribution."
aether_net_zero_2050_25pct_rebound,"AETHER, net-zero 2050, 25% rebound",active_full_forcing_management,Active full-forcing management,2058,350.000000,1.305821,0.494000,-0.126000,1.673821,1.220695,0.981553,0.244607,-0.392681,"Two-box screening emulator with scenario non-CO2 and aerosol forcing; not FAIR, not CMIP, and not publication-grade attribution."
aether_net_zero_2050_25pct_rebound,"AETHER, net-zero 2050, 25% rebound",active_full_forcing_management,Active full-forcing management,2059,350.000000,1.305821,0.487000,-0.123000,1.669821,1.207655,0.983825,0.227185,-0.405721,"Two-box screening emulator with scenario non-CO2 and aerosol forcing; not FAIR, not CMIP, and not publication-grade attribution."
aether_net_zero_2050_25pct_rebound,"AETHER, net-zero 2050, 25% rebound",active_full_forcing_management,Active full-forcing management,2060,350.000000,1.305821,0.480000,-0.120000,1.665821,1.196918,0.985951,0.212639,-0.416458,"Two-box screening emulator with scenario non-CO2 and aerosol forcing; not FAIR, not CMIP, and not publication-grade attribution."
aether_net_zero_2050_25pct_rebound,"AETHER, net-zero 2050, 25% rebound",active_full_forcing_management,Active full-forcing management,2061,350.000000,1.305821,0.473000,-0.117000,1.661821,1.188038,0.987955,0.200419,-0.425338,"Two-box screening emulator with scenario non-CO2 and aerosol forcing; not FAIR, not CMIP, and not publication-grade attribution."
aether_net_zero_2050_25pct_rebound,"AETHER, net-zero 2050, 25% rebound",active_full_forcing_management,Active full-forcing management,2062,350.000000,1.305821,0.466000,-0.114000,1.657821,1.180656,0.989856,0.190079,-0.432720,"Two-box screening emulator with scenario non-CO2 and aerosol forcing; not FAIR, not CMIP, and not publication-grade attribution."
aether_net_zero_2050_25pct_rebound,"AETHER, net-zero 2050, 25% rebound",active_full_forcing_management,Active full-forcing management,2063,350.000000,1.305821,0.459000,-0.111000,1.653821,1.174481,0.991669,0.181260,-0.438895,"Two-box screening emulator with scenario non-CO2 and aerosol forcing; not FAIR, not CMIP, and not publication-grade attribution."
aether_net_zero_2050_25pct_rebound,"AETHER, net-zero 2050, 25% rebound",active_full_forcing_management,Active full-forcing management,2064,350.000000,1.305821,0.452000,-0.108000,1.649821,1.169279,0.993405,0.173672,-0.444097,"Two-box screening emulator with scenario non-CO2 and aerosol forcing; not FAIR, not CMIP, and not publication-grade attribution."
aether_net_zero_2050_25pct_rebound,"AETHER, net-zero 2050, 25% rebound",active_full_forcing_management,Active full-forcing management,2065,350.000000,1.305821,0.445000,-0.105000,1.645821,1.164861,0.995076,0.167080,-0.448515,"Two-box screening emulator with scenario non-CO2 and aerosol forcing; not FAIR, not CMIP, and not publication-grade attribution."
aether_net_zero_2050_25pct_rebound,"AETHER, net-zero 2050, 25% rebound",active_full_forcing_management,Active full-forcing management,2066,350.000000,1.305821,0.438000,-0.102000,1.641821,1.161074,0.996689,0.161296,-0.452302,"Two-box screening emulator with scenario non-CO2 and aerosol forcing; not FAIR, not CMIP, and not publication-grade attribution."
aether_net_zero_2050_25pct_rebound,"AETHER, net-zero 2050, 25% rebound",active_full_forcing_management,Active full-forcing management,2067,350.000000,1.305821,0.431000,-0.099000,1.637821,1.157795,0.998251,0.156166,-0.455581,"Two-box screening emulator with scenario non-CO2 and aerosol forcing; not FAIR, not CMIP, and not publication-grade attribution."
aether_net_zero_2050_25pct_rebound,"AETHER, net-zero 2050, 25% rebound",active_full_forcing_management,Active full-forcing management,2068,350.000000,1.305821,0.424000,-0.096000,1.633821,1.154924,0.999766,0.151567,-0.458452,"Two-box screening emulator with scenario non-CO2 and aerosol forcing; not FAIR, not CMIP, and not publication-grade attribution."
aether_net_zero_2050_25pct_rebound,"AETHER, net-zero 2050, 25% rebound",active_full_forcing_management,Active full-forcing management,2069,350.000000,1.305821,0.417000,-0.093000,1.629821,1.152380,1.001240,0.147399,-0.460996,"Two-box screening emulator with scenario non-CO2 and aerosol forcing; not FAIR, not CMIP, and not publication-grade attribution."
aether_net_zero_2050_25pct_rebound,"AETHER, net-zero 2050, 25% rebound",active_full_forcing_management,Active full-forcing management,2070,350.000000,1.305821,0.410000,-0.090000,1.625821,1.150098,1.002676,0.143582,-0.463278,"Two-box screening emulator with scenario non-CO2 and aerosol forcing; not FAIR, not CMIP, and not publication-grade attribution."
aether_net_zero_2050_25pct_rebound,"AETHER, net-zero 2050, 25% rebound",active_full_forcing_management,Active full-forcing management,2071,350.000000,1.305821,0.403000,-0.087000,1.621821,1.148027,1.004077,0.140051,-0.465349,"Two-box screening emulator with scenario non-CO2 and aerosol forcing; not FAIR, not CMIP, and not publication-grade attribution."
aether_net_zero_2050_25pct_rebound,"AETHER, net-zero 2050, 25% rebound",active_full_forcing_management,Active full-forcing management,2072,350.000000,1.305821,0.396000,-0.084000,1.617821,1.146123,1.005444,0.136752,-0.467253,"Two-box screening emulator with scenario non-CO2 and aerosol forcing; not FAIR, not CMIP, and not publication-grade attribution."
aether_net_zero_2050_25pct_rebound,"AETHER, net-zero 2050, 25% rebound",active_full_forcing_management,Active full-forcing management,2073,350.000000,1.305821,0.389000,-0.081000,1.613821,1.144352,1.006781,0.133645,-0.469024,"Two-box screening emulator with scenario non-CO2 and aerosol forcing; not FAIR, not CMIP, and not publication-grade attribution."
aether_net_zero_2050_25pct_rebound,"AETHER, net-zero 2050, 25% rebound",active_full_forcing_management,Active full-forcing management,2074,350.000000,1.305821,0.382000,-0.078000,1.609821,1.142688,1.008088,0.130693,-0.470688,"Two-box screening emulator with scenario non-CO2 and aerosol forcing; not FAIR, not CMIP, and not publication-grade attribution."
aether_net_zero_2050_25pct_rebound,"AETHER, net-zero 2050, 25% rebound",active_full_forcing_management,Active full-forcing management,2075,350.000000,1.305821,0.375000,-0.075000,1.605821,1.141107,1.009366,0.127870,-0.472269,"Two-box screening emulator with scenario non-CO2 and aerosol forcing; not FAIR, not CMIP, and not publication-grade attribution."
aether_net_zero_2050_25pct_rebound,"AETHER, net-zero 2050, 25% rebound",active_full_forcing_management,Active full-forcing management,2076,350.000000,1.305821,0.368000,-0.072000,1.601821,1.139592,1.010618,0.125154,-0.473784,"Two-box screening emulator with scenario non-CO2 and aerosol forcing; not FAIR, not CMIP, and not publication-grade attribution."
aether_net_zero_2050_25pct_rebound,"AETHER, net-zero 2050, 25% rebound",active_full_forcing_management,Active full-forcing management,2077,350.000000,1.305821,0.361000,-0.069000,1.597821,1.138128,1.011843,0.122525,-0.475248,"Two-box screening emulator with scenario non-CO2 and aerosol forcing; not FAIR, not CMIP, and not publication-grade attribution."
aether_net_zero_2050_25pct_rebound,"AETHER, net-zero 2050, 25% rebound",active_full_forcing_management,Active full-forcing management,2078,350.000000,1.305821,0.354000,-0.066000,1.593821,1.136703,1.013043,0.119970,-0.476673,"Two-box screening emulator with scenario non-CO2 and aerosol forcing; not FAIR, not CMIP, and not publication-grade attribution."
aether_net_zero_2050_25pct_rebound,"AETHER, net-zero 2050, 25% rebound",active_full_forcing_management,Active full-forcing management,2079,350.000000,1.305821,0.347000,-0.063000,1.589821,1.135308,1.014218,0.117477,-0.478068,"Two-box screening emulator with scenario non-CO2 and aerosol forcing; not FAIR, not CMIP, and not publication-grade attribution."
aether_net_zero_2050_25pct_rebound,"AETHER, net-zero 2050, 25% rebound",active_full_forcing_management,Active full-forcing management,2080,350.000000,1.305821,0.340000,-0.060000,1.585821,1.133936,1.015368,0.115036,-0.479440,"Two-box screening emulator with scenario non-CO2 and aerosol forcing; not FAIR, not CMIP, and not publication-grade attribution."
aether_net_zero_2050_25pct_rebound,"AETHER, net-zero 2050, 25% rebound",active_full_forcing_management,Active full-forcing management,2081,350.000000,1.305821,0.333000,-0.057000,1.581821,1.132580,1.016494,0.112640,-0.480796,"Two-box screening emulator with scenario non-CO2 and aerosol forcing; not FAIR, not CMIP, and not publication-grade attribution."
aether_net_zero_2050_25pct_rebound,"AETHER, net-zero 2050, 25% rebound",active_full_forcing_management,Active full-forcing management,2082,350.000000,1.305821,0.326000,-0.054000,1.577821,1.131235,1.017597,0.110281,-0.482141,"Two-box screening emulator with scenario non-CO2 and aerosol forcing; not FAIR, not CMIP, and not publication-grade attribution."
aether_net_zero_2050_25pct_rebound,"AETHER, net-zero 2050, 25% rebound",active_full_forcing_management,Active full-forcing management,2083,350.000000,1.305821,0.319000,-0.051000,1.573821,1.129897,1.018677,0.107956,-0.483479,"Two-box screening emulator with scenario non-CO2 and aerosol forcing; not FAIR, not CMIP, and not publication-grade attribution."
aether_net_zero_2050_25pct_rebound,"AETHER, net-zero 2050, 25% rebound",active_full_forcing_management,Active full-forcing management,2084,350.000000,1.305821,0.312000,-0.048000,1.569821,1.128563,1.019733,0.105659,-0.484813,"Two-box screening emulator with scenario non-CO2 and aerosol forcing; not FAIR, not CMIP, and not publication-grade attribution."
aether_net_zero_2050_25pct_rebound,"AETHER, net-zero 2050, 25% rebound",active_full_forcing_management,Active full-forcing management,2085,350.000000,1.305821,0.305000,-0.045000,1.565821,1.127231,1.020767,0.103389,-0.486145,"Two-box screening emulator with scenario non-CO2 and aerosol forcing; not FAIR, not CMIP, and not publication-grade attribution."
aether_net_zero_2050_25pct_rebound,"AETHER, net-zero 2050, 25% rebound",active_full_forcing_management,Active full-forcing management,2086,350.000000,1.305821,0.298000,-0.042000,1.561821,1.125899,1.021779,0.101141,-0.487477,"Two-box screening emulator with scenario non-CO2 and aerosol forcing; not FAIR, not CMIP, and not publication-grade attribution."
aether_net_zero_2050_25pct_rebound,"AETHER, net-zero 2050, 25% rebound",active_full_forcing_management,Active full-forcing management,2087,350.000000,1.305821,0.291000,-0.039000,1.557821,1.124564,1.022768,0.098914,-0.488812,"Two-box screening emulator with scenario non-CO2 and aerosol forcing; not FAIR, not CMIP, and not publication-grade attribution."
aether_net_zero_2050_25pct_rebound,"AETHER, net-zero 2050, 25% rebound",active_full_forcing_management,Active full-forcing management,2088,350.000000,1.305821,0.284000,-0.036000,1.553821,1.123225,1.023735,0.096706,-0.490151,"Two-box screening emulator with scenario non-CO2 and aerosol forcing; not FAIR, not CMIP, and not publication-grade attribution."
aether_net_zero_2050_25pct_rebound,"AETHER, net-zero 2050, 25% rebound",active_full_forcing_management,Active full-forcing management,2089,350.000000,1.305821,0.277000,-0.033000,1.549821,1.121882,1.024680,0.094516,-0.491494,"Two-box screening emulator with scenario non-CO2 and aerosol forcing; not FAIR, not CMIP, and not publication-grade attribution."
aether_net_zero_2050_25pct_rebound,"AETHER, net-zero 2050, 25% rebound",active_full_forcing_management,Active full-forcing management,2090,350.000000,1.305821,0.270000,-0.030000,1.545821,1.120533,1.025603,0.092342,-0.492843,"Two-box screening emulator with scenario non-CO2 and aerosol forcing; not FAIR, not CMIP, and not publication-grade attribution."
aether_net_zero_2050_25pct_rebound,"AETHER, net-zero 2050, 25% rebound",active_full_forcing_management,Active full-forcing management,2091,350.000000,1.305821,0.263000,-0.027000,1.541821,1.119178,1.026505,0.090183,-0.494198,"Two-box screening emulator with scenario non-CO2 and aerosol forcing; not FAIR, not CMIP, and not publication-grade attribution."
aether_net_zero_2050_25pct_rebound,"AETHER, net-zero 2050, 25% rebound",active_full_forcing_management,Active full-forcing management,2092,350.000000,1.305821,0.256000,-0.024000,1.537821,1.117816,1.027386,0.088039,-0.495560,"Two-box screening emulator with scenario non-CO2 and aerosol forcing; not FAIR, not CMIP, and not publication-grade attribution."
aether_net_zero_2050_25pct_rebound,"AETHER, net-zero 2050, 25% rebound",active_full_forcing_management,Active full-forcing management,2093,350.000000,1.305821,0.249000,-0.021000,1.533821,1.116447,1.028245,0.085909,-0.496929,"Two-box screening emulator with scenario non-CO2 and aerosol forcing; not FAIR, not CMIP, and not publication-grade attribution."
aether_net_zero_2050_25pct_rebound,"AETHER, net-zero 2050, 25% rebound",active_full_forcing_management,Active full-forcing management,2094,350.000000,1.305821,0.242000,-0.018000,1.529821,1.115071,1.029083,0.083792,-0.498305,"Two-box screening emulator with scenario non-CO2 and aerosol forcing; not FAIR, not CMIP, and not publication-grade attribution."
aether_net_zero_2050_25pct_rebound,"AETHER, net-zero 2050, 25% rebound",active_full_forcing_management,Active full-forcing management,2095,350.000000,1.305821,0.235000,-0.015000,1.525821,1.113687,1.029899,0.081689,-0.499689,"Two-box screening emulator with scenario non-CO2 and aerosol forcing; not FAIR, not CMIP, and not publication-grade attribution."
aether_net_zero_2050_25pct_rebound,"AETHER, net-zero 2050, 25% rebound",active_full_forcing_management,Active full-forcing management,2096,350.000000,1.305821,0.228000,-0.012000,1.521821,1.112294,1.030695,0.079598,-0.501082,"Two-box screening emulator with scenario non-CO2 and aerosol forcing; not FAIR, not CMIP, and not publication-grade attribution."
aether_net_zero_2050_25pct_rebound,"AETHER, net-zero 2050, 25% rebound",active_full_forcing_management,Active full-forcing management,2097,350.000000,1.305821,0.221000,-0.009000,1.517821,1.110894,1.031471,0.077519,-0.502482,"Two-box screening emulator with scenario non-CO2 and aerosol forcing; not FAIR, not CMIP, and not publication-grade attribution."
aether_net_zero_2050_25pct_rebound,"AETHER, net-zero 2050, 25% rebound",active_full_forcing_management,Active full-forcing management,2098,350.000000,1.305821,0.214000,-0.006000,1.513821,1.109486,1.032225,0.075452,-0.503890,"Two-box screening emulator with scenario non-CO2 and aerosol forcing; not FAIR, not CMIP, and not publication-grade attribution."
aether_net_zero_2050_25pct_rebound,"AETHER, net-zero 2050, 25% rebound",active_full_forcing_management,Active full-forcing management,2099,350.000000,1.305821,0.207000,-0.003000,1.509821,1.108069,1.032959,0.073397,-0.505307,"Two-box screening emulator with scenario non-CO2 and aerosol forcing; not FAIR, not CMIP, and not publication-grade attribution."
aether_net_zero_2050_25pct_rebound,"AETHER, net-zero 2050, 25% rebound",active_full_forcing_management,Active full-forcing management,2100,350.000000,1.305821,0.200000,0.000000,1.505821,1.106644,1.033673,0.071354,-0.506733,"Two-box screening emulator with scenario non-CO2 and aerosol forcing; not FAIR, not CMIP, and not publication-grade attribution."
