case,display_name,year,baseline_emissions_gtco2_y,planned_gross_aether_removal_gtco2_y,gross_aether_removal_gtco2_y,induced_or_delayed_emissions_gtco2_y,direct_net_emissions_gtco2_y_before_carbon_cycle,removal_effectiveness_multiplier,atmospheric_management_floor_ppm,effective_net_pulse_gtco2_y_for_reduced_form_model,cumulative_baseline_emissions_gtco2,cumulative_induced_or_delayed_emissions_gtco2,cumulative_gross_aether_removal_gtco2,cumulative_effective_net_gtco2,atmospheric_burden_from_2026_pulses_gtco2,atmospheric_co2_ppm_reduced_form,atmosphere_only_ppm_with_same_effective_net
baseline_constant_emissions_no_aether,"No AETHER, constant emissions",2026,42.2,0.0,0.0,0.0,42.2,1.0,,42.2,42.2,0.0,0.0,42.2,42.2,433.9402564102564,433.9402564102564
baseline_constant_emissions_no_aether,"No AETHER, constant emissions",2027,42.2,0.0,0.0,0.0,42.2,1.0,,42.2,84.4,0.0,0.0,84.4,81.63696104943219,438.99627705761947,439.3505128205128
baseline_constant_emissions_no_aether,"No AETHER, constant emissions",2028,42.2,0.0,0.0,0.0,42.2,1.0,,42.2,126.60000000000001,0.0,0.0,126.60000000000001,118.82081252370283,443.7634375030388,444.7607692307692
baseline_constant_emissions_no_aether,"No AETHER, constant emissions",2029,42.2,0.0,0.0,0.0,42.2,1.0,,42.2,168.8,0.0,0.0,168.8,154.15734129089373,448.2937617039607,450.1710256410256
baseline_constant_emissions_no_aether,"No AETHER, constant emissions",2030,42.2,0.0,0.0,0.0,42.2,1.0,,42.2,211.0,0.0,0.0,211.0,187.96974074675205,452.62868471112205,455.581282051282
baseline_constant_emissions_no_aether,"No AETHER, constant emissions",2031,42.2,0.0,0.0,0.0,42.2,1.0,,42.2,253.2,0.0,0.0,253.2,220.51569333700388,456.8012427355133,460.9915384615384
baseline_constant_emissions_no_aether,"No AETHER, constant emissions",2032,42.2,0.0,0.0,0.0,42.2,1.0,,42.2,295.4,0.0,0.0,295.4,252.00091255602285,460.8378093020542,466.40179487179483
baseline_constant_emissions_no_aether,"No AETHER, constant emissions",2033,42.2,0.0,0.0,0.0,42.2,1.0,,42.2,337.59999999999997,0.0,0.0,337.59999999999997,282.58987843102113,464.7594715937206,471.81205128205124
baseline_constant_emissions_no_aether,"No AETHER, constant emissions",2034,42.2,0.0,0.0,0.0,42.2,1.0,,42.2,379.79999999999995,0.0,0.0,379.79999999999995,312.4143483232695,468.58312157990633,477.22230769230765
baseline_constant_emissions_no_aether,"No AETHER, constant emissions",2035,42.2,0.0,0.0,0.0,42.2,1.0,,42.2,421.99999999999994,0.0,0.0,421.99999999999994,341.58010425041124,472.322321057745,482.63256410256406
baseline_constant_emissions_no_aether,"No AETHER, constant emissions",2036,42.2,0.0,0.0,0.0,42.2,1.0,,42.2,464.19999999999993,0.0,0.0,464.19999999999993,370.1723023155558,475.9879874763533,488.04282051282047
baseline_constant_emissions_no_aether,"No AETHER, constant emissions",2037,42.2,0.0,0.0,0.0,42.2,1.0,,42.2,506.3999999999999,0.0,0.0,506.3999999999999,398.2597140345245,479.58893769673386,493.4530769230769
baseline_constant_emissions_no_aether,"No AETHER, constant emissions",2038,42.2,0.0,0.0,0.0,42.2,1.0,,42.2,548.5999999999999,0.0,0.0,548.5999999999999,425.89808927234117,483.1323191374796,498.8633333333333
baseline_constant_emissions_no_aether,"No AETHER, constant emissions",2039,42.2,0.0,0.0,0.0,42.2,1.0,,42.2,590.8,0.0,0.0,590.8,453.13282287590954,486.6239516507576,504.2735897435897
baseline_constant_emissions_no_aether,"No AETHER, constant emissions",2040,42.2,0.0,0.0,0.0,42.2,1.0,,42.2,633.0,0.0,0.0,633.0,480.00106933932705,490.068598633247,509.68384615384616
baseline_constant_emissions_no_aether,"No AETHER, constant emissions",2041,42.2,0.0,0.0,0.0,42.2,1.0,,42.2,675.2,0.0,0.0,675.2,506.5334199143937,493.47018204030684,515.0941025641025
baseline_constant_emissions_no_aether,"No AETHER, constant emissions",2042,42.2,0.0,0.0,0.0,42.2,1.0,,42.2,717.4000000000001,0.0,0.0,717.4000000000001,532.7552328589398,496.8319529306333,520.504358974359
baseline_constant_emissions_no_aether,"No AETHER, constant emissions",2043,42.2,0.0,0.0,0.0,42.2,1.0,,42.2,759.6000000000001,0.0,0.0,759.6000000000001,558.6876887133785,500.1566267581254,525.9146153846153
baseline_constant_emissions_no_aether,"No AETHER, constant emissions",2044,42.2,0.0,0.0,0.0,42.2,1.0,,42.2,801.8000000000002,0.0,0.0,801.8000000000002,584.3486275918225,503.4464907169003,531.3248717948718
baseline_constant_emissions_no_aether,"No AETHER, constant emissions",2045,42.2,0.0,0.0,0.0,42.2,1.0,,42.2,844.0000000000002,0.0,0.0,844.0000000000002,609.7532136600138,506.70348893077096,536.7351282051281
baseline_constant_emissions_no_aether,"No AETHER, constant emissions",2046,42.2,0.0,0.0,0.0,42.2,1.0,,42.2,886.2000000000003,0.0,0.0,886.2000000000003,634.9144626075557,509.9292900778917,542.1453846153846
baseline_constant_emissions_no_aether,"No AETHER, constant emissions",2047,42.2,0.0,0.0,0.0,42.2,1.0,,42.2,928.4000000000003,0.0,0.0,928.4000000000003,659.8436604987161,513.1253410895789,547.5556410256411
baseline_constant_emissions_no_aether,"No AETHER, constant emissions",2048,42.2,0.0,0.0,0.0,42.2,1.0,,42.2,970.6000000000004,0.0,0.0,970.6000000000004,684.550696501857,516.2929098079303,552.9658974358974
baseline_constant_emissions_no_aether,"No AETHER, constant emissions",2049,42.2,0.0,0.0,0.0,42.2,1.0,,42.2,1012.8000000000004,0.0,0.0,1012.8000000000004,709.0443273332529,519.4331188888785,558.3761538461539
baseline_constant_emissions_no_aether,"No AETHER, constant emissions",2050,42.2,0.0,0.0,0.0,42.2,1.0,,42.2,1055.0000000000005,0.0,0.0,1055.0000000000005,733.3323875537857,522.5469727633058,563.7864102564102
baseline_constant_emissions_no_aether,"No AETHER, constant emissions",2051,42.2,0.0,0.0,0.0,42.2,1.0,,42.2,1097.2000000000005,0.0,0.0,1097.2000000000005,757.4219569262503,525.635379093109,569.1966666666667
baseline_constant_emissions_no_aether,"No AETHER, constant emissions",2052,42.2,0.0,0.0,0.0,42.2,1.0,,42.2,1139.4000000000005,0.0,0.0,1139.4000000000005,781.3194937178545,528.6991658612634,574.6069230769231
baseline_constant_emissions_no_aether,"No AETHER, constant emissions",2053,42.2,0.0,0.0,0.0,42.2,1.0,,42.2,1181.6000000000006,0.0,0.0,1181.6000000000006,805.0309409909804,531.7390949988436,580.0171794871795
baseline_constant_emissions_no_aether,"No AETHER, constant emissions",2054,42.2,0.0,0.0,0.0,42.2,1.0,,42.2,1223.8000000000006,0.0,0.0,1223.8000000000006,828.5618114655439,534.7558732648133,585.427435897436
baseline_constant_emissions_no_aether,"No AETHER, constant emissions",2055,42.2,0.0,0.0,0.0,42.2,1.0,,42.2,1266.0000000000007,0.0,0.0,1266.0000000000007,851.9172553791713,537.7501609460476,590.8376923076924
baseline_constant_emissions_no_aether,"No AETHER, constant emissions",2056,42.2,0.0,0.0,0.0,42.2,1.0,,42.2,1308.2000000000007,0.0,0.0,1308.2000000000007,875.1021148541978,540.7225788274612,596.2479487179488
baseline_constant_emissions_no_aether,"No AETHER, constant emissions",2057,42.2,0.0,0.0,0.0,42.2,1.0,,42.2,1350.4000000000008,0.0,0.0,1350.4000000000008,898.1209675534097,543.6737137888987,601.6582051282052
baseline_constant_emissions_no_aether,"No AETHER, constant emissions",2058,42.2,0.0,0.0,0.0,42.2,1.0,,42.2,1392.6000000000008,0.0,0.0,1392.6000000000008,920.9781618301223,546.6041233115541,607.0684615384616
baseline_constant_emissions_no_aether,"No AETHER, constant emissions",2059,42.2,0.0,0.0,0.0,42.2,1.0,,42.2,1434.8000000000009,0.0,0.0,1434.8000000000009,943.6778451213057,549.5143391181161,612.478717948718
baseline_constant_emissions_no_aether,"No AETHER, constant emissions",2060,42.2,0.0,0.0,0.0,42.2,1.0,,42.2,1477.000000000001,0.0,0.0,1477.000000000001,966.2239869703279,552.404870124401,617.8889743589745
baseline_constant_emissions_no_aether,"No AETHER, constant emissions",2061,42.2,0.0,0.0,0.0,42.2,1.0,,42.2,1519.200000000001,0.0,0.0,1519.200000000001,988.6203977787924,555.2762048434349,623.2992307692309
baseline_constant_emissions_no_aether,"No AETHER, constant emissions",2062,42.2,0.0,0.0,0.0,42.2,1.0,,42.2,1561.400000000001,0.0,0.0,1561.400000000001,1010.87074415938,558.1288133537666,628.7094871794873
baseline_constant_emissions_no_aether,"No AETHER, constant emissions",2063,42.2,0.0,0.0,0.0,42.2,1.0,,42.2,1603.600000000001,0.0,0.0,1603.600000000001,1032.9785615812,560.9631489206666,634.1197435897437
baseline_constant_emissions_no_aether,"No AETHER, constant emissions",2064,42.2,0.0,0.0,0.0,42.2,1.0,,42.2,1645.800000000001,0.0,0.0,1645.800000000001,1054.9472648561414,563.7796493405309,639.5300000000001
baseline_constant_emissions_no_aether,"No AETHER, constant emissions",2065,42.2,0.0,0.0,0.0,42.2,1.0,,42.2,1688.0000000000011,0.0,0.0,1688.0000000000011,1076.7801569013563,566.5787380642764,644.9402564102566
baseline_constant_emissions_no_aether,"No AETHER, constant emissions",2066,42.2,0.0,0.0,0.0,42.2,1.0,,42.2,1730.2000000000012,0.0,0.0,1730.2000000000012,1098.4804361231172,569.3608251439894,650.3505128205129
baseline_constant_emissions_no_aether,"No AETHER, constant emissions",2067,42.2,0.0,0.0,0.0,42.2,1.0,,42.2,1772.4000000000012,0.0,0.0,1772.4000000000012,1120.0512026960532,572.1263080379555,655.7607692307694
baseline_constant_emissions_no_aether,"No AETHER, constant emissions",2068,42.2,0.0,0.0,0.0,42.2,1.0,,42.2,1814.6000000000013,0.0,0.0,1814.6000000000013,1141.4954639552723,574.875572301958,661.1710256410258
baseline_constant_emissions_no_aether,"No AETHER, constant emissions",2069,42.2,0.0,0.0,0.0,42.2,1.0,,42.2,1856.8000000000013,0.0,0.0,1856.8000000000013,1162.8161390740975,577.6089921889868,666.5812820512822
baseline_constant_emissions_no_aether,"No AETHER, constant emissions",2070,42.2,0.0,0.0,0.0,42.2,1.0,,42.2,1899.0000000000014,0.0,0.0,1899.0000000000014,1184.0160631646368,580.3269311749534,671.9915384615387
baseline_constant_emissions_no_aether,"No AETHER, constant emissions",2071,42.2,0.0,0.0,0.0,42.2,1.0,,42.2,1941.2000000000014,0.0,0.0,1941.2000000000014,1205.0979909102446,583.0297424243903,677.401794871795
baseline_constant_emissions_no_aether,"No AETHER, constant emissions",2072,42.2,0.0,0.0,0.0,42.2,1.0,,42.2,1983.4000000000015,0.0,0.0,1983.4000000000015,1226.064599816619,585.7177692072588,682.8120512820515
baseline_constant_emissions_no_aether,"No AETHER, constant emissions",2073,42.2,0.0,0.0,0.0,42.2,1.0,,42.2,2025.6000000000015,0.0,0.0,2025.6000000000015,1246.9184931505645,588.3913452757133,688.2223076923078
baseline_constant_emissions_no_aether,"No AETHER, constant emissions",2074,42.2,0.0,0.0,0.0,42.2,1.0,,42.2,2067.8000000000015,0.0,0.0,2067.8000000000015,1267.6622026214122,591.0507952078733,693.6325641025643
baseline_constant_emissions_no_aether,"No AETHER, constant emissions",2075,42.2,0.0,0.0,0.0,42.2,1.0,,42.2,2110.0000000000014,0.0,0.0,2110.0000000000014,1288.2981908489533,593.6964347242248,699.0428205128206
baseline_constant_emissions_no_aether,"No AETHER, constant emissions",2076,42.2,0.0,0.0,0.0,42.2,1.0,,42.2,2152.200000000001,0.0,0.0,2152.200000000001,1308.8288536529028,596.3285709811414,704.4530769230771
baseline_constant_emissions_no_aether,"No AETHER, constant emissions",2077,42.2,0.0,0.0,0.0,42.2,1.0,,42.2,2194.400000000001,0.0,0.0,2194.400000000001,1329.2565221919017,598.9475028451155,709.8633333333335
baseline_constant_emissions_no_aether,"No AETHER, constant emissions",2078,42.2,0.0,0.0,0.0,42.2,1.0,,42.2,2236.600000000001,0.0,0.0,2236.600000000001,1349.5834649745018,601.5535211505771,715.2735897435898
baseline_constant_emissions_no_aether,"No AETHER, constant emissions",2079,42.2,0.0,0.0,0.0,42.2,1.0,,42.2,2278.8000000000006,0.0,0.0,2278.8000000000006,1369.8118897601614,604.1469089436105,720.6838461538462
baseline_constant_emissions_no_aether,"No AETHER, constant emissions",2080,42.2,0.0,0.0,0.0,42.2,1.0,,42.2,2321.0000000000005,0.0,0.0,2321.0000000000005,1389.9439453647694,606.727941713432,726.0941025641026
baseline_constant_emissions_no_aether,"No AETHER, constant emissions",2081,42.2,0.0,0.0,0.0,42.2,1.0,,42.2,2363.2000000000003,0.0,0.0,2363.2000000000003,1409.9817233824294,609.296887613132,731.504358974359
baseline_constant_emissions_no_aether,"No AETHER, constant emissions",2082,42.2,0.0,0.0,0.0,42.2,1.0,,42.2,2405.4,0.0,0.0,2405.4,1429.9272598330242,611.8540076709005,736.9146153846154
baseline_constant_emissions_no_aether,"No AETHER, constant emissions",2083,42.2,0.0,0.0,0.0,42.2,1.0,,42.2,2447.6,0.0,0.0,2447.6,1449.7825367433195,614.3995559927332,742.3248717948718
baseline_constant_emissions_no_aether,"No AETHER, constant emissions",2084,42.2,0.0,0.0,0.0,42.2,1.0,,42.2,2489.7999999999997,0.0,0.0,2489.7999999999997,1469.5494836679525,616.9337799574298,747.7351282051281
baseline_constant_emissions_no_aether,"No AETHER, constant emissions",2085,42.2,0.0,0.0,0.0,42.2,1.0,,42.2,2531.9999999999995,0.0,0.0,2531.9999999999995,1489.2299791555517,619.4569204045579,753.1453846153845
baseline_constant_emissions_no_aether,"No AETHER, constant emissions",2086,42.2,0.0,0.0,0.0,42.2,1.0,,42.2,2574.1999999999994,0.0,0.0,2574.1999999999994,1508.8258521643286,621.9692118159395,758.5556410256409
baseline_constant_emissions_no_aether,"No AETHER, constant emissions",2087,42.2,0.0,0.0,0.0,42.2,1.0,,42.2,2616.399999999999,0.0,0.0,2616.399999999999,1528.3388834307814,624.4708824911258,763.9658974358973
baseline_constant_emissions_no_aether,"No AETHER, constant emissions",2088,42.2,0.0,0.0,0.0,42.2,1.0,,42.2,2658.599999999999,0.0,0.0,2658.599999999999,1547.7708067945694,626.9621547172525,769.3761538461537
baseline_constant_emissions_no_aether,"No AETHER, constant emissions",2089,42.2,0.0,0.0,0.0,42.2,1.0,,42.2,2700.799999999999,0.0,0.0,2700.799999999999,1567.1233104821783,629.4432449336126,774.7864102564101
baseline_constant_emissions_no_aether,"No AETHER, constant emissions",2090,42.2,0.0,0.0,0.0,42.2,1.0,,42.2,2742.9999999999986,0.0,0.0,2742.9999999999986,1586.3980383516107,631.9143638912321,780.1966666666665
baseline_constant_emissions_no_aether,"No AETHER, constant emissions",2091,42.2,0.0,0.0,0.0,42.2,1.0,,42.2,2785.1999999999985,0.0,0.0,2785.1999999999985,1605.5965911000555,634.3757168076994,785.6069230769228
baseline_constant_emissions_no_aether,"No AETHER, constant emissions",2092,42.2,0.0,0.0,0.0,42.2,1.0,,42.2,2827.3999999999983,0.0,0.0,2827.3999999999983,1624.7205274362484,636.8275035174677,791.0171794871792
baseline_constant_emissions_no_aether,"No AETHER, constant emissions",2093,42.2,0.0,0.0,0.0,42.2,1.0,,42.2,2869.599999999998,0.0,0.0,2869.599999999998,1643.7713652190307,639.2699186178245,796.4274358974357
baseline_constant_emissions_no_aether,"No AETHER, constant emissions",2094,42.2,0.0,0.0,0.0,42.2,1.0,,42.2,2911.799999999998,0.0,0.0,2911.799999999998,1662.7505825634805,641.7031516107027,801.837692307692
baseline_constant_emissions_no_aether,"No AETHER, constant emissions",2095,42.2,0.0,0.0,0.0,42.2,1.0,,42.2,2953.9999999999977,0.0,0.0,2953.9999999999977,1681.6596189158292,644.1273870404909,807.2479487179485
baseline_constant_emissions_no_aether,"No AETHER, constant emissions",2096,42.2,0.0,0.0,0.0,42.2,1.0,,42.2,2996.1999999999975,0.0,0.0,2996.1999999999975,1700.4998760983,646.5428046279872,812.6582051282048
baseline_constant_emissions_no_aether,"No AETHER, constant emissions",2097,42.2,0.0,0.0,0.0,42.2,1.0,,42.2,3038.3999999999974,0.0,0.0,3038.3999999999974,1719.272719324895,648.9495794006275,818.0684615384612
baseline_constant_emissions_no_aether,"No AETHER, constant emissions",2098,42.2,0.0,0.0,0.0,42.2,1.0,,42.2,3080.599999999997,0.0,0.0,3080.599999999997,1737.9794781890935,651.3478818191145,823.4787179487175
baseline_constant_emissions_no_aether,"No AETHER, constant emissions",2099,42.2,0.0,0.0,0.0,42.2,1.0,,42.2,3122.799999999997,0.0,0.0,3122.799999999997,1756.621447624362,653.7378779005592,828.8889743589739
baseline_constant_emissions_no_aether,"No AETHER, constant emissions",2100,42.2,0.0,0.0,0.0,42.2,1.0,,42.2,3164.999999999997,0.0,0.0,3164.999999999997,1775.1998888383148,656.1197293382454,834.2992307692303
aether_constant_emissions_no_rebound,"AETHER, constant emissions",2026,42.2,0.0,0.0,0.0,42.2,0.96,350.0,42.2,42.2,0.0,0.0,42.2,42.2,433.9402564102564,433.9402564102564
aether_constant_emissions_no_rebound,"AETHER, constant emissions",2027,42.2,5.0,5.0,0.0,37.2,0.96,350.0,37.400000000000006,84.4,0.0,5.0,79.60000000000001,76.8369610494322,438.3808924422349,438.7351282051282
aether_constant_emissions_no_rebound,"AETHER, constant emissions",2028,42.2,10.0,10.0,0.0,32.2,0.96,350.0,32.6,126.60000000000001,0.0,15.0,112.20000000000002,104.73509183561575,441.957575876361,442.91461538461533
aether_constant_emissions_no_rebound,"AETHER, constant emissions",2029,42.2,15.0,15.0,0.0,27.200000000000003,0.96,350.0,27.800000000000004,168.8,0.0,30.0,140.00000000000003,126.55645709300157,444.75518680679505,446.47871794871793
aether_constant_emissions_no_rebound,"AETHER, constant emissions",2030,42.2,20.0,20.0,0.0,22.200000000000003,0.96,350.0,23.000000000000004,211.0,0.0,50.0,163.00000000000003,142.83437223141232,446.8420990040272,449.4274358974359
aether_constant_emissions_no_rebound,"AETHER, constant emissions",2031,42.2,25.0,25.0,0.0,17.200000000000003,0.96,350.0,18.200000000000003,253.2,0.0,75.0,181.20000000000005,153.99988037653594,448.2735744072482,451.7607692307692
aether_constant_emissions_no_rebound,"AETHER, constant emissions",2032,42.2,30.0,30.0,0.0,12.200000000000003,0.96,350.0,13.400000000000006,295.4,0.0,105.0,194.60000000000005,160.40274585106158,449.0944545962899,453.47871794871793
aether_constant_emissions_no_rebound,"AETHER, constant emissions",2033,42.2,35.0,35.0,0.0,7.200000000000003,0.96,350.0,8.600000000000001,337.59999999999997,0.0,140.0,203.20000000000005,162.32810081921366,449.3412949768222,454.581282051282
aether_constant_emissions_no_rebound,"AETHER, constant emissions",2034,42.2,40.0,40.0,0.0,2.200000000000003,0.96,350.0,3.8000000000000043,379.79999999999995,0.0,180.0,207.00000000000006,160.00964615058763,449.04405719879327,455.0684615384615
aether_constant_emissions_no_rebound,"AETHER, constant emissions",2035,42.2,45.0,45.0,0.0,-2.799999999999997,0.96,350.0,-0.9999999999999929,421.99999999999994,0.0,225.0,206.00000000000006,153.64012075185985,448.22745137844356,454.9402564102564
aether_constant_emissions_no_rebound,"AETHER, constant emissions",2036,42.2,50.0,50.0,0.0,-7.799999999999997,0.96,350.0,-5.799999999999997,464.19999999999993,0.0,275.0,200.20000000000005,143.37960553733677,446.91200070991493,454.19666666666666
aether_constant_emissions_no_rebound,"AETHER, constant emissions",2037,42.2,55.00000000000001,55.00000000000001,0.0,-12.800000000000004,0.96,350.0,-10.600000000000001,506.3999999999999,0.0,330.0,189.60000000000005,129.36211083178733,445.1148860040753,452.8376923076923
aether_constant_emissions_no_rebound,"AETHER, constant emissions",2038,42.2,60.0,60.0,0.0,-17.799999999999997,0.96,350.0,-15.399999999999991,548.5999999999999,0.0,390.0,174.20000000000005,111.70080295667228,442.85061576367593,450.8633333333333
aether_constant_emissions_no_rebound,"AETHER, constant emissions",2039,42.2,65.0,65.0,0.0,-22.799999999999997,0.96,350.0,-20.199999999999996,590.8,0.0,455.0,154.00000000000006,90.4921519984577,440.1315579485202,448.2735897435897
aether_constant_emissions_no_rebound,"AETHER, constant emissions",2040,42.2,70.0,70.0,0.0,-27.799999999999997,0.96,350.0,-25.0,633.0,0.0,525.0,129.00000000000006,65.81922429589498,436.9683620892173,445.0684615384615
aether_constant_emissions_no_rebound,"AETHER, constant emissions",2041,42.2,75.0,75.0,0.0,-32.8,0.96,350.0,-29.799999999999997,675.2,0.0,600.0,99.20000000000006,37.75429684184384,433.37029446690303,441.2479487179487
aether_constant_emissions_no_rebound,"AETHER, constant emissions",2042,42.2,80.0,80.0,0.0,-37.8,0.96,350.0,-34.599999999999994,717.4000000000001,0.0,680.0,64.60000000000007,6.360934061530031,429.34550436686277,436.81205128205124
aether_constant_emissions_no_rebound,"AETHER, constant emissions",2043,42.2,85.0,85.0,0.0,-42.8,0.96,350.0,-39.39999999999999,759.6000000000001,0.0,765.0,25.200000000000074,-28.304361688839705,424.901235680918,431.7607692307692
aether_constant_emissions_no_rebound,"AETHER, constant emissions",2044,42.2,90.0,90.0,0.0,-47.8,0.96,350.0,-44.19999999999999,801.8000000000002,0.0,855.0,-18.999999999999915,-66.19083764035345,420.04399517431364,426.09410256410257
aether_constant_emissions_no_rebound,"AETHER, constant emissions",2045,42.2,95.0,95.0,0.0,-52.8,0.96,350.0,-49.0,844.0000000000002,0.0,950.0,-67.99999999999991,-107.25244617976266,414.7796863872099,419.81205128205124
aether_constant_emissions_no_rebound,"AETHER, constant emissions",2046,42.2,100.0,100.0,0.0,-57.8,0.96,350.0,-53.8,886.2000000000003,0.0,1050.0,-121.79999999999991,-151.44701300397583,409.11371628154154,412.9146153846154
aether_constant_emissions_no_rebound,"AETHER, constant emissions",2047,42.2,100.0,100.0,0.0,-57.8,0.96,350.0,-53.8,928.4000000000003,0.0,1150.0,-175.5999999999999,-193.93557389282182,403.6664648855356,406.0171794871795
aether_constant_emissions_no_rebound,"AETHER, constant emissions",2048,42.2,100.0,100.0,0.0,-57.8,0.96,350.0,-53.8,970.6000000000004,0.0,1250.0,-229.39999999999992,-234.99612455689805,398.4022917234746,399.11974358974356
aether_constant_emissions_no_rebound,"AETHER, constant emissions",2049,42.2,100.0,100.0,0.0,-57.8,0.96,350.0,-53.8,1012.8000000000004,0.0,1350.0,-283.19999999999993,-274.85091654766194,393.29270300671,392.22230769230765
aether_constant_emissions_no_rebound,"AETHER, constant emissions",2050,42.2,100.0,100.0,0.0,-57.8,0.96,350.0,-53.8,1055.0000000000005,0.0,1450.0,-336.99999999999994,-313.6779637442696,388.31487644304235,385.3248717948718
aether_constant_emissions_no_rebound,"AETHER, constant emissions",2051,42.2,100.0,100.0,0.0,-57.8,0.96,350.0,-53.8,1097.2000000000005,0.0,1550.0,-390.79999999999995,-351.62016462473764,383.4504917147772,378.4274358974359
aether_constant_emissions_no_rebound,"AETHER, constant emissions",2052,42.2,100.0,100.0,0.0,-57.8,0.96,350.0,-53.8,1139.4000000000005,0.0,1650.0,-444.59999999999997,-388.79253459209997,378.684803257423,371.53
aether_constant_emissions_no_rebound,"AETHER, constant emissions",2053,42.2,100.0,100.0,0.0,-57.8,0.96,350.0,-53.8,1181.6000000000006,0.0,1750.0,-498.4,-425.2879401525473,374.00590510864777,364.63256410256406
aether_constant_emissions_no_rebound,"AETHER, constant emissions",2054,42.2,100.0,100.0,0.0,-57.8,0.96,350.0,-53.8,1223.8000000000006,0.0,1850.0,-552.1999999999999,-461.1816455141877,369.40414801100155,357.7351282051282
aether_constant_emissions_no_rebound,"AETHER, constant emissions",2055,42.2,100.0,100.0,0.0,-57.8,0.96,350.0,-53.8,1266.0000000000007,0.0,1950.0,-605.9999999999999,-496.5349177873592,364.8716772067488,350.8376923076923
aether_constant_emissions_no_rebound,"AETHER, constant emissions",2056,42.2,100.0,100.0,0.0,-57.8,0.96,350.0,-53.8,1308.2000000000007,0.0,2050.0,-659.7999999999998,-531.3978859288742,360.4020659065546,343.9402564102564
aether_constant_emissions_no_rebound,"AETHER, constant emissions",2057,42.2,100.0,100.0,0.0,-57.8,0.96,350.0,-53.8,1350.4000000000008,0.0,2150.0,-713.5999999999998,-565.811808115574,355.9900246005674,337.0428205128205
aether_constant_emissions_no_rebound,"AETHER, constant emissions",2058,42.2,100.0,100.0,0.0,-57.8,0.96,350.0,-53.8,1392.6000000000008,0.0,2250.0,-767.3999999999997,-599.8108701632842,351.6311704918866,330.1453846153846
aether_constant_emissions_no_rebound,"AETHER, constant emissions",2059,42.2,100.0,78.23998730548958,0.0,-36.039987305489575,0.96,350.0,-32.91038781326999,1434.8000000000009,0.0,2328.2399873054896,-800.3103878132697,-612.5339999999998,350.0,325.92610412650384
aether_constant_emissions_no_rebound,"AETHER, constant emissions",2060,42.2,100.0,63.93938258088063,0.0,-21.73938258088063,0.96,350.0,-19.181807277645404,1477.000000000001,0.0,2392.1793698863703,-819.4921950909151,-612.5339999999998,350.0,323.4668980652673
aether_constant_emissions_no_rebound,"AETHER, constant emissions",2061,42.2,100.0,62.1973867337811,0.0,-19.9973867337811,0.96,350.0,-17.509491264429855,1519.200000000001,0.0,2454.3767566201514,-837.0016863553449,-612.5339999999998,350.0,321.2220914929045
aether_constant_emissions_no_rebound,"AETHER, constant emissions",2062,42.2,100.0,60.70513916635143,0.0,-18.505139166351427,0.96,350.0,-16.07693359969737,1561.400000000001,0.0,2515.0818957865026,-853.0786199550422,-612.5339999999998,350.0,319.1609461596099
aether_constant_emissions_no_rebound,"AETHER, constant emissions",2063,42.2,100.0,59.42459524856751,0.0,-17.22459524856751,0.96,350.0,-14.84761143862481,1603.600000000001,0.0,2574.50649103507,-867.926231393667,-612.5339999999998,350.0,317.2574062315811
aether_constant_emissions_no_rebound,"AETHER, constant emissions",2064,42.2,100.0,58.323544938869176,0.0,-16.123544938869173,0.96,350.0,-13.790603141314406,1645.800000000001,0.0,2632.830035973939,-881.7168345349813,-612.5339999999998,350.0,315.48938018782286
aether_constant_emissions_no_rebound,"AETHER, constant emissions",2065,42.2,100.0,57.374717324082766,0.0,-15.174717324082764,0.96,350.0,-12.879728631119448,1688.0000000000011,0.0,2690.204753298022,-894.5965631661007,-612.5339999999998,350.0,313.838132927423
aether_constant_emissions_no_rebound,"AETHER, constant emissions",2066,42.2,100.0,56.555022600542536,0.0,-14.355022600542533,0.96,350.0,-12.09282169652083,1730.2000000000012,0.0,2746.7597758985644,-906.6893848626215,-612.5339999999998,350.0,312.28777117145876
aether_constant_emissions_no_rebound,"AETHER, constant emissions",2067,42.2,100.0,55.84491040083582,0.0,-13.644910400835819,0.96,350.0,-11.411113984802384,1772.4000000000012,0.0,2802.6046862994003,-918.1004988474239,-612.5339999999998,350.0,310.82480784007385
aether_constant_emissions_no_rebound,"AETHER, constant emissions",2068,42.2,100.0,55.22782660851474,0.0,-13.027826608514737,0.96,350.0,-10.818713544174145,1814.6000000000013,0.0,2857.832512907915,-928.919212391598,-612.5339999999998,350.0,309.4377932831284
aether_constant_emissions_no_rebound,"AETHER, constant emissions",2069,42.2,100.0,54.68975354405584,0.0,-12.489753544055837,0.96,350.0,-10.302163402293601,1856.8000000000013,0.0,2912.5222664519706,-939.2213757938915,-612.5339999999998,350.0,308.1170031033472
aether_constant_emissions_no_rebound,"AETHER, constant emissions",2070,42.2,100.0,54.21882072559032,0.0,-12.018820725590317,0.96,350.0,-9.8500678965667,1899.0000000000014,0.0,2966.741087177561,-949.0714436904582,-612.5339999999998,350.0,306.8541738858387
aether_constant_emissions_no_rebound,"AETHER, constant emissions",2071,42.2,100.0,53.80497537203013,0.0,-11.604975372030125,0.96,350.0,-9.45277635714892,1941.2000000000014,0.0,3020.546062549591,-958.5242200476071,-612.5339999999998,350.0,305.642279481076
aether_constant_emissions_no_rebound,"AETHER, constant emissions",2072,42.2,100.0,53.43970347885971,0.0,-11.23970347885971,0.96,350.0,-9.102115339705321,1983.4000000000015,0.0,3073.985766028451,-967.6263353873123,-612.5339999999998,350.0,304.4753416170112
aether_constant_emissions_no_rebound,"AETHER, constant emissions",2073,42.2,100.0,53.11579370430397,0.0,-10.915793704303965,0.96,350.0,-8.791161956131802,2025.6000000000015,0.0,3127.101559732755,-976.4174973434441,-612.5339999999998,350.0,303.3482695713533
aether_constant_emissions_no_rebound,"AETHER, constant emissions",2074,42.2,100.0,52.82713749501404,0.0,-10.62713749501404,0.96,350.0,-8.514051995213478,2067.8000000000015,0.0,3179.928697227769,-984.9315493386575,-612.5339999999998,350.0,302.2567244437618
aether_constant_emissions_no_rebound,"AETHER, constant emissions",2075,42.2,100.0,52.56855988893747,0.0,-10.368559888937469,0.96,350.0,-8.26581749337997,2110.0000000000014,0.0,3232.497257116707,-993.1973668320375,-612.5339999999998,350.0,301.19700425230286
aether_constant_emissions_no_rebound,"AETHER, constant emissions",2076,42.2,100.0,52.33567628682761,0.0,-10.13567628682761,0.96,350.0,-8.042249235354504,2152.200000000001,0.0,3284.8329334035343,-1001.2396160673919,-612.5339999999998,350.0,300.16594665802666
aether_constant_emissions_no_rebound,"AETHER, constant emissions",2077,42.2,100.0,52.12477120650938,0.0,-9.924771206509376,0.96,350.0,-7.839780358249001,2194.400000000001,0.0,3336.9577046100435,-1009.0793964256409,-612.5339999999998,350.0,299.1608466120973
aether_constant_emissions_no_rebound,"AETHER, constant emissions",2078,42.2,100.0,51.93269564584344,0.0,-9.732695645843435,0.96,350.0,-7.655387820009693,2236.600000000001,0.0,3388.890400255887,-1016.7347842456505,-612.5339999999998,350.0,298.179386635173
aether_constant_emissions_no_rebound,"AETHER, constant emissions",2079,42.2,100.0,51.75678019818631,0.0,-9.55678019818631,0.96,350.0,-7.486508990258855,2278.8000000000006,0.0,3440.6471804540734,-1024.2212932359093,-612.5339999999998,350.0,297.219577790268
aether_constant_emissions_no_rebound,"AETHER, constant emissions",2080,42.2,100.0,51.59476150253528,0.0,-9.394761502535275,0.96,350.0,-7.330971042433859,2321.0000000000005,0.0,3492.2419419566086,-1031.5522642783433,-612.5339999999998,350.0,296.27970970790466
aether_constant_emissions_no_rebound,"AETHER, constant emissions",2081,42.2,100.0,51.44471998167658,0.0,-9.244719981676575,0.96,350.0,-7.186931182409509,2363.2000000000003,0.0,3543.686661938285,-1038.7391954607529,-612.5339999999998,350.0,295.3583082742624
aether_constant_emissions_no_rebound,"AETHER, constant emissions",2082,42.2,100.0,51.30502713575614,0.0,-9.105027135756139,0.96,350.0,-7.052826050325891,2405.4,0.0,3594.991689074041,-1045.7920215110787,-612.5339999999998,350.0,294.4540998062719
aether_constant_emissions_no_rebound,"AETHER, constant emissions",2083,42.2,100.0,51.17430092466708,0.0,-8.974300924667077,0.96,350.0,-6.927328887680389,2447.6,0.0,3646.165989998708,-1052.7193503987592,-612.5339999999998,350.0,293.56598071810777
aether_constant_emissions_no_rebound,"AETHER, constant emissions",2084,42.2,100.0,51.05136799772143,0.0,-8.851367997721425,0.96,350.0,-6.809313277812564,2489.7999999999997,0.0,3697.2173579964297,-1059.5286636765718,-612.5339999999998,350.0,292.6929918363369
aether_constant_emissions_no_rebound,"AETHER, constant emissions",2085,42.2,100.0,50.93523171964296,0.0,-8.735231719642954,0.96,350.0,-6.697822450857231,2531.9999999999995,0.0,3748.1525897160727,-1066.226486127429,-612.5339999999998,350.0,291.8342966503296
aether_constant_emissions_no_rebound,"AETHER, constant emissions",2086,42.2,100.0,50.82504510323946,0.0,-8.625045103239458,0.96,350.0,-6.592043299109875,2574.1999999999994,0.0,3798.9776348193122,-1072.818529426539,-612.5339999999998,350.0,290.9891628940334
aether_constant_emissions_no_rebound,"AETHER, constant emissions",2087,42.2,100.0,50.720087895649854,0.0,-8.520087895649851,0.96,350.0,-6.491284379823853,2616.399999999999,0.0,3849.6977227149623,-1079.3098138063629,-612.5339999999998,350.0,290.15694694790216
aether_constant_emissions_no_rebound,"AETHER, constant emissions",2088,42.2,100.0,50.619747180652894,0.0,-8.419747180652891,0.96,350.0,-6.394957293426771,2658.599999999999,0.0,3900.3174698956154,-1085.7047710997897,-612.5339999999998,350.0,289.33708062823206
aether_constant_emissions_no_rebound,"AETHER, constant emissions",2089,42.2,100.0,50.523500957382225,0.0,-8.323500957382223,0.96,350.0,-6.302560919086929,2700.799999999999,0.0,3950.8409708529975,-1092.0073320188767,-612.5339999999998,350.0,288.5290599975799
aether_constant_emissions_no_rebound,"AETHER, constant emissions",2090,42.2,100.0,50.43090423862384,0.0,-8.230904238623836,0.96,350.0,-6.213668069078878,2742.9999999999986,0.0,4001.2718750916215,-1098.2210000879556,-612.5339999999998,350.0,287.73243588615946
aether_constant_emissions_no_rebound,"AETHER, constant emissions",2091,42.2,100.0,50.34157728197476,0.0,-8.141577281974754,0.96,350.0,-6.127914190695762,2785.1999999999985,0.0,4051.6134523735964,-1104.3489142786514,-612.5339999999998,350.0,286.94680586171137
aether_constant_emissions_no_rebound,"AETHER, constant emissions",2092,42.2,100.0,50.255195626521264,0.0,-8.055195626521261,0.96,350.0,-6.044987801460408,2827.3999999999983,0.0,4101.868648000118,-1110.3939020801117,-612.5339999999998,350.0,286.17180742562664
aether_constant_emissions_no_rebound,"AETHER, constant emissions",2093,42.2,100.0,50.17148165791099,0.0,-7.971481657910985,0.96,350.0,-5.9646223915945455,2869.599999999998,0.0,4152.0401296580285,-1116.3585244717062,-612.5339999999998,350.0,285.4071122472171
aether_constant_emissions_no_rebound,"AETHER, constant emissions",2094,42.2,100.0,50.090197467258335,0.0,-7.890197467258332,0.96,350.0,-5.886589568567999,2911.799999999998,0.0,4202.130327125286,-1122.2451140402743,-612.5339999999998,350.0,284.6524212768879
aether_constant_emissions_no_rebound,"AETHER, constant emissions",2095,42.2,100.0,50.011138805294074,0.0,-7.811138805294071,0.96,350.0,-5.810693253082306,2953.9999999999977,0.0,4252.14146593058,-1128.0558072933566,-612.5339999999998,350.0,283.90746060341576
aether_constant_emissions_no_rebound,"AETHER, constant emissions",2096,42.2,100.0,49.93412996367539,0.0,-7.734129963675386,0.96,350.0,-5.73676476512837,2996.1999999999975,0.0,4302.0755958942555,-1133.792572058485,-612.5339999999998,350.0,283.1719779412199
aether_constant_emissions_no_rebound,"AETHER, constant emissions",2097,42.2,100.0,49.85901944115933,0.0,-7.65901944115933,0.96,350.0,-5.664658663512952,3038.3999999999974,0.0,4351.9346153354145,-1139.4572307219978,-612.5339999999998,350.0,282.44573965102586
aether_constant_emissions_no_rebound,"AETHER, constant emissions",2098,42.2,100.0,49.78567627418744,0.0,-7.585676274187435,0.96,350.0,-5.594249223219933,3080.599999999997,0.0,4401.720291609602,-1145.0514799452178,-612.5339999999998,350.0,281.72852821215156
aether_constant_emissions_no_rebound,"AETHER, constant emissions",2099,42.2,100.0,49.713986929905474,0.0,-7.513986929905471,0.96,350.0,-5.525427452709252,3122.799999999997,0.0,4451.434278539507,-1150.576907397927,-612.5339999999998,350.0,281.0201400771888
aether_constant_emissions_no_rebound,"AETHER, constant emissions",2100,42.2,100.0,49.64385267531976,0.0,-7.443852675319761,0.96,350.0,-5.458098568306966,3164.999999999997,0.0,4501.078131214827,-1156.035005966234,-612.5339999999998,350.0,280.3203838504828
aether_constant_emissions_58pct_rebound,"AETHER, 58% rebound",2026,42.2,0.0,0.0,0.0,42.2,0.96,350.0,42.2,42.2,0.0,0.0,42.2,42.2,433.9402564102564,433.9402564102564
aether_constant_emissions_58pct_rebound,"AETHER, 58% rebound",2027,42.2,5.0,5.0,2.8899999999999997,40.09,0.96,350.0,40.290000000000006,84.4,2.8899999999999997,5.0,82.49000000000001,79.72696104943219,438.7514052627477,439.105641025641
aether_constant_emissions_58pct_rebound,"AETHER, 58% rebound",2028,42.2,10.0,10.0,5.779999999999999,37.980000000000004,0.96,350.0,38.38,126.60000000000001,8.669999999999998,15.0,120.87,113.21586949990152,443.0448550640899,444.0261538461538
aether_constant_emissions_58pct_rebound,"AETHER, 58% rebound",2029,42.2,15.0,15.0,8.67,35.870000000000005,0.96,350.0,36.470000000000006,168.8,17.339999999999996,30.0,157.34,143.1744894538158,446.8857037761302,448.70179487179485
aether_constant_emissions_58pct_rebound,"AETHER, 58% rebound",2030,42.2,20.0,20.0,11.559999999999999,33.760000000000005,0.96,350.0,34.56,211.0,28.899999999999995,50.0,191.9,170.00962535835646,450.3261058151739,453.13256410256406
aether_constant_emissions_58pct_rebound,"AETHER, 58% rebound",2031,42.2,25.0,25.0,14.45,31.650000000000006,0.96,350.0,32.650000000000006,253.2,43.349999999999994,75.0,224.55,194.047942763151,453.4079413798911,457.3184615384615
aether_constant_emissions_58pct_rebound,"AETHER, 58% rebound",2032,42.2,30.0,30.0,17.34,29.540000000000006,0.96,350.0,30.74000000000001,295.4,60.69,105.0,255.29000000000002,215.55247538800705,456.16493274205214,461.25948717948717
aether_constant_emissions_58pct_rebound,"AETHER, 58% rebound",2033,42.2,35.0,35.0,20.229999999999997,27.43,0.96,350.0,28.83,337.59999999999997,80.91999999999999,140.0,284.12,234.73571275632276,458.6243221482465,464.955641025641
aether_constant_emissions_58pct_rebound,"AETHER, 58% rebound",2034,42.2,40.0,40.0,23.119999999999997,25.319999999999993,0.96,350.0,26.919999999999995,379.79999999999995,104.03999999999999,180.0,311.04,251.76997725038987,460.8082022115884,468.406923076923
aether_constant_emissions_58pct_rebound,"AETHER, 58% rebound",2035,42.2,45.0,45.0,26.009999999999998,23.210000000000008,0.96,350.0,25.010000000000012,421.99999999999994,130.04999999999998,225.0,336.05,266.7956524832793,462.7345708311896,471.6133333333333
aether_constant_emissions_58pct_rebound,"AETHER, 58% rebound",2036,42.2,50.0,50.0,28.9,21.099999999999994,0.96,350.0,23.099999999999994,464.19999999999993,158.95,275.0,359.15,279.92770838922286,464.418167742208,474.5748717948718
aether_constant_emissions_58pct_rebound,"AETHER, 58% rebound",2037,42.2,55.00000000000001,55.00000000000001,31.790000000000003,18.990000000000002,0.96,350.0,21.190000000000005,506.3999999999999,190.73999999999998,330.0,380.34,291.26087609343534,465.87113796069684,477.29153846153844
aether_constant_emissions_58pct_rebound,"AETHER, 58% rebound",2038,42.2,60.0,60.0,34.68,16.879999999999995,0.96,350.0,19.28,548.5999999999999,225.42,390.0,399.62,300.8737524258979,467.10355800332025,479.7633333333333
aether_constant_emissions_58pct_rebound,"AETHER, 58% rebound",2039,42.2,65.0,65.0,37.57,14.77000000000001,0.96,350.0,17.37000000000001,590.8,262.99,455.0,416.99,308.83205592259014,468.123853323409,481.9902564102564
aether_constant_emissions_58pct_rebound,"AETHER, 58% rebound",2040,42.2,70.0,70.0,40.459999999999994,12.659999999999997,0.96,350.0,15.459999999999994,633.0,303.45,525.0,432.45,315.1912101657947,468.9391295084352,483.97230769230765
aether_constant_emissions_58pct_rebound,"AETHER, 58% rebound",2041,42.2,75.0,75.0,43.349999999999994,10.549999999999997,0.96,350.0,13.549999999999997,675.2,346.79999999999995,600.0,446.0,319.99839385844155,469.5554351100566,485.70948717948716
aether_constant_emissions_58pct_rebound,"AETHER, 58% rebound",2042,42.2,80.0,80.0,46.239999999999995,8.439999999999998,0.96,350.0,11.64,717.4000000000001,393.03999999999996,680.0,457.64,323.2941681291371,469.9779702729663,487.20179487179485
aether_constant_emissions_58pct_rebound,"AETHER, 58% rebound",2043,42.2,85.0,85.0,49.129999999999995,6.329999999999998,0.96,350.0,9.730000000000004,759.6000000000001,442.16999999999996,765.0,467.37,325.11376865749577,470.2112523919866,488.4492307692307
aether_constant_emissions_58pct_rebound,"AETHER, 58% rebound",2044,42.2,90.0,90.0,52.019999999999996,4.219999999999999,0.96,350.0,7.820000000000007,801.8000000000002,494.18999999999994,855.0,475.19,325.48813205151896,470.25924769891265,489.45179487179485
aether_constant_emissions_58pct_rebound,"AETHER, 58% rebound",2045,42.2,95.0,95.0,54.91,2.1099999999999994,0.96,350.0,5.909999999999997,844.0000000000002,549.0999999999999,950.0,481.1,324.4447115154361,470.1254758353123,490.20948717948716
aether_constant_emissions_58pct_rebound,"AETHER, 58% rebound",2046,42.2,100.0,100.0,57.8,0.0,0.96,350.0,4.0,886.2000000000003,606.8999999999999,1050.0,485.1,322.00812543713374,469.81309300476073,490.72230769230765
aether_constant_emissions_58pct_rebound,"AETHER, 58% rebound",2047,42.2,100.0,100.0,57.8,0.0,0.96,350.0,4.0,928.4000000000003,664.6999999999998,1150.0,489.1,320.1106734804166,469.5698299333867,491.2351282051282
aether_constant_emissions_58pct_rebound,"AETHER, 58% rebound",2048,42.2,100.0,100.0,57.8,0.0,0.96,350.0,4.0,970.6000000000004,722.4999999999998,1250.0,493.1,318.6476906222274,469.38226802849067,491.7479487179487
aether_constant_emissions_58pct_rebound,"AETHER, 58% rebound",2049,42.2,100.0,100.0,57.8,0.0,0.96,350.0,4.0,1012.8000000000004,780.2999999999997,1350.0,497.1,317.5360115389721,469.23974506909894,492.2607692307692
aether_constant_emissions_58pct_rebound,"AETHER, 58% rebound",2050,42.2,100.0,100.0,57.8,0.0,0.96,350.0,4.0,1055.0000000000005,838.0999999999997,1450.0,501.1,316.70951859976776,469.13378443586765,492.7735897435897
aether_constant_emissions_58pct_rebound,"AETHER, 58% rebound",2051,42.2,100.0,100.0,57.8,0.0,0.96,350.0,4.0,1097.2000000000005,895.8999999999996,1550.0,505.1,316.115612725753,469.05764265714777,493.28641025641025
aether_constant_emissions_58pct_rebound,"AETHER, 58% rebound",2052,42.2,100.0,100.0,57.8,0.0,0.96,350.0,4.0,1139.4000000000005,953.6999999999996,1650.0,509.1,315.712415786185,469.00595074181854,493.79923076923075
aether_constant_emissions_58pct_rebound,"AETHER, 58% rebound",2053,42.2,100.0,100.0,57.8,0.0,0.96,350.0,4.0,1181.6000000000006,1011.4999999999995,1750.0,513.1,315.46655286928484,468.9744298550365,494.31205128205124
aether_constant_emissions_58pct_rebound,"AETHER, 58% rebound",2054,42.2,100.0,100.0,57.8,0.0,0.96,350.0,4.0,1223.8000000000006,1069.2999999999995,1850.0,517.1,315.35139420902556,468.959665924234,494.8248717948718
aether_constant_emissions_58pct_rebound,"AETHER, 58% rebound",2055,42.2,100.0,100.0,57.8,0.0,0.96,350.0,4.0,1266.0000000000007,1127.0999999999995,1950.0,521.1,315.34566147332265,468.95893095811823,495.3376923076923
aether_constant_emissions_58pct_rebound,"AETHER, 58% rebound",2056,42.2,100.0,100.0,57.8,0.0,0.96,350.0,4.0,1308.2000000000007,1184.8999999999994,2050.0,525.1,315.43232287593355,468.97004139435046,495.8505128205128
aether_constant_emissions_58pct_rebound,"AETHER, 58% rebound",2057,42.2,100.0,100.0,57.8,0.0,0.96,350.0,4.0,1350.4000000000008,1242.6999999999994,2150.0,529.1,315.5977172351265,468.9912457993752,496.36333333333334
aether_constant_emissions_58pct_rebound,"AETHER, 58% rebound",2058,42.2,100.0,100.0,57.8,0.0,0.96,350.0,4.0,1392.6000000000008,1300.4999999999993,2250.0,533.1,315.83085951607916,469.0211358353947,496.87615384615384
aether_constant_emissions_58pct_rebound,"AETHER, 58% rebound",2059,42.2,100.0,100.0,57.8,0.0,0.96,350.0,4.0,1434.8000000000009,1358.2999999999993,2350.0,537.1,316.1228902341498,469.0585756710448,497.38897435897434
aether_constant_emissions_58pct_rebound,"AETHER, 58% rebound",2060,42.2,100.0,100.0,57.8,0.0,0.96,350.0,4.0,1477.000000000001,1416.0999999999992,2450.0,541.1,316.46663889623585,469.1026460123379,497.90179487179483
aether_constant_emissions_58pct_rebound,"AETHER, 58% rebound",2061,42.2,100.0,100.0,57.8,0.0,0.96,350.0,4.0,1519.200000000001,1473.8999999999992,2550.0,545.1,316.8562778403588,469.1525997231229,498.41461538461533
aether_constant_emissions_58pct_rebound,"AETHER, 58% rebound",2062,42.2,100.0,100.0,57.8,0.0,0.96,350.0,4.0,1561.400000000001,1531.6999999999991,2650.0,549.1,317.28704773466706,469.2078266326496,498.9274358974359
aether_constant_emissions_58pct_rebound,"AETHER, 58% rebound",2063,42.2,100.0,100.0,57.8,0.0,0.96,350.0,4.0,1603.600000000001,1589.499999999999,2750.0,553.1,317.7550398819883,469.2678256258959,499.4402564102564
aether_constant_emissions_58pct_rebound,"AETHER, 58% rebound",2064,42.2,100.0,100.0,57.8,0.0,0.96,350.0,4.0,1645.800000000001,1647.299999999999,2850.0,557.1,318.2570235555663,469.3321825071239,499.9530769230769
aether_constant_emissions_58pct_rebound,"AETHER, 58% rebound",2065,42.2,100.0,100.0,57.8,0.0,0.96,350.0,4.0,1688.0000000000011,1705.099999999999,2950.0,561.1,318.79030903265675,469.4005524400842,500.46589743589743
aether_constant_emissions_58pct_rebound,"AETHER, 58% rebound",2066,42.2,100.0,100.0,57.8,0.0,0.96,350.0,4.0,1730.2000000000012,1762.899999999999,3050.0,565.1,319.3526389276176,469.4726460163612,500.97871794871793
aether_constant_emissions_58pct_rebound,"AETHER, 58% rebound",2067,42.2,100.0,100.0,57.8,0.0,0.96,350.0,4.0,1772.4000000000012,1820.699999999999,3150.0,569.1,319.94210195992025,469.5482181999897,501.4915384615384
aether_constant_emissions_58pct_rebound,"AETHER, 58% rebound",2068,42.2,100.0,100.0,57.8,0.0,0.96,350.0,4.0,1814.6000000000013,1878.4999999999989,3250.0,573.1,320.55706450831184,469.62705955234765,502.004358974359
aether_constant_emissions_58pct_rebound,"AETHER, 58% rebound",2069,42.2,100.0,100.0,57.8,0.0,0.96,350.0,4.0,1856.8000000000013,1936.2999999999988,3350.0,577.1,321.196116266094,469.7089892648838,502.5171794871795
aether_constant_emissions_58pct_rebound,"AETHER, 58% rebound",2070,42.2,100.0,100.0,57.8,0.0,0.96,350.0,4.0,1899.0000000000014,1994.0999999999988,3450.0,581.1,321.8580270764196,469.79384962518196,503.03
aether_constant_emissions_58pct_rebound,"AETHER, 58% rebound",2071,42.2,100.0,100.0,57.8,0.0,0.96,350.0,4.0,1941.2000000000014,2051.8999999999987,3550.0,585.1,322.54171263205745,469.88150161949454,503.54282051282047
aether_constant_emissions_58pct_rebound,"AETHER, 58% rebound",2072,42.2,100.0,100.0,57.8,0.0,0.96,350.0,4.0,1983.4000000000015,2109.699999999999,3650.0,589.1,323.24620720408507,469.9718214364211,504.055641025641
aether_constant_emissions_58pct_rebound,"AETHER, 58% rebound",2073,42.2,100.0,100.0,57.8,0.0,0.96,350.0,4.0,2025.6000000000015,2167.499999999999,3750.0,593.1,323.9706419444608,470.06469768518724,504.5684615384615
aether_constant_emissions_58pct_rebound,"AETHER, 58% rebound",2074,42.2,100.0,100.0,57.8,0.0,0.96,350.0,4.0,2067.8000000000015,2225.2999999999993,3850.0,597.1,324.7142276090336,470.1600291806453,505.081282051282
aether_constant_emissions_58pct_rebound,"AETHER, 58% rebound",2075,42.2,100.0,100.0,57.8,0.0,0.96,350.0,4.0,2110.0000000000014,2283.0999999999995,3950.0,601.1,325.47624078662926,470.25772317777296,505.5941025641025
aether_constant_emissions_58pct_rebound,"AETHER, 58% rebound",2076,42.2,100.0,100.0,57.8,0.0,0.96,350.0,4.0,2152.200000000001,2340.8999999999996,4050.0,605.1,326.2560129093635,470.3576939627389,506.10692307692307
aether_constant_emissions_58pct_rebound,"AETHER, 58% rebound",2077,42.2,100.0,100.0,57.8,0.0,0.96,350.0,4.0,2194.400000000001,2398.7,4150.0,609.1,327.0529214695582,470.4598617268664,506.61974358974356
aether_constant_emissions_58pct_rebound,"AETHER, 58% rebound",2078,42.2,100.0,100.0,57.8,0.0,0.96,350.0,4.0,2236.600000000001,2456.5,4250.0,613.1,327.8663829877147,470.5641516650916,507.13256410256406
aether_constant_emissions_58pct_rebound,"AETHER, 58% rebound",2079,42.2,100.0,100.0,57.8,0.0,0.96,350.0,4.0,2278.8000000000006,2514.3,4350.0,617.1,328.6958473703945,470.6704932526147,507.6453846153846
aether_constant_emissions_58pct_rebound,"AETHER, 58% rebound",2080,42.2,100.0,100.0,57.8,0.0,0.96,350.0,4.0,2321.0000000000005,2572.1000000000004,4450.0,621.1,329.5407933716799,470.77881966303585,508.1582051282051
aether_constant_emissions_58pct_rebound,"AETHER, 58% rebound",2081,42.2,100.0,100.0,57.8,0.0,0.96,350.0,4.0,2363.2000000000003,2629.9000000000005,4550.0,625.1,330.40072493120243,470.8890672988721,508.6710256410256
aether_constant_emissions_58pct_rebound,"AETHER, 58% rebound",2082,42.2,100.0,100.0,57.8,0.0,0.96,350.0,4.0,2405.4,2687.7000000000007,4650.0,629.1,331.2751682087418,471.0011754113771,509.18384615384616
aether_constant_emissions_58pct_rebound,"AETHER, 58% rebound",2083,42.2,100.0,100.0,57.8,0.0,0.96,350.0,4.0,2447.6,2745.500000000001,4750.0,633.1,332.1636691726707,471.115085791368,509.69666666666666
aether_constant_emissions_58pct_rebound,"AETHER, 58% rebound",2084,42.2,100.0,100.0,57.8,0.0,0.96,350.0,4.0,2489.7999999999997,2803.300000000001,4850.0,637.1,333.0657916290655,471.2307425165468,510.20948717948716
aether_constant_emissions_58pct_rebound,"AETHER, 58% rebound",2085,42.2,100.0,100.0,57.8,0.0,0.96,350.0,4.0,2531.9999999999995,2861.1000000000013,4950.0,641.1,333.98111560172237,471.3480917438105,510.72230769230765
aether_constant_emissions_58pct_rebound,"AETHER, 58% rebound",2086,42.2,100.0,100.0,57.8,0.0,0.96,350.0,4.0,2574.1999999999994,2918.9000000000015,5050.0,645.1,334.90923599188534,471.46708153742117,511.23512820512815
aether_constant_emissions_58pct_rebound,"AETHER, 58% rebound",2087,42.2,100.0,100.0,57.8,0.0,0.96,350.0,4.0,2616.399999999999,2976.7000000000016,5150.0,649.1,335.849761461212,471.58766172579635,511.7479487179487
aether_constant_emissions_58pct_rebound,"AETHER, 58% rebound",2088,42.2,100.0,100.0,57.8,0.0,0.96,350.0,4.0,2658.599999999999,3034.500000000002,5250.0,653.1,336.80231349316756,471.7097837811753,512.2607692307693
aether_constant_emissions_58pct_rebound,"AETHER, 58% rebound",2089,42.2,100.0,100.0,57.8,0.0,0.96,350.0,4.0,2700.799999999999,3092.300000000002,5350.0,657.1,337.76652559729183,471.8334007176015,512.7735897435897
aether_constant_emissions_58pct_rebound,"AETHER, 58% rebound",2090,42.2,100.0,100.0,57.8,0.0,0.96,350.0,4.0,2742.9999999999986,3150.100000000002,5450.0,661.1,338.74204262811196,471.9584670036041,513.2864102564102
aether_constant_emissions_58pct_rebound,"AETHER, 58% rebound",2091,42.2,100.0,100.0,57.8,0.0,0.96,350.0,4.0,2785.1999999999985,3207.9000000000024,5550.0,665.1,339.7285201962937,472.0849384867043,513.7992307692307
aether_constant_emissions_58pct_rebound,"AETHER, 58% rebound",2092,42.2,100.0,100.0,57.8,0.0,0.96,350.0,4.0,2827.3999999999983,3265.7000000000025,5650.0,669.1,340.72562415422703,472.21277232746496,514.3120512820512
aether_constant_emissions_58pct_rebound,"AETHER, 58% rebound",2093,42.2,100.0,100.0,57.8,0.0,0.96,350.0,4.0,2869.599999999998,3323.5000000000027,5750.0,673.1,341.73303014190316,472.3419269412696,514.8248717948718
aether_constant_emissions_58pct_rebound,"AETHER, 58% rebound",2094,42.2,100.0,100.0,57.8,0.0,0.96,350.0,4.0,2911.799999999998,3381.300000000003,5850.0,677.1,342.7504231818323,472.47236194638873,515.3376923076922
aether_constant_emissions_58pct_rebound,"AETHER, 58% rebound",2095,42.2,100.0,100.0,57.8,0.0,0.96,350.0,4.0,2953.9999999999977,3439.100000000003,5950.0,681.1,343.77749731405413,472.6040381171864,515.8505128205128
aether_constant_emissions_58pct_rebound,"AETHER, 58% rebound",2096,42.2,100.0,100.0,57.8,0.0,0.96,350.0,4.0,2996.1999999999975,3496.9000000000033,6050.0,685.1,344.8139552641143,472.73691734155307,516.3633333333333
aether_constant_emissions_58pct_rebound,"AETHER, 58% rebound",2097,42.2,100.0,100.0,57.8,0.0,0.96,350.0,4.0,3038.3999999999974,3554.7000000000035,6150.0,689.1,345.8595081383228,472.87096258183624,516.8761538461538
aether_constant_emissions_58pct_rebound,"AETHER, 58% rebound",2098,42.2,100.0,100.0,57.8,0.0,0.96,350.0,4.0,3080.599999999997,3612.5000000000036,6250.0,693.1,346.91387514176256,473.0061378386875,517.3889743589743
aether_constant_emissions_58pct_rebound,"AETHER, 58% rebound",2099,42.2,100.0,100.0,57.8,0.0,0.96,350.0,4.0,3122.799999999997,3670.300000000004,6350.0,697.1,347.97678331542244,473.1424081173618,517.9017948717949
aether_constant_emissions_58pct_rebound,"AETHER, 58% rebound",2100,42.2,100.0,100.0,57.8,0.0,0.96,350.0,4.0,3164.999999999997,3728.100000000004,6450.0,701.1,349.04796728955046,473.2797393960962,518.4146153846153
aether_half_2046_zero_2060,AETHER plus delayed zero,2026,42.2,0.0,0.0,0.0,42.2,0.96,350.0,42.2,42.2,0.0,0.0,42.2,42.2,433.9402564102564,433.9402564102564
aether_half_2046_zero_2060,AETHER plus delayed zero,2027,41.145,5.0,5.0,0.0,36.145,0.96,350.0,36.345000000000006,83.345,0.0,5.0,78.54500000000002,75.7819610494322,438.24563603197845,438.5998717948718
aether_half_2046_zero_2060,AETHER plus delayed zero,2028,40.09,10.0,10.0,0.0,30.090000000000003,0.96,350.0,30.490000000000002,123.435,0.0,15.0,109.03500000000003,101.63916780937996,441.56066253966407,442.50884615384615
aether_half_2046_zero_2060,AETHER plus delayed zero,2029,39.035000000000004,15.0,15.0,0.0,24.035000000000004,0.96,350.0,24.635000000000005,162.47,0.0,30.0,133.67000000000002,120.4900127536732,443.9774375325222,445.66717948717945
aether_half_2046_zero_2060,AETHER plus delayed zero,2030,37.980000000000004,20.0,20.0,0.0,17.980000000000004,0.96,350.0,18.780000000000005,200.45,0.0,50.0,152.45000000000002,132.9139943598116,445.5702556871553,448.0748717948718
aether_half_2046_zero_2060,AETHER plus delayed zero,2031,36.925000000000004,25.0,25.0,0.0,11.925000000000004,0.96,350.0,12.925000000000004,237.375,0.0,75.0,165.37500000000003,139.38025898626643,446.39926397259825,449.73192307692307
aether_half_2046_zero_2060,AETHER plus delayed zero,2032,35.870000000000005,30.0,30.0,0.0,5.8700000000000045,0.96,350.0,7.070000000000007,273.245,0.0,105.0,172.44500000000005,140.27023212736697,446.51336309325217,450.6383333333333
aether_half_2046_zero_2060,AETHER plus delayed zero,2033,34.815000000000005,35.0,35.0,0.0,-0.18499999999999517,0.96,350.0,1.2150000000000034,308.06,0.0,140.0,173.66000000000005,135.8955642816185,445.9525082412331,450.79410256410256
aether_half_2046_zero_2060,AETHER plus delayed zero,2034,33.760000000000005,40.0,40.0,0.0,-6.239999999999995,0.96,350.0,-4.6399999999999935,341.82,0.0,180.0,169.02000000000007,126.51236265221692,444.7495336733611,450.1992307692308
aether_half_2046_zero_2060,AETHER plus delayed zero,2035,32.705,45.0,45.0,0.0,-12.295000000000002,0.96,350.0,-10.494999999999997,374.525,0.0,225.0,158.52500000000006,112.33247854540738,442.93159981351374,448.85371794871793
aether_half_2046_zero_2060,AETHER plus delayed zero,2036,31.650000000000002,50.0,50.0,0.0,-18.349999999999998,0.96,350.0,-16.349999999999998,406.17499999999995,0.0,275.0,142.17500000000007,93.53246072462407,440.5213411185415,446.75756410256406
aether_half_2046_zero_2060,AETHER plus delayed zero,2037,30.595,55.00000000000001,55.00000000000001,0.0,-24.40500000000001,0.96,350.0,-22.205000000000005,436.77,0.0,330.0,119.97000000000006,70.26065846118567,437.537776725793,443.91076923076923
aether_half_2046_zero_2060,AETHER plus delayed zero,2038,29.540000000000003,60.0,60.0,0.0,-30.459999999999997,0.96,350.0,-28.05999999999999,466.31,0.0,390.0,91.91000000000007,42.6428577352075,433.9970330429753,440.31333333333333
aether_half_2046_zero_2060,AETHER plus delayed zero,2039,28.485,65.0,65.0,0.0,-36.515,0.96,350.0,-33.915,494.795,0.0,455.0,57.99500000000007,10.786754545184415,429.9129172493826,435.9652564102564
aether_half_2046_zero_2060,AETHER plus delayed zero,2040,27.430000000000003,70.0,70.0,0.0,-42.56999999999999,0.96,350.0,-39.769999999999996,522.225,0.0,525.0,18.225000000000072,-25.214493729276032,425.29737259881074,430.8665384615384
aether_half_2046_zero_2060,AETHER plus delayed zero,2041,26.375,75.0,75.0,0.0,-48.625,0.96,350.0,-45.625,548.6,0.0,600.0,-27.399999999999928,-65.27944791681035,420.1608400106653,425.0171794871795
aether_half_2046_zero_2060,AETHER plus delayed zero,2042,25.32,80.0,80.0,0.0,-54.68,0.96,350.0,-51.48,573.9200000000001,0.0,680.0,-78.87999999999992,-109.33614619498397,414.51254535961743,418.41717948717945
aether_half_2046_zero_2060,AETHER plus delayed zero,2043,24.265,85.0,85.0,0.0,-60.735,0.96,350.0,-57.334999999999994,598.1850000000001,0.0,765.0,-136.21499999999992,-157.32032276682725,408.36072785040676,411.06653846153847
aether_half_2046_zero_2060,AETHER plus delayed zero,2044,23.21,90.0,90.0,0.0,-66.78999999999999,0.96,350.0,-63.18999999999999,621.3950000000001,0.0,855.0,-199.40499999999992,-209.17399093617547,401.7128216748493,402.9652564102564
aether_half_2046_zero_2060,AETHER plus delayed zero,2045,22.155,95.0,95.0,0.0,-72.845,0.96,350.0,-69.045,643.5500000000001,0.0,950.0,-268.44999999999993,-264.84431516538024,394.57560061982304,394.11333333333334
aether_half_2046_zero_2060,AETHER plus delayed zero,2046,21.1,100.0,100.0,0.0,-78.9,0.96,350.0,-74.9,664.6500000000001,0.0,1050.0,-343.3499999999999,-324.28271233109376,386.9552932908854,384.5107692307692
aether_half_2046_zero_2060,AETHER plus delayed zero,2047,19.592857142857145,100.0,100.0,0.0,-80.40714285714286,0.96,350.0,-76.40714285714286,684.2428571428572,0.0,1150.0,-419.75714285714275,-383.0962776422715,379.41509260996514,374.7149816849817
aether_half_2046_zero_2060,AETHER plus delayed zero,2048,18.08571428571429,100.0,100.0,0.0,-81.91428571428571,0.96,350.0,-77.91428571428571,702.3285714285715,0.0,1250.0,-497.67142857142846,-441.52760154434526,371.92389723790444,364.72597069597066
aether_half_2046_zero_2060,AETHER plus delayed zero,2049,16.57857142857143,100.0,100.0,0.0,-83.42142857142858,0.96,350.0,-79.42142857142858,718.907142857143,0.0,1350.0,-577.092857142857,-499.7692410818381,364.4570203741233,354.54373626373626
aether_half_2046_zero_2060,AETHER plus delayed zero,2050,15.071428571428573,100.0,100.0,0.0,-84.92857142857143,0.96,350.0,-80.92857142857143,733.9785714285715,0.0,1450.0,-658.0214285714285,-557.9740822613223,356.9948612485484,344.1682783882784
aether_half_2046_zero_2060,AETHER plus delayed zero,2051,13.564285714285715,100.0,96.11504756392068,0.0,-82.55076184963497,0.96,350.0,-78.70615994707813,747.5428571428572,0.0,1546.1150475639206,-736.7275885185066,-612.5339999999998,350.0,334.0777450617299
aether_half_2046_zero_2060,AETHER plus delayed zero,2052,12.057142857142859,100.0,38.83877180302058,0.0,-26.78162894587772,0.96,350.0,-25.228078073756897,759.6,0.0,1584.9538193669412,-761.9556665922636,-612.5339999999998,350.0,330.8433760779149
aether_half_2046_zero_2060,AETHER plus delayed zero,2053,10.55,100.0,34.61263553361309,0.0,-24.062635533613086,0.96,350.0,-22.67813011226856,770.15,0.0,1619.5664549005542,-784.6337967045322,-612.5339999999998,350.0,327.9359234994189
aether_half_2046_zero_2060,AETHER plus delayed zero,2054,9.042857142857144,100.0,30.775704806450342,0.0,-21.732847663593198,0.96,350.0,-20.501819471335182,779.1928571428571,0.0,1650.3421597070046,-805.1356161758674,-612.5339999999997,350.0,325.307485105658
aether_half_2046_zero_2060,AETHER plus delayed zero,2055,7.535714285714285,100.0,27.268544311045183,0.0,-19.732830025330898,0.96,350.0,-18.64208825288909,786.7285714285714,0.0,1677.6107040180498,-823.7777044287565,-612.5339999999998,350.0,322.91747379118505
aether_half_2046_zero_2060,AETHER plus delayed zero,2056,6.0285714285714285,100.0,24.040836302420015,0.0,-18.012264873848586,0.96,350.0,-17.050631421751785,792.7571428571429,0.0,1701.6515403204698,-840.8283358505082,-612.5339999999998,350.0,320.73149540378097
aether_half_2046_zero_2060,AETHER plus delayed zero,2057,4.521428571428572,100.0,21.049981246846748,0.0,-16.528552675418176,0.96,350.0,-15.686553425544304,797.2785714285715,0.0,1722.7015215673166,-856.5148892760525,-612.5339999999998,350.0,318.7203988107625
aether_half_2046_zero_2060,AETHER plus delayed zero,2058,3.014285714285716,100.0,18.259913250517457,0.0,-15.24562753623174,0.96,350.0,-14.515231006211042,800.2928571428572,0.0,1740.961434817834,-871.0301202822635,-612.5339999999998,350.0,316.85947175868415
aether_half_2046_zero_2060,AETHER plus delayed zero,2059,1.5071428571428562,100.0,15.640097304540983,0.0,-14.132954447398127,0.96,350.0,-13.507350555216487,801.8000000000001,0.0,1756.6015321223751,-884.53747083748,-612.5339999999998,350.0,315.127760149041
aether_half_2046_zero_2060,AETHER plus delayed zero,2060,0.0,100.0,13.164680439611825,0.0,-13.164680439611825,0.96,350.0,-12.63809322202735,801.8000000000001,0.0,1769.766212561987,-897.1755640595073,-612.5339999999998,350.0,313.5074917872426
aether_half_2046_zero_2060,AETHER plus delayed zero,2061,0.0,100.0,12.381713643273311,0.0,-12.381713643273311,0.96,350.0,-11.886445097542378,801.8000000000001,0.0,1782.1479262052603,-909.0620091570497,-612.5339999999998,350.0,311.98358856960897
aether_half_2046_zero_2060,AETHER plus delayed zero,2062,0.0,100.0,11.70272216139665,0.0,-11.70272216139665,0.96,350.0,-11.234613274940784,801.8000000000001,0.0,1793.850648366657,-920.2966224319905,-612.5339999999998,350.0,310.54325353436013
aether_half_2046_zero_2060,AETHER plus delayed zero,2063,0.0,100.0,11.112012017766778,0.0,-11.112012017766778,0.96,350.0,-10.667531537056107,801.8000000000001,0.0,1804.9626603844238,-930.9641539690466,-612.5339999999998,350.0,309.17562128601963
aether_half_2046_zero_2060,AETHER plus delayed zero,2064,0.0,100.0,10.596293660075773,0.0,-10.596293660075773,0.96,350.0,-10.172441913672742,801.8000000000001,0.0,1815.5589540444996,-941.1365958827193,-612.5339999999998,350.0,307.87146206631803
aether_half_2046_zero_2060,AETHER plus delayed zero,2065,0.0,100.0,10.144312982950392,0.0,-10.144312982950392,0.96,350.0,-9.738540463632376,801.8000000000001,0.0,1825.70326702745,-950.8751363463517,-612.5339999999998,350.0,306.6229312376472
aether_half_2046_zero_2060,AETHER plus delayed zero,2066,0.0,100.0,9.746538983358377,0.0,-9.746538983358377,0.96,350.0,-9.356677424024042,801.8000000000001,0.0,1835.4498060108083,-960.2318137703758,-612.5339999999998,350.0,305.4233572089262
aether_half_2046_zero_2060,AETHER plus delayed zero,2067,0.0,100.0,9.394899356005126,0.0,-9.394899356005126,0.96,350.0,-9.019103381764921,801.8000000000001,0.0,1844.8447053668135,-969.2509171521407,-612.5339999999998,350.0,304.2670619035717
aether_half_2046_zero_2060,AETHER plus delayed zero,2068,0.0,100.0,9.082556670529959,0.0,-9.082556670529959,0.96,350.0,-8.71925440370876,801.8000000000001,0.0,1853.9272620373436,-977.9701715558494,-612.5339999999998,350.0,303.14920877489106
aether_half_2046_zero_2060,AETHER plus delayed zero,2069,0.0,100.0,8.803718901679858,0.0,-8.803718901679858,0.96,350.0,-8.451570145612664,801.8000000000001,0.0,1862.7309809390233,-986.4217417014621,-612.5339999999998,350.0,302.06567414083815
aether_half_2046_zero_2060,AETHER plus delayed zero,2070,0.0,100.0,8.553479039724365,0.0,-8.553479039724365,0.96,350.0,-8.21133987813539,801.8000000000001,0.0,1871.2844599787477,-994.6330815795975,-612.5339999999998,350.0,301.01293825902593
aether_half_2046_zero_2060,AETHER plus delayed zero,2071,0.0,100.0,8.327679317635983,0.0,-8.327679317635983,0.96,350.0,-7.994572144930544,801.8000000000001,0.0,1879.6121392963837,-1002.627653724528,-612.5339999999998,350.0,299.98799311223996
aether_half_2046_zero_2060,AETHER plus delayed zero,2072,0.0,100.0,8.122796276688979,0.0,-8.122796276688979,0.96,350.0,-7.797884425621419,801.8000000000001,0.0,1887.7349355730728,-1010.4255381501495,-612.5339999999998,350.0,298.9882643397244
aether_half_2046_zero_2060,AETHER plus delayed zero,2073,0.0,100.0,7.935843472032763,0.0,-7.935843472032763,0.96,350.0,-7.618409733151452,801.8000000000001,0.0,1895.6707790451055,-1018.0439478833009,-612.5339999999998,350.0,298.01154514316653
aether_half_2046_zero_2060,AETHER plus delayed zero,2074,0.0,100.0,7.764289110741393,0.0,-7.764289110741393,0.96,350.0,-7.453717546311736,801.8000000000001,0.0,1903.435068155847,-1025.4976654296127,-612.5339999999998,350.0,297.05594032953684
aether_half_2046_zero_2060,AETHER plus delayed zero,2075,0.0,100.0,7.605986330387182,0.0,-7.605986330387182,0.96,350.0,-7.301746877171695,801.8000000000001,0.0,1911.041054486234,-1032.7994123067842,-612.5339999999998,350.0,296.11981893502764
aether_half_2046_zero_2060,AETHER plus delayed zero,2076,0.0,100.0,7.45911417798825,0.0,-7.45911417798825,0.96,350.0,-7.16074961086872,801.8000000000001,0.0,1918.5001686642224,-1039.9601619176528,-612.5339999999998,350.0,295.20177411312136
aether_half_2046_zero_2060,AETHER plus delayed zero,2077,0.0,100.0,7.322127646980429,0.0,-7.322127646980429,0.96,350.0,-7.029242541101212,801.8000000000001,0.0,1925.8222963112028,-1046.989404458754,-612.5339999999998,350.0,294.3005891719546
aether_half_2046_zero_2060,AETHER plus delayed zero,2078,0.0,100.0,7.193715381901455,0.0,-7.193715381901455,0.96,350.0,-6.905966766625397,801.8000000000001,0.0,1933.0160116931042,-1053.8953712253794,-612.5339999999998,350.0,293.415208817259
aether_half_2046_zero_2060,AETHER plus delayed zero,2079,0.0,100.0,7.072763873933141,0.0,-7.072763873933141,0.96,350.0,-6.7898533189758155,801.8000000000001,0.0,1940.0887755670374,-1060.6852245443552,-612.5339999999998,350.0,292.5447148020057
aether_half_2046_zero_2060,AETHER plus delayed zero,2080,0.0,100.0,6.958327151023506,0.0,-6.958327151023506,0.96,350.0,-6.679994064982566,801.8000000000001,0.0,1947.0471027180608,-1067.3652186093377,-612.5339999999998,350.0,291.6883053064951
aether_half_2046_zero_2060,AETHER plus delayed zero,2081,0.0,100.0,6.849601119269148,0.0,-6.849601119269148,0.96,350.0,-6.575617074498382,801.8000000000001,0.0,1953.89670383733,-1073.9408356838362,-612.5339999999998,350.0,290.8452774764312
aether_half_2046_zero_2060,AETHER plus delayed zero,2082,0.0,100.0,6.745901841645482,0.0,-6.745901841645482,0.96,350.0,-6.476065767979662,801.8000000000001,0.0,1960.6426056789755,-1080.4169014518159,-612.5339999999998,350.0,290.0150126343825
aether_half_2046_zero_2060,AETHER plus delayed zero,2083,0.0,100.0,6.646647149775357,0.0,-6.646647149775357,0.96,350.0,-6.380781263784343,801.8000000000001,0.0,1967.289252828751,-1086.7976827156003,-612.5339999999998,350.0,289.19696375441015
aether_half_2046_zero_2060,AETHER plus delayed zero,2084,0.0,100.0,6.551341077170036,0.0,-6.551341077170036,0.96,350.0,-6.289287434083235,801.8000000000001,0.0,1973.840593905921,-1093.0869701496836,-612.5339999999998,350.0,288.3906448526046
aether_half_2046_zero_2060,AETHER plus delayed zero,2085,0.0,100.0,6.459560680878459,0.0,-6.459560680878459,0.96,350.0,-6.20117825364332,801.8000000000001,0.0,1980.3001545867994,-1099.2881484033269,-612.5339999999998,350.0,287.59562199957344
aether_half_2046_zero_2060,AETHER plus delayed zero,2086,0.0,100.0,6.370944884993435,0.0,-6.370944884993435,0.96,350.0,-6.116107089593697,801.8000000000001,0.0,1986.6710994717928,-1105.4042554929206,-612.5339999999998,350.0,286.8115057060358
aether_half_2046_zero_2060,AETHER plus delayed zero,2087,0.0,100.0,6.285185035671622,0.0,-6.285185035671622,0.96,350.0,-6.033777634244757,801.8000000000001,0.0,1992.9562845074645,-1111.4380331271655,-612.5339999999998,350.0,286.0379444708762
aether_half_2046_zero_2060,AETHER plus delayed zero,2088,0.0,100.0,6.202016905010529,0.0,-6.202016905010529,0.96,350.0,-5.953936228810107,801.8000000000001,0.0,1999.158301412475,-1117.3919693559756,-612.5339999999998,350.0,285.2746193133364
aether_half_2046_zero_2060,AETHER plus delayed zero,2089,0.0,100.0,6.121213921384102,0.0,-6.121213921384102,0.96,350.0,-5.876365364528738,801.8000000000001,0.0,2005.2795153338593,-1123.2683347205043,-612.5339999999998,350.0,284.5212391383968
aether_half_2046_zero_2060,AETHER plus delayed zero,2090,0.0,100.0,6.042581438039582,0.0,-6.042581438039582,0.96,350.0,-5.800878180517998,801.8000000000001,0.0,2011.322096771899,-1129.0692129010222,-612.5339999999998,350.0,283.7775368075612
aether_half_2046_zero_2060,AETHER plus delayed zero,2091,0.0,100.0,5.965951880572362,0.0,-5.965951880572362,0.96,350.0,-5.727313805349468,801.8000000000001,0.0,2017.2880486524714,-1134.7965267063717,-612.5339999999998,350.0,283.0432658068754
aether_half_2046_zero_2060,AETHER plus delayed zero,2092,0.0,100.0,5.8911806384251975,0.0,-5.8911806384251975,0.96,350.0,-5.65553341288819,801.8000000000001,0.0,2023.1792292908965,-1140.4520601192598,-612.5339999999998,350.0,282.3181974206077
aether_half_2046_zero_2060,AETHER plus delayed zero,2093,0.0,100.0,5.818142586205255,0.0,-5.818142586205255,0.96,350.0,-5.585416882757045,801.8000000000001,0.0,2028.9973718771018,-1146.0374770020169,-612.5339999999998,350.0,281.6021183330747
aether_half_2046_zero_2060,AETHER plus delayed zero,2094,0.0,100.0,5.746729138173379,0.0,-5.746729138173379,0.96,350.0,-5.516859972646444,801.8000000000001,0.0,2034.7441010152752,-1151.5543369746633,-612.5339999999998,350.0,280.89482859299187
aether_half_2046_zero_2060,AETHER plus delayed zero,2095,0.0,100.0,5.676845754079807,0.0,-5.676845754079807,0.96,350.0,-5.4497719239166145,801.8000000000001,0.0,2040.420946769355,-1157.00410889858,-612.5339999999998,350.0,280.1961398847974
aether_half_2046_zero_2060,AETHER plus delayed zero,2096,0.0,100.0,5.608409827081573,0.0,-5.608409827081573,0.96,350.0,-5.38407343399831,801.8000000000001,0.0,2046.0293565964366,-1162.3881823325783,-612.5339999999998,350.0,279.5058740599259
aether_half_2046_zero_2060,AETHER plus delayed zero,2097,0.0,100.0,5.541348895109148,0.0,-5.541348895109148,0.96,350.0,-5.319694939304782,801.8000000000001,0.0,2051.5707054915456,-1167.707877271883,-612.5339999999998,350.0,278.8238618882201
aether_half_2046_zero_2060,AETHER plus delayed zero,2098,0.0,100.0,5.4755991260519705,0.0,-5.4755991260519705,0.96,350.0,-5.256575161009891,801.8000000000001,0.0,2057.0463046175973,-1172.9644524328928,-612.5339999999998,350.0,278.1499419957829
aether_half_2046_zero_2060,AETHER plus delayed zero,2099,0.0,100.0,5.411104034740552,0.0,-5.411104034740552,0.96,350.0,-5.194659873350929,801.8000000000001,0.0,2062.457408652338,-1178.1591123062437,-612.5339999999998,350.0,277.48395996073793
aether_half_2046_zero_2060,AETHER plus delayed zero,2100,0.0,100.0,5.347813396166856,0.0,-5.347813396166856,0.96,350.0,-5.133900860320182,801.8000000000001,0.0,2067.8052220485047,-1183.293013166564,-612.5339999999998,350.0,276.82576754274817
aether_net_zero_2050,AETHER plus net-zero 2050,2026,42.2,0.0,0.0,0.0,42.2,0.96,350.0,42.2,42.2,0.0,0.0,42.2,42.2,433.9402564102564,433.9402564102564
aether_net_zero_2050,AETHER plus net-zero 2050,2027,40.44166666666667,5.0,5.0,0.0,35.44166666666667,0.96,350.0,35.64166666666667,82.64166666666668,0.0,5.0,77.84166666666667,75.07862771609886,438.1554650918075,438.50970085470084
aether_net_zero_2050,AETHER plus net-zero 2050,2028,38.68333333333334,10.0,10.0,0.0,28.683333333333337,0.96,350.0,29.083333333333336,121.32500000000002,0.0,15.0,106.92500000000001,99.57521845855607,441.2960536485328,442.2383333333333
aether_net_zero_2050,AETHER plus net-zero 2050,2029,36.925000000000004,15.0,15.0,0.0,21.925000000000004,0.96,350.0,22.525000000000006,158.25000000000003,0.0,30.0,129.45000000000002,116.44571652745428,443.45893801634026,445.12615384615384
aether_net_zero_2050,AETHER plus net-zero 2050,2030,35.16666666666667,20.0,20.0,0.0,15.166666666666671,0.96,350.0,15.966666666666672,193.41666666666669,0.0,50.0,145.41666666666669,126.30040911207779,444.7223601425741,447.1731623931624
aether_net_zero_2050,AETHER plus net-zero 2050,2031,33.40833333333333,25.0,25.0,0.0,8.408333333333331,0.96,350.0,9.408333333333331,226.82500000000002,0.0,75.0,154.82500000000002,129.63384472608675,445.1497236828316,448.379358974359
aether_net_zero_2050,AETHER plus net-zero 2050,2032,31.650000000000002,30.0,30.0,0.0,1.6500000000000021,0.96,350.0,2.850000000000005,258.475,0.0,105.0,157.675,126.84855631157056,444.79263542456033,448.74474358974356
aether_net_zero_2050,AETHER plus net-zero 2050,2033,29.891666666666666,35.0,35.0,0.0,-5.108333333333334,0.96,350.0,-3.7083333333333357,288.3666666666667,0.0,140.0,153.96666666666667,118.27387325655502,443.6933170841737,448.2693162393162
aether_net_zero_2050,AETHER plus net-zero 2050,2034,28.133333333333336,40.0,40.0,0.0,-11.866666666666664,0.96,350.0,-10.266666666666662,316.5,0.0,180.0,143.70000000000002,104.18084031996976,441.8865179897397,446.9530769230769
aether_net_zero_2050,AETHER plus net-zero 2050,2035,26.375,45.0,45.0,0.0,-18.625,0.96,350.0,-16.824999999999996,342.875,0.0,225.0,126.87500000000003,84.7940504077724,439.4010321035605,444.7960256410256
aether_net_zero_2050,AETHER plus net-zero 2050,2036,24.616666666666667,50.0,50.0,0.0,-25.383333333333333,0.96,350.0,-23.383333333333333,367.4916666666667,0.0,275.0,103.4916666666667,60.301030849482224,436.26090139095925,441.7981623931624
aether_net_zero_2050,AETHER plus net-zero 2050,2037,22.858333333333334,55.00000000000001,55.00000000000001,0.0,-32.14166666666667,0.96,350.0,-29.94166666666667,390.35,0.0,330.0,73.55000000000004,30.85969021411792,432.4863705402715,437.95948717948716
aether_net_zero_2050,AETHER plus net-zero 2050,2038,21.1,60.0,60.0,0.0,-38.9,0.96,350.0,-36.49999999999999,411.45000000000005,0.0,390.0,37.05000000000005,-3.395772412435676,428.0946445625082,433.28
aether_net_zero_2050,AETHER plus net-zero 2050,2039,19.34166666666667,65.0,65.0,0.0,-45.65833333333333,0.96,350.0,-43.05833333333333,430.79166666666674,0.0,455.0,-6.008333333333283,-42.35017709033109,423.1004901166242,427.75970085470084
aether_net_zero_2050,AETHER plus net-zero 2050,2040,17.583333333333332,70.0,70.0,0.0,-52.41666666666667,0.96,350.0,-49.616666666666674,448.37500000000006,0.0,525.0,-55.62499999999996,-85.90363907939006,417.5167129385397,421.3985897435897
aether_net_zero_2050,AETHER plus net-zero 2050,2041,15.825000000000003,75.0,75.0,0.0,-59.175,0.96,350.0,-56.175,464.20000000000005,0.0,600.0,-111.79999999999995,-133.9686110892465,411.3545370398402,414.19666666666666
aether_net_zero_2050,AETHER plus net-zero 2050,2042,14.06666666666667,80.0,80.0,0.0,-65.93333333333334,0.96,350.0,-62.73333333333333,478.2666666666667,0.0,680.0,-174.53333333333327,-186.46753303266,404.6239060214538,406.1539316239316
aether_net_zero_2050,AETHER plus net-zero 2050,2043,12.308333333333334,85.0,85.0,0.0,-72.69166666666666,0.96,350.0,-69.29166666666666,490.57500000000005,0.0,765.0,-243.82499999999993,-243.33096348548557,397.33372263006595,397.2703846153846
aether_net_zero_2050,AETHER plus net-zero 2050,2044,10.55,90.0,90.0,0.0,-79.45,0.96,350.0,-75.85,501.12500000000006,0.0,855.0,-319.67499999999995,-304.4960931333901,389.492039341873,387.5460256410256
aether_net_zero_2050,AETHER plus net-zero 2050,2045,8.791666666666671,95.0,95.0,0.0,-86.20833333333333,0.96,350.0,-82.40833333333333,509.91666666666674,0.0,950.0,-402.08333333333326,-369.90556115579193,381.1062101082318,376.9808547008547
aether_net_zero_2050,AETHER plus net-zero 2050,2046,7.033333333333331,100.0,100.0,0.0,-92.96666666666667,0.96,350.0,-88.96666666666667,516.95,0.0,1050.0,-491.04999999999995,-439.5065118825057,372.1830112971146,365.5748717948718
aether_net_zero_2050,AETHER plus net-zero 2050,2047,5.274999999999999,100.0,100.0,0.0,-94.725,0.96,350.0,-90.725,522.225,0.0,1150.0,-581.775,-508.4498420466665,363.3441228145299,353.9434615384615
aether_net_zero_2050,AETHER plus net-zero 2050,2048,3.5166666666666657,100.0,100.0,0.0,-96.48333333333333,0.96,350.0,-92.48333333333333,525.7416666666667,0.0,1250.0,-674.2583333333333,-577.0038785648559,354.5551437737364,342.0866239316239
aether_net_zero_2050,AETHER plus net-zero 2050,2049,1.7583333333333329,100.0,65.78373308000269,0.0,-64.02539974666936,0.96,350.0,-61.394050423469245,527.5,0.0,1315.7837330800028,-735.6523837568026,-612.5339999999998,350.0,334.2155918260509
aether_net_zero_2050,AETHER plus net-zero 2050,2050,0.0,100.0,26.540360624726844,0.0,-26.540360624726844,0.96,350.0,-25.47874619973777,527.5,0.0,1342.3240937047296,-761.1311299565403,-612.5339999999998,350.0,330.9490859030076
aether_net_zero_2050,AETHER plus net-zero 2050,2051,0.0,100.0,23.843200984656104,0.0,-23.843200984656104,0.96,350.0,-22.88947294526986,527.5,0.0,1366.1672946893857,-784.0206029018102,-612.5339999999998,350.0,328.01453808951146
aether_net_zero_2050,AETHER plus net-zero 2050,2052,0.0,100.0,21.54154841682813,0.0,-21.54154841682813,0.96,350.0,-20.679886480155005,527.5,0.0,1387.7088431062139,-804.7004893819652,-612.5339999999998,350.0,325.3632705920557
aether_net_zero_2050,AETHER plus net-zero 2050,2053,0.0,100.0,19.57500016653858,0.0,-19.57500016653858,0.96,350.0,-18.792000159877034,527.5,0.0,1407.2838432727524,-823.4924895418422,-612.5339999999998,350.0,322.9540398023279
aether_net_zero_2050,AETHER plus net-zero 2050,2054,0.0,100.0,17.892419539751952,0.0,-17.892419539751952,0.96,350.0,-17.176722758161873,527.5,0.0,1425.1762628125043,-840.6692123000041,-612.5339999999998,350.0,320.7518958589738
aether_net_zero_2050,AETHER plus net-zero 2050,2055,0.0,100.0,16.45051375651967,0.0,-16.45051375651967,0.96,350.0,-15.792493206258882,527.5,0.0,1441.626776569024,-856.461705506263,-612.5339999999998,350.0,318.72721724278676
aether_net_zero_2050,AETHER plus net-zero 2050,2056,0.0,100.0,15.212630085690531,0.0,-15.212630085690531,0.96,350.0,-14.604124882262909,527.5,0.0,1456.8394066547146,-871.0658303885259,-612.5339999999998,350.0,316.85489353993256
aether_net_zero_2050,AETHER plus net-zero 2050,2057,0.0,100.0,14.147736757333718,0.0,-14.147736757333718,0.96,350.0,-13.581827287040369,527.5,0.0,1470.9871434120482,-884.6476576755663,-612.5339999999998,350.0,315.1136336313376
aether_net_zero_2050,AETHER plus net-zero 2050,2058,0.0,100.0,13.229560291703754,0.0,-13.229560291703754,0.96,350.0,-12.700377880035603,527.5,0.0,1484.216703703752,-897.3480355556019,-612.5339999999998,350.0,313.4853800569741
aether_net_zero_2050,AETHER plus net-zero 2050,2059,0.0,100.0,12.435855236682158,0.0,-12.435855236682158,0.96,350.0,-11.938421027214872,527.5,0.0,1496.6525589404341,-909.2864565828168,-612.5339999999998,350.0,311.95481325861317
aether_net_zero_2050,AETHER plus net-zero 2050,2060,0.0,100.0,11.747785990572268,0.0,-11.747785990572268,0.96,350.0,-11.277874550949377,527.5,0.0,1508.4003449310064,-920.5643311337661,-612.5339999999998,350.0,310.5089319059274
aether_net_zero_2050,AETHER plus net-zero 2050,2061,0.0,100.0,11.149403506504523,0.0,-11.149403506504523,0.96,350.0,-10.703427366244341,527.5,0.0,1519.549748437511,-931.2677585000105,-612.5339999999998,350.0,309.13669762820376
aether_net_zero_2050,AETHER plus net-zero 2050,2062,0.0,100.0,10.627202315257142,0.0,-10.627202315257142,0.96,350.0,-10.202114222646856,527.5,0.0,1530.176950752768,-941.4698727226573,-612.5339999999998,350.0,307.82873426632597
aether_net_zero_2050,AETHER plus net-zero 2050,2063,0.0,100.0,10.169745538591595,0.0,-10.169745538591595,0.96,350.0,-9.76295571704793,527.5,0.0,1540.3466962913596,-951.2328284397053,-612.5339999999998,350.0,306.57707327696085
aether_net_zero_2050,AETHER plus net-zero 2050,2064,0.0,100.0,9.767347457381586,0.0,-9.767347457381586,0.96,350.0,-9.376653559086321,527.5,0.0,1550.1140437487413,-960.6094819987916,-612.5339999999998,350.0,305.3749382052831
aether_net_zero_2050,AETHER plus net-zero 2050,2065,0.0,100.0,9.411804800573503,0.0,-9.411804800573503,0.96,350.0,-9.035332608550561,527.5,0.0,1559.5258485493148,-969.6448146073421,-612.5339999999998,350.0,304.2165622298279
aether_net_zero_2050,AETHER plus net-zero 2050,2066,0.0,100.0,9.096169276928853,0.0,-9.096169276928853,0.96,350.0,-8.732322505851698,527.5,0.0,1568.6220178262436,-978.3771371131938,-612.5339999999998,350.0,303.09703370343664
aether_net_zero_2050,AETHER plus net-zero 2050,2067,0.0,100.0,8.814555019290776,0.0,-8.814555019290776,0.96,350.0,-8.461972818519143,527.5,0.0,1577.4365728455343,-986.839109931713,-612.5339999999998,350.0,302.0121653933701
aether_net_zero_2050,AETHER plus net-zero 2050,2068,0.0,100.0,8.561975582725742,0.0,-8.561975582725742,0.96,350.0,-8.219496559416712,527.5,0.0,1585.9985484282602,-995.0586064911297,-612.5339999999998,350.0,300.9583837831885
aether_net_zero_2050,AETHER plus net-zero 2050,2069,0.0,100.0,8.334205960402013,0.0,-8.334205960402013,0.96,350.0,-8.000837721985931,527.5,0.0,1594.3327543886621,-1003.0594442131156,-612.5339999999998,350.0,299.93263535729284
aether_net_zero_2050,AETHER plus net-zero 2050,2070,0.0,100.0,8.127665777283966,0.0,-8.127665777283966,0.96,350.0,-7.802559146192607,527.5,0.0,1602.460420165946,-1010.8620033593082,-612.5339999999998,350.0,298.9323072616271
aether_net_zero_2050,AETHER plus net-zero 2050,2071,0.0,100.0,7.939320411122945,0.0,-7.939320411122945,0.96,350.0,-7.621747594678027,527.5,0.0,1610.399740577069,-1018.4837509539863,-612.5339999999998,350.0,297.9551601341043
aether_net_zero_2050,AETHER plus net-zero 2050,2072,0.0,100.0,7.766597289138252,0.0,-7.766597289138252,0.96,350.0,-7.455933397572721,527.5,0.0,1618.1663378662072,-1025.939684351559,-612.5339999999998,350.0,296.99927123697955
aether_net_zero_2050,AETHER plus net-zero 2050,2073,0.0,100.0,7.607315031104042,0.0,-7.607315031104042,0.96,350.0,-7.30302242985988,527.5,0.0,1625.7736528973112,-1033.2427067814187,-612.5339999999998,350.0,296.0629863100745
aether_net_zero_2050,AETHER plus net-zero 2050,2074,0.0,100.0,7.45962346710544,0.0,-7.45962346710544,0.96,350.0,-7.161238528421222,527.5,0.0,1633.2332763644167,-1040.4039453098399,-612.5339999999998,350.0,295.14487880643077
aether_net_zero_2050,AETHER plus net-zero 2050,2075,0.0,100.0,7.321952860834102,0.0,-7.321952860834102,0.96,350.0,-7.029074746400738,527.5,0.0,1640.5552292252507,-1047.4330200562406,-612.5339999999998,350.0,294.243715377405
aether_net_zero_2050,AETHER plus net-zero 2050,2076,0.0,100.0,7.192970925504365,0.0,-7.192970925504365,0.96,350.0,-6.90525208848419,527.5,0.0,1647.748200150755,-1054.3382721447247,-612.5339999999998,350.0,293.3584266481122
aether_net_zero_2050,AETHER plus net-zero 2050,2077,0.0,100.0,7.0715464363313885,0.0,-7.0715464363313885,0.96,350.0,-6.788684578878133,527.5,0.0,1654.8197465870865,-1061.1269567236027,-612.5339999999998,350.0,292.488082471333
aether_net_zero_2050,AETHER plus net-zero 2050,2078,0.0,100.0,6.956718427097405,0.0,-6.956718427097405,0.96,350.0,-6.678449690013508,527.5,0.0,1661.776465014184,-1067.8054064136163,-612.5339999999998,350.0,291.6318709726132
aether_net_zero_2050,AETHER plus net-zero 2050,2079,0.0,100.0,6.847670113715884,0.0,-6.847670113715884,0.96,350.0,-6.573763309167248,527.5,0.0,1668.6241351278998,-1074.3791697227834,-612.5339999999998,350.0,290.7890808047713
aether_net_zero_2050,AETHER plus net-zero 2050,2080,0.0,100.0,6.743706819296236,0.0,-6.743706819296236,0.96,350.0,-6.473958546524386,527.5,0.0,1675.367841947196,-1080.853128269308,-612.5339999999998,350.0,289.95908611931947
aether_net_zero_2050,AETHER plus net-zero 2050,2081,0.0,100.0,6.644237286511512,0.0,-6.644237286511512,0.96,350.0,-6.378467795051051,527.5,0.0,1682.0120792337075,-1087.231596064359,-612.5339999999998,350.0,289.1413338379026
aether_net_zero_2050,AETHER plus net-zero 2050,2082,0.0,100.0,6.548757857403942,0.0,-6.548757857403942,0.96,350.0,-6.286807543107784,527.5,0.0,1688.5608370911114,-1093.518403607467,-612.5339999999998,350.0,288.33533287083753
aether_net_zero_2050,AETHER plus net-zero 2050,2083,0.0,100.0,6.456839080501453,0.0,-6.456839080501453,0.96,350.0,-6.198565517281395,527.5,0.0,1695.0176761716127,-1099.7169691247484,-612.5339999999998,350.0,287.5406449840066
aether_net_zero_2050,AETHER plus net-zero 2050,2084,0.0,100.0,6.368114372707012,0.0,-6.368114372707012,0.96,350.0,-6.113389797798732,527.5,0.0,1701.3857905443197,-1105.830358922547,-612.5339999999998,350.0,286.75687706121187
aether_net_zero_2050,AETHER plus net-zero 2050,2085,0.0,100.0,6.2822704205950455,0.0,-6.2822704205950455,0.96,350.0,-6.030979603771243,527.5,0.0,1707.6680609649147,-1111.8613385263184,-612.5339999999998,350.0,285.98367454790787
aether_net_zero_2050,AETHER plus net-zero 2050,2086,0.0,100.0,6.199039054145436,0.0,-6.199039054145436,0.96,350.0,-5.951077491979618,527.5,0.0,1713.8671000190602,-1117.8124160182979,-612.5339999999998,350.0,285.22071589509
aether_net_zero_2050,AETHER plus net-zero 2050,2087,0.0,100.0,6.118190366923789,0.0,-6.118190366923789,0.96,350.0,-5.873462752246837,527.5,0.0,1719.985290385984,-1123.6858787705446,-612.5339999999998,350.0,284.46770784993015
aether_net_zero_2050,AETHER plus net-zero 2050,2088,0.0,100.0,6.039526891422635,0.0,-6.039526891422635,0.96,350.0,-5.797945815765729,527.5,0.0,1726.0248172774066,-1129.4838245863102,-612.5339999999998,350.0,283.7243814632935
aether_net_zero_2050,AETHER plus net-zero 2050,2089,0.0,100.0,5.96287866760091,0.0,-5.96287866760091,0.96,350.0,-5.724363520896873,527.5,0.0,1731.9876959450075,-1135.2081881072072,-612.5339999999998,350.0,282.99048870420415
aether_net_zero_2050,AETHER plus net-zero 2050,2090,0.0,100.0,5.888099067558865,0.0,-5.888099067558865,0.96,350.0,-5.65257510485651,527.5,0.0,1737.8757950125664,-1140.8607632120638,-612.5339999999998,350.0,282.26579958819696
aether_net_zero_2050,AETHER plus net-zero 2050,2091,0.0,100.0,5.81506126029403,0.0,-5.81506126029403,0.96,350.0,-5.582458809882269,527.5,0.0,1743.6908562728604,-1146.443222021946,-612.5339999999998,350.0,281.5500997407761
aether_net_zero_2050,AETHER plus net-zero 2050,2092,0.0,100.0,5.743655218305696,0.0,-5.743655218305696,0.96,350.0,-5.513909009573467,527.5,0.0,1749.4345114911662,-1151.9571310315196,-612.5339999999998,350.0,280.84318832929233
aether_net_zero_2050,AETHER plus net-zero 2050,2093,0.0,100.0,5.673785182899849,0.0,-5.673785182899849,0.96,350.0,-5.446833775583855,527.5,0.0,1755.108296674066,-1157.4039648071034,-612.5339999999998,350.0,280.1448763067816
aether_net_zero_2050,AETHER plus net-zero 2050,2094,0.0,100.0,5.605367517794828,0.0,-5.605367517794828,0.96,350.0,-5.381152817083034,527.5,0.0,1760.7136641918607,-1162.7851176241866,-612.5339999999998,350.0,279.454984919976
aether_net_zero_2050,AETHER plus net-zero 2050,2095,0.0,100.0,5.538328891448549,0.0,-5.538328891448549,0.96,350.0,-5.316795735790606,527.5,0.0,1766.2519930833093,-1168.101913359977,-612.5339999999998,350.0,278.77334444102854
aether_net_zero_2050,AETHER plus net-zero 2050,2096,0.0,100.0,5.472604737652513,0.0,-5.472604737652513,0.96,350.0,-5.253700548146412,527.5,0.0,1771.724597820962,-1173.3556139081234,-612.5339999999998,350.0,278.0997930887021
aether_net_zero_2050,AETHER plus net-zero 2050,2097,0.0,100.0,5.408137951708625,0.0,-5.408137951708625,0.96,350.0,-5.19181243364028,527.5,0.0,1777.1327357726705,-1178.5474263417636,-612.5339999999998,350.0,277.4341761100303
aether_net_zero_2050,AETHER plus net-zero 2050,2098,0.0,100.0,5.344877786031551,0.0,-5.344877786031551,0.96,350.0,-5.131082674590289,527.5,0.0,1782.477613558702,-1183.678509016354,-612.5339999999998,350.0,276.7763449979033
aether_net_zero_2050,AETHER plus net-zero 2050,2099,0.0,100.0,5.282778914577572,0.0,-5.282778914577572,0.96,350.0,-5.071467757994469,527.5,0.0,1787.7603924732796,-1188.7499767743484,-612.5339999999998,350.0,276.12615682380147
aether_net_zero_2050,AETHER plus net-zero 2050,2100,0.0,100.0,5.221800640210361,0.0,-5.221800640210361,0.96,350.0,-5.012928614601947,527.5,0.0,1792.98219311349,-1193.7629053889505,-612.5339999999998,350.0,275.4834736680832
aether_net_zero_2050_25pct_rebound,"AETHER, net-zero 2050, 25% rebound",2026,42.2,0.0,0.0,0.0,42.2,0.96,350.0,42.2,42.2,0.0,0.0,42.2,42.2,433.9402564102564,433.9402564102564
aether_net_zero_2050_25pct_rebound,"AETHER, net-zero 2050, 25% rebound",2027,40.44166666666667,5.0,5.0,1.25,36.69166666666667,0.96,350.0,36.89166666666667,82.64166666666668,1.25,5.0,79.09166666666667,76.32862771609886,438.3157215020639,438.66995726495725
aether_net_zero_2050_25pct_rebound,"AETHER, net-zero 2050, 25% rebound",2028,38.68333333333334,10.0,10.0,2.5,31.183333333333337,0.96,350.0,31.583333333333336,121.32500000000002,3.75,15.0,110.67500000000001,103.24337488774543,441.76633011381347,442.7191025641025
aether_net_zero_2050_25pct_rebound,"AETHER, net-zero 2050, 25% rebound",2029,36.925000000000004,15.0,15.0,3.75,25.675000000000004,0.96,350.0,26.275000000000006,158.25000000000003,7.5,30.0,136.95000000000002,123.63344678732203,444.38044189581046,446.0876923076923
aether_net_zero_2050_25pct_rebound,"AETHER, net-zero 2050, 25% rebound",2030,35.16666666666667,20.0,20.0,5.0,20.16666666666667,0.96,350.0,20.966666666666672,193.41666666666669,12.5,50.0,157.91666666666669,138.0544113296142,446.22928350379664,448.7757264957265
aether_net_zero_2050_25pct_rebound,"AETHER, net-zero 2050, 25% rebound",2031,33.40833333333333,25.0,25.0,6.25,14.658333333333331,0.96,350.0,15.658333333333331,226.82500000000002,18.75,75.0,173.57500000000002,146.9556710178753,447.37047064331733,450.7832051282051
aether_net_zero_2050_25pct_rebound,"AETHER, net-zero 2050, 25% rebound",2032,31.650000000000002,30.0,30.0,7.5,9.150000000000006,0.96,350.0,10.350000000000009,258.475,26.25,105.0,183.925,150.70224555765424,447.85080071251974,452.1101282051282
aether_net_zero_2050_25pct_rebound,"AETHER, net-zero 2050, 25% rebound",2033,29.891666666666666,35.0,35.0,8.75,3.6416666666666657,0.96,350.0,5.041666666666664,288.3666666666667,35.0,140.0,188.96666666666667,149.5920445096299,447.7084672448243,452.7564957264957
aether_net_zero_2050_25pct_rebound,"AETHER, net-zero 2050, 25% rebound",2034,28.133333333333336,40.0,40.0,10.0,-1.86666666666666,0.96,350.0,-0.2666666666666586,316.5,45.0,180.0,188.70000000000002,143.8695648441057,446.97481600565453,452.72230769230765
aether_net_zero_2050_25pct_rebound,"AETHER, net-zero 2050, 25% rebound",2035,26.375,45.0,45.0,11.25,-7.375,0.96,350.0,-5.574999999999996,342.875,56.25,225.0,183.12500000000003,133.73675444385353,445.675737749212,452.00756410256406
aether_net_zero_2050_25pct_rebound,"AETHER, net-zero 2050, 25% rebound",2036,24.616666666666667,50.0,50.0,12.5,-12.883333333333333,0.96,350.0,-10.883333333333333,367.4916666666667,68.75,275.0,172.2416666666667,119.36162896881012,443.83277294471924,450.6122649572649
aether_net_zero_2050_25pct_rebound,"AETHER, net-zero 2050, 25% rebound",2037,22.858333333333334,55.00000000000001,55.00000000000001,13.750000000000002,-18.391666666666673,0.96,350.0,-16.19166666666667,390.35,82.5,330.0,156.05000000000004,100.88510771483072,441.463988168568,448.53641025641025
aether_net_zero_2050_25pct_rebound,"AETHER, net-zero 2050, 25% rebound",2038,21.1,60.0,60.0,15.0,-23.9,0.96,350.0,-21.499999999999993,411.45000000000005,97.5,390.0,134.55000000000004,78.42643756560315,438.58467148276964,445.78
aether_net_zero_2050_25pct_rebound,"AETHER, net-zero 2050, 25% rebound",2039,19.34166666666667,65.0,65.0,16.25,-29.40833333333333,0.96,350.0,-26.80833333333333,430.79166666666674,113.75,455.0,107.7416666666667,52.087497617338705,435.2078843099152,442.34303418803415
aether_net_zero_2050_25pct_rebound,"AETHER, net-zero 2050, 25% rebound",2040,17.583333333333332,70.0,70.0,17.5,-34.91666666666667,0.96,350.0,-32.116666666666674,448.37500000000006,131.25,525.0,75.62500000000003,21.956216400670364,431.34489953854745,438.2255128205128
aether_net_zero_2050_25pct_rebound,"AETHER, net-zero 2050, 25% rebound",2041,15.825000000000003,75.0,75.0,18.75,-40.425,0.96,350.0,-37.425,464.20000000000005,150.0,600.0,38.20000000000003,-11.89071445576998,427.00554942874743,433.4274358974359
aether_net_zero_2050_25pct_rebound,"AETHER, net-zero 2050, 25% rebound",2042,14.06666666666667,80.0,80.0,20.0,-45.93333333333333,0.96,350.0,-42.73333333333333,478.2666666666667,170.0,680.0,-4.533333333333296,-49.385684387501186,422.1985020016024,427.9488034188034
aether_net_zero_2050_25pct_rebound,"AETHER, net-zero 2050, 25% rebound",2043,12.308333333333334,85.0,85.0,21.25,-51.44166666666666,0.96,350.0,-48.04166666666666,490.57500000000005,191.25,765.0,-52.57499999999995,-90.46845035990795,416.9314807230887,421.7896153846154
aether_net_zero_2050_25pct_rebound,"AETHER, net-zero 2050, 25% rebound",2044,10.55,90.0,90.0,22.5,-56.95,0.96,350.0,-53.349999999999994,501.12500000000006,213.75,855.0,-105.92499999999995,-135.08477406251097,411.21143922275496,414.9498717948718
aether_net_zero_2050_25pct_rebound,"AETHER, net-zero 2050, 25% rebound",2045,8.791666666666671,95.0,95.0,23.75,-62.45833333333333,0.96,350.0,-58.65833333333333,509.91666666666674,237.5,950.0,-164.5833333333333,-183.18533723918347,405.0447003539508,407.4295726495726
aether_net_zero_2050_25pct_rebound,"AETHER, net-zero 2050, 25% rebound",2046,7.033333333333331,100.0,100.0,25.0,-67.96666666666667,0.96,350.0,-63.96666666666667,516.95,262.5,1050.0,-228.54999999999995,-234.72487760866935,398.4370669732475,399.22871794871793
aether_net_zero_2050_25pct_rebound,"AETHER, net-zero 2050, 25% rebound",2047,5.274999999999999,100.0,100.0,25.0,-69.725,0.96,350.0,-65.725,522.225,287.5,1150.0,-294.275,-286.11149975720343,391.8490384926662,390.8024358974359
aether_net_zero_2050_25pct_rebound,"AETHER, net-zero 2050, 25% rebound",2048,3.5166666666666657,100.0,100.0,25.0,-71.48333333333333,0.96,350.0,-67.48333333333333,525.7416666666667,312.5,1250.0,-361.7583333333333,-337.53856058080504,385.25582556656343,382.1507264957265
aether_net_zero_2050_25pct_rebound,"AETHER, net-zero 2050, 25% rebound",2049,1.7583333333333329,100.0,100.0,25.0,-73.24166666666667,0.96,350.0,-69.24166666666667,527.5,337.5,1350.0,-431.0,-389.1588964825422,378.63783378428946,373.2735897435897
aether_net_zero_2050_25pct_rebound,"AETHER, net-zero 2050, 25% rebound",2050,0.0,100.0,100.0,25.0,-75.0,0.96,350.0,-71.0,527.5,362.5,1450.0,-502.0,-441.0932314281551,371.97958571433907,364.1710256410256
aether_net_zero_2050_25pct_rebound,"AETHER, net-zero 2050, 25% rebound",2051,0.0,100.0,100.0,25.0,-75.0,0.96,350.0,-71.0,527.5,387.5,1550.0,-573.0,-491.6785082866629,365.49429380940217,355.0684615384615
aether_net_zero_2050_25pct_rebound,"AETHER, net-zero 2050, 25% rebound",2052,0.0,100.0,100.0,25.0,-75.0,0.96,350.0,-71.0,527.5,412.5,1650.0,-644.0,-541.1049648637452,359.1575686072121,345.96589743589743
aether_net_zero_2050_25pct_rebound,"AETHER, net-zero 2050, 25% rebound",2053,0.0,100.0,100.0,25.0,-75.0,0.96,350.0,-71.0,527.5,437.5,1750.0,-715.0,-589.5256142152058,352.9497930493326,336.8633333333333
aether_net_zero_2050_25pct_rebound,"AETHER, net-zero 2050, 25% rebound",2054,0.0,100.0,65.45084092910055,16.362710232275138,-49.08813069682542,0.96,350.0,-46.470097059661384,527.5,453.86271023227516,1815.4508409291007,-761.4700970596614,-612.5339999999998,350.0,330.90562858209466
aether_net_zero_2050_25pct_rebound,"AETHER, net-zero 2050, 25% rebound",2055,0.0,100.0,31.884546115357125,7.971136528839281,-23.913409586517844,0.96,350.0,-22.638027741903556,527.5,461.83384676111444,1847.3353870444578,-784.1081248015649,-612.5339999999998,350.0,328.00331733313266
aether_net_zero_2050_25pct_rebound,"AETHER, net-zero 2050, 25% rebound",2056,0.0,100.0,28.829690868883038,7.2074227172207594,-21.62226815166228,0.96,350.0,-20.469080516906956,527.5,469.0412694783352,1876.1650779133408,-804.5772053184719,-612.5339999999998,350.0,325.3790762412215
aether_net_zero_2050_25pct_rebound,"AETHER, net-zero 2050, 25% rebound",2057,0.0,100.0,26.219103101970926,6.554775775492732,-19.664327326478194,0.96,350.0,-18.615563202399358,527.5,475.5960452538279,1902.3841810153117,-823.1927685208713,-612.5339999999998,350.0,322.99246557424726
aether_net_zero_2050_25pct_rebound,"AETHER, net-zero 2050, 25% rebound",2058,0.0,100.0,23.98499650847437,5.996249127118593,-17.98874738135578,0.96,350.0,-17.029347521016803,527.5,481.5922943809465,1926.369177523786,-840.2221160418881,-612.5339999999998,350.0,320.8092158920656
aether_net_zero_2050_25pct_rebound,"AETHER, net-zero 2050, 25% rebound",2059,0.0,100.0,22.0699824543618,5.51749561359045,-16.55248684077135,0.96,350.0,-15.669687542596877,527.5,487.1097899945369,1948.4391599781477,-855.8918035844849,-612.5339999999998,350.0,318.80028159173264
aether_net_zero_2050_25pct_rebound,"AETHER, net-zero 2050, 25% rebound",2060,0.0,100.0,20.42547417012506,5.106368542531265,-15.319105627593796,0.96,350.0,-14.502086660788795,527.5,492.21615853706817,1968.8646341482727,-870.3938902452737,-612.5339999999998,350.0,316.94103971214435
aether_net_zero_2050_25pct_rebound,"AETHER, net-zero 2050, 25% rebound",2061,0.0,100.0,19.010335878923524,4.752583969730881,-14.257751909192642,0.96,350.0,-13.4973384740357,527.5,496.96874250679906,1987.8749700271962,-883.8912287193094,-612.5339999999998,350.0,315.2106117026526
aether_net_zero_2050_25pct_rebound,"AETHER, net-zero 2050, 25% rebound",2062,0.0,100.0,17.78973926575338,4.447434816438345,-13.342304449315034,0.96,350.0,-12.630714878684898,527.5,501.4161773232374,2005.6647092929495,-896.5219435979943,-612.5339999999998,350.0,313.59128928230837
aether_net_zero_2050_25pct_rebound,"AETHER, net-zero 2050, 25% rebound",2063,0.0,100.0,16.73419546327782,4.183548865819455,-12.550646597458366,0.96,350.0,-11.881278778927252,527.5,505.5997261890568,2022.3989047562272,-908.4032223769216,-612.5339999999998,350.0,312.06804841321514
aether_net_zero_2050_25pct_rebound,"AETHER, net-zero 2050, 25% rebound",2064,0.0,100.0,15.818735614613335,3.9546839036533337,-11.864051710960002,0.96,350.0,-11.231302286375467,527.5,509.55441009271016,2038.2176403708406,-919.634524663297,-612.5339999999998,350.0,310.62813786367985
aether_net_zero_2050_25pct_rebound,"AETHER, net-zero 2050, 25% rebound",2065,0.0,100.0,15.022217208292858,3.7555543020732145,-11.266662906219644,0.96,350.0,-10.665774217887929,527.5,513.3099643947834,2053.2398575791335,-930.300298881185,-612.5339999999998,350.0,309.2607309126686
aether_net_zero_2050_25pct_rebound,"AETHER, net-zero 2050, 25% rebound",2066,0.0,100.0,14.326736880896943,3.581684220224236,-10.745052660672707,0.96,350.0,-10.17198318543683,527.5,516.8916486150076,2067.5665944600305,-940.4722820666218,-612.5339999999998,350.0,307.95663050427925
aether_net_zero_2050_25pct_rebound,"AETHER, net-zero 2050, 25% rebound",2067,0.0,100.0,13.717133345847794,3.4292833364619484,-10.287850009385846,0.96,350.0,-9.739164675551933,527.5,520.3209319514696,2081.2837278058782,-950.2114467421737,-612.5339999999998,350.0,306.70801964843923
aether_net_zero_2050_25pct_rebound,"AETHER, net-zero 2050, 25% rebound",2068,0.0,100.0,13.180566615093682,3.2951416537734204,-9.885424961320261,0.96,350.0,-9.358202296716513,527.5,523.616073605243,2094.464294420972,-959.5696490388902,-612.5339999999998,350.0,305.50825012321917
aether_net_zero_2050_25pct_rebound,"AETHER, net-zero 2050, 25% rebound",2069,0.0,100.0,12.70616180366018,3.176540450915045,-9.529621352745135,0.96,350.0,-9.021374880598728,527.5,526.792614056158,2107.170456224632,-968.591023919489,-612.5339999999998,350.0,304.3516636000655
aether_net_zero_2050_25pct_rebound,"AETHER, net-zero 2050, 25% rebound",2070,0.0,100.0,12.284707604383803,3.0711769010959507,-9.213530703287852,0.96,350.0,-8.7221423991125,527.5,529.8637909572539,2119.4551638290154,-977.3131663186015,-612.5339999999998,350.0,303.23344021556386
aether_net_zero_2050_25pct_rebound,"AETHER, net-zero 2050, 25% rebound",2071,0.0,100.0,11.908401041619008,2.977100260404752,-8.931300781214256,0.96,350.0,-8.454964739549496,527.5,532.8408912176586,2131.3635648706345,-985.768131058151,-612.5339999999998,350.0,302.1494703771601
aether_net_zero_2050_25pct_rebound,"AETHER, net-zero 2050, 25% rebound",2072,0.0,100.0,11.570631400699197,2.8926578501747993,-8.677973550524397,0.96,350.0,-8.215148294496428,527.5,535.7335490678335,2142.934196271334,-993.9832793526474,-612.5339999999998,350.0,301.09624623684005
aether_net_zero_2050_25pct_rebound,"AETHER, net-zero 2050, 25% rebound",2073,0.0,100.0,11.265797320115812,2.816449330028953,-8.44934799008686,0.96,350.0,-7.998716097282226,527.5,538.5499983978624,2154.1999935914496,-1001.9819954499296,-612.5339999999998,350.0,300.07076981411154
aether_net_zero_2050_25pct_rebound,"AETHER, net-zero 2050, 25% rebound",2074,0.0,100.0,10.989151956408305,2.7472879891020763,-8.241863967306228,0.96,350.0,-7.802297889049896,527.5,541.2972863869645,2165.189145547858,-1009.7842933389795,-612.5339999999998,350.0,299.07047521295135
aether_net_zero_2050_25pct_rebound,"AETHER, net-zero 2050, 25% rebound",2075,0.0,100.0,10.73667191291211,2.6841679782280274,-8.052503934684083,0.96,350.0,-7.623037058167599,527.5,543.9814543651926,2175.9258174607703,-1017.4073303971471,-612.5339999999998,350.0,298.09316276959646
aether_net_zero_2050_25pct_rebound,"AETHER, net-zero 2050, 25% rebound",2076,0.0,100.0,10.504946284956699,2.6262365712391746,-7.878709713717524,0.96,350.0,-7.458511862319255,527.5,546.6076909364317,2186.430763745727,-1024.8658422594663,-612.5339999999998,350.0,297.1369433000684
aether_net_zero_2050_25pct_rebound,"AETHER, net-zero 2050, 25% rebound",2077,0.0,100.0,10.291082733873525,2.5727706834683812,-7.718312050405144,0.96,350.0,-7.306668741050203,527.5,549.1804616199001,2196.7218464796006,-1032.1725110005164,-612.5339999999998,350.0,296.2001908973697
aether_net_zero_2050_25pct_rebound,"AETHER, net-zero 2050, 25% rebound",2078,0.0,100.0,10.09262797613006,2.523156994032515,-7.569470982097545,0.96,350.0,-7.165765863052343,527.5,551.7036186139327,2206.8144744557308,-1039.3382768635688,-612.5339999999998,350.0,295.28150296620913
aether_net_zero_2050_25pct_rebound,"AETHER, net-zero 2050, 25% rebound",2079,0.0,100.0,9.907500475064104,2.476875118766026,-7.430625356298078,0.96,350.0,-7.034325337295513,527.5,554.1804937326987,2216.7219749307947,-1046.3726022008643,-612.5339999999998,350.0,294.3796663845045
aether_net_zero_2050_25pct_rebound,"AETHER, net-zero 2050, 25% rebound",2080,0.0,100.0,9.733933462273816,2.433483365568454,-7.300450096705362,0.96,350.0,-6.911092758214409,527.5,556.6139770982671,2226.4559083930685,-1053.2836949590787,-612.5339999999998,350.0,293.4936288514001
aether_net_zero_2050_25pct_rebound,"AETHER, net-zero 2050, 25% rebound",2081,0.0,100.0,9.57042670321727,2.3926066758043176,-7.177820027412952,0.96,350.0,-6.795002959284261,527.5,559.0065837740715,2236.026335096286,-1060.078697918363,-612.5339999999998,350.0,292.6224746258508
aether_net_zero_2050_25pct_rebound,"AETHER, net-zero 2050, 25% rebound",2082,0.0,100.0,9.415705664906922,2.3539264162267304,-7.061779248680191,0.96,350.0,-6.685151022083913,527.5,561.3605101902982,2245.442040761193,-1066.763848940447,-612.5339999999998,350.0,291.7654039819939
aether_net_zero_2050_25pct_rebound,"AETHER, net-zero 2050, 25% rebound",2083,0.0,100.0,9.268686949588966,2.3171717373972416,-6.951515212191724,0.96,350.0,-6.580767734208166,527.5,563.6776819276954,2254.7107277107816,-1073.344616674655,-612.5339999999998,350.0,290.92171581094163
aether_net_zero_2050_25pct_rebound,"AETHER, net-zero 2050, 25% rebound",2084,0.0,100.0,9.128449032667683,2.282112258166921,-6.846336774500763,0.96,350.0,-6.481198813194055,527.5,565.9597941858623,2263.839176743449,-1079.825815487849,-612.5339999999998,350.0,290.0907928861732
aether_net_zero_2050_25pct_rebound,"AETHER, net-zero 2050, 25% rebound",2085,0.0,100.0,8.994207490774231,2.248551872693558,-6.745655618080674,0.96,350.0,-6.385887318449704,527.5,568.2083460585559,2272.8333842342236,-1086.2117028062987,-612.5339999999998,350.0,289.27208938380784
aether_net_zero_2050_25pct_rebound,"AETHER, net-zero 2050, 25% rebound",2086,0.0,100.0,8.865294030782403,2.2163235076956007,-6.648970523086803,0.96,350.0,-6.294358761855506,527.5,570.4246695662515,2281.698678265006,-1092.506061568154,-612.5339999999998,350.0,288.4651203117751
aether_net_zero_2050_25pct_rebound,"AETHER, net-zero 2050, 25% rebound",2087,0.0,100.0,8.741138736441622,2.1852846841104054,-6.555854052331217,0.96,350.0,-6.206208502873551,527.5,572.609954250362,2290.439817001448,-1098.7122700710277,-612.5339999999998,350.0,287.6694525549964
aether_net_zero_2050_25pct_rebound,"AETHER, net-zero 2050, 25% rebound",2088,0.0,100.0,8.621255038728968,2.155313759682242,-6.465941279046726,0.96,350.0,-6.121091077497567,527.5,574.7652680100442,2299.061072040177,-1104.8333611485252,-612.5339999999998,350.0,286.8846972886506
aether_net_zero_2050_25pct_rebound,"AETHER, net-zero 2050, 25% rebound",2089,0.0,100.0,8.50522699192415,2.1263067479810376,-6.378920243943113,0.96,350.0,-6.038711164266146,527.5,576.8915747580253,2307.566299032101,-1110.8720723127913,-612.5339999999998,350.0,286.1105035496421
aether_net_zero_2050_25pct_rebound,"AETHER, net-zero 2050, 25% rebound",2090,0.0,100.0,8.392698501488923,2.0981746253722307,-6.294523876116692,0.96,350.0,-5.958815936057135,527.5,578.9897493833976,2315.9589975335903,-1116.8308882488484,-612.5339999999998,350.0,285.3465527886092
aether_net_zero_2050_25pct_rebound,"AETHER, net-zero 2050, 25% rebound",2091,0.0,100.0,8.28336420422746,2.070841051056865,-6.212523153170595,0.96,350.0,-5.881188585001497,527.5,581.0605904344544,2324.2423617378176,-1122.71207683385,-612.5339999999998,350.0,284.5925542520705
aether_net_zero_2050_25pct_rebound,"AETHER, net-zero 2050, 25% rebound",2092,0.0,100.0,8.176961747111383,2.0442404367778457,-6.132721310333537,0.96,350.0,-5.805642840449082,527.5,583.1048308712323,2332.419323484929,-1128.517719674299,-612.5339999999998,350.0,283.8482410673975
aether_net_zero_2050_25pct_rebound,"AETHER, net-zero 2050, 25% rebound",2093,0.0,100.0,8.073265250122795,2.0183163125306987,-6.054948937592096,0.96,350.0,-5.732018327587184,527.5,585.123147183763,2340.492588735052,-1134.2497380018863,-612.5339999999998,350.0,283.1133669228351
aether_net_zero_2050_25pct_rebound,"AETHER, net-zero 2050, 25% rebound",2094,0.0,100.0,7.972079771404815,1.9930199428512037,-5.979059828553611,0.96,350.0,-5.660176637697418,527.5,587.1161671266142,2348.4646685064567,-1139.9099146395838,-612.5339999999998,350.0,282.3877032513354
aether_net_zero_2050_25pct_rebound,"AETHER, net-zero 2050, 25% rebound",2095,0.0,100.0,7.873236620879729,1.9683091552199323,-5.904927465659797,0.96,350.0,-5.5899980008246075,527.5,589.0844762818341,2356.3379051273364,-1145.4999126404084,-612.5339999999998,350.0,281.6710368409732
aether_net_zero_2050_25pct_rebound,"AETHER, net-zero 2050, 25% rebound",2096,0.0,100.0,7.77658939214122,1.944147348035305,-5.832442044105916,0.96,350.0,-5.5213784684202665,527.5,591.0286236298695,2364.114494519478,-1151.0212911088288,-612.5339999999998,350.0,280.96316780656036
aether_net_zero_2050_25pct_rebound,"AETHER, net-zero 2050, 25% rebound",2097,0.0,100.0,7.682010602379033,1.9205026505947582,-5.761507951784274,0.96,350.0,-5.454227527689113,527.5,592.9491262804643,2371.796505121857,-1156.4755186365178,-612.5339999999998,350.0,280.26390786711306
aether_net_zero_2050_25pct_rebound,"AETHER, net-zero 2050, 25% rebound",2098,0.0,100.0,7.589388847027519,1.8973472117568797,-5.692041635270639,0.96,350.0,-5.388466081389538,527.5,594.8464734922211,2379.3858939688844,-1161.8639847179074,-612.5339999999998,350.0,279.5730788823195
aether_net_zero_2050_25pct_rebound,"AETHER, net-zero 2050, 25% rebound",2099,0.0,100.0,7.498626390160943,1.8746565975402358,-5.6239697926207075,0.96,350.0,-5.32402473701427,527.5,596.7211300897613,2386.8845203590454,-1167.1880094549217,-612.5339999999998,350.0,278.89051160834333
aether_net_zero_2050_25pct_rebound,"AETHER, net-zero 2050, 25% rebound",2100,0.0,100.0,7.409637123757747,1.8524092809394368,-5.55722784281831,0.96,350.0,-5.260842357868,527.5,598.5735393707008,2394.2941574828033,-1172.4488518127896,-612.5339999999998,350.0,278.2160446393859
