scenario_id,case,display_name,forcing_policy,forcing_policy_name,year,positive_emissions_gtco2_y,gross_removal_gtco2_y,effective_removal_gtco2_y,fair_proxy_net_co2_emissions_gtco2_y,co2_ppm_reduced_form,co2_erf_w_m2,non_co2_positive_forcing_w_m2,aerosol_forcing_w_m2,total_erf_w_m2,surface_temperature_anomaly_c,deep_ocean_temperature_index_c,ocean_heat_uptake_w_m2,co2_concentration_join_mismatch_ppm,fair_readiness_score_0_1,critical_fair_gap_count,missing_or_placeholder_variable_families,deck_caveat
baseline_constant_emissions_no_aether__co2_only_screen,baseline_constant_emissions_no_aether,"No AETHER, constant emissions",co2_only_screen,CO2-only emulator screen,2026,42.2,0.0,0.0,42.2,433.940256,2.524677,0.0,0.0,2.524677,1.352807,0.6561,0.659913,0.0,0.4,11,9,"FAIR-ready input scaffold, not a FAIR run; species-level non-CO2 and aerosol emissions remain missing."
baseline_constant_emissions_no_aether__co2_only_screen,baseline_constant_emissions_no_aether,"No AETHER, constant emissions",co2_only_screen,CO2-only emulator screen,2027,42.2,0.0,0.0,42.2,438.996277,2.590357,0.0,0.0,2.590357,1.365832,0.662718,0.661872,0.0,0.4,11,9,"FAIR-ready input scaffold, not a FAIR run; species-level non-CO2 and aerosol emissions remain missing."
baseline_constant_emissions_no_aether__co2_only_screen,baseline_constant_emissions_no_aether,"No AETHER, constant emissions",co2_only_screen,CO2-only emulator screen,2028,42.2,0.0,0.0,42.2,443.763438,2.651594,0.0,0.0,2.651594,1.382032,0.669398,0.667958,0.0,0.4,11,9,"FAIR-ready input scaffold, not a FAIR run; species-level non-CO2 and aerosol emissions remain missing."
baseline_constant_emissions_no_aether__co2_only_screen,baseline_constant_emissions_no_aether,"No AETHER, constant emissions",co2_only_screen,CO2-only emulator screen,2029,42.2,0.0,0.0,42.2,448.293762,2.709183,0.0,0.0,2.709183,1.400508,0.676168,0.677002,0.0,0.4,11,9,"FAIR-ready input scaffold, not a FAIR run; species-level non-CO2 and aerosol emissions remain missing."
baseline_constant_emissions_no_aether__co2_only_screen,baseline_constant_emissions_no_aether,"No AETHER, constant emissions",co2_only_screen,CO2-only emulator screen,2030,42.2,0.0,0.0,42.2,452.628685,2.763746,0.0,0.0,2.763746,1.420588,0.683049,0.688124,0.0,0.4,11,9,"FAIR-ready input scaffold, not a FAIR run; species-level non-CO2 and aerosol emissions remain missing."
baseline_constant_emissions_no_aether__co2_only_screen,baseline_constant_emissions_no_aether,"No AETHER, constant emissions",co2_only_screen,CO2-only emulator screen,2031,42.2,0.0,0.0,42.2,456.801243,2.815773,0.0,0.0,2.815773,1.441766,0.690056,0.700662,0.0,0.4,11,9,"FAIR-ready input scaffold, not a FAIR run; species-level non-CO2 and aerosol emissions remain missing."
baseline_constant_emissions_no_aether__co2_only_screen,baseline_constant_emissions_no_aether,"No AETHER, constant emissions",co2_only_screen,CO2-only emulator screen,2032,42.2,0.0,0.0,42.2,460.837809,2.865655,0.0,0.0,2.865655,1.463668,0.697197,0.714125,0.0,0.4,11,9,"FAIR-ready input scaffold, not a FAIR run; species-level non-CO2 and aerosol emissions remain missing."
baseline_constant_emissions_no_aether__co2_only_screen,baseline_constant_emissions_no_aether,"No AETHER, constant emissions",co2_only_screen,CO2-only emulator screen,2033,42.2,0.0,0.0,42.2,464.759472,2.9137,0.0,0.0,2.9137,1.486013,0.704478,0.728147,0.0,0.4,11,9,"FAIR-ready input scaffold, not a FAIR run; species-level non-CO2 and aerosol emissions remain missing."
baseline_constant_emissions_no_aether__co2_only_screen,baseline_constant_emissions_no_aether,"No AETHER, constant emissions",co2_only_screen,CO2-only emulator screen,2034,42.2,0.0,0.0,42.2,468.583122,2.960155,0.0,0.0,2.960155,1.508598,0.711903,0.742458,0.0,0.4,11,9,"FAIR-ready input scaffold, not a FAIR run; species-level non-CO2 and aerosol emissions remain missing."
baseline_constant_emissions_no_aether__co2_only_screen,baseline_constant_emissions_no_aether,"No AETHER, constant emissions",co2_only_screen,CO2-only emulator screen,2035,42.2,0.0,0.0,42.2,472.322321,3.005219,0.0,0.0,3.005219,1.531273,0.719472,0.756861,0.0,0.4,11,9,"FAIR-ready input scaffold, not a FAIR run; species-level non-CO2 and aerosol emissions remain missing."
baseline_constant_emissions_no_aether__co2_only_screen,baseline_constant_emissions_no_aether,"No AETHER, constant emissions",co2_only_screen,CO2-only emulator screen,2036,42.2,0.0,0.0,42.2,475.987987,3.049052,0.0,0.0,3.049052,1.553929,0.727184,0.771211,0.0,0.4,11,9,"FAIR-ready input scaffold, not a FAIR run; species-level non-CO2 and aerosol emissions remain missing."
baseline_constant_emissions_no_aether__co2_only_screen,baseline_constant_emissions_no_aether,"No AETHER, constant emissions",co2_only_screen,CO2-only emulator screen,2037,42.2,0.0,0.0,42.2,479.588938,3.091784,0.0,0.0,3.091784,1.57649,0.735038,0.785408,0.0,0.4,11,9,"FAIR-ready input scaffold, not a FAIR run; species-level non-CO2 and aerosol emissions remain missing."
baseline_constant_emissions_no_aether__co2_only_screen,baseline_constant_emissions_no_aether,"No AETHER, constant emissions",co2_only_screen,CO2-only emulator screen,2038,42.2,0.0,0.0,42.2,483.132319,3.133521,0.0,0.0,3.133521,1.598901,0.743032,0.799379,0.0,0.4,11,9,"FAIR-ready input scaffold, not a FAIR run; species-level non-CO2 and aerosol emissions remain missing."
baseline_constant_emissions_no_aether__co2_only_screen,baseline_constant_emissions_no_aether,"No AETHER, constant emissions",co2_only_screen,CO2-only emulator screen,2039,42.2,0.0,0.0,42.2,486.623952,3.174349,0.0,0.0,3.174349,1.621127,0.751162,0.813076,0.0,0.4,11,9,"FAIR-ready input scaffold, not a FAIR run; species-level non-CO2 and aerosol emissions remain missing."
baseline_constant_emissions_no_aether__co2_only_screen,baseline_constant_emissions_no_aether,"No AETHER, constant emissions",co2_only_screen,CO2-only emulator screen,2040,42.2,0.0,0.0,42.2,490.068599,3.214342,0.0,0.0,3.214342,1.643144,0.759427,0.826467,0.0,0.4,11,9,"FAIR-ready input scaffold, not a FAIR run; species-level non-CO2 and aerosol emissions remain missing."
baseline_constant_emissions_no_aether__co2_only_screen,baseline_constant_emissions_no_aether,"No AETHER, constant emissions",co2_only_screen,CO2-only emulator screen,2041,42.2,0.0,0.0,42.2,493.470182,3.253561,0.0,0.0,3.253561,1.664937,0.767822,0.839531,0.0,0.4,11,9,"FAIR-ready input scaffold, not a FAIR run; species-level non-CO2 and aerosol emissions remain missing."
baseline_constant_emissions_no_aether__co2_only_screen,baseline_constant_emissions_no_aether,"No AETHER, constant emissions",co2_only_screen,CO2-only emulator screen,2042,42.2,0.0,0.0,42.2,496.831953,3.292055,0.0,0.0,3.292055,1.686497,0.776345,0.852258,0.0,0.4,11,9,"FAIR-ready input scaffold, not a FAIR run; species-level non-CO2 and aerosol emissions remain missing."
baseline_constant_emissions_no_aether__co2_only_screen,baseline_constant_emissions_no_aether,"No AETHER, constant emissions",co2_only_screen,CO2-only emulator screen,2043,42.2,0.0,0.0,42.2,500.156627,3.32987,0.0,0.0,3.32987,1.707823,0.784991,0.864645,0.0,0.4,11,9,"FAIR-ready input scaffold, not a FAIR run; species-level non-CO2 and aerosol emissions remain missing."
baseline_constant_emissions_no_aether__co2_only_screen,baseline_constant_emissions_no_aether,"No AETHER, constant emissions",co2_only_screen,CO2-only emulator screen,2044,42.2,0.0,0.0,42.2,503.446491,3.367042,0.0,0.0,3.367042,1.728915,0.793758,0.87669,0.0,0.4,11,9,"FAIR-ready input scaffold, not a FAIR run; species-level non-CO2 and aerosol emissions remain missing."
baseline_constant_emissions_no_aether__co2_only_screen,baseline_constant_emissions_no_aether,"No AETHER, constant emissions",co2_only_screen,CO2-only emulator screen,2045,42.2,0.0,0.0,42.2,506.703489,3.403604,0.0,0.0,3.403604,1.749776,0.802642,0.888399,0.0,0.4,11,9,"FAIR-ready input scaffold, not a FAIR run; species-level non-CO2 and aerosol emissions remain missing."
baseline_constant_emissions_no_aether__co2_only_screen,baseline_constant_emissions_no_aether,"No AETHER, constant emissions",co2_only_screen,CO2-only emulator screen,2046,42.2,0.0,0.0,42.2,509.92929,3.439584,0.0,0.0,3.439584,1.770409,0.81164,0.899777,0.0,0.4,11,9,"FAIR-ready input scaffold, not a FAIR run; species-level non-CO2 and aerosol emissions remain missing."
baseline_constant_emissions_no_aether__co2_only_screen,baseline_constant_emissions_no_aether,"No AETHER, constant emissions",co2_only_screen,CO2-only emulator screen,2047,42.2,0.0,0.0,42.2,513.125341,3.47501,0.0,0.0,3.47501,1.790821,0.820748,0.910831,0.0,0.4,11,9,"FAIR-ready input scaffold, not a FAIR run; species-level non-CO2 and aerosol emissions remain missing."
baseline_constant_emissions_no_aether__co2_only_screen,baseline_constant_emissions_no_aether,"No AETHER, constant emissions",co2_only_screen,CO2-only emulator screen,2048,42.2,0.0,0.0,42.2,516.29291,3.509902,0.0,0.0,3.509902,1.811018,0.829964,0.921569,0.0,0.4,11,9,"FAIR-ready input scaffold, not a FAIR run; species-level non-CO2 and aerosol emissions remain missing."
baseline_constant_emissions_no_aether__co2_only_screen,baseline_constant_emissions_no_aether,"No AETHER, constant emissions",co2_only_screen,CO2-only emulator screen,2049,42.2,0.0,0.0,42.2,519.433119,3.544283,0.0,0.0,3.544283,1.831005,0.839284,0.932001,0.0,0.4,11,9,"FAIR-ready input scaffold, not a FAIR run; species-level non-CO2 and aerosol emissions remain missing."
baseline_constant_emissions_no_aether__co2_only_screen,baseline_constant_emissions_no_aether,"No AETHER, constant emissions",co2_only_screen,CO2-only emulator screen,2050,42.2,0.0,0.0,42.2,522.546973,3.57817,0.0,0.0,3.57817,1.85079,0.848705,0.942135,0.0,0.4,11,9,"FAIR-ready input scaffold, not a FAIR run; species-level non-CO2 and aerosol emissions remain missing."
baseline_constant_emissions_no_aether__co2_only_screen,baseline_constant_emissions_no_aether,"No AETHER, constant emissions",co2_only_screen,CO2-only emulator screen,2051,42.2,0.0,0.0,42.2,525.635379,3.611582,0.0,0.0,3.611582,1.870379,0.858225,0.95198,0.0,0.4,11,9,"FAIR-ready input scaffold, not a FAIR run; species-level non-CO2 and aerosol emissions remain missing."
baseline_constant_emissions_no_aether__co2_only_screen,baseline_constant_emissions_no_aether,"No AETHER, constant emissions",co2_only_screen,CO2-only emulator screen,2052,42.2,0.0,0.0,42.2,528.699166,3.644533,0.0,0.0,3.644533,1.889778,0.867841,0.961546,0.0,0.4,11,9,"FAIR-ready input scaffold, not a FAIR run; species-level non-CO2 and aerosol emissions remain missing."
baseline_constant_emissions_no_aether__co2_only_screen,baseline_constant_emissions_no_aether,"No AETHER, constant emissions",co2_only_screen,CO2-only emulator screen,2053,42.2,0.0,0.0,42.2,531.739095,3.67704,0.0,0.0,3.67704,1.908994,0.877549,0.97084,0.0,0.4,11,9,"FAIR-ready input scaffold, not a FAIR run; species-level non-CO2 and aerosol emissions remain missing."
baseline_constant_emissions_no_aether__co2_only_screen,baseline_constant_emissions_no_aether,"No AETHER, constant emissions",co2_only_screen,CO2-only emulator screen,2054,42.2,0.0,0.0,42.2,534.755873,3.709116,0.0,0.0,3.709116,1.928032,0.887348,0.979873,0.0,0.4,11,9,"FAIR-ready input scaffold, not a FAIR run; species-level non-CO2 and aerosol emissions remain missing."
baseline_constant_emissions_no_aether__co2_only_screen,baseline_constant_emissions_no_aether,"No AETHER, constant emissions",co2_only_screen,CO2-only emulator screen,2055,42.2,0.0,0.0,42.2,537.750161,3.740775,0.0,0.0,3.740775,1.946899,0.897234,0.98865,0.0,0.4,11,9,"FAIR-ready input scaffold, not a FAIR run; species-level non-CO2 and aerosol emissions remain missing."
baseline_constant_emissions_no_aether__co2_only_screen,baseline_constant_emissions_no_aether,"No AETHER, constant emissions",co2_only_screen,CO2-only emulator screen,2056,42.2,0.0,0.0,42.2,540.722579,3.772029,0.0,0.0,3.772029,1.9656,0.907206,0.997182,0.0,0.4,11,9,"FAIR-ready input scaffold, not a FAIR run; species-level non-CO2 and aerosol emissions remain missing."
baseline_constant_emissions_no_aether__co2_only_screen,baseline_constant_emissions_no_aether,"No AETHER, constant emissions",co2_only_screen,CO2-only emulator screen,2057,42.2,0.0,0.0,42.2,543.673714,3.802889,0.0,0.0,3.802889,1.98414,0.917261,1.005474,0.0,0.4,11,9,"FAIR-ready input scaffold, not a FAIR run; species-level non-CO2 and aerosol emissions remain missing."
baseline_constant_emissions_no_aether__co2_only_screen,baseline_constant_emissions_no_aether,"No AETHER, constant emissions",co2_only_screen,CO2-only emulator screen,2058,42.2,0.0,0.0,42.2,546.604123,3.833367,0.0,0.0,3.833367,2.002524,0.927396,1.013535,0.0,0.4,11,9,"FAIR-ready input scaffold, not a FAIR run; species-level non-CO2 and aerosol emissions remain missing."
baseline_constant_emissions_no_aether__co2_only_screen,baseline_constant_emissions_no_aether,"No AETHER, constant emissions",co2_only_screen,CO2-only emulator screen,2059,42.2,0.0,0.0,42.2,549.514339,3.863474,0.0,0.0,3.863474,2.020757,0.93761,1.021371,0.0,0.4,11,9,"FAIR-ready input scaffold, not a FAIR run; species-level non-CO2 and aerosol emissions remain missing."
baseline_constant_emissions_no_aether__co2_only_screen,baseline_constant_emissions_no_aether,"No AETHER, constant emissions",co2_only_screen,CO2-only emulator screen,2060,42.2,0.0,0.0,42.2,552.40487,3.89322,0.0,0.0,3.89322,2.038844,0.9479,1.02899,0.0,0.4,11,9,"FAIR-ready input scaffold, not a FAIR run; species-level non-CO2 and aerosol emissions remain missing."
baseline_constant_emissions_no_aether__co2_only_screen,baseline_constant_emissions_no_aether,"No AETHER, constant emissions",co2_only_screen,CO2-only emulator screen,2061,42.2,0.0,0.0,42.2,555.276205,3.922614,0.0,0.0,3.922614,2.056788,0.958264,1.036396,0.0,0.4,11,9,"FAIR-ready input scaffold, not a FAIR run; species-level non-CO2 and aerosol emissions remain missing."
baseline_constant_emissions_no_aether__co2_only_screen,baseline_constant_emissions_no_aether,"No AETHER, constant emissions",co2_only_screen,CO2-only emulator screen,2062,42.2,0.0,0.0,42.2,558.128813,3.951667,0.0,0.0,3.951667,2.074594,0.9687,1.043598,0.0,0.4,11,9,"FAIR-ready input scaffold, not a FAIR run; species-level non-CO2 and aerosol emissions remain missing."
baseline_constant_emissions_no_aether__co2_only_screen,baseline_constant_emissions_no_aether,"No AETHER, constant emissions",co2_only_screen,CO2-only emulator screen,2063,42.2,0.0,0.0,42.2,560.963149,3.980387,0.0,0.0,3.980387,2.092267,0.979206,1.0506,0.0,0.4,11,9,"FAIR-ready input scaffold, not a FAIR run; species-level non-CO2 and aerosol emissions remain missing."
baseline_constant_emissions_no_aether__co2_only_screen,baseline_constant_emissions_no_aether,"No AETHER, constant emissions",co2_only_screen,CO2-only emulator screen,2064,42.2,0.0,0.0,42.2,563.779649,4.008783,0.0,0.0,4.008783,2.109809,0.98978,1.057408,0.0,0.4,11,9,"FAIR-ready input scaffold, not a FAIR run; species-level non-CO2 and aerosol emissions remain missing."
baseline_constant_emissions_no_aether__co2_only_screen,baseline_constant_emissions_no_aether,"No AETHER, constant emissions",co2_only_screen,CO2-only emulator screen,2065,42.2,0.0,0.0,42.2,566.578738,4.036863,0.0,0.0,4.036863,2.127224,1.00042,1.064028,0.0,0.4,11,9,"FAIR-ready input scaffold, not a FAIR run; species-level non-CO2 and aerosol emissions remain missing."
baseline_constant_emissions_no_aether__co2_only_screen,baseline_constant_emissions_no_aether,"No AETHER, constant emissions",co2_only_screen,CO2-only emulator screen,2066,42.2,0.0,0.0,42.2,569.360825,4.064635,0.0,0.0,4.064635,2.144517,1.011125,1.070464,0.0,0.4,11,9,"FAIR-ready input scaffold, not a FAIR run; species-level non-CO2 and aerosol emissions remain missing."
baseline_constant_emissions_no_aether__co2_only_screen,baseline_constant_emissions_no_aether,"No AETHER, constant emissions",co2_only_screen,CO2-only emulator screen,2067,42.2,0.0,0.0,42.2,572.126308,4.092108,0.0,0.0,4.092108,2.161689,1.021892,1.076722,0.0,0.4,11,9,"FAIR-ready input scaffold, not a FAIR run; species-level non-CO2 and aerosol emissions remain missing."
baseline_constant_emissions_no_aether__co2_only_screen,baseline_constant_emissions_no_aether,"No AETHER, constant emissions",co2_only_screen,CO2-only emulator screen,2068,42.2,0.0,0.0,42.2,574.875572,4.119288,0.0,0.0,4.119288,2.178745,1.03272,1.082807,0.0,0.4,11,9,"FAIR-ready input scaffold, not a FAIR run; species-level non-CO2 and aerosol emissions remain missing."
baseline_constant_emissions_no_aether__co2_only_screen,baseline_constant_emissions_no_aether,"No AETHER, constant emissions",co2_only_screen,CO2-only emulator screen,2069,42.2,0.0,0.0,42.2,577.608992,4.146183,0.0,0.0,4.146183,2.195687,1.043607,1.088723,0.0,0.4,11,9,"FAIR-ready input scaffold, not a FAIR run; species-level non-CO2 and aerosol emissions remain missing."
baseline_constant_emissions_no_aether__co2_only_screen,baseline_constant_emissions_no_aether,"No AETHER, constant emissions",co2_only_screen,CO2-only emulator screen,2070,42.2,0.0,0.0,42.2,580.326931,4.172799,0.0,0.0,4.172799,2.212518,1.054552,1.094475,0.0,0.4,11,9,"FAIR-ready input scaffold, not a FAIR run; species-level non-CO2 and aerosol emissions remain missing."
baseline_constant_emissions_no_aether__co2_only_screen,baseline_constant_emissions_no_aether,"No AETHER, constant emissions",co2_only_screen,CO2-only emulator screen,2071,42.2,0.0,0.0,42.2,583.029742,4.199144,0.0,0.0,4.199144,2.229241,1.065553,1.100068,0.0,0.4,11,9,"FAIR-ready input scaffold, not a FAIR run; species-level non-CO2 and aerosol emissions remain missing."
baseline_constant_emissions_no_aether__co2_only_screen,baseline_constant_emissions_no_aether,"No AETHER, constant emissions",co2_only_screen,CO2-only emulator screen,2072,42.2,0.0,0.0,42.2,585.717769,4.225225,0.0,0.0,4.225225,2.245859,1.076608,1.105504,0.0,0.4,11,9,"FAIR-ready input scaffold, not a FAIR run; species-level non-CO2 and aerosol emissions remain missing."
baseline_constant_emissions_no_aether__co2_only_screen,baseline_constant_emissions_no_aether,"No AETHER, constant emissions",co2_only_screen,CO2-only emulator screen,2073,42.2,0.0,0.0,42.2,588.391345,4.251046,0.0,0.0,4.251046,2.262374,1.087716,1.110789,0.0,0.4,11,9,"FAIR-ready input scaffold, not a FAIR run; species-level non-CO2 and aerosol emissions remain missing."
baseline_constant_emissions_no_aether__co2_only_screen,baseline_constant_emissions_no_aether,"No AETHER, constant emissions",co2_only_screen,CO2-only emulator screen,2074,42.2,0.0,0.0,42.2,591.050795,4.276615,0.0,0.0,4.276615,2.278789,1.098875,1.115926,0.0,0.4,11,9,"FAIR-ready input scaffold, not a FAIR run; species-level non-CO2 and aerosol emissions remain missing."
baseline_constant_emissions_no_aether__co2_only_screen,baseline_constant_emissions_no_aether,"No AETHER, constant emissions",co2_only_screen,CO2-only emulator screen,2075,42.2,0.0,0.0,42.2,593.696435,4.301937,0.0,0.0,4.301937,2.295106,1.110084,1.120919,0.0,0.4,11,9,"FAIR-ready input scaffold, not a FAIR run; species-level non-CO2 and aerosol emissions remain missing."
baseline_constant_emissions_no_aether__co2_only_screen,baseline_constant_emissions_no_aether,"No AETHER, constant emissions",co2_only_screen,CO2-only emulator screen,2076,42.2,0.0,0.0,42.2,596.328571,4.327019,0.0,0.0,4.327019,2.311328,1.121342,1.125771,0.0,0.4,11,9,"FAIR-ready input scaffold, not a FAIR run; species-level non-CO2 and aerosol emissions remain missing."
baseline_constant_emissions_no_aether__co2_only_screen,baseline_constant_emissions_no_aether,"No AETHER, constant emissions",co2_only_screen,CO2-only emulator screen,2077,42.2,0.0,0.0,42.2,598.947503,4.351865,0.0,0.0,4.351865,2.327456,1.132647,1.130487,0.0,0.4,11,9,"FAIR-ready input scaffold, not a FAIR run; species-level non-CO2 and aerosol emissions remain missing."
baseline_constant_emissions_no_aether__co2_only_screen,baseline_constant_emissions_no_aether,"No AETHER, constant emissions",co2_only_screen,CO2-only emulator screen,2078,42.2,0.0,0.0,42.2,601.553521,4.37648,0.0,0.0,4.37648,2.343493,1.143997,1.135069,0.0,0.4,11,9,"FAIR-ready input scaffold, not a FAIR run; species-level non-CO2 and aerosol emissions remain missing."
baseline_constant_emissions_no_aether__co2_only_screen,baseline_constant_emissions_no_aether,"No AETHER, constant emissions",co2_only_screen,CO2-only emulator screen,2079,42.2,0.0,0.0,42.2,604.146909,4.400871,0.0,0.0,4.400871,2.359441,1.155393,1.139521,0.0,0.4,11,9,"FAIR-ready input scaffold, not a FAIR run; species-level non-CO2 and aerosol emissions remain missing."
baseline_constant_emissions_no_aether__co2_only_screen,baseline_constant_emissions_no_aether,"No AETHER, constant emissions",co2_only_screen,CO2-only emulator screen,2080,42.2,0.0,0.0,42.2,606.727942,4.425042,0.0,0.0,4.425042,2.375302,1.166831,1.143846,0.0,0.4,11,9,"FAIR-ready input scaffold, not a FAIR run; species-level non-CO2 and aerosol emissions remain missing."
baseline_constant_emissions_no_aether__co2_only_screen,baseline_constant_emissions_no_aether,"No AETHER, constant emissions",co2_only_screen,CO2-only emulator screen,2081,42.2,0.0,0.0,42.2,609.296888,4.448998,0.0,0.0,4.448998,2.391077,1.178311,1.148047,0.0,0.4,11,9,"FAIR-ready input scaffold, not a FAIR run; species-level non-CO2 and aerosol emissions remain missing."
baseline_constant_emissions_no_aether__co2_only_screen,baseline_constant_emissions_no_aether,"No AETHER, constant emissions",co2_only_screen,CO2-only emulator screen,2082,42.2,0.0,0.0,42.2,611.854008,4.472743,0.0,0.0,4.472743,2.406769,1.189833,1.152127,0.0,0.4,11,9,"FAIR-ready input scaffold, not a FAIR run; species-level non-CO2 and aerosol emissions remain missing."
baseline_constant_emissions_no_aether__co2_only_screen,baseline_constant_emissions_no_aether,"No AETHER, constant emissions",co2_only_screen,CO2-only emulator screen,2083,42.2,0.0,0.0,42.2,614.399556,4.496283,0.0,0.0,4.496283,2.42238,1.201394,1.15609,0.0,0.4,11,9,"FAIR-ready input scaffold, not a FAIR run; species-level non-CO2 and aerosol emissions remain missing."
baseline_constant_emissions_no_aether__co2_only_screen,baseline_constant_emissions_no_aether,"No AETHER, constant emissions",co2_only_screen,CO2-only emulator screen,2084,42.2,0.0,0.0,42.2,616.93378,4.519621,0.0,0.0,4.519621,2.43791,1.212993,1.159937,0.0,0.4,11,9,"FAIR-ready input scaffold, not a FAIR run; species-level non-CO2 and aerosol emissions remain missing."
baseline_constant_emissions_no_aether__co2_only_screen,baseline_constant_emissions_no_aether,"No AETHER, constant emissions",co2_only_screen,CO2-only emulator screen,2085,42.2,0.0,0.0,42.2,619.45692,4.542762,0.0,0.0,4.542762,2.453363,1.22463,1.163671,0.0,0.4,11,9,"FAIR-ready input scaffold, not a FAIR run; species-level non-CO2 and aerosol emissions remain missing."
baseline_constant_emissions_no_aether__co2_only_screen,baseline_constant_emissions_no_aether,"No AETHER, constant emissions",co2_only_screen,CO2-only emulator screen,2086,42.2,0.0,0.0,42.2,621.969212,4.56571,0.0,0.0,4.56571,2.468738,1.236303,1.167296,0.0,0.4,11,9,"FAIR-ready input scaffold, not a FAIR run; species-level non-CO2 and aerosol emissions remain missing."
baseline_constant_emissions_no_aether__co2_only_screen,baseline_constant_emissions_no_aether,"No AETHER, constant emissions",co2_only_screen,CO2-only emulator screen,2087,42.2,0.0,0.0,42.2,624.470882,4.588469,0.0,0.0,4.588469,2.484039,1.248011,1.170814,0.0,0.4,11,9,"FAIR-ready input scaffold, not a FAIR run; species-level non-CO2 and aerosol emissions remain missing."
baseline_constant_emissions_no_aether__co2_only_screen,baseline_constant_emissions_no_aether,"No AETHER, constant emissions",co2_only_screen,CO2-only emulator screen,2088,42.2,0.0,0.0,42.2,626.962155,4.611043,0.0,0.0,4.611043,2.499266,1.259753,1.174227,0.0,0.4,11,9,"FAIR-ready input scaffold, not a FAIR run; species-level non-CO2 and aerosol emissions remain missing."
baseline_constant_emissions_no_aether__co2_only_screen,baseline_constant_emissions_no_aether,"No AETHER, constant emissions",co2_only_screen,CO2-only emulator screen,2089,42.2,0.0,0.0,42.2,629.443245,4.633436,0.0,0.0,4.633436,2.514421,1.271528,1.177537,0.0,0.4,11,9,"FAIR-ready input scaffold, not a FAIR run; species-level non-CO2 and aerosol emissions remain missing."
baseline_constant_emissions_no_aether__co2_only_screen,baseline_constant_emissions_no_aether,"No AETHER, constant emissions",co2_only_screen,CO2-only emulator screen,2090,42.2,0.0,0.0,42.2,631.914364,4.655652,0.0,0.0,4.655652,2.529505,1.283336,1.180748,0.0,0.4,11,9,"FAIR-ready input scaffold, not a FAIR run; species-level non-CO2 and aerosol emissions remain missing."
baseline_constant_emissions_no_aether__co2_only_screen,baseline_constant_emissions_no_aether,"No AETHER, constant emissions",co2_only_screen,CO2-only emulator screen,2091,42.2,0.0,0.0,42.2,634.375717,4.677693,0.0,0.0,4.677693,2.54452,1.295175,1.183861,0.0,0.4,11,9,"FAIR-ready input scaffold, not a FAIR run; species-level non-CO2 and aerosol emissions remain missing."
baseline_constant_emissions_no_aether__co2_only_screen,baseline_constant_emissions_no_aether,"No AETHER, constant emissions",co2_only_screen,CO2-only emulator screen,2092,42.2,0.0,0.0,42.2,636.827504,4.699564,0.0,0.0,4.699564,2.559467,1.307043,1.186879,0.0,0.4,11,9,"FAIR-ready input scaffold, not a FAIR run; species-level non-CO2 and aerosol emissions remain missing."
baseline_constant_emissions_no_aether__co2_only_screen,baseline_constant_emissions_no_aether,"No AETHER, constant emissions",co2_only_screen,CO2-only emulator screen,2093,42.2,0.0,0.0,42.2,639.269919,4.721267,0.0,0.0,4.721267,2.574348,1.318941,1.189803,0.0,0.4,11,9,"FAIR-ready input scaffold, not a FAIR run; species-level non-CO2 and aerosol emissions remain missing."
baseline_constant_emissions_no_aether__co2_only_screen,baseline_constant_emissions_no_aether,"No AETHER, constant emissions",co2_only_screen,CO2-only emulator screen,2094,42.2,0.0,0.0,42.2,641.703152,4.742807,0.0,0.0,4.742807,2.589162,1.330868,1.192636,0.0,0.4,11,9,"FAIR-ready input scaffold, not a FAIR run; species-level non-CO2 and aerosol emissions remain missing."
baseline_constant_emissions_no_aether__co2_only_screen,baseline_constant_emissions_no_aether,"No AETHER, constant emissions",co2_only_screen,CO2-only emulator screen,2095,42.2,0.0,0.0,42.2,644.127387,4.764186,0.0,0.0,4.764186,2.603913,1.342822,1.19538,0.0,0.4,11,9,"FAIR-ready input scaffold, not a FAIR run; species-level non-CO2 and aerosol emissions remain missing."
baseline_constant_emissions_no_aether__co2_only_screen,baseline_constant_emissions_no_aether,"No AETHER, constant emissions",co2_only_screen,CO2-only emulator screen,2096,42.2,0.0,0.0,42.2,646.542805,4.785408,0.0,0.0,4.785408,2.6186,1.354802,1.198036,0.0,0.4,11,9,"FAIR-ready input scaffold, not a FAIR run; species-level non-CO2 and aerosol emissions remain missing."
baseline_constant_emissions_no_aether__co2_only_screen,baseline_constant_emissions_no_aether,"No AETHER, constant emissions",co2_only_screen,CO2-only emulator screen,2097,42.2,0.0,0.0,42.2,648.949579,4.806475,0.0,0.0,4.806475,2.633225,1.366808,1.200608,0.0,0.4,11,9,"FAIR-ready input scaffold, not a FAIR run; species-level non-CO2 and aerosol emissions remain missing."
baseline_constant_emissions_no_aether__co2_only_screen,baseline_constant_emissions_no_aether,"No AETHER, constant emissions",co2_only_screen,CO2-only emulator screen,2098,42.2,0.0,0.0,42.2,651.347882,4.82739,0.0,0.0,4.82739,2.647789,1.378839,1.203096,0.0,0.4,11,9,"FAIR-ready input scaffold, not a FAIR run; species-level non-CO2 and aerosol emissions remain missing."
baseline_constant_emissions_no_aether__co2_only_screen,baseline_constant_emissions_no_aether,"No AETHER, constant emissions",co2_only_screen,CO2-only emulator screen,2099,42.2,0.0,0.0,42.2,653.737878,4.848156,0.0,0.0,4.848156,2.662293,1.390894,1.205502,0.0,0.4,11,9,"FAIR-ready input scaffold, not a FAIR run; species-level non-CO2 and aerosol emissions remain missing."
baseline_constant_emissions_no_aether__co2_only_screen,baseline_constant_emissions_no_aether,"No AETHER, constant emissions",co2_only_screen,CO2-only emulator screen,2100,42.2,0.0,0.0,42.2,656.119729,4.868776,0.0,0.0,4.868776,2.676738,1.402972,1.207829,0.0,0.4,11,9,"FAIR-ready input scaffold, not a FAIR run; species-level non-CO2 and aerosol emissions remain missing."
baseline_constant_emissions_no_aether__mitigation_with_aerosol_cleanup,baseline_constant_emissions_no_aether,"No AETHER, constant emissions",mitigation_with_aerosol_cleanup,Mitigation with aerosol cleanup,2026,42.2,0.0,0.0,42.2,433.940256,2.524677,1.2,-0.7,3.024677,1.613376,0.772719,0.795947,0.0,0.4,11,9,"FAIR-ready input scaffold, not a FAIR run; species-level non-CO2 and aerosol emissions remain missing."
baseline_constant_emissions_no_aether__mitigation_with_aerosol_cleanup,baseline_constant_emissions_no_aether,"No AETHER, constant emissions",mitigation_with_aerosol_cleanup,Mitigation with aerosol cleanup,2027,42.2,0.0,0.0,42.2,438.996277,2.590357,1.18125,-0.68125,3.090357,1.628227,0.780705,0.798624,0.0,0.4,11,9,"FAIR-ready input scaffold, not a FAIR run; species-level non-CO2 and aerosol emissions remain missing."
baseline_constant_emissions_no_aether__mitigation_with_aerosol_cleanup,baseline_constant_emissions_no_aether,"No AETHER, constant emissions",mitigation_with_aerosol_cleanup,Mitigation with aerosol cleanup,2028,42.2,0.0,0.0,42.2,443.763438,2.651594,1.1625,-0.6625,3.151594,1.646016,0.788757,0.805145,0.0,0.4,11,9,"FAIR-ready input scaffold, not a FAIR run; species-level non-CO2 and aerosol emissions remain missing."
baseline_constant_emissions_no_aether__mitigation_with_aerosol_cleanup,baseline_constant_emissions_no_aether,"No AETHER, constant emissions",mitigation_with_aerosol_cleanup,Mitigation with aerosol cleanup,2029,42.2,0.0,0.0,42.2,448.293762,2.709183,1.14375,-0.64375,3.209183,1.665892,0.796901,0.814396,0.0,0.4,11,9,"FAIR-ready input scaffold, not a FAIR run; species-level non-CO2 and aerosol emissions remain missing."
baseline_constant_emissions_no_aether__mitigation_with_aerosol_cleanup,baseline_constant_emissions_no_aether,"No AETHER, constant emissions",mitigation_with_aerosol_cleanup,Mitigation with aerosol cleanup,2030,42.2,0.0,0.0,42.2,452.628685,2.763746,1.125,-0.625,3.263746,1.687215,0.805156,0.825541,0.0,0.4,11,9,"FAIR-ready input scaffold, not a FAIR run; species-level non-CO2 and aerosol emissions remain missing."
baseline_constant_emissions_no_aether__mitigation_with_aerosol_cleanup,baseline_constant_emissions_no_aether,"No AETHER, constant emissions",mitigation_with_aerosol_cleanup,Mitigation with aerosol cleanup,2031,42.2,0.0,0.0,42.2,456.801243,2.815773,1.10625,-0.60625,3.315773,1.709512,0.813536,0.837956,0.0,0.4,11,9,"FAIR-ready input scaffold, not a FAIR run; species-level non-CO2 and aerosol emissions remain missing."
baseline_constant_emissions_no_aether__mitigation_with_aerosol_cleanup,baseline_constant_emissions_no_aether,"No AETHER, constant emissions",mitigation_with_aerosol_cleanup,Mitigation with aerosol cleanup,2032,42.2,0.0,0.0,42.2,460.837809,2.865655,1.0875,-0.5875,3.365655,1.73243,0.822047,0.851178,0.0,0.4,11,9,"FAIR-ready input scaffold, not a FAIR run; species-level non-CO2 and aerosol emissions remain missing."
baseline_constant_emissions_no_aether__mitigation_with_aerosol_cleanup,baseline_constant_emissions_no_aether,"No AETHER, constant emissions",mitigation_with_aerosol_cleanup,Mitigation with aerosol cleanup,2033,42.2,0.0,0.0,42.2,464.759472,2.9137,1.06875,-0.56875,3.4137,1.75571,0.830696,0.864864,0.0,0.4,11,9,"FAIR-ready input scaffold, not a FAIR run; species-level non-CO2 and aerosol emissions remain missing."
baseline_constant_emissions_no_aether__mitigation_with_aerosol_cleanup,baseline_constant_emissions_no_aether,"No AETHER, constant emissions",mitigation_with_aerosol_cleanup,Mitigation with aerosol cleanup,2034,42.2,0.0,0.0,42.2,468.583122,2.960155,1.05,-0.55,3.460155,1.779161,0.839484,0.878763,0.0,0.4,11,9,"FAIR-ready input scaffold, not a FAIR run; species-level non-CO2 and aerosol emissions remain missing."
baseline_constant_emissions_no_aether__mitigation_with_aerosol_cleanup,baseline_constant_emissions_no_aether,"No AETHER, constant emissions",mitigation_with_aerosol_cleanup,Mitigation with aerosol cleanup,2035,42.2,0.0,0.0,42.2,472.322321,3.005219,1.03125,-0.53125,3.505219,1.802646,0.848411,0.892693,0.0,0.4,11,9,"FAIR-ready input scaffold, not a FAIR run; species-level non-CO2 and aerosol emissions remain missing."
baseline_constant_emissions_no_aether__mitigation_with_aerosol_cleanup,baseline_constant_emissions_no_aether,"No AETHER, constant emissions",mitigation_with_aerosol_cleanup,Mitigation with aerosol cleanup,2036,42.2,0.0,0.0,42.2,475.987987,3.049052,1.0125,-0.5125,3.549052,1.826068,0.857476,0.906524,0.0,0.4,11,9,"FAIR-ready input scaffold, not a FAIR run; species-level non-CO2 and aerosol emissions remain missing."
baseline_constant_emissions_no_aether__mitigation_with_aerosol_cleanup,baseline_constant_emissions_no_aether,"No AETHER, constant emissions",mitigation_with_aerosol_cleanup,Mitigation with aerosol cleanup,2037,42.2,0.0,0.0,42.2,479.588938,3.091784,0.99375,-0.49375,3.591784,1.849357,0.866678,0.920163,0.0,0.4,11,9,"FAIR-ready input scaffold, not a FAIR run; species-level non-CO2 and aerosol emissions remain missing."
baseline_constant_emissions_no_aether__mitigation_with_aerosol_cleanup,baseline_constant_emissions_no_aether,"No AETHER, constant emissions",mitigation_with_aerosol_cleanup,Mitigation with aerosol cleanup,2038,42.2,0.0,0.0,42.2,483.132319,3.133521,0.975,-0.475,3.633521,1.872467,0.876013,0.933546,0.0,0.4,11,9,"FAIR-ready input scaffold, not a FAIR run; species-level non-CO2 and aerosol emissions remain missing."
baseline_constant_emissions_no_aether__mitigation_with_aerosol_cleanup,baseline_constant_emissions_no_aether,"No AETHER, constant emissions",mitigation_with_aerosol_cleanup,Mitigation with aerosol cleanup,2039,42.2,0.0,0.0,42.2,486.623952,3.174349,0.95625,-0.45625,3.674349,1.895366,0.885479,0.946631,0.0,0.4,11,9,"FAIR-ready input scaffold, not a FAIR run; species-level non-CO2 and aerosol emissions remain missing."
baseline_constant_emissions_no_aether__mitigation_with_aerosol_cleanup,baseline_constant_emissions_no_aether,"No AETHER, constant emissions",mitigation_with_aerosol_cleanup,Mitigation with aerosol cleanup,2040,42.2,0.0,0.0,42.2,490.068599,3.214342,0.9375,-0.4375,3.714342,1.918034,0.895073,0.959392,0.0,0.4,11,9,"FAIR-ready input scaffold, not a FAIR run; species-level non-CO2 and aerosol emissions remain missing."
baseline_constant_emissions_no_aether__mitigation_with_aerosol_cleanup,baseline_constant_emissions_no_aether,"No AETHER, constant emissions",mitigation_with_aerosol_cleanup,Mitigation with aerosol cleanup,2041,42.2,0.0,0.0,42.2,493.470182,3.253561,0.91875,-0.41875,3.753561,1.940461,0.904791,0.971813,0.0,0.4,11,9,"FAIR-ready input scaffold, not a FAIR run; species-level non-CO2 and aerosol emissions remain missing."
baseline_constant_emissions_no_aether__mitigation_with_aerosol_cleanup,baseline_constant_emissions_no_aether,"No AETHER, constant emissions",mitigation_with_aerosol_cleanup,Mitigation with aerosol cleanup,2042,42.2,0.0,0.0,42.2,496.831953,3.292055,0.9,-0.4,3.792055,1.962642,0.91463,0.983886,0.0,0.4,11,9,"FAIR-ready input scaffold, not a FAIR run; species-level non-CO2 and aerosol emissions remain missing."
baseline_constant_emissions_no_aether__mitigation_with_aerosol_cleanup,baseline_constant_emissions_no_aether,"No AETHER, constant emissions",mitigation_with_aerosol_cleanup,Mitigation with aerosol cleanup,2043,42.2,0.0,0.0,42.2,500.156627,3.32987,0.88125,-0.38125,3.82987,1.984575,0.924586,0.995611,0.0,0.4,11,9,"FAIR-ready input scaffold, not a FAIR run; species-level non-CO2 and aerosol emissions remain missing."
baseline_constant_emissions_no_aether__mitigation_with_aerosol_cleanup,baseline_constant_emissions_no_aether,"No AETHER, constant emissions",mitigation_with_aerosol_cleanup,Mitigation with aerosol cleanup,2044,42.2,0.0,0.0,42.2,503.446491,3.367042,0.8625,-0.3625,3.867042,2.006263,0.934656,1.006989,0.0,0.4,11,9,"FAIR-ready input scaffold, not a FAIR run; species-level non-CO2 and aerosol emissions remain missing."
baseline_constant_emissions_no_aether__mitigation_with_aerosol_cleanup,baseline_constant_emissions_no_aether,"No AETHER, constant emissions",mitigation_with_aerosol_cleanup,Mitigation with aerosol cleanup,2045,42.2,0.0,0.0,42.2,506.703489,3.403604,0.84375,-0.34375,3.903604,2.027711,0.944837,1.018027,0.0,0.4,11,9,"FAIR-ready input scaffold, not a FAIR run; species-level non-CO2 and aerosol emissions remain missing."
baseline_constant_emissions_no_aether__mitigation_with_aerosol_cleanup,baseline_constant_emissions_no_aether,"No AETHER, constant emissions",mitigation_with_aerosol_cleanup,Mitigation with aerosol cleanup,2046,42.2,0.0,0.0,42.2,509.92929,3.439584,0.825,-0.325,3.939584,2.048924,0.955124,1.028731,0.0,0.4,11,9,"FAIR-ready input scaffold, not a FAIR run; species-level non-CO2 and aerosol emissions remain missing."
baseline_constant_emissions_no_aether__mitigation_with_aerosol_cleanup,baseline_constant_emissions_no_aether,"No AETHER, constant emissions",mitigation_with_aerosol_cleanup,Mitigation with aerosol cleanup,2047,42.2,0.0,0.0,42.2,513.125341,3.47501,0.80625,-0.30625,3.97501,2.069908,0.965515,1.03911,0.0,0.4,11,9,"FAIR-ready input scaffold, not a FAIR run; species-level non-CO2 and aerosol emissions remain missing."
baseline_constant_emissions_no_aether__mitigation_with_aerosol_cleanup,baseline_constant_emissions_no_aether,"No AETHER, constant emissions",mitigation_with_aerosol_cleanup,Mitigation with aerosol cleanup,2048,42.2,0.0,0.0,42.2,516.29291,3.509902,0.7875,-0.2875,4.009902,2.09067,0.976007,1.049173,0.0,0.4,11,9,"FAIR-ready input scaffold, not a FAIR run; species-level non-CO2 and aerosol emissions remain missing."
baseline_constant_emissions_no_aether__mitigation_with_aerosol_cleanup,baseline_constant_emissions_no_aether,"No AETHER, constant emissions",mitigation_with_aerosol_cleanup,Mitigation with aerosol cleanup,2049,42.2,0.0,0.0,42.2,519.433119,3.544283,0.76875,-0.26875,4.044283,2.111218,0.986596,1.05893,0.0,0.4,11,9,"FAIR-ready input scaffold, not a FAIR run; species-level non-CO2 and aerosol emissions remain missing."
baseline_constant_emissions_no_aether__mitigation_with_aerosol_cleanup,baseline_constant_emissions_no_aether,"No AETHER, constant emissions",mitigation_with_aerosol_cleanup,Mitigation with aerosol cleanup,2050,42.2,0.0,0.0,42.2,522.546973,3.57817,0.75,-0.25,4.07817,2.131558,0.99728,1.068391,0.0,0.4,11,9,"FAIR-ready input scaffold, not a FAIR run; species-level non-CO2 and aerosol emissions remain missing."
baseline_constant_emissions_no_aether__mitigation_with_aerosol_cleanup,baseline_constant_emissions_no_aether,"No AETHER, constant emissions",mitigation_with_aerosol_cleanup,Mitigation with aerosol cleanup,2051,42.2,0.0,0.0,42.2,525.635379,3.611582,0.744,-0.246,4.109582,2.151531,1.008055,1.077565,0.0,0.4,11,9,"FAIR-ready input scaffold, not a FAIR run; species-level non-CO2 and aerosol emissions remain missing."
baseline_constant_emissions_no_aether__mitigation_with_aerosol_cleanup,baseline_constant_emissions_no_aether,"No AETHER, constant emissions",mitigation_with_aerosol_cleanup,Mitigation with aerosol cleanup,2052,42.2,0.0,0.0,42.2,528.699166,3.644533,0.738,-0.242,4.140533,2.171175,1.018919,1.086302,0.0,0.4,11,9,"FAIR-ready input scaffold, not a FAIR run; species-level non-CO2 and aerosol emissions remain missing."
baseline_constant_emissions_no_aether__mitigation_with_aerosol_cleanup,baseline_constant_emissions_no_aether,"No AETHER, constant emissions",mitigation_with_aerosol_cleanup,Mitigation with aerosol cleanup,2053,42.2,0.0,0.0,42.2,531.739095,3.67704,0.732,-0.238,4.17104,2.190522,1.029865,1.094644,0.0,0.4,11,9,"FAIR-ready input scaffold, not a FAIR run; species-level non-CO2 and aerosol emissions remain missing."
baseline_constant_emissions_no_aether__mitigation_with_aerosol_cleanup,baseline_constant_emissions_no_aether,"No AETHER, constant emissions",mitigation_with_aerosol_cleanup,Mitigation with aerosol cleanup,2054,42.2,0.0,0.0,42.2,534.755873,3.709116,0.726,-0.234,4.201116,2.209597,1.040891,1.102624,0.0,0.4,11,9,"FAIR-ready input scaffold, not a FAIR run; species-level non-CO2 and aerosol emissions remain missing."
baseline_constant_emissions_no_aether__mitigation_with_aerosol_cleanup,baseline_constant_emissions_no_aether,"No AETHER, constant emissions",mitigation_with_aerosol_cleanup,Mitigation with aerosol cleanup,2055,42.2,0.0,0.0,42.2,537.750161,3.740775,0.72,-0.23,4.230775,2.228425,1.051994,1.110271,0.0,0.4,11,9,"FAIR-ready input scaffold, not a FAIR run; species-level non-CO2 and aerosol emissions remain missing."
baseline_constant_emissions_no_aether__mitigation_with_aerosol_cleanup,baseline_constant_emissions_no_aether,"No AETHER, constant emissions",mitigation_with_aerosol_cleanup,Mitigation with aerosol cleanup,2056,42.2,0.0,0.0,42.2,540.722579,3.772029,0.714,-0.226,4.260029,2.247023,1.06317,1.11761,0.0,0.4,11,9,"FAIR-ready input scaffold, not a FAIR run; species-level non-CO2 and aerosol emissions remain missing."
baseline_constant_emissions_no_aether__mitigation_with_aerosol_cleanup,baseline_constant_emissions_no_aether,"No AETHER, constant emissions",mitigation_with_aerosol_cleanup,Mitigation with aerosol cleanup,2057,42.2,0.0,0.0,42.2,543.673714,3.802889,0.708,-0.222,4.288889,2.265409,1.074417,1.124661,0.0,0.4,11,9,"FAIR-ready input scaffold, not a FAIR run; species-level non-CO2 and aerosol emissions remain missing."
baseline_constant_emissions_no_aether__mitigation_with_aerosol_cleanup,baseline_constant_emissions_no_aether,"No AETHER, constant emissions",mitigation_with_aerosol_cleanup,Mitigation with aerosol cleanup,2058,42.2,0.0,0.0,42.2,546.604123,3.833367,0.702,-0.218,4.317367,2.283596,1.085731,1.131443,0.0,0.4,11,9,"FAIR-ready input scaffold, not a FAIR run; species-level non-CO2 and aerosol emissions remain missing."
baseline_constant_emissions_no_aether__mitigation_with_aerosol_cleanup,baseline_constant_emissions_no_aether,"No AETHER, constant emissions",mitigation_with_aerosol_cleanup,Mitigation with aerosol cleanup,2059,42.2,0.0,0.0,42.2,549.514339,3.863474,0.696,-0.214,4.345474,2.301595,1.097111,1.137971,0.0,0.4,11,9,"FAIR-ready input scaffold, not a FAIR run; species-level non-CO2 and aerosol emissions remain missing."
baseline_constant_emissions_no_aether__mitigation_with_aerosol_cleanup,baseline_constant_emissions_no_aether,"No AETHER, constant emissions",mitigation_with_aerosol_cleanup,Mitigation with aerosol cleanup,2060,42.2,0.0,0.0,42.2,552.40487,3.89322,0.69,-0.21,4.37322,2.319418,1.108553,1.14426,0.0,0.4,11,9,"FAIR-ready input scaffold, not a FAIR run; species-level non-CO2 and aerosol emissions remain missing."
baseline_constant_emissions_no_aether__mitigation_with_aerosol_cleanup,baseline_constant_emissions_no_aether,"No AETHER, constant emissions",mitigation_with_aerosol_cleanup,Mitigation with aerosol cleanup,2061,42.2,0.0,0.0,42.2,555.276205,3.922614,0.684,-0.206,4.400614,2.337072,1.120057,1.150321,0.0,0.4,11,9,"FAIR-ready input scaffold, not a FAIR run; species-level non-CO2 and aerosol emissions remain missing."
baseline_constant_emissions_no_aether__mitigation_with_aerosol_cleanup,baseline_constant_emissions_no_aether,"No AETHER, constant emissions",mitigation_with_aerosol_cleanup,Mitigation with aerosol cleanup,2062,42.2,0.0,0.0,42.2,558.128813,3.951667,0.678,-0.202,4.427667,2.354567,1.131618,1.156165,0.0,0.4,11,9,"FAIR-ready input scaffold, not a FAIR run; species-level non-CO2 and aerosol emissions remain missing."
baseline_constant_emissions_no_aether__mitigation_with_aerosol_cleanup,baseline_constant_emissions_no_aether,"No AETHER, constant emissions",mitigation_with_aerosol_cleanup,Mitigation with aerosol cleanup,2063,42.2,0.0,0.0,42.2,560.963149,3.980387,0.672,-0.198,4.454387,2.371909,1.143236,1.161801,0.0,0.4,11,9,"FAIR-ready input scaffold, not a FAIR run; species-level non-CO2 and aerosol emissions remain missing."
baseline_constant_emissions_no_aether__mitigation_with_aerosol_cleanup,baseline_constant_emissions_no_aether,"No AETHER, constant emissions",mitigation_with_aerosol_cleanup,Mitigation with aerosol cleanup,2064,42.2,0.0,0.0,42.2,563.779649,4.008783,0.666,-0.194,4.480783,2.389104,1.154909,1.167239,0.0,0.4,11,9,"FAIR-ready input scaffold, not a FAIR run; species-level non-CO2 and aerosol emissions remain missing."
baseline_constant_emissions_no_aether__mitigation_with_aerosol_cleanup,baseline_constant_emissions_no_aether,"No AETHER, constant emissions",mitigation_with_aerosol_cleanup,Mitigation with aerosol cleanup,2065,42.2,0.0,0.0,42.2,566.578738,4.036863,0.66,-0.19,4.506863,2.406158,1.166633,1.172486,0.0,0.4,11,9,"FAIR-ready input scaffold, not a FAIR run; species-level non-CO2 and aerosol emissions remain missing."
baseline_constant_emissions_no_aether__mitigation_with_aerosol_cleanup,baseline_constant_emissions_no_aether,"No AETHER, constant emissions",mitigation_with_aerosol_cleanup,Mitigation with aerosol cleanup,2066,42.2,0.0,0.0,42.2,569.360825,4.064635,0.654,-0.186,4.532635,2.423077,1.178409,1.177549,0.0,0.4,11,9,"FAIR-ready input scaffold, not a FAIR run; species-level non-CO2 and aerosol emissions remain missing."
baseline_constant_emissions_no_aether__mitigation_with_aerosol_cleanup,baseline_constant_emissions_no_aether,"No AETHER, constant emissions",mitigation_with_aerosol_cleanup,Mitigation with aerosol cleanup,2067,42.2,0.0,0.0,42.2,572.126308,4.092108,0.648,-0.182,4.558108,2.439864,1.190233,1.182434,0.0,0.4,11,9,"FAIR-ready input scaffold, not a FAIR run; species-level non-CO2 and aerosol emissions remain missing."
baseline_constant_emissions_no_aether__mitigation_with_aerosol_cleanup,baseline_constant_emissions_no_aether,"No AETHER, constant emissions",mitigation_with_aerosol_cleanup,Mitigation with aerosol cleanup,2068,42.2,0.0,0.0,42.2,574.875572,4.119288,0.642,-0.178,4.583288,2.456523,1.202105,1.187149,0.0,0.4,11,9,"FAIR-ready input scaffold, not a FAIR run; species-level non-CO2 and aerosol emissions remain missing."
baseline_constant_emissions_no_aether__mitigation_with_aerosol_cleanup,baseline_constant_emissions_no_aether,"No AETHER, constant emissions",mitigation_with_aerosol_cleanup,Mitigation with aerosol cleanup,2069,42.2,0.0,0.0,42.2,577.608992,4.146183,0.636,-0.174,4.608183,2.47306,1.214022,1.191698,0.0,0.4,11,9,"FAIR-ready input scaffold, not a FAIR run; species-level non-CO2 and aerosol emissions remain missing."
baseline_constant_emissions_no_aether__mitigation_with_aerosol_cleanup,baseline_constant_emissions_no_aether,"No AETHER, constant emissions",mitigation_with_aerosol_cleanup,Mitigation with aerosol cleanup,2070,42.2,0.0,0.0,42.2,580.326931,4.172799,0.63,-0.17,4.632799,2.489477,1.225983,1.196086,0.0,0.4,11,9,"FAIR-ready input scaffold, not a FAIR run; species-level non-CO2 and aerosol emissions remain missing."
baseline_constant_emissions_no_aether__mitigation_with_aerosol_cleanup,baseline_constant_emissions_no_aether,"No AETHER, constant emissions",mitigation_with_aerosol_cleanup,Mitigation with aerosol cleanup,2071,42.2,0.0,0.0,42.2,583.029742,4.199144,0.624,-0.166,4.657144,2.505778,1.237986,1.20032,0.0,0.4,11,9,"FAIR-ready input scaffold, not a FAIR run; species-level non-CO2 and aerosol emissions remain missing."
baseline_constant_emissions_no_aether__mitigation_with_aerosol_cleanup,baseline_constant_emissions_no_aether,"No AETHER, constant emissions",mitigation_with_aerosol_cleanup,Mitigation with aerosol cleanup,2072,42.2,0.0,0.0,42.2,585.717769,4.225225,0.618,-0.162,4.681225,2.521966,1.25003,1.204402,0.0,0.4,11,9,"FAIR-ready input scaffold, not a FAIR run; species-level non-CO2 and aerosol emissions remain missing."
baseline_constant_emissions_no_aether__mitigation_with_aerosol_cleanup,baseline_constant_emissions_no_aether,"No AETHER, constant emissions",mitigation_with_aerosol_cleanup,Mitigation with aerosol cleanup,2073,42.2,0.0,0.0,42.2,588.391345,4.251046,0.612,-0.158,4.705046,2.538043,1.262113,1.208339,0.0,0.4,11,9,"FAIR-ready input scaffold, not a FAIR run; species-level non-CO2 and aerosol emissions remain missing."
baseline_constant_emissions_no_aether__mitigation_with_aerosol_cleanup,baseline_constant_emissions_no_aether,"No AETHER, constant emissions",mitigation_with_aerosol_cleanup,Mitigation with aerosol cleanup,2074,42.2,0.0,0.0,42.2,591.050795,4.276615,0.606,-0.154,4.728615,2.554014,1.274235,1.212134,0.0,0.4,11,9,"FAIR-ready input scaffold, not a FAIR run; species-level non-CO2 and aerosol emissions remain missing."
baseline_constant_emissions_no_aether__mitigation_with_aerosol_cleanup,baseline_constant_emissions_no_aether,"No AETHER, constant emissions",mitigation_with_aerosol_cleanup,Mitigation with aerosol cleanup,2075,42.2,0.0,0.0,42.2,593.696435,4.301937,0.6,-0.15,4.751937,2.569879,1.286392,1.21579,0.0,0.4,11,9,"FAIR-ready input scaffold, not a FAIR run; species-level non-CO2 and aerosol emissions remain missing."
baseline_constant_emissions_no_aether__mitigation_with_aerosol_cleanup,baseline_constant_emissions_no_aether,"No AETHER, constant emissions",mitigation_with_aerosol_cleanup,Mitigation with aerosol cleanup,2076,42.2,0.0,0.0,42.2,596.328571,4.327019,0.594,-0.146,4.775019,2.585643,1.298586,1.219313,0.0,0.4,11,9,"FAIR-ready input scaffold, not a FAIR run; species-level non-CO2 and aerosol emissions remain missing."
baseline_constant_emissions_no_aether__mitigation_with_aerosol_cleanup,baseline_constant_emissions_no_aether,"No AETHER, constant emissions",mitigation_with_aerosol_cleanup,Mitigation with aerosol cleanup,2077,42.2,0.0,0.0,42.2,598.947503,4.351865,0.588,-0.142,4.797865,2.601307,1.310813,1.222705,0.0,0.4,11,9,"FAIR-ready input scaffold, not a FAIR run; species-level non-CO2 and aerosol emissions remain missing."
baseline_constant_emissions_no_aether__mitigation_with_aerosol_cleanup,baseline_constant_emissions_no_aether,"No AETHER, constant emissions",mitigation_with_aerosol_cleanup,Mitigation with aerosol cleanup,2078,42.2,0.0,0.0,42.2,601.553521,4.37648,0.582,-0.138,4.82048,2.616874,1.323072,1.22597,0.0,0.4,11,9,"FAIR-ready input scaffold, not a FAIR run; species-level non-CO2 and aerosol emissions remain missing."
baseline_constant_emissions_no_aether__mitigation_with_aerosol_cleanup,baseline_constant_emissions_no_aether,"No AETHER, constant emissions",mitigation_with_aerosol_cleanup,Mitigation with aerosol cleanup,2079,42.2,0.0,0.0,42.2,604.146909,4.400871,0.576,-0.134,4.842871,2.632345,1.335363,1.229111,0.0,0.4,11,9,"FAIR-ready input scaffold, not a FAIR run; species-level non-CO2 and aerosol emissions remain missing."
baseline_constant_emissions_no_aether__mitigation_with_aerosol_cleanup,baseline_constant_emissions_no_aether,"No AETHER, constant emissions",mitigation_with_aerosol_cleanup,Mitigation with aerosol cleanup,2080,42.2,0.0,0.0,42.2,606.727942,4.425042,0.57,-0.13,4.865042,2.647723,1.347685,1.232132,0.0,0.4,11,9,"FAIR-ready input scaffold, not a FAIR run; species-level non-CO2 and aerosol emissions remain missing."
baseline_constant_emissions_no_aether__mitigation_with_aerosol_cleanup,baseline_constant_emissions_no_aether,"No AETHER, constant emissions",mitigation_with_aerosol_cleanup,Mitigation with aerosol cleanup,2081,42.2,0.0,0.0,42.2,609.296888,4.448998,0.564,-0.126,4.886998,2.66301,1.360035,1.235036,0.0,0.4,11,9,"FAIR-ready input scaffold, not a FAIR run; species-level non-CO2 and aerosol emissions remain missing."
baseline_constant_emissions_no_aether__mitigation_with_aerosol_cleanup,baseline_constant_emissions_no_aether,"No AETHER, constant emissions",mitigation_with_aerosol_cleanup,Mitigation with aerosol cleanup,2082,42.2,0.0,0.0,42.2,611.854008,4.472743,0.558,-0.122,4.908743,2.678208,1.372413,1.237826,0.0,0.4,11,9,"FAIR-ready input scaffold, not a FAIR run; species-level non-CO2 and aerosol emissions remain missing."
baseline_constant_emissions_no_aether__mitigation_with_aerosol_cleanup,baseline_constant_emissions_no_aether,"No AETHER, constant emissions",mitigation_with_aerosol_cleanup,Mitigation with aerosol cleanup,2083,42.2,0.0,0.0,42.2,614.399556,4.496283,0.552,-0.118,4.930283,2.693318,1.384818,1.240505,0.0,0.4,11,9,"FAIR-ready input scaffold, not a FAIR run; species-level non-CO2 and aerosol emissions remain missing."
baseline_constant_emissions_no_aether__mitigation_with_aerosol_cleanup,baseline_constant_emissions_no_aether,"No AETHER, constant emissions",mitigation_with_aerosol_cleanup,Mitigation with aerosol cleanup,2084,42.2,0.0,0.0,42.2,616.93378,4.519621,0.546,-0.114,4.951621,2.708343,1.397249,1.243075,0.0,0.4,11,9,"FAIR-ready input scaffold, not a FAIR run; species-level non-CO2 and aerosol emissions remain missing."
baseline_constant_emissions_no_aether__mitigation_with_aerosol_cleanup,baseline_constant_emissions_no_aether,"No AETHER, constant emissions",mitigation_with_aerosol_cleanup,Mitigation with aerosol cleanup,2085,42.2,0.0,0.0,42.2,619.45692,4.542762,0.54,-0.11,4.972762,2.723284,1.409705,1.245539,0.0,0.4,11,9,"FAIR-ready input scaffold, not a FAIR run; species-level non-CO2 and aerosol emissions remain missing."
baseline_constant_emissions_no_aether__mitigation_with_aerosol_cleanup,baseline_constant_emissions_no_aether,"No AETHER, constant emissions",mitigation_with_aerosol_cleanup,Mitigation with aerosol cleanup,2086,42.2,0.0,0.0,42.2,621.969212,4.56571,0.534,-0.106,4.99371,2.738143,1.422184,1.247901,0.0,0.4,11,9,"FAIR-ready input scaffold, not a FAIR run; species-level non-CO2 and aerosol emissions remain missing."
baseline_constant_emissions_no_aether__mitigation_with_aerosol_cleanup,baseline_constant_emissions_no_aether,"No AETHER, constant emissions",mitigation_with_aerosol_cleanup,Mitigation with aerosol cleanup,2087,42.2,0.0,0.0,42.2,624.470882,4.588469,0.528,-0.102,5.014469,2.752922,1.434685,1.250162,0.0,0.4,11,9,"FAIR-ready input scaffold, not a FAIR run; species-level non-CO2 and aerosol emissions remain missing."
baseline_constant_emissions_no_aether__mitigation_with_aerosol_cleanup,baseline_constant_emissions_no_aether,"No AETHER, constant emissions",mitigation_with_aerosol_cleanup,Mitigation with aerosol cleanup,2088,42.2,0.0,0.0,42.2,626.962155,4.611043,0.522,-0.098,5.035043,2.767621,1.447208,1.252325,0.0,0.4,11,9,"FAIR-ready input scaffold, not a FAIR run; species-level non-CO2 and aerosol emissions remain missing."
baseline_constant_emissions_no_aether__mitigation_with_aerosol_cleanup,baseline_constant_emissions_no_aether,"No AETHER, constant emissions",mitigation_with_aerosol_cleanup,Mitigation with aerosol cleanup,2089,42.2,0.0,0.0,42.2,629.443245,4.633436,0.516,-0.094,5.055436,2.782243,1.459752,1.254392,0.0,0.4,11,9,"FAIR-ready input scaffold, not a FAIR run; species-level non-CO2 and aerosol emissions remain missing."
baseline_constant_emissions_no_aether__mitigation_with_aerosol_cleanup,baseline_constant_emissions_no_aether,"No AETHER, constant emissions",mitigation_with_aerosol_cleanup,Mitigation with aerosol cleanup,2090,42.2,0.0,0.0,42.2,631.914364,4.655652,0.51,-0.09,5.075652,2.796788,1.472316,1.256366,0.0,0.4,11,9,"FAIR-ready input scaffold, not a FAIR run; species-level non-CO2 and aerosol emissions remain missing."
baseline_constant_emissions_no_aether__mitigation_with_aerosol_cleanup,baseline_constant_emissions_no_aether,"No AETHER, constant emissions",mitigation_with_aerosol_cleanup,Mitigation with aerosol cleanup,2091,42.2,0.0,0.0,42.2,634.375717,4.677693,0.504,-0.086,5.095693,2.811259,1.484899,1.258249,0.0,0.4,11,9,"FAIR-ready input scaffold, not a FAIR run; species-level non-CO2 and aerosol emissions remain missing."
baseline_constant_emissions_no_aether__mitigation_with_aerosol_cleanup,baseline_constant_emissions_no_aether,"No AETHER, constant emissions",mitigation_with_aerosol_cleanup,Mitigation with aerosol cleanup,2092,42.2,0.0,0.0,42.2,636.827504,4.699564,0.498,-0.082,5.115564,2.825657,1.497499,1.260043,0.0,0.4,11,9,"FAIR-ready input scaffold, not a FAIR run; species-level non-CO2 and aerosol emissions remain missing."
baseline_constant_emissions_no_aether__mitigation_with_aerosol_cleanup,baseline_constant_emissions_no_aether,"No AETHER, constant emissions",mitigation_with_aerosol_cleanup,Mitigation with aerosol cleanup,2093,42.2,0.0,0.0,42.2,639.269919,4.721267,0.492,-0.078,5.135267,2.839982,1.510116,1.26175,0.0,0.4,11,9,"FAIR-ready input scaffold, not a FAIR run; species-level non-CO2 and aerosol emissions remain missing."
baseline_constant_emissions_no_aether__mitigation_with_aerosol_cleanup,baseline_constant_emissions_no_aether,"No AETHER, constant emissions",mitigation_with_aerosol_cleanup,Mitigation with aerosol cleanup,2094,42.2,0.0,0.0,42.2,641.703152,4.742807,0.486,-0.074,5.154807,2.854237,1.52275,1.263373,0.0,0.4,11,9,"FAIR-ready input scaffold, not a FAIR run; species-level non-CO2 and aerosol emissions remain missing."
baseline_constant_emissions_no_aether__mitigation_with_aerosol_cleanup,baseline_constant_emissions_no_aether,"No AETHER, constant emissions",mitigation_with_aerosol_cleanup,Mitigation with aerosol cleanup,2095,42.2,0.0,0.0,42.2,644.127387,4.764186,0.48,-0.07,5.174186,2.868422,1.535399,1.264913,0.0,0.4,11,9,"FAIR-ready input scaffold, not a FAIR run; species-level non-CO2 and aerosol emissions remain missing."
baseline_constant_emissions_no_aether__mitigation_with_aerosol_cleanup,baseline_constant_emissions_no_aether,"No AETHER, constant emissions",mitigation_with_aerosol_cleanup,Mitigation with aerosol cleanup,2096,42.2,0.0,0.0,42.2,646.542805,4.785408,0.474,-0.066,5.193408,2.882539,1.548063,1.266372,0.0,0.4,11,9,"FAIR-ready input scaffold, not a FAIR run; species-level non-CO2 and aerosol emissions remain missing."
baseline_constant_emissions_no_aether__mitigation_with_aerosol_cleanup,baseline_constant_emissions_no_aether,"No AETHER, constant emissions",mitigation_with_aerosol_cleanup,Mitigation with aerosol cleanup,2097,42.2,0.0,0.0,42.2,648.949579,4.806475,0.468,-0.062,5.212475,2.896589,1.560741,1.267753,0.0,0.4,11,9,"FAIR-ready input scaffold, not a FAIR run; species-level non-CO2 and aerosol emissions remain missing."
baseline_constant_emissions_no_aether__mitigation_with_aerosol_cleanup,baseline_constant_emissions_no_aether,"No AETHER, constant emissions",mitigation_with_aerosol_cleanup,Mitigation with aerosol cleanup,2098,42.2,0.0,0.0,42.2,651.347882,4.82739,0.462,-0.058,5.23139,2.910572,1.573431,1.269056,0.0,0.4,11,9,"FAIR-ready input scaffold, not a FAIR run; species-level non-CO2 and aerosol emissions remain missing."
baseline_constant_emissions_no_aether__mitigation_with_aerosol_cleanup,baseline_constant_emissions_no_aether,"No AETHER, constant emissions",mitigation_with_aerosol_cleanup,Mitigation with aerosol cleanup,2099,42.2,0.0,0.0,42.2,653.737878,4.848156,0.456,-0.054,5.250156,2.924491,1.586134,1.270284,0.0,0.4,11,9,"FAIR-ready input scaffold, not a FAIR run; species-level non-CO2 and aerosol emissions remain missing."
baseline_constant_emissions_no_aether__mitigation_with_aerosol_cleanup,baseline_constant_emissions_no_aether,"No AETHER, constant emissions",mitigation_with_aerosol_cleanup,Mitigation with aerosol cleanup,2100,42.2,0.0,0.0,42.2,656.119729,4.868776,0.45,-0.05,5.268776,2.938345,1.598848,1.271439,0.0,0.4,11,9,"FAIR-ready input scaffold, not a FAIR run; species-level non-CO2 and aerosol emissions remain missing."
baseline_constant_emissions_no_aether__nonco2_delay_aerosol_unmasking,baseline_constant_emissions_no_aether,"No AETHER, constant emissions",nonco2_delay_aerosol_unmasking,Delayed non-CO2 mitigation plus aerosol unmasking,2026,42.2,0.0,0.0,42.2,433.940256,2.524677,1.2,-0.7,3.024677,1.613376,0.772719,0.795947,0.0,0.4,11,9,"FAIR-ready input scaffold, not a FAIR run; species-level non-CO2 and aerosol emissions remain missing."
baseline_constant_emissions_no_aether__nonco2_delay_aerosol_unmasking,baseline_constant_emissions_no_aether,"No AETHER, constant emissions",nonco2_delay_aerosol_unmasking,Delayed non-CO2 mitigation plus aerosol unmasking,2027,42.2,0.0,0.0,42.2,438.996277,2.590357,1.197917,-0.677083,3.11119,1.629963,0.780705,0.798624,0.0,0.4,11,9,"FAIR-ready input scaffold, not a FAIR run; species-level non-CO2 and aerosol emissions remain missing."
baseline_constant_emissions_no_aether__nonco2_delay_aerosol_unmasking,baseline_constant_emissions_no_aether,"No AETHER, constant emissions",nonco2_delay_aerosol_unmasking,Delayed non-CO2 mitigation plus aerosol unmasking,2028,42.2,0.0,0.0,42.2,443.763438,2.651594,1.195833,-0.654167,3.193261,1.650898,0.788773,0.806795,0.0,0.4,11,9,"FAIR-ready input scaffold, not a FAIR run; species-level non-CO2 and aerosol emissions remain missing."
baseline_constant_emissions_no_aether__nonco2_delay_aerosol_unmasking,baseline_constant_emissions_no_aether,"No AETHER, constant emissions",nonco2_delay_aerosol_unmasking,Delayed non-CO2 mitigation plus aerosol unmasking,2029,42.2,0.0,0.0,42.2,448.293762,2.709183,1.19375,-0.63125,3.271683,1.675063,0.796963,0.819018,0.0,0.4,11,9,"FAIR-ready input scaffold, not a FAIR run; species-level non-CO2 and aerosol emissions remain missing."
baseline_constant_emissions_no_aether__nonco2_delay_aerosol_unmasking,baseline_constant_emissions_no_aether,"No AETHER, constant emissions",nonco2_delay_aerosol_unmasking,Delayed non-CO2 mitigation plus aerosol unmasking,2030,42.2,0.0,0.0,42.2,452.628685,2.763746,1.191667,-0.608333,3.347079,1.701609,0.805305,0.834195,0.0,0.4,11,9,"FAIR-ready input scaffold, not a FAIR run; species-level non-CO2 and aerosol emissions remain missing."
baseline_constant_emissions_no_aether__nonco2_delay_aerosol_unmasking,baseline_constant_emissions_no_aether,"No AETHER, constant emissions",nonco2_delay_aerosol_unmasking,Delayed non-CO2 mitigation plus aerosol unmasking,2031,42.2,0.0,0.0,42.2,456.801243,2.815773,1.189583,-0.585417,3.41994,1.729888,0.81382,0.851489,0.0,0.4,11,9,"FAIR-ready input scaffold, not a FAIR run; species-level non-CO2 and aerosol emissions remain missing."
baseline_constant_emissions_no_aether__nonco2_delay_aerosol_unmasking,baseline_constant_emissions_no_aether,"No AETHER, constant emissions",nonco2_delay_aerosol_unmasking,Delayed non-CO2 mitigation plus aerosol unmasking,2032,42.2,0.0,0.0,42.2,460.837809,2.865655,1.1875,-0.5625,3.490655,1.759408,0.822523,0.870264,0.0,0.4,11,9,"FAIR-ready input scaffold, not a FAIR run; species-level non-CO2 and aerosol emissions remain missing."
baseline_constant_emissions_no_aether__nonco2_delay_aerosol_unmasking,baseline_constant_emissions_no_aether,"No AETHER, constant emissions",nonco2_delay_aerosol_unmasking,Delayed non-CO2 mitigation plus aerosol unmasking,2033,42.2,0.0,0.0,42.2,464.759472,2.9137,1.185417,-0.539583,3.559533,1.789797,0.831423,0.89004,0.0,0.4,11,9,"FAIR-ready input scaffold, not a FAIR run; species-level non-CO2 and aerosol emissions remain missing."
baseline_constant_emissions_no_aether__nonco2_delay_aerosol_unmasking,baseline_constant_emissions_no_aether,"No AETHER, constant emissions",nonco2_delay_aerosol_unmasking,Delayed non-CO2 mitigation plus aerosol unmasking,2034,42.2,0.0,0.0,42.2,468.583122,2.960155,1.183333,-0.516667,3.626822,1.820774,0.840528,0.910455,0.0,0.4,11,9,"FAIR-ready input scaffold, not a FAIR run; species-level non-CO2 and aerosol emissions remain missing."
baseline_constant_emissions_no_aether__nonco2_delay_aerosol_unmasking,baseline_constant_emissions_no_aether,"No AETHER, constant emissions",nonco2_delay_aerosol_unmasking,Delayed non-CO2 mitigation plus aerosol unmasking,2035,42.2,0.0,0.0,42.2,472.322321,3.005219,1.18125,-0.49375,3.692719,1.85213,0.84984,0.931234,0.0,0.4,11,9,"FAIR-ready input scaffold, not a FAIR run; species-level non-CO2 and aerosol emissions remain missing."
baseline_constant_emissions_no_aether__nonco2_delay_aerosol_unmasking,baseline_constant_emissions_no_aether,"No AETHER, constant emissions",nonco2_delay_aerosol_unmasking,Delayed non-CO2 mitigation plus aerosol unmasking,2036,42.2,0.0,0.0,42.2,475.987987,3.049052,1.179167,-0.470833,3.757386,1.883707,0.859362,0.952176,0.0,0.4,11,9,"FAIR-ready input scaffold, not a FAIR run; species-level non-CO2 and aerosol emissions remain missing."
baseline_constant_emissions_no_aether__nonco2_delay_aerosol_unmasking,baseline_constant_emissions_no_aether,"No AETHER, constant emissions",nonco2_delay_aerosol_unmasking,Delayed non-CO2 mitigation plus aerosol unmasking,2037,42.2,0.0,0.0,42.2,479.588938,3.091784,1.177083,-0.447917,3.820951,1.915387,0.869093,0.973128,0.0,0.4,11,9,"FAIR-ready input scaffold, not a FAIR run; species-level non-CO2 and aerosol emissions remain missing."
baseline_constant_emissions_no_aether__nonco2_delay_aerosol_unmasking,baseline_constant_emissions_no_aether,"No AETHER, constant emissions",nonco2_delay_aerosol_unmasking,Delayed non-CO2 mitigation plus aerosol unmasking,2038,42.2,0.0,0.0,42.2,483.132319,3.133521,1.175,-0.425,3.883521,1.947086,0.879033,0.99398,0.0,0.4,11,9,"FAIR-ready input scaffold, not a FAIR run; species-level non-CO2 and aerosol emissions remain missing."
baseline_constant_emissions_no_aether__nonco2_delay_aerosol_unmasking,baseline_constant_emissions_no_aether,"No AETHER, constant emissions",nonco2_delay_aerosol_unmasking,Delayed non-CO2 mitigation plus aerosol unmasking,2039,42.2,0.0,0.0,42.2,486.623952,3.174349,1.172917,-0.402083,3.945183,1.97874,0.88918,1.01465,0.0,0.4,11,9,"FAIR-ready input scaffold, not a FAIR run; species-level non-CO2 and aerosol emissions remain missing."
baseline_constant_emissions_no_aether__nonco2_delay_aerosol_unmasking,baseline_constant_emissions_no_aether,"No AETHER, constant emissions",nonco2_delay_aerosol_unmasking,Delayed non-CO2 mitigation plus aerosol unmasking,2040,42.2,0.0,0.0,42.2,490.068599,3.214342,1.170833,-0.379167,4.006009,2.010305,0.89953,1.035083,0.0,0.4,11,9,"FAIR-ready input scaffold, not a FAIR run; species-level non-CO2 and aerosol emissions remain missing."
baseline_constant_emissions_no_aether__nonco2_delay_aerosol_unmasking,baseline_constant_emissions_no_aether,"No AETHER, constant emissions",nonco2_delay_aerosol_unmasking,Delayed non-CO2 mitigation plus aerosol unmasking,2041,42.2,0.0,0.0,42.2,493.470182,3.253561,1.16875,-0.35625,4.066061,2.041749,0.910083,1.055236,0.0,0.4,11,9,"FAIR-ready input scaffold, not a FAIR run; species-level non-CO2 and aerosol emissions remain missing."
baseline_constant_emissions_no_aether__nonco2_delay_aerosol_unmasking,baseline_constant_emissions_no_aether,"No AETHER, constant emissions",nonco2_delay_aerosol_unmasking,Delayed non-CO2 mitigation plus aerosol unmasking,2042,42.2,0.0,0.0,42.2,496.831953,3.292055,1.166667,-0.333333,4.125389,2.07305,0.920834,1.075083,0.0,0.4,11,9,"FAIR-ready input scaffold, not a FAIR run; species-level non-CO2 and aerosol emissions remain missing."
baseline_constant_emissions_no_aether__nonco2_delay_aerosol_unmasking,baseline_constant_emissions_no_aether,"No AETHER, constant emissions",nonco2_delay_aerosol_unmasking,Delayed non-CO2 mitigation plus aerosol unmasking,2043,42.2,0.0,0.0,42.2,500.156627,3.32987,1.164583,-0.310417,4.184036,2.104195,0.93178,1.094606,0.0,0.4,11,9,"FAIR-ready input scaffold, not a FAIR run; species-level non-CO2 and aerosol emissions remain missing."
baseline_constant_emissions_no_aether__nonco2_delay_aerosol_unmasking,baseline_constant_emissions_no_aether,"No AETHER, constant emissions",nonco2_delay_aerosol_unmasking,Delayed non-CO2 mitigation plus aerosol unmasking,2044,42.2,0.0,0.0,42.2,503.446491,3.367042,1.1625,-0.2875,4.242042,2.135174,0.942918,1.113794,0.0,0.4,11,9,"FAIR-ready input scaffold, not a FAIR run; species-level non-CO2 and aerosol emissions remain missing."
baseline_constant_emissions_no_aether__nonco2_delay_aerosol_unmasking,baseline_constant_emissions_no_aether,"No AETHER, constant emissions",nonco2_delay_aerosol_unmasking,Delayed non-CO2 mitigation plus aerosol unmasking,2045,42.2,0.0,0.0,42.2,506.703489,3.403604,1.160417,-0.264583,4.299437,2.165984,0.954244,1.132644,0.0,0.4,11,9,"FAIR-ready input scaffold, not a FAIR run; species-level non-CO2 and aerosol emissions remain missing."
baseline_constant_emissions_no_aether__nonco2_delay_aerosol_unmasking,baseline_constant_emissions_no_aether,"No AETHER, constant emissions",nonco2_delay_aerosol_unmasking,Delayed non-CO2 mitigation plus aerosol unmasking,2046,42.2,0.0,0.0,42.2,509.92929,3.439584,1.158333,-0.241667,4.356251,2.196622,0.965756,1.151153,0.0,0.4,11,9,"FAIR-ready input scaffold, not a FAIR run; species-level non-CO2 and aerosol emissions remain missing."
baseline_constant_emissions_no_aether__nonco2_delay_aerosol_unmasking,baseline_constant_emissions_no_aether,"No AETHER, constant emissions",nonco2_delay_aerosol_unmasking,Delayed non-CO2 mitigation plus aerosol unmasking,2047,42.2,0.0,0.0,42.2,513.125341,3.47501,1.15625,-0.21875,4.41251,2.22709,0.977449,1.169323,0.0,0.4,11,9,"FAIR-ready input scaffold, not a FAIR run; species-level non-CO2 and aerosol emissions remain missing."
baseline_constant_emissions_no_aether__nonco2_delay_aerosol_unmasking,baseline_constant_emissions_no_aether,"No AETHER, constant emissions",nonco2_delay_aerosol_unmasking,Delayed non-CO2 mitigation plus aerosol unmasking,2048,42.2,0.0,0.0,42.2,516.29291,3.509902,1.154167,-0.195833,4.468236,2.257389,0.98932,1.187159,0.0,0.4,11,9,"FAIR-ready input scaffold, not a FAIR run; species-level non-CO2 and aerosol emissions remain missing."
baseline_constant_emissions_no_aether__nonco2_delay_aerosol_unmasking,baseline_constant_emissions_no_aether,"No AETHER, constant emissions",nonco2_delay_aerosol_unmasking,Delayed non-CO2 mitigation plus aerosol unmasking,2049,42.2,0.0,0.0,42.2,519.433119,3.544283,1.152083,-0.172917,4.523449,2.287522,1.001367,1.204665,0.0,0.4,11,9,"FAIR-ready input scaffold, not a FAIR run; species-level non-CO2 and aerosol emissions remain missing."
baseline_constant_emissions_no_aether__nonco2_delay_aerosol_unmasking,baseline_constant_emissions_no_aether,"No AETHER, constant emissions",nonco2_delay_aerosol_unmasking,Delayed non-CO2 mitigation plus aerosol unmasking,2050,42.2,0.0,0.0,42.2,522.546973,3.57817,1.15,-0.15,4.57817,2.317495,1.013585,1.221848,0.0,0.4,11,9,"FAIR-ready input scaffold, not a FAIR run; species-level non-CO2 and aerosol emissions remain missing."
baseline_constant_emissions_no_aether__nonco2_delay_aerosol_unmasking,baseline_constant_emissions_no_aether,"No AETHER, constant emissions",nonco2_delay_aerosol_unmasking,Delayed non-CO2 mitigation plus aerosol unmasking,2051,42.2,0.0,0.0,42.2,525.635379,3.611582,1.148,-0.148,4.611582,2.345574,1.025973,1.238714,0.0,0.4,11,9,"FAIR-ready input scaffold, not a FAIR run; species-level non-CO2 and aerosol emissions remain missing."
baseline_constant_emissions_no_aether__nonco2_delay_aerosol_unmasking,baseline_constant_emissions_no_aether,"No AETHER, constant emissions",nonco2_delay_aerosol_unmasking,Delayed non-CO2 mitigation plus aerosol unmasking,2052,42.2,0.0,0.0,42.2,528.699166,3.644533,1.146,-0.146,4.644533,2.372091,1.038509,1.253621,0.0,0.4,11,9,"FAIR-ready input scaffold, not a FAIR run; species-level non-CO2 and aerosol emissions remain missing."
baseline_constant_emissions_no_aether__nonco2_delay_aerosol_unmasking,baseline_constant_emissions_no_aether,"No AETHER, constant emissions",nonco2_delay_aerosol_unmasking,Delayed non-CO2 mitigation plus aerosol unmasking,2053,42.2,0.0,0.0,42.2,531.739095,3.67704,1.144,-0.144,4.67704,2.397316,1.051178,1.266903,0.0,0.4,11,9,"FAIR-ready input scaffold, not a FAIR run; species-level non-CO2 and aerosol emissions remain missing."
baseline_constant_emissions_no_aether__nonco2_delay_aerosol_unmasking,baseline_constant_emissions_no_aether,"No AETHER, constant emissions",nonco2_delay_aerosol_unmasking,Delayed non-CO2 mitigation plus aerosol unmasking,2054,42.2,0.0,0.0,42.2,534.755873,3.709116,1.142,-0.142,4.709116,2.421466,1.063966,1.278831,0.0,0.4,11,9,"FAIR-ready input scaffold, not a FAIR run; species-level non-CO2 and aerosol emissions remain missing."
baseline_constant_emissions_no_aether__nonco2_delay_aerosol_unmasking,baseline_constant_emissions_no_aether,"No AETHER, constant emissions",nonco2_delay_aerosol_unmasking,Delayed non-CO2 mitigation plus aerosol unmasking,2055,42.2,0.0,0.0,42.2,537.750161,3.740775,1.14,-0.14,4.740775,2.444719,1.076862,1.289625,0.0,0.4,11,9,"FAIR-ready input scaffold, not a FAIR run; species-level non-CO2 and aerosol emissions remain missing."
baseline_constant_emissions_no_aether__nonco2_delay_aerosol_unmasking,baseline_constant_emissions_no_aether,"No AETHER, constant emissions",nonco2_delay_aerosol_unmasking,Delayed non-CO2 mitigation plus aerosol unmasking,2056,42.2,0.0,0.0,42.2,540.722579,3.772029,1.138,-0.138,4.772029,2.467217,1.089857,1.299463,0.0,0.4,11,9,"FAIR-ready input scaffold, not a FAIR run; species-level non-CO2 and aerosol emissions remain missing."
baseline_constant_emissions_no_aether__nonco2_delay_aerosol_unmasking,baseline_constant_emissions_no_aether,"No AETHER, constant emissions",nonco2_delay_aerosol_unmasking,Delayed non-CO2 mitigation plus aerosol unmasking,2057,42.2,0.0,0.0,42.2,543.673714,3.802889,1.136,-0.136,4.802889,2.489079,1.102942,1.308492,0.0,0.4,11,9,"FAIR-ready input scaffold, not a FAIR run; species-level non-CO2 and aerosol emissions remain missing."
baseline_constant_emissions_no_aether__nonco2_delay_aerosol_unmasking,baseline_constant_emissions_no_aether,"No AETHER, constant emissions",nonco2_delay_aerosol_unmasking,Delayed non-CO2 mitigation plus aerosol unmasking,2058,42.2,0.0,0.0,42.2,546.604123,3.833367,1.134,-0.134,4.833367,2.510399,1.11611,1.31683,0.0,0.4,11,9,"FAIR-ready input scaffold, not a FAIR run; species-level non-CO2 and aerosol emissions remain missing."
baseline_constant_emissions_no_aether__nonco2_delay_aerosol_unmasking,baseline_constant_emissions_no_aether,"No AETHER, constant emissions",nonco2_delay_aerosol_unmasking,Delayed non-CO2 mitigation plus aerosol unmasking,2059,42.2,0.0,0.0,42.2,549.514339,3.863474,1.132,-0.132,4.863474,2.531256,1.129356,1.324575,0.0,0.4,11,9,"FAIR-ready input scaffold, not a FAIR run; species-level non-CO2 and aerosol emissions remain missing."
baseline_constant_emissions_no_aether__nonco2_delay_aerosol_unmasking,baseline_constant_emissions_no_aether,"No AETHER, constant emissions",nonco2_delay_aerosol_unmasking,Delayed non-CO2 mitigation plus aerosol unmasking,2060,42.2,0.0,0.0,42.2,552.40487,3.89322,1.13,-0.13,4.89322,2.551712,1.142674,1.331805,0.0,0.4,11,9,"FAIR-ready input scaffold, not a FAIR run; species-level non-CO2 and aerosol emissions remain missing."
baseline_constant_emissions_no_aether__nonco2_delay_aerosol_unmasking,baseline_constant_emissions_no_aether,"No AETHER, constant emissions",nonco2_delay_aerosol_unmasking,Delayed non-CO2 mitigation plus aerosol unmasking,2061,42.2,0.0,0.0,42.2,555.276205,3.922614,1.128,-0.128,4.922614,2.571819,1.15606,1.338586,0.0,0.4,11,9,"FAIR-ready input scaffold, not a FAIR run; species-level non-CO2 and aerosol emissions remain missing."
baseline_constant_emissions_no_aether__nonco2_delay_aerosol_unmasking,baseline_constant_emissions_no_aether,"No AETHER, constant emissions",nonco2_delay_aerosol_unmasking,Delayed non-CO2 mitigation plus aerosol unmasking,2062,42.2,0.0,0.0,42.2,558.128813,3.951667,1.126,-0.126,4.951667,2.59162,1.16951,1.344971,0.0,0.4,11,9,"FAIR-ready input scaffold, not a FAIR run; species-level non-CO2 and aerosol emissions remain missing."
baseline_constant_emissions_no_aether__nonco2_delay_aerosol_unmasking,baseline_constant_emissions_no_aether,"No AETHER, constant emissions",nonco2_delay_aerosol_unmasking,Delayed non-CO2 mitigation plus aerosol unmasking,2063,42.2,0.0,0.0,42.2,560.963149,3.980387,1.124,-0.124,4.980387,2.61115,1.18302,1.351005,0.0,0.4,11,9,"FAIR-ready input scaffold, not a FAIR run; species-level non-CO2 and aerosol emissions remain missing."
baseline_constant_emissions_no_aether__nonco2_delay_aerosol_unmasking,baseline_constant_emissions_no_aether,"No AETHER, constant emissions",nonco2_delay_aerosol_unmasking,Delayed non-CO2 mitigation plus aerosol unmasking,2064,42.2,0.0,0.0,42.2,563.779649,4.008783,1.122,-0.122,5.008783,2.630438,1.196587,1.356724,0.0,0.4,11,9,"FAIR-ready input scaffold, not a FAIR run; species-level non-CO2 and aerosol emissions remain missing."
baseline_constant_emissions_no_aether__nonco2_delay_aerosol_unmasking,baseline_constant_emissions_no_aether,"No AETHER, constant emissions",nonco2_delay_aerosol_unmasking,Delayed non-CO2 mitigation plus aerosol unmasking,2065,42.2,0.0,0.0,42.2,566.578738,4.036863,1.12,-0.12,5.036863,2.649507,1.210208,1.362158,0.0,0.4,11,9,"FAIR-ready input scaffold, not a FAIR run; species-level non-CO2 and aerosol emissions remain missing."
baseline_constant_emissions_no_aether__nonco2_delay_aerosol_unmasking,baseline_constant_emissions_no_aether,"No AETHER, constant emissions",nonco2_delay_aerosol_unmasking,Delayed non-CO2 mitigation plus aerosol unmasking,2066,42.2,0.0,0.0,42.2,569.360825,4.064635,1.118,-0.118,5.064635,2.668378,1.223882,1.367334,0.0,0.4,11,9,"FAIR-ready input scaffold, not a FAIR run; species-level non-CO2 and aerosol emissions remain missing."
baseline_constant_emissions_no_aether__nonco2_delay_aerosol_unmasking,baseline_constant_emissions_no_aether,"No AETHER, constant emissions",nonco2_delay_aerosol_unmasking,Delayed non-CO2 mitigation plus aerosol unmasking,2067,42.2,0.0,0.0,42.2,572.126308,4.092108,1.116,-0.116,5.092108,2.687066,1.237605,1.372271,0.0,0.4,11,9,"FAIR-ready input scaffold, not a FAIR run; species-level non-CO2 and aerosol emissions remain missing."
baseline_constant_emissions_no_aether__nonco2_delay_aerosol_unmasking,baseline_constant_emissions_no_aether,"No AETHER, constant emissions",nonco2_delay_aerosol_unmasking,Delayed non-CO2 mitigation plus aerosol unmasking,2068,42.2,0.0,0.0,42.2,574.875572,4.119288,1.114,-0.114,5.119288,2.705586,1.251374,1.376988,0.0,0.4,11,9,"FAIR-ready input scaffold, not a FAIR run; species-level non-CO2 and aerosol emissions remain missing."
baseline_constant_emissions_no_aether__nonco2_delay_aerosol_unmasking,baseline_constant_emissions_no_aether,"No AETHER, constant emissions",nonco2_delay_aerosol_unmasking,Delayed non-CO2 mitigation plus aerosol unmasking,2069,42.2,0.0,0.0,42.2,577.608992,4.146183,1.112,-0.112,5.146183,2.72395,1.265189,1.381501,0.0,0.4,11,9,"FAIR-ready input scaffold, not a FAIR run; species-level non-CO2 and aerosol emissions remain missing."
baseline_constant_emissions_no_aether__nonco2_delay_aerosol_unmasking,baseline_constant_emissions_no_aether,"No AETHER, constant emissions",nonco2_delay_aerosol_unmasking,Delayed non-CO2 mitigation plus aerosol unmasking,2070,42.2,0.0,0.0,42.2,580.326931,4.172799,1.11,-0.11,5.172799,2.742167,1.279048,1.385822,0.0,0.4,11,9,"FAIR-ready input scaffold, not a FAIR run; species-level non-CO2 and aerosol emissions remain missing."
baseline_constant_emissions_no_aether__nonco2_delay_aerosol_unmasking,baseline_constant_emissions_no_aether,"No AETHER, constant emissions",nonco2_delay_aerosol_unmasking,Delayed non-CO2 mitigation plus aerosol unmasking,2071,42.2,0.0,0.0,42.2,583.029742,4.199144,1.108,-0.108,5.199144,2.760245,1.292947,1.389963,0.0,0.4,11,9,"FAIR-ready input scaffold, not a FAIR run; species-level non-CO2 and aerosol emissions remain missing."
baseline_constant_emissions_no_aether__nonco2_delay_aerosol_unmasking,baseline_constant_emissions_no_aether,"No AETHER, constant emissions",nonco2_delay_aerosol_unmasking,Delayed non-CO2 mitigation plus aerosol unmasking,2072,42.2,0.0,0.0,42.2,585.717769,4.225225,1.106,-0.106,5.225225,2.778193,1.306887,1.393933,0.0,0.4,11,9,"FAIR-ready input scaffold, not a FAIR run; species-level non-CO2 and aerosol emissions remain missing."
baseline_constant_emissions_no_aether__nonco2_delay_aerosol_unmasking,baseline_constant_emissions_no_aether,"No AETHER, constant emissions",nonco2_delay_aerosol_unmasking,Delayed non-CO2 mitigation plus aerosol unmasking,2073,42.2,0.0,0.0,42.2,588.391345,4.251046,1.104,-0.104,5.251046,2.796016,1.320864,1.397741,0.0,0.4,11,9,"FAIR-ready input scaffold, not a FAIR run; species-level non-CO2 and aerosol emissions remain missing."
baseline_constant_emissions_no_aether__nonco2_delay_aerosol_unmasking,baseline_constant_emissions_no_aether,"No AETHER, constant emissions",nonco2_delay_aerosol_unmasking,Delayed non-CO2 mitigation plus aerosol unmasking,2074,42.2,0.0,0.0,42.2,591.050795,4.276615,1.102,-0.102,5.276615,2.813719,1.334878,1.401394,0.0,0.4,11,9,"FAIR-ready input scaffold, not a FAIR run; species-level non-CO2 and aerosol emissions remain missing."
baseline_constant_emissions_no_aether__nonco2_delay_aerosol_unmasking,baseline_constant_emissions_no_aether,"No AETHER, constant emissions",nonco2_delay_aerosol_unmasking,Delayed non-CO2 mitigation plus aerosol unmasking,2075,42.2,0.0,0.0,42.2,593.696435,4.301937,1.1,-0.1,5.301937,2.831308,1.348927,1.404899,0.0,0.4,11,9,"FAIR-ready input scaffold, not a FAIR run; species-level non-CO2 and aerosol emissions remain missing."
baseline_constant_emissions_no_aether__nonco2_delay_aerosol_unmasking,baseline_constant_emissions_no_aether,"No AETHER, constant emissions",nonco2_delay_aerosol_unmasking,Delayed non-CO2 mitigation plus aerosol unmasking,2076,42.2,0.0,0.0,42.2,596.328571,4.327019,1.098,-0.098,5.327019,2.848786,1.36301,1.408262,0.0,0.4,11,9,"FAIR-ready input scaffold, not a FAIR run; species-level non-CO2 and aerosol emissions remain missing."
baseline_constant_emissions_no_aether__nonco2_delay_aerosol_unmasking,baseline_constant_emissions_no_aether,"No AETHER, constant emissions",nonco2_delay_aerosol_unmasking,Delayed non-CO2 mitigation plus aerosol unmasking,2077,42.2,0.0,0.0,42.2,598.947503,4.351865,1.096,-0.096,5.351865,2.866159,1.377124,1.411488,0.0,0.4,11,9,"FAIR-ready input scaffold, not a FAIR run; species-level non-CO2 and aerosol emissions remain missing."
baseline_constant_emissions_no_aether__nonco2_delay_aerosol_unmasking,baseline_constant_emissions_no_aether,"No AETHER, constant emissions",nonco2_delay_aerosol_unmasking,Delayed non-CO2 mitigation plus aerosol unmasking,2078,42.2,0.0,0.0,42.2,601.553521,4.37648,1.094,-0.094,5.37648,2.883428,1.39127,1.414583,0.0,0.4,11,9,"FAIR-ready input scaffold, not a FAIR run; species-level non-CO2 and aerosol emissions remain missing."
baseline_constant_emissions_no_aether__nonco2_delay_aerosol_unmasking,baseline_constant_emissions_no_aether,"No AETHER, constant emissions",nonco2_delay_aerosol_unmasking,Delayed non-CO2 mitigation plus aerosol unmasking,2079,42.2,0.0,0.0,42.2,604.146909,4.400871,1.092,-0.092,5.400871,2.900597,1.405446,1.41755,0.0,0.4,11,9,"FAIR-ready input scaffold, not a FAIR run; species-level non-CO2 and aerosol emissions remain missing."
baseline_constant_emissions_no_aether__nonco2_delay_aerosol_unmasking,baseline_constant_emissions_no_aether,"No AETHER, constant emissions",nonco2_delay_aerosol_unmasking,Delayed non-CO2 mitigation plus aerosol unmasking,2080,42.2,0.0,0.0,42.2,606.727942,4.425042,1.09,-0.09,5.425042,2.917669,1.41965,1.420394,0.0,0.4,11,9,"FAIR-ready input scaffold, not a FAIR run; species-level non-CO2 and aerosol emissions remain missing."
baseline_constant_emissions_no_aether__nonco2_delay_aerosol_unmasking,baseline_constant_emissions_no_aether,"No AETHER, constant emissions",nonco2_delay_aerosol_unmasking,Delayed non-CO2 mitigation plus aerosol unmasking,2081,42.2,0.0,0.0,42.2,609.296888,4.448998,1.088,-0.088,5.448998,2.934647,1.433881,1.423119,0.0,0.4,11,9,"FAIR-ready input scaffold, not a FAIR run; species-level non-CO2 and aerosol emissions remain missing."
baseline_constant_emissions_no_aether__nonco2_delay_aerosol_unmasking,baseline_constant_emissions_no_aether,"No AETHER, constant emissions",nonco2_delay_aerosol_unmasking,Delayed non-CO2 mitigation plus aerosol unmasking,2082,42.2,0.0,0.0,42.2,611.854008,4.472743,1.086,-0.086,5.472743,2.951533,1.448138,1.425728,0.0,0.4,11,9,"FAIR-ready input scaffold, not a FAIR run; species-level non-CO2 and aerosol emissions remain missing."
baseline_constant_emissions_no_aether__nonco2_delay_aerosol_unmasking,baseline_constant_emissions_no_aether,"No AETHER, constant emissions",nonco2_delay_aerosol_unmasking,Delayed non-CO2 mitigation plus aerosol unmasking,2083,42.2,0.0,0.0,42.2,614.399556,4.496283,1.084,-0.084,5.496283,2.968328,1.46242,1.428225,0.0,0.4,11,9,"FAIR-ready input scaffold, not a FAIR run; species-level non-CO2 and aerosol emissions remain missing."
baseline_constant_emissions_no_aether__nonco2_delay_aerosol_unmasking,baseline_constant_emissions_no_aether,"No AETHER, constant emissions",nonco2_delay_aerosol_unmasking,Delayed non-CO2 mitigation plus aerosol unmasking,2084,42.2,0.0,0.0,42.2,616.93378,4.519621,1.082,-0.082,5.519621,2.985037,1.476727,1.430613,0.0,0.4,11,9,"FAIR-ready input scaffold, not a FAIR run; species-level non-CO2 and aerosol emissions remain missing."
baseline_constant_emissions_no_aether__nonco2_delay_aerosol_unmasking,baseline_constant_emissions_no_aether,"No AETHER, constant emissions",nonco2_delay_aerosol_unmasking,Delayed non-CO2 mitigation plus aerosol unmasking,2085,42.2,0.0,0.0,42.2,619.45692,4.542762,1.08,-0.08,5.542762,3.001659,1.491056,1.432895,0.0,0.4,11,9,"FAIR-ready input scaffold, not a FAIR run; species-level non-CO2 and aerosol emissions remain missing."
baseline_constant_emissions_no_aether__nonco2_delay_aerosol_unmasking,baseline_constant_emissions_no_aether,"No AETHER, constant emissions",nonco2_delay_aerosol_unmasking,Delayed non-CO2 mitigation plus aerosol unmasking,2086,42.2,0.0,0.0,42.2,621.969212,4.56571,1.078,-0.078,5.56571,3.018198,1.505406,1.435073,0.0,0.4,11,9,"FAIR-ready input scaffold, not a FAIR run; species-level non-CO2 and aerosol emissions remain missing."
baseline_constant_emissions_no_aether__nonco2_delay_aerosol_unmasking,baseline_constant_emissions_no_aether,"No AETHER, constant emissions",nonco2_delay_aerosol_unmasking,Delayed non-CO2 mitigation plus aerosol unmasking,2087,42.2,0.0,0.0,42.2,624.470882,4.588469,1.076,-0.076,5.588469,3.034654,1.519778,1.437152,0.0,0.4,11,9,"FAIR-ready input scaffold, not a FAIR run; species-level non-CO2 and aerosol emissions remain missing."
baseline_constant_emissions_no_aether__nonco2_delay_aerosol_unmasking,baseline_constant_emissions_no_aether,"No AETHER, constant emissions",nonco2_delay_aerosol_unmasking,Delayed non-CO2 mitigation plus aerosol unmasking,2088,42.2,0.0,0.0,42.2,626.962155,4.611043,1.074,-0.074,5.611043,3.05103,1.534169,1.439133,0.0,0.4,11,9,"FAIR-ready input scaffold, not a FAIR run; species-level non-CO2 and aerosol emissions remain missing."
baseline_constant_emissions_no_aether__nonco2_delay_aerosol_unmasking,baseline_constant_emissions_no_aether,"No AETHER, constant emissions",nonco2_delay_aerosol_unmasking,Delayed non-CO2 mitigation plus aerosol unmasking,2089,42.2,0.0,0.0,42.2,629.443245,4.633436,1.072,-0.072,5.633436,3.067328,1.548579,1.441018,0.0,0.4,11,9,"FAIR-ready input scaffold, not a FAIR run; species-level non-CO2 and aerosol emissions remain missing."
baseline_constant_emissions_no_aether__nonco2_delay_aerosol_unmasking,baseline_constant_emissions_no_aether,"No AETHER, constant emissions",nonco2_delay_aerosol_unmasking,Delayed non-CO2 mitigation plus aerosol unmasking,2090,42.2,0.0,0.0,42.2,631.914364,4.655652,1.07,-0.07,5.655652,3.083548,1.563007,1.442811,0.0,0.4,11,9,"FAIR-ready input scaffold, not a FAIR run; species-level non-CO2 and aerosol emissions remain missing."
baseline_constant_emissions_no_aether__nonco2_delay_aerosol_unmasking,baseline_constant_emissions_no_aether,"No AETHER, constant emissions",nonco2_delay_aerosol_unmasking,Delayed non-CO2 mitigation plus aerosol unmasking,2091,42.2,0.0,0.0,42.2,634.375717,4.677693,1.068,-0.068,5.677693,3.099692,1.577453,1.444513,0.0,0.4,11,9,"FAIR-ready input scaffold, not a FAIR run; species-level non-CO2 and aerosol emissions remain missing."
baseline_constant_emissions_no_aether__nonco2_delay_aerosol_unmasking,baseline_constant_emissions_no_aether,"No AETHER, constant emissions",nonco2_delay_aerosol_unmasking,Delayed non-CO2 mitigation plus aerosol unmasking,2092,42.2,0.0,0.0,42.2,636.827504,4.699564,1.066,-0.066,5.699564,3.115762,1.591914,1.446128,0.0,0.4,11,9,"FAIR-ready input scaffold, not a FAIR run; species-level non-CO2 and aerosol emissions remain missing."
baseline_constant_emissions_no_aether__nonco2_delay_aerosol_unmasking,baseline_constant_emissions_no_aether,"No AETHER, constant emissions",nonco2_delay_aerosol_unmasking,Delayed non-CO2 mitigation plus aerosol unmasking,2093,42.2,0.0,0.0,42.2,639.269919,4.721267,1.064,-0.064,5.721267,3.131759,1.60639,1.447656,0.0,0.4,11,9,"FAIR-ready input scaffold, not a FAIR run; species-level non-CO2 and aerosol emissions remain missing."
baseline_constant_emissions_no_aether__nonco2_delay_aerosol_unmasking,baseline_constant_emissions_no_aether,"No AETHER, constant emissions",nonco2_delay_aerosol_unmasking,Delayed non-CO2 mitigation plus aerosol unmasking,2094,42.2,0.0,0.0,42.2,641.703152,4.742807,1.062,-0.062,5.742807,3.147684,1.620881,1.4491,0.0,0.4,11,9,"FAIR-ready input scaffold, not a FAIR run; species-level non-CO2 and aerosol emissions remain missing."
baseline_constant_emissions_no_aether__nonco2_delay_aerosol_unmasking,baseline_constant_emissions_no_aether,"No AETHER, constant emissions",nonco2_delay_aerosol_unmasking,Delayed non-CO2 mitigation plus aerosol unmasking,2095,42.2,0.0,0.0,42.2,644.127387,4.764186,1.06,-0.06,5.764186,3.163539,1.635386,1.450463,0.0,0.4,11,9,"FAIR-ready input scaffold, not a FAIR run; species-level non-CO2 and aerosol emissions remain missing."
baseline_constant_emissions_no_aether__nonco2_delay_aerosol_unmasking,baseline_constant_emissions_no_aether,"No AETHER, constant emissions",nonco2_delay_aerosol_unmasking,Delayed non-CO2 mitigation plus aerosol unmasking,2096,42.2,0.0,0.0,42.2,646.542805,4.785408,1.058,-0.058,5.785408,3.179325,1.649903,1.451745,0.0,0.4,11,9,"FAIR-ready input scaffold, not a FAIR run; species-level non-CO2 and aerosol emissions remain missing."
baseline_constant_emissions_no_aether__nonco2_delay_aerosol_unmasking,baseline_constant_emissions_no_aether,"No AETHER, constant emissions",nonco2_delay_aerosol_unmasking,Delayed non-CO2 mitigation plus aerosol unmasking,2097,42.2,0.0,0.0,42.2,648.949579,4.806475,1.056,-0.056,5.806475,3.195042,1.664433,1.45295,0.0,0.4,11,9,"FAIR-ready input scaffold, not a FAIR run; species-level non-CO2 and aerosol emissions remain missing."
baseline_constant_emissions_no_aether__nonco2_delay_aerosol_unmasking,baseline_constant_emissions_no_aether,"No AETHER, constant emissions",nonco2_delay_aerosol_unmasking,Delayed non-CO2 mitigation plus aerosol unmasking,2098,42.2,0.0,0.0,42.2,651.347882,4.82739,1.054,-0.054,5.82739,3.210692,1.678974,1.454079,0.0,0.4,11,9,"FAIR-ready input scaffold, not a FAIR run; species-level non-CO2 and aerosol emissions remain missing."
baseline_constant_emissions_no_aether__nonco2_delay_aerosol_unmasking,baseline_constant_emissions_no_aether,"No AETHER, constant emissions",nonco2_delay_aerosol_unmasking,Delayed non-CO2 mitigation plus aerosol unmasking,2099,42.2,0.0,0.0,42.2,653.737878,4.848156,1.052,-0.052,5.848156,3.226277,1.693525,1.455133,0.0,0.4,11,9,"FAIR-ready input scaffold, not a FAIR run; species-level non-CO2 and aerosol emissions remain missing."
baseline_constant_emissions_no_aether__nonco2_delay_aerosol_unmasking,baseline_constant_emissions_no_aether,"No AETHER, constant emissions",nonco2_delay_aerosol_unmasking,Delayed non-CO2 mitigation plus aerosol unmasking,2100,42.2,0.0,0.0,42.2,656.119729,4.868776,1.05,-0.05,5.868776,3.241797,1.708086,1.456114,0.0,0.4,11,9,"FAIR-ready input scaffold, not a FAIR run; species-level non-CO2 and aerosol emissions remain missing."
baseline_constant_emissions_no_aether__active_full_forcing_management,baseline_constant_emissions_no_aether,"No AETHER, constant emissions",active_full_forcing_management,Active full-forcing management,2026,42.2,0.0,0.0,42.2,433.940256,2.524677,1.2,-0.7,3.024677,1.613376,0.772719,0.795947,0.0,0.4,11,9,"FAIR-ready input scaffold, not a FAIR run; species-level non-CO2 and aerosol emissions remain missing."
baseline_constant_emissions_no_aether__active_full_forcing_management,baseline_constant_emissions_no_aether,"No AETHER, constant emissions",active_full_forcing_management,Active full-forcing management,2027,42.2,0.0,0.0,42.2,438.996277,2.590357,1.172917,-0.677083,3.08619,1.62788,0.780705,0.798624,0.0,0.4,11,9,"FAIR-ready input scaffold, not a FAIR run; species-level non-CO2 and aerosol emissions remain missing."
baseline_constant_emissions_no_aether__active_full_forcing_management,baseline_constant_emissions_no_aether,"No AETHER, constant emissions",active_full_forcing_management,Active full-forcing management,2028,42.2,0.0,0.0,42.2,443.763438,2.651594,1.145833,-0.654167,3.143261,1.64504,0.788753,0.804816,0.0,0.4,11,9,"FAIR-ready input scaffold, not a FAIR run; species-level non-CO2 and aerosol emissions remain missing."
baseline_constant_emissions_no_aether__active_full_forcing_management,baseline_constant_emissions_no_aether,"No AETHER, constant emissions",active_full_forcing_management,Active full-forcing management,2029,42.2,0.0,0.0,42.2,448.293762,2.709183,1.11875,-0.63125,3.196683,1.664057,0.796888,0.813472,0.0,0.4,11,9,"FAIR-ready input scaffold, not a FAIR run; species-level non-CO2 and aerosol emissions remain missing."
baseline_constant_emissions_no_aether__active_full_forcing_management,baseline_constant_emissions_no_aether,"No AETHER, constant emissions",active_full_forcing_management,Active full-forcing management,2030,42.2,0.0,0.0,42.2,452.628685,2.763746,1.091667,-0.608333,3.247079,1.684337,0.805126,0.823811,0.0,0.4,11,9,"FAIR-ready input scaffold, not a FAIR run; species-level non-CO2 and aerosol emissions remain missing."
baseline_constant_emissions_no_aether__active_full_forcing_management,baseline_constant_emissions_no_aether,"No AETHER, constant emissions",active_full_forcing_management,Active full-forcing management,2031,42.2,0.0,0.0,42.2,456.801243,2.815773,1.064583,-0.585417,3.29494,1.705437,0.813479,0.83525,0.0,0.4,11,9,"FAIR-ready input scaffold, not a FAIR run; species-level non-CO2 and aerosol emissions remain missing."
baseline_constant_emissions_no_aether__active_full_forcing_management,baseline_constant_emissions_no_aether,"No AETHER, constant emissions",active_full_forcing_management,Active full-forcing management,2032,42.2,0.0,0.0,42.2,460.837809,2.865655,1.0375,-0.5625,3.340655,1.727035,0.821952,0.847361,0.0,0.4,11,9,"FAIR-ready input scaffold, not a FAIR run; species-level non-CO2 and aerosol emissions remain missing."
baseline_constant_emissions_no_aether__active_full_forcing_management,baseline_constant_emissions_no_aether,"No AETHER, constant emissions",active_full_forcing_management,Active full-forcing management,2033,42.2,0.0,0.0,42.2,464.759472,2.9137,1.010417,-0.539583,3.384533,1.748892,0.830551,0.859828,0.0,0.4,11,9,"FAIR-ready input scaffold, not a FAIR run; species-level non-CO2 and aerosol emissions remain missing."
baseline_constant_emissions_no_aether__active_full_forcing_management,baseline_constant_emissions_no_aether,"No AETHER, constant emissions",active_full_forcing_management,Active full-forcing management,2034,42.2,0.0,0.0,42.2,468.583122,2.960155,0.983333,-0.516667,3.426822,1.770838,0.839275,0.872425,0.0,0.4,11,9,"FAIR-ready input scaffold, not a FAIR run; species-level non-CO2 and aerosol emissions remain missing."
baseline_constant_emissions_no_aether__active_full_forcing_management,baseline_constant_emissions_no_aether,"No AETHER, constant emissions",active_full_forcing_management,Active full-forcing management,2035,42.2,0.0,0.0,42.2,472.322321,3.005219,0.95625,-0.49375,3.467719,1.792749,0.848125,0.884985,0.0,0.4,11,9,"FAIR-ready input scaffold, not a FAIR run; species-level non-CO2 and aerosol emissions remain missing."
baseline_constant_emissions_no_aether__active_full_forcing_management,baseline_constant_emissions_no_aether,"No AETHER, constant emissions",active_full_forcing_management,Active full-forcing management,2036,42.2,0.0,0.0,42.2,475.987987,3.049052,0.929167,-0.470833,3.507386,1.81454,0.857099,0.897393,0.0,0.4,11,9,"FAIR-ready input scaffold, not a FAIR run; species-level non-CO2 and aerosol emissions remain missing."
baseline_constant_emissions_no_aether__active_full_forcing_management,baseline_constant_emissions_no_aether,"No AETHER, constant emissions",active_full_forcing_management,Active full-forcing management,2037,42.2,0.0,0.0,42.2,479.588938,3.091784,0.902083,-0.447917,3.545951,1.836151,0.866194,0.90957,0.0,0.4,11,9,"FAIR-ready input scaffold, not a FAIR run; species-level non-CO2 and aerosol emissions remain missing."
baseline_constant_emissions_no_aether__active_full_forcing_management,baseline_constant_emissions_no_aether,"No AETHER, constant emissions",active_full_forcing_management,Active full-forcing management,2038,42.2,0.0,0.0,42.2,483.132319,3.133521,0.875,-0.425,3.583521,1.857543,0.875409,0.921459,0.0,0.4,11,9,"FAIR-ready input scaffold, not a FAIR run; species-level non-CO2 and aerosol emissions remain missing."
baseline_constant_emissions_no_aether__active_full_forcing_management,baseline_constant_emissions_no_aether,"No AETHER, constant emissions",active_full_forcing_management,Active full-forcing management,2039,42.2,0.0,0.0,42.2,486.623952,3.174349,0.847917,-0.402083,3.620183,1.878691,0.884739,0.933028,0.0,0.4,11,9,"FAIR-ready input scaffold, not a FAIR run; species-level non-CO2 and aerosol emissions remain missing."
baseline_constant_emissions_no_aether__active_full_forcing_management,baseline_constant_emissions_no_aether,"No AETHER, constant emissions",active_full_forcing_management,Active full-forcing management,2040,42.2,0.0,0.0,42.2,490.068599,3.214342,0.820833,-0.379167,3.656009,1.89958,0.894182,0.944254,0.0,0.4,11,9,"FAIR-ready input scaffold, not a FAIR run; species-level non-CO2 and aerosol emissions remain missing."
baseline_constant_emissions_no_aether__active_full_forcing_management,baseline_constant_emissions_no_aether,"No AETHER, constant emissions",active_full_forcing_management,Active full-forcing management,2041,42.2,0.0,0.0,42.2,493.470182,3.253561,0.79375,-0.35625,3.691061,1.920204,0.903733,0.955128,0.0,0.4,11,9,"FAIR-ready input scaffold, not a FAIR run; species-level non-CO2 and aerosol emissions remain missing."
baseline_constant_emissions_no_aether__active_full_forcing_management,baseline_constant_emissions_no_aether,"No AETHER, constant emissions",active_full_forcing_management,Active full-forcing management,2042,42.2,0.0,0.0,42.2,496.831953,3.292055,0.766667,-0.333333,3.725389,1.94056,0.91339,0.965647,0.0,0.4,11,9,"FAIR-ready input scaffold, not a FAIR run; species-level non-CO2 and aerosol emissions remain missing."
baseline_constant_emissions_no_aether__active_full_forcing_management,baseline_constant_emissions_no_aether,"No AETHER, constant emissions",active_full_forcing_management,Active full-forcing management,2043,42.2,0.0,0.0,42.2,500.156627,3.32987,0.739583,-0.310417,3.759036,1.960651,0.923148,0.975812,0.0,0.4,11,9,"FAIR-ready input scaffold, not a FAIR run; species-level non-CO2 and aerosol emissions remain missing."
baseline_constant_emissions_no_aether__active_full_forcing_management,baseline_constant_emissions_no_aether,"No AETHER, constant emissions",active_full_forcing_management,Active full-forcing management,2044,42.2,0.0,0.0,42.2,503.446491,3.367042,0.7125,-0.2875,3.792042,1.980481,0.933004,0.985628,0.0,0.4,11,9,"FAIR-ready input scaffold, not a FAIR run; species-level non-CO2 and aerosol emissions remain missing."
baseline_constant_emissions_no_aether__active_full_forcing_management,baseline_constant_emissions_no_aether,"No AETHER, constant emissions",active_full_forcing_management,Active full-forcing management,2045,42.2,0.0,0.0,42.2,506.703489,3.403604,0.685417,-0.264583,3.824437,2.000056,0.942955,0.995103,0.0,0.4,11,9,"FAIR-ready input scaffold, not a FAIR run; species-level non-CO2 and aerosol emissions remain missing."
baseline_constant_emissions_no_aether__active_full_forcing_management,baseline_constant_emissions_no_aether,"No AETHER, constant emissions",active_full_forcing_management,Active full-forcing management,2046,42.2,0.0,0.0,42.2,509.92929,3.439584,0.658333,-0.241667,3.856251,2.019384,0.952997,1.004246,0.0,0.4,11,9,"FAIR-ready input scaffold, not a FAIR run; species-level non-CO2 and aerosol emissions remain missing."
baseline_constant_emissions_no_aether__active_full_forcing_management,baseline_constant_emissions_no_aether,"No AETHER, constant emissions",active_full_forcing_management,Active full-forcing management,2047,42.2,0.0,0.0,42.2,513.125341,3.47501,0.63125,-0.21875,3.88751,2.038471,0.963128,1.013067,0.0,0.4,11,9,"FAIR-ready input scaffold, not a FAIR run; species-level non-CO2 and aerosol emissions remain missing."
baseline_constant_emissions_no_aether__active_full_forcing_management,baseline_constant_emissions_no_aether,"No AETHER, constant emissions",active_full_forcing_management,Active full-forcing management,2048,42.2,0.0,0.0,42.2,516.29291,3.509902,0.604167,-0.195833,3.918236,2.057327,0.973344,1.021576,0.0,0.4,11,9,"FAIR-ready input scaffold, not a FAIR run; species-level non-CO2 and aerosol emissions remain missing."
baseline_constant_emissions_no_aether__active_full_forcing_management,baseline_constant_emissions_no_aether,"No AETHER, constant emissions",active_full_forcing_management,Active full-forcing management,2049,42.2,0.0,0.0,42.2,519.433119,3.544283,0.577083,-0.172917,3.948449,2.075957,0.983642,1.029783,0.0,0.4,11,9,"FAIR-ready input scaffold, not a FAIR run; species-level non-CO2 and aerosol emissions remain missing."
baseline_constant_emissions_no_aether__active_full_forcing_management,baseline_constant_emissions_no_aether,"No AETHER, constant emissions",active_full_forcing_management,Active full-forcing management,2050,42.2,0.0,0.0,42.2,522.546973,3.57817,0.55,-0.15,3.97817,2.094371,0.994019,1.0377,0.0,0.4,11,9,"FAIR-ready input scaffold, not a FAIR run; species-level non-CO2 and aerosol emissions remain missing."
baseline_constant_emissions_no_aether__active_full_forcing_management,baseline_constant_emissions_no_aether,"No AETHER, constant emissions",active_full_forcing_management,Active full-forcing management,2051,42.2,0.0,0.0,42.2,525.635379,3.611582,0.543,-0.147,4.007582,2.112589,1.004472,1.045335,0.0,0.4,11,9,"FAIR-ready input scaffold, not a FAIR run; species-level non-CO2 and aerosol emissions remain missing."
baseline_constant_emissions_no_aether__active_full_forcing_management,baseline_constant_emissions_no_aether,"No AETHER, constant emissions",active_full_forcing_management,Active full-forcing management,2052,42.2,0.0,0.0,42.2,528.699166,3.644533,0.536,-0.144,4.036533,2.130617,1.014999,1.052712,0.0,0.4,11,9,"FAIR-ready input scaffold, not a FAIR run; species-level non-CO2 and aerosol emissions remain missing."
baseline_constant_emissions_no_aether__active_full_forcing_management,baseline_constant_emissions_no_aether,"No AETHER, constant emissions",active_full_forcing_management,Active full-forcing management,2053,42.2,0.0,0.0,42.2,531.739095,3.67704,0.529,-0.141,4.06504,2.148458,1.025598,1.059837,0.0,0.4,11,9,"FAIR-ready input scaffold, not a FAIR run; species-level non-CO2 and aerosol emissions remain missing."
baseline_constant_emissions_no_aether__active_full_forcing_management,baseline_constant_emissions_no_aether,"No AETHER, constant emissions",active_full_forcing_management,Active full-forcing management,2054,42.2,0.0,0.0,42.2,534.755873,3.709116,0.522,-0.138,4.093116,2.166118,1.036265,1.066718,0.0,0.4,11,9,"FAIR-ready input scaffold, not a FAIR run; species-level non-CO2 and aerosol emissions remain missing."
baseline_constant_emissions_no_aether__active_full_forcing_management,baseline_constant_emissions_no_aether,"No AETHER, constant emissions",active_full_forcing_management,Active full-forcing management,2055,42.2,0.0,0.0,42.2,537.750161,3.740775,0.515,-0.135,4.120775,2.183601,1.046998,1.073361,0.0,0.4,11,9,"FAIR-ready input scaffold, not a FAIR run; species-level non-CO2 and aerosol emissions remain missing."
baseline_constant_emissions_no_aether__active_full_forcing_management,baseline_constant_emissions_no_aether,"No AETHER, constant emissions",active_full_forcing_management,Active full-forcing management,2056,42.2,0.0,0.0,42.2,540.722579,3.772029,0.508,-0.132,4.148029,2.200913,1.057796,1.079773,0.0,0.4,11,9,"FAIR-ready input scaffold, not a FAIR run; species-level non-CO2 and aerosol emissions remain missing."
baseline_constant_emissions_no_aether__active_full_forcing_management,baseline_constant_emissions_no_aether,"No AETHER, constant emissions",active_full_forcing_management,Active full-forcing management,2057,42.2,0.0,0.0,42.2,543.673714,3.802889,0.501,-0.129,4.174889,2.218057,1.068656,1.085961,0.0,0.4,11,9,"FAIR-ready input scaffold, not a FAIR run; species-level non-CO2 and aerosol emissions remain missing."
baseline_constant_emissions_no_aether__active_full_forcing_management,baseline_constant_emissions_no_aether,"No AETHER, constant emissions",active_full_forcing_management,Active full-forcing management,2058,42.2,0.0,0.0,42.2,546.604123,3.833367,0.494,-0.126,4.201367,2.235039,1.079575,1.091931,0.0,0.4,11,9,"FAIR-ready input scaffold, not a FAIR run; species-level non-CO2 and aerosol emissions remain missing."
baseline_constant_emissions_no_aether__active_full_forcing_management,baseline_constant_emissions_no_aether,"No AETHER, constant emissions",active_full_forcing_management,Active full-forcing management,2059,42.2,0.0,0.0,42.2,549.514339,3.863474,0.487,-0.123,4.227474,2.251862,1.090552,1.097691,0.0,0.4,11,9,"FAIR-ready input scaffold, not a FAIR run; species-level non-CO2 and aerosol emissions remain missing."
baseline_constant_emissions_no_aether__active_full_forcing_management,baseline_constant_emissions_no_aether,"No AETHER, constant emissions",active_full_forcing_management,Active full-forcing management,2060,42.2,0.0,0.0,42.2,552.40487,3.89322,0.48,-0.12,4.25322,2.268532,1.101584,1.103245,0.0,0.4,11,9,"FAIR-ready input scaffold, not a FAIR run; species-level non-CO2 and aerosol emissions remain missing."
baseline_constant_emissions_no_aether__active_full_forcing_management,baseline_constant_emissions_no_aether,"No AETHER, constant emissions",active_full_forcing_management,Active full-forcing management,2061,42.2,0.0,0.0,42.2,555.276205,3.922614,0.473,-0.117,4.278614,2.285052,1.11267,1.1086,0.0,0.4,11,9,"FAIR-ready input scaffold, not a FAIR run; species-level non-CO2 and aerosol emissions remain missing."
baseline_constant_emissions_no_aether__active_full_forcing_management,baseline_constant_emissions_no_aether,"No AETHER, constant emissions",active_full_forcing_management,Active full-forcing management,2062,42.2,0.0,0.0,42.2,558.128813,3.951667,0.466,-0.114,4.303667,2.301426,1.123808,1.113762,0.0,0.4,11,9,"FAIR-ready input scaffold, not a FAIR run; species-level non-CO2 and aerosol emissions remain missing."
baseline_constant_emissions_no_aether__active_full_forcing_management,baseline_constant_emissions_no_aether,"No AETHER, constant emissions",active_full_forcing_management,Active full-forcing management,2063,42.2,0.0,0.0,42.2,560.963149,3.980387,0.459,-0.111,4.328387,2.317658,1.134995,1.118737,0.0,0.4,11,9,"FAIR-ready input scaffold, not a FAIR run; species-level non-CO2 and aerosol emissions remain missing."
baseline_constant_emissions_no_aether__active_full_forcing_management,baseline_constant_emissions_no_aether,"No AETHER, constant emissions",active_full_forcing_management,Active full-forcing management,2064,42.2,0.0,0.0,42.2,563.779649,4.008783,0.452,-0.108,4.352783,2.333751,1.146231,1.123529,0.0,0.4,11,9,"FAIR-ready input scaffold, not a FAIR run; species-level non-CO2 and aerosol emissions remain missing."
baseline_constant_emissions_no_aether__active_full_forcing_management,baseline_constant_emissions_no_aether,"No AETHER, constant emissions",active_full_forcing_management,Active full-forcing management,2065,42.2,0.0,0.0,42.2,566.578738,4.036863,0.445,-0.105,4.376863,2.34971,1.157512,1.128144,0.0,0.4,11,9,"FAIR-ready input scaffold, not a FAIR run; species-level non-CO2 and aerosol emissions remain missing."
baseline_constant_emissions_no_aether__active_full_forcing_management,baseline_constant_emissions_no_aether,"No AETHER, constant emissions",active_full_forcing_management,Active full-forcing management,2066,42.2,0.0,0.0,42.2,569.360825,4.064635,0.438,-0.102,4.400635,2.365537,1.168838,1.132588,0.0,0.4,11,9,"FAIR-ready input scaffold, not a FAIR run; species-level non-CO2 and aerosol emissions remain missing."
baseline_constant_emissions_no_aether__active_full_forcing_management,baseline_constant_emissions_no_aether,"No AETHER, constant emissions",active_full_forcing_management,Active full-forcing management,2067,42.2,0.0,0.0,42.2,572.126308,4.092108,0.431,-0.099,4.424108,2.381236,1.180207,1.136864,0.0,0.4,11,9,"FAIR-ready input scaffold, not a FAIR run; species-level non-CO2 and aerosol emissions remain missing."
baseline_constant_emissions_no_aether__active_full_forcing_management,baseline_constant_emissions_no_aether,"No AETHER, constant emissions",active_full_forcing_management,Active full-forcing management,2068,42.2,0.0,0.0,42.2,574.875572,4.119288,0.424,-0.096,4.447288,2.39681,1.191616,1.140978,0.0,0.4,11,9,"FAIR-ready input scaffold, not a FAIR run; species-level non-CO2 and aerosol emissions remain missing."
baseline_constant_emissions_no_aether__active_full_forcing_management,baseline_constant_emissions_no_aether,"No AETHER, constant emissions",active_full_forcing_management,Active full-forcing management,2069,42.2,0.0,0.0,42.2,577.608992,4.146183,0.417,-0.093,4.470183,2.412263,1.203066,1.144934,0.0,0.4,11,9,"FAIR-ready input scaffold, not a FAIR run; species-level non-CO2 and aerosol emissions remain missing."
baseline_constant_emissions_no_aether__active_full_forcing_management,baseline_constant_emissions_no_aether,"No AETHER, constant emissions",active_full_forcing_management,Active full-forcing management,2070,42.2,0.0,0.0,42.2,580.326931,4.172799,0.41,-0.09,4.492799,2.427596,1.214553,1.148737,0.0,0.4,11,9,"FAIR-ready input scaffold, not a FAIR run; species-level non-CO2 and aerosol emissions remain missing."
baseline_constant_emissions_no_aether__active_full_forcing_management,baseline_constant_emissions_no_aether,"No AETHER, constant emissions",active_full_forcing_management,Active full-forcing management,2071,42.2,0.0,0.0,42.2,583.029742,4.199144,0.403,-0.087,4.515144,2.442813,1.226077,1.152391,0.0,0.4,11,9,"FAIR-ready input scaffold, not a FAIR run; species-level non-CO2 and aerosol emissions remain missing."
baseline_constant_emissions_no_aether__active_full_forcing_management,baseline_constant_emissions_no_aether,"No AETHER, constant emissions",active_full_forcing_management,Active full-forcing management,2072,42.2,0.0,0.0,42.2,585.717769,4.225225,0.396,-0.084,4.537225,2.457916,1.237636,1.155899,0.0,0.4,11,9,"FAIR-ready input scaffold, not a FAIR run; species-level non-CO2 and aerosol emissions remain missing."
baseline_constant_emissions_no_aether__active_full_forcing_management,baseline_constant_emissions_no_aether,"No AETHER, constant emissions",active_full_forcing_management,Active full-forcing management,2073,42.2,0.0,0.0,42.2,588.391345,4.251046,0.389,-0.081,4.559046,2.472909,1.249229,1.159266,0.0,0.4,11,9,"FAIR-ready input scaffold, not a FAIR run; species-level non-CO2 and aerosol emissions remain missing."
baseline_constant_emissions_no_aether__active_full_forcing_management,baseline_constant_emissions_no_aether,"No AETHER, constant emissions",active_full_forcing_management,Active full-forcing management,2074,42.2,0.0,0.0,42.2,591.050795,4.276615,0.382,-0.078,4.580615,2.487793,1.260854,1.162496,0.0,0.4,11,9,"FAIR-ready input scaffold, not a FAIR run; species-level non-CO2 and aerosol emissions remain missing."
baseline_constant_emissions_no_aether__active_full_forcing_management,baseline_constant_emissions_no_aether,"No AETHER, constant emissions",active_full_forcing_management,Active full-forcing management,2075,42.2,0.0,0.0,42.2,593.696435,4.301937,0.375,-0.075,4.601937,2.502571,1.27251,1.165592,0.0,0.4,11,9,"FAIR-ready input scaffold, not a FAIR run; species-level non-CO2 and aerosol emissions remain missing."
baseline_constant_emissions_no_aether__active_full_forcing_management,baseline_constant_emissions_no_aether,"No AETHER, constant emissions",active_full_forcing_management,Active full-forcing management,2076,42.2,0.0,0.0,42.2,596.328571,4.327019,0.368,-0.072,4.623019,2.517245,1.284195,1.168558,0.0,0.4,11,9,"FAIR-ready input scaffold, not a FAIR run; species-level non-CO2 and aerosol emissions remain missing."
baseline_constant_emissions_no_aether__active_full_forcing_management,baseline_constant_emissions_no_aether,"No AETHER, constant emissions",active_full_forcing_management,Active full-forcing management,2077,42.2,0.0,0.0,42.2,598.947503,4.351865,0.361,-0.069,4.643865,2.531818,1.295909,1.171398,0.0,0.4,11,9,"FAIR-ready input scaffold, not a FAIR run; species-level non-CO2 and aerosol emissions remain missing."
baseline_constant_emissions_no_aether__active_full_forcing_management,baseline_constant_emissions_no_aether,"No AETHER, constant emissions",active_full_forcing_management,Active full-forcing management,2078,42.2,0.0,0.0,42.2,601.553521,4.37648,0.354,-0.066,4.66448,2.546292,1.30765,1.174114,0.0,0.4,11,9,"FAIR-ready input scaffold, not a FAIR run; species-level non-CO2 and aerosol emissions remain missing."
baseline_constant_emissions_no_aether__active_full_forcing_management,baseline_constant_emissions_no_aether,"No AETHER, constant emissions",active_full_forcing_management,Active full-forcing management,2079,42.2,0.0,0.0,42.2,604.146909,4.400871,0.347,-0.063,4.684871,2.560669,1.319417,1.17671,0.0,0.4,11,9,"FAIR-ready input scaffold, not a FAIR run; species-level non-CO2 and aerosol emissions remain missing."
baseline_constant_emissions_no_aether__active_full_forcing_management,baseline_constant_emissions_no_aether,"No AETHER, constant emissions",active_full_forcing_management,Active full-forcing management,2080,42.2,0.0,0.0,42.2,606.727942,4.425042,0.34,-0.06,4.705042,2.57495,1.331209,1.179189,0.0,0.4,11,9,"FAIR-ready input scaffold, not a FAIR run; species-level non-CO2 and aerosol emissions remain missing."
baseline_constant_emissions_no_aether__active_full_forcing_management,baseline_constant_emissions_no_aether,"No AETHER, constant emissions",active_full_forcing_management,Active full-forcing management,2081,42.2,0.0,0.0,42.2,609.296888,4.448998,0.333,-0.057,4.724998,2.589138,1.343025,1.181554,0.0,0.4,11,9,"FAIR-ready input scaffold, not a FAIR run; species-level non-CO2 and aerosol emissions remain missing."
baseline_constant_emissions_no_aether__active_full_forcing_management,baseline_constant_emissions_no_aether,"No AETHER, constant emissions",active_full_forcing_management,Active full-forcing management,2082,42.2,0.0,0.0,42.2,611.854008,4.472743,0.326,-0.054,4.744743,2.603235,1.354863,1.183808,0.0,0.4,11,9,"FAIR-ready input scaffold, not a FAIR run; species-level non-CO2 and aerosol emissions remain missing."
baseline_constant_emissions_no_aether__active_full_forcing_management,baseline_constant_emissions_no_aether,"No AETHER, constant emissions",active_full_forcing_management,Active full-forcing management,2083,42.2,0.0,0.0,42.2,614.399556,4.496283,0.319,-0.051,4.764283,2.617243,1.366722,1.185954,0.0,0.4,11,9,"FAIR-ready input scaffold, not a FAIR run; species-level non-CO2 and aerosol emissions remain missing."
baseline_constant_emissions_no_aether__active_full_forcing_management,baseline_constant_emissions_no_aether,"No AETHER, constant emissions",active_full_forcing_management,Active full-forcing management,2084,42.2,0.0,0.0,42.2,616.93378,4.519621,0.312,-0.048,4.783621,2.631163,1.378602,1.187994,0.0,0.4,11,9,"FAIR-ready input scaffold, not a FAIR run; species-level non-CO2 and aerosol emissions remain missing."
baseline_constant_emissions_no_aether__active_full_forcing_management,baseline_constant_emissions_no_aether,"No AETHER, constant emissions",active_full_forcing_management,Active full-forcing management,2085,42.2,0.0,0.0,42.2,619.45692,4.542762,0.305,-0.045,4.802762,2.644997,1.390502,1.189932,0.0,0.4,11,9,"FAIR-ready input scaffold, not a FAIR run; species-level non-CO2 and aerosol emissions remain missing."
baseline_constant_emissions_no_aether__active_full_forcing_management,baseline_constant_emissions_no_aether,"No AETHER, constant emissions",active_full_forcing_management,Active full-forcing management,2086,42.2,0.0,0.0,42.2,621.969212,4.56571,0.298,-0.042,4.82171,2.658746,1.402419,1.19177,0.0,0.4,11,9,"FAIR-ready input scaffold, not a FAIR run; species-level non-CO2 and aerosol emissions remain missing."
baseline_constant_emissions_no_aether__active_full_forcing_management,baseline_constant_emissions_no_aether,"No AETHER, constant emissions",active_full_forcing_management,Active full-forcing management,2087,42.2,0.0,0.0,42.2,624.470882,4.588469,0.291,-0.039,4.840469,2.672413,1.414354,1.19351,0.0,0.4,11,9,"FAIR-ready input scaffold, not a FAIR run; species-level non-CO2 and aerosol emissions remain missing."
baseline_constant_emissions_no_aether__active_full_forcing_management,baseline_constant_emissions_no_aether,"No AETHER, constant emissions",active_full_forcing_management,Active full-forcing management,2088,42.2,0.0,0.0,42.2,626.962155,4.611043,0.284,-0.036,4.859043,2.685998,1.426306,1.195156,0.0,0.4,11,9,"FAIR-ready input scaffold, not a FAIR run; species-level non-CO2 and aerosol emissions remain missing."
baseline_constant_emissions_no_aether__active_full_forcing_management,baseline_constant_emissions_no_aether,"No AETHER, constant emissions",active_full_forcing_management,Active full-forcing management,2089,42.2,0.0,0.0,42.2,629.443245,4.633436,0.277,-0.033,4.877436,2.699504,1.438273,1.196708,0.0,0.4,11,9,"FAIR-ready input scaffold, not a FAIR run; species-level non-CO2 and aerosol emissions remain missing."
baseline_constant_emissions_no_aether__active_full_forcing_management,baseline_constant_emissions_no_aether,"No AETHER, constant emissions",active_full_forcing_management,Active full-forcing management,2090,42.2,0.0,0.0,42.2,631.914364,4.655652,0.27,-0.03,4.895652,2.712932,1.450255,1.19817,0.0,0.4,11,9,"FAIR-ready input scaffold, not a FAIR run; species-level non-CO2 and aerosol emissions remain missing."
baseline_constant_emissions_no_aether__active_full_forcing_management,baseline_constant_emissions_no_aether,"No AETHER, constant emissions",active_full_forcing_management,Active full-forcing management,2091,42.2,0.0,0.0,42.2,634.375717,4.677693,0.263,-0.027,4.913693,2.726283,1.46225,1.199543,0.0,0.4,11,9,"FAIR-ready input scaffold, not a FAIR run; species-level non-CO2 and aerosol emissions remain missing."
baseline_constant_emissions_no_aether__active_full_forcing_management,baseline_constant_emissions_no_aether,"No AETHER, constant emissions",active_full_forcing_management,Active full-forcing management,2092,42.2,0.0,0.0,42.2,636.827504,4.699564,0.256,-0.024,4.931564,2.739558,1.474259,1.200831,0.0,0.4,11,9,"FAIR-ready input scaffold, not a FAIR run; species-level non-CO2 and aerosol emissions remain missing."
baseline_constant_emissions_no_aether__active_full_forcing_management,baseline_constant_emissions_no_aether,"No AETHER, constant emissions",active_full_forcing_management,Active full-forcing management,2093,42.2,0.0,0.0,42.2,639.269919,4.721267,0.249,-0.021,4.949267,2.752759,1.486279,1.202034,0.0,0.4,11,9,"FAIR-ready input scaffold, not a FAIR run; species-level non-CO2 and aerosol emissions remain missing."
baseline_constant_emissions_no_aether__active_full_forcing_management,baseline_constant_emissions_no_aether,"No AETHER, constant emissions",active_full_forcing_management,Active full-forcing management,2094,42.2,0.0,0.0,42.2,641.703152,4.742807,0.242,-0.018,4.966807,2.765887,1.49831,1.203156,0.0,0.4,11,9,"FAIR-ready input scaffold, not a FAIR run; species-level non-CO2 and aerosol emissions remain missing."
baseline_constant_emissions_no_aether__active_full_forcing_management,baseline_constant_emissions_no_aether,"No AETHER, constant emissions",active_full_forcing_management,Active full-forcing management,2095,42.2,0.0,0.0,42.2,644.127387,4.764186,0.235,-0.015,4.984186,2.778943,1.510352,1.204198,0.0,0.4,11,9,"FAIR-ready input scaffold, not a FAIR run; species-level non-CO2 and aerosol emissions remain missing."
baseline_constant_emissions_no_aether__active_full_forcing_management,baseline_constant_emissions_no_aether,"No AETHER, constant emissions",active_full_forcing_management,Active full-forcing management,2096,42.2,0.0,0.0,42.2,646.542805,4.785408,0.228,-0.012,5.001408,2.791929,1.522404,1.205161,0.0,0.4,11,9,"FAIR-ready input scaffold, not a FAIR run; species-level non-CO2 and aerosol emissions remain missing."
baseline_constant_emissions_no_aether__active_full_forcing_management,baseline_constant_emissions_no_aether,"No AETHER, constant emissions",active_full_forcing_management,Active full-forcing management,2097,42.2,0.0,0.0,42.2,648.949579,4.806475,0.221,-0.009,5.018475,2.804846,1.534465,1.206049,0.0,0.4,11,9,"FAIR-ready input scaffold, not a FAIR run; species-level non-CO2 and aerosol emissions remain missing."
baseline_constant_emissions_no_aether__active_full_forcing_management,baseline_constant_emissions_no_aether,"No AETHER, constant emissions",active_full_forcing_management,Active full-forcing management,2098,42.2,0.0,0.0,42.2,651.347882,4.82739,0.214,-0.006,5.03539,2.817694,1.546533,1.206862,0.0,0.4,11,9,"FAIR-ready input scaffold, not a FAIR run; species-level non-CO2 and aerosol emissions remain missing."
baseline_constant_emissions_no_aether__active_full_forcing_management,baseline_constant_emissions_no_aether,"No AETHER, constant emissions",active_full_forcing_management,Active full-forcing management,2099,42.2,0.0,0.0,42.2,653.737878,4.848156,0.207,-0.003,5.052156,2.830475,1.558609,1.207603,0.0,0.4,11,9,"FAIR-ready input scaffold, not a FAIR run; species-level non-CO2 and aerosol emissions remain missing."
baseline_constant_emissions_no_aether__active_full_forcing_management,baseline_constant_emissions_no_aether,"No AETHER, constant emissions",active_full_forcing_management,Active full-forcing management,2100,42.2,0.0,0.0,42.2,656.119729,4.868776,0.2,0.0,5.068776,2.84319,1.570692,1.208273,0.0,0.4,11,9,"FAIR-ready input scaffold, not a FAIR run; species-level non-CO2 and aerosol emissions remain missing."
aether_constant_emissions_no_rebound__co2_only_screen,aether_constant_emissions_no_rebound,"AETHER, constant emissions",co2_only_screen,CO2-only emulator screen,2026,42.2,0.0,0.0,42.2,433.940256,2.524677,0.0,0.0,2.524677,1.352807,0.6561,0.659913,0.0,0.4,11,9,"FAIR-ready input scaffold, not a FAIR run; species-level non-CO2 and aerosol emissions remain missing."
aether_constant_emissions_no_rebound__co2_only_screen,aether_constant_emissions_no_rebound,"AETHER, constant emissions",co2_only_screen,CO2-only emulator screen,2027,42.2,5.0,4.8,37.4,438.380892,2.582403,0.0,0.0,2.582403,1.365169,0.662718,0.661872,0.0,0.4,11,9,"FAIR-ready input scaffold, not a FAIR run; species-level non-CO2 and aerosol emissions remain missing."
aether_constant_emissions_no_rebound__co2_only_screen,aether_constant_emissions_no_rebound,"AETHER, constant emissions",co2_only_screen,CO2-only emulator screen,2028,42.2,10.0,9.6,32.6,441.957576,2.628474,0.0,0.0,2.628474,1.379567,0.669392,0.667329,0.0,0.4,11,9,"FAIR-ready input scaffold, not a FAIR run; species-level non-CO2 and aerosol emissions remain missing."
aether_constant_emissions_no_rebound__co2_only_screen,aether_constant_emissions_no_rebound,"AETHER, constant emissions",co2_only_screen,CO2-only emulator screen,2029,42.2,15.0,14.4,27.8,444.755187,2.664251,0.0,0.0,2.664251,1.394763,0.676138,0.674667,0.0,0.4,11,9,"FAIR-ready input scaffold, not a FAIR run; species-level non-CO2 and aerosol emissions remain missing."
aether_constant_emissions_no_rebound__co2_only_screen,aether_constant_emissions_no_rebound,"AETHER, constant emissions",co2_only_screen,CO2-only emulator screen,2030,42.2,20.0,19.2,23.0,446.842099,2.690793,0.0,0.0,2.690793,1.409843,0.682965,0.682694,0.0,0.4,11,9,"FAIR-ready input scaffold, not a FAIR run; species-level non-CO2 and aerosol emissions remain missing."
aether_constant_emissions_no_rebound__co2_only_screen,aether_constant_emissions_no_rebound,"AETHER, constant emissions",co2_only_screen,CO2-only emulator screen,2031,42.2,25.0,24.0,18.2,448.273574,2.708928,0.0,0.0,2.708928,1.424135,0.68987,0.690534,0.0,0.4,11,9,"FAIR-ready input scaffold, not a FAIR run; species-level non-CO2 and aerosol emissions remain missing."
aether_constant_emissions_no_rebound__co2_only_screen,aether_constant_emissions_no_rebound,"AETHER, constant emissions",co2_only_screen,CO2-only emulator screen,2032,42.2,30.0,28.8,13.4,449.094455,2.719301,0.0,0.0,2.719301,1.437146,0.696846,0.697551,0.0,0.4,11,9,"FAIR-ready input scaffold, not a FAIR run; species-level non-CO2 and aerosol emissions remain missing."
aether_constant_emissions_no_rebound__co2_only_screen,aether_constant_emissions_no_rebound,"AETHER, constant emissions",co2_only_screen,CO2-only emulator screen,2033,42.2,35.0,33.6,8.6,449.341295,2.722416,0.0,0.0,2.722416,1.448518,0.703879,0.703285,0.0,0.4,11,9,"FAIR-ready input scaffold, not a FAIR run; species-level non-CO2 and aerosol emissions remain missing."
aether_constant_emissions_no_rebound__co2_only_screen,aether_constant_emissions_no_rebound,"AETHER, constant emissions",co2_only_screen,CO2-only emulator screen,2034,42.2,40.0,38.4,3.8,449.044057,2.718664,0.0,0.0,2.718664,1.457993,0.710953,0.707408,0.0,0.4,11,9,"FAIR-ready input scaffold, not a FAIR run; species-level non-CO2 and aerosol emissions remain missing."
aether_constant_emissions_no_rebound__co2_only_screen,aether_constant_emissions_no_rebound,"AETHER, constant emissions",co2_only_screen,CO2-only emulator screen,2035,42.2,45.0,43.2,-1.0,448.227451,2.708344,0.0,0.0,2.708344,1.465384,0.71805,0.709688,0.0,0.4,11,9,"FAIR-ready input scaffold, not a FAIR run; species-level non-CO2 and aerosol emissions remain missing."
aether_constant_emissions_no_rebound__co2_only_screen,aether_constant_emissions_no_rebound,"AETHER, constant emissions",co2_only_screen,CO2-only emulator screen,2036,42.2,50.0,48.0,-5.8,446.912001,2.69168,0.0,0.0,2.69168,1.470555,0.725149,0.709967,0.0,0.4,11,9,"FAIR-ready input scaffold, not a FAIR run; species-level non-CO2 and aerosol emissions remain missing."
aether_constant_emissions_no_rebound__co2_only_screen,aether_constant_emissions_no_rebound,"AETHER, constant emissions",co2_only_screen,CO2-only emulator screen,2037,42.2,55.0,52.8,-10.6,445.114886,2.668835,0.0,0.0,2.668835,1.473411,0.732231,0.708136,0.0,0.4,11,9,"FAIR-ready input scaffold, not a FAIR run; species-level non-CO2 and aerosol emissions remain missing."
aether_constant_emissions_no_rebound__co2_only_screen,aether_constant_emissions_no_rebound,"AETHER, constant emissions",co2_only_screen,CO2-only emulator screen,2038,42.2,60.0,57.6,-15.4,442.850616,2.63992,0.0,0.0,2.63992,1.47388,0.739272,0.704121,0.0,0.4,11,9,"FAIR-ready input scaffold, not a FAIR run; species-level non-CO2 and aerosol emissions remain missing."
aether_constant_emissions_no_rebound__co2_only_screen,aether_constant_emissions_no_rebound,"AETHER, constant emissions",co2_only_screen,CO2-only emulator screen,2039,42.2,65.0,62.4,-20.2,440.131558,2.605,0.0,0.0,2.605,1.471909,0.746251,0.697878,0.0,0.4,11,9,"FAIR-ready input scaffold, not a FAIR run; species-level non-CO2 and aerosol emissions remain missing."
aether_constant_emissions_no_rebound__co2_only_screen,aether_constant_emissions_no_rebound,"AETHER, constant emissions",co2_only_screen,CO2-only emulator screen,2040,42.2,70.0,67.2,-25.0,436.968362,2.564105,0.0,0.0,2.564105,1.467453,0.753145,0.689375,0.0,0.4,11,9,"FAIR-ready input scaffold, not a FAIR run; species-level non-CO2 and aerosol emissions remain missing."
aether_constant_emissions_no_rebound__co2_only_screen,aether_constant_emissions_no_rebound,"AETHER, constant emissions",co2_only_screen,CO2-only emulator screen,2041,42.2,75.0,72.0,-29.8,433.370294,2.517225,0.0,0.0,2.517225,1.460475,0.759931,0.678593,0.0,0.4,11,9,"FAIR-ready input scaffold, not a FAIR run; species-level non-CO2 and aerosol emissions remain missing."
aether_constant_emissions_no_rebound__co2_only_screen,aether_constant_emissions_no_rebound,"AETHER, constant emissions",co2_only_screen,CO2-only emulator screen,2042,42.2,80.0,76.8,-34.6,429.345504,2.464323,0.0,0.0,2.464323,1.45094,0.766586,0.665517,0.0,0.4,11,9,"FAIR-ready input scaffold, not a FAIR run; species-level non-CO2 and aerosol emissions remain missing."
aether_constant_emissions_no_rebound__co2_only_screen,aether_constant_emissions_no_rebound,"AETHER, constant emissions",co2_only_screen,CO2-only emulator screen,2043,42.2,85.0,81.6,-39.4,424.901236,2.405328,0.0,0.0,2.405328,1.438812,0.773087,0.650137,0.0,0.4,11,9,"FAIR-ready input scaffold, not a FAIR run; species-level non-CO2 and aerosol emissions remain missing."
aether_constant_emissions_no_rebound__co2_only_screen,aether_constant_emissions_no_rebound,"AETHER, constant emissions",co2_only_screen,CO2-only emulator screen,2044,42.2,90.0,86.4,-44.2,420.043995,2.34014,0.0,0.0,2.34014,1.42405,0.779411,0.632439,0.0,0.4,11,9,"FAIR-ready input scaffold, not a FAIR run; species-level non-CO2 and aerosol emissions remain missing."
aether_constant_emissions_no_rebound__co2_only_screen,aether_constant_emissions_no_rebound,"AETHER, constant emissions",co2_only_screen,CO2-only emulator screen,2045,42.2,95.0,91.2,-49.0,414.779686,2.268633,0.0,0.0,2.268633,1.40661,0.785536,0.612407,0.0,0.4,11,9,"FAIR-ready input scaffold, not a FAIR run; species-level non-CO2 and aerosol emissions remain missing."
aether_constant_emissions_no_rebound__co2_only_screen,aether_constant_emissions_no_rebound,"AETHER, constant emissions",co2_only_screen,CO2-only emulator screen,2046,42.2,100.0,96.0,-53.8,409.113716,2.190649,0.0,0.0,2.190649,1.386441,0.791436,0.590021,0.0,0.4,11,9,"FAIR-ready input scaffold, not a FAIR run; species-level non-CO2 and aerosol emissions remain missing."
aether_constant_emissions_no_rebound__co2_only_screen,aether_constant_emissions_no_rebound,"AETHER, constant emissions",co2_only_screen,CO2-only emulator screen,2047,42.2,100.0,96.0,-53.8,403.666465,2.11465,0.0,0.0,2.11465,1.364204,0.797088,0.565255,0.0,0.4,11,9,"FAIR-ready input scaffold, not a FAIR run; species-level non-CO2 and aerosol emissions remain missing."
aether_constant_emissions_no_rebound__co2_only_screen,aether_constant_emissions_no_rebound,"AETHER, constant emissions",co2_only_screen,CO2-only emulator screen,2048,42.2,100.0,96.0,-53.8,398.402292,2.040224,0.0,0.0,2.040224,1.3404,0.802476,0.53876,0.0,0.4,11,9,"FAIR-ready input scaffold, not a FAIR run; species-level non-CO2 and aerosol emissions remain missing."
aether_constant_emissions_no_rebound__co2_only_screen,aether_constant_emissions_no_rebound,"AETHER, constant emissions",co2_only_screen,CO2-only emulator screen,2049,42.2,100.0,96.0,-53.8,393.292703,1.967038,0.0,0.0,1.967038,1.315408,0.807586,0.511028,0.0,0.4,11,9,"FAIR-ready input scaffold, not a FAIR run; species-level non-CO2 and aerosol emissions remain missing."
aether_constant_emissions_no_rebound__co2_only_screen,aether_constant_emissions_no_rebound,"AETHER, constant emissions",co2_only_screen,CO2-only emulator screen,2050,42.2,100.0,96.0,-53.8,388.314876,1.894818,0.0,0.0,1.894818,1.289508,0.81241,0.48243,0.0,0.4,11,9,"FAIR-ready input scaffold, not a FAIR run; species-level non-CO2 and aerosol emissions remain missing."
aether_constant_emissions_no_rebound__co2_only_screen,aether_constant_emissions_no_rebound,"AETHER, constant emissions",co2_only_screen,CO2-only emulator screen,2051,42.2,100.0,96.0,-53.8,383.450492,1.823345,0.0,0.0,1.823345,1.262912,0.816943,0.453243,0.0,0.4,11,9,"FAIR-ready input scaffold, not a FAIR run; species-level non-CO2 and aerosol emissions remain missing."
aether_constant_emissions_no_rebound__co2_only_screen,aether_constant_emissions_no_rebound,"AETHER, constant emissions",co2_only_screen,CO2-only emulator screen,2052,42.2,100.0,96.0,-53.8,378.684803,1.752437,0.0,0.0,1.752437,1.235774,0.82118,0.42367,0.0,0.4,11,9,"FAIR-ready input scaffold, not a FAIR run; species-level non-CO2 and aerosol emissions remain missing."
aether_constant_emissions_no_rebound__co2_only_screen,aether_constant_emissions_no_rebound,"AETHER, constant emissions",co2_only_screen,CO2-only emulator screen,2053,42.2,100.0,96.0,-53.8,374.005905,1.681946,0.0,0.0,1.681946,1.208209,0.825118,0.393865,0.0,0.4,11,9,"FAIR-ready input scaffold, not a FAIR run; species-level non-CO2 and aerosol emissions remain missing."
aether_constant_emissions_no_rebound__co2_only_screen,aether_constant_emissions_no_rebound,"AETHER, constant emissions",co2_only_screen,CO2-only emulator screen,2054,42.2,100.0,96.0,-53.8,369.404148,1.611753,0.0,0.0,1.611753,1.180298,0.828758,0.363936,0.0,0.4,11,9,"FAIR-ready input scaffold, not a FAIR run; species-level non-CO2 and aerosol emissions remain missing."
aether_constant_emissions_no_rebound__co2_only_screen,aether_constant_emissions_no_rebound,"AETHER, constant emissions",co2_only_screen,CO2-only emulator screen,2055,42.2,100.0,96.0,-53.8,364.871677,1.541756,0.0,0.0,1.541756,1.152098,0.832097,0.333963,0.0,0.4,11,9,"FAIR-ready input scaffold, not a FAIR run; species-level non-CO2 and aerosol emissions remain missing."
aether_constant_emissions_no_rebound__co2_only_screen,aether_constant_emissions_no_rebound,"AETHER, constant emissions",co2_only_screen,CO2-only emulator screen,2056,42.2,100.0,96.0,-53.8,360.402066,1.471873,0.0,0.0,1.471873,1.12365,0.835137,0.304001,0.0,0.4,11,9,"FAIR-ready input scaffold, not a FAIR run; species-level non-CO2 and aerosol emissions remain missing."
aether_constant_emissions_no_rebound__co2_only_screen,aether_constant_emissions_no_rebound,"AETHER, constant emissions",co2_only_screen,CO2-only emulator screen,2057,42.2,100.0,96.0,-53.8,355.990025,1.402035,0.0,0.0,1.402035,1.09498,0.837878,0.274087,0.0,0.4,11,9,"FAIR-ready input scaffold, not a FAIR run; species-level non-CO2 and aerosol emissions remain missing."
aether_constant_emissions_no_rebound__co2_only_screen,aether_constant_emissions_no_rebound,"AETHER, constant emissions",co2_only_screen,CO2-only emulator screen,2058,42.2,100.0,96.0,-53.8,351.63117,1.332184,0.0,0.0,1.332184,1.066106,0.840321,0.244247,0.0,0.4,11,9,"FAIR-ready input scaffold, not a FAIR run; species-level non-CO2 and aerosol emissions remain missing."
aether_constant_emissions_no_rebound__co2_only_screen,aether_constant_emissions_no_rebound,"AETHER, constant emissions",co2_only_screen,CO2-only emulator screen,2059,42.2,78.239987,75.110388,-32.910388,350.0,1.305821,0.0,0.0,1.305821,1.040667,0.842466,0.214497,0.0,0.4,11,9,"FAIR-ready input scaffold, not a FAIR run; species-level non-CO2 and aerosol emissions remain missing."
aether_constant_emissions_no_rebound__co2_only_screen,aether_constant_emissions_no_rebound,"AETHER, constant emissions",co2_only_screen,CO2-only emulator screen,2060,42.2,63.939383,61.381807,-19.181807,350.0,1.305821,0.0,0.0,1.305821,1.020188,0.844348,0.188291,0.0,0.4,11,9,"FAIR-ready input scaffold, not a FAIR run; species-level non-CO2 and aerosol emissions remain missing."
aether_constant_emissions_no_rebound__co2_only_screen,aether_constant_emissions_no_rebound,"AETHER, constant emissions",co2_only_screen,CO2-only emulator screen,2061,42.2,62.197387,59.709491,-17.509491,350.0,1.305821,0.0,0.0,1.305821,1.003716,0.846019,0.167048,0.0,0.4,11,9,"FAIR-ready input scaffold, not a FAIR run; species-level non-CO2 and aerosol emissions remain missing."
aether_constant_emissions_no_rebound__co2_only_screen,aether_constant_emissions_no_rebound,"AETHER, constant emissions",co2_only_screen,CO2-only emulator screen,2062,42.2,60.705139,58.276934,-16.076934,350.0,1.305821,0.0,0.0,1.305821,0.990477,0.847517,0.149812,0.0,0.4,11,9,"FAIR-ready input scaffold, not a FAIR run; species-level non-CO2 and aerosol emissions remain missing."
aether_constant_emissions_no_rebound__co2_only_screen,aether_constant_emissions_no_rebound,"AETHER, constant emissions",co2_only_screen,CO2-only emulator screen,2063,42.2,59.424595,57.047611,-14.847611,350.0,1.305821,0.0,0.0,1.305821,0.979851,0.848875,0.135812,0.0,0.4,11,9,"FAIR-ready input scaffold, not a FAIR run; species-level non-CO2 and aerosol emissions remain missing."
aether_constant_emissions_no_rebound__co2_only_screen,aether_constant_emissions_no_rebound,"AETHER, constant emissions",co2_only_screen,CO2-only emulator screen,2064,42.2,58.323545,55.990603,-13.790603,350.0,1.305821,0.0,0.0,1.305821,0.971333,0.850119,0.124427,0.0,0.4,11,9,"FAIR-ready input scaffold, not a FAIR run; species-level non-CO2 and aerosol emissions remain missing."
aether_constant_emissions_no_rebound__co2_only_screen,aether_constant_emissions_no_rebound,"AETHER, constant emissions",co2_only_screen,CO2-only emulator screen,2065,42.2,57.374717,55.079729,-12.879729,350.0,1.305821,0.0,0.0,1.305821,0.964519,0.851271,0.115153,0.0,0.4,11,9,"FAIR-ready input scaffold, not a FAIR run; species-level non-CO2 and aerosol emissions remain missing."
aether_constant_emissions_no_rebound__co2_only_screen,aether_constant_emissions_no_rebound,"AETHER, constant emissions",co2_only_screen,CO2-only emulator screen,2066,42.2,56.555023,54.292822,-12.092822,350.0,1.305821,0.0,0.0,1.305821,0.959078,0.852347,0.107585,0.0,0.4,11,9,"FAIR-ready input scaffold, not a FAIR run; species-level non-CO2 and aerosol emissions remain missing."
aether_constant_emissions_no_rebound__co2_only_screen,aether_constant_emissions_no_rebound,"AETHER, constant emissions",co2_only_screen,CO2-only emulator screen,2067,42.2,55.84491,53.611114,-11.411114,350.0,1.305821,0.0,0.0,1.305821,0.954748,0.853361,0.101395,0.0,0.4,11,9,"FAIR-ready input scaffold, not a FAIR run; species-level non-CO2 and aerosol emissions remain missing."
aether_constant_emissions_no_rebound__co2_only_screen,aether_constant_emissions_no_rebound,"AETHER, constant emissions",co2_only_screen,CO2-only emulator screen,2068,42.2,55.227827,53.018714,-10.818714,350.0,1.305821,0.0,0.0,1.305821,0.951313,0.854324,0.096318,0.0,0.4,11,9,"FAIR-ready input scaffold, not a FAIR run; species-level non-CO2 and aerosol emissions remain missing."
aether_constant_emissions_no_rebound__co2_only_screen,aether_constant_emissions_no_rebound,"AETHER, constant emissions",co2_only_screen,CO2-only emulator screen,2069,42.2,54.689754,52.502163,-10.302163,350.0,1.305821,0.0,0.0,1.305821,0.948602,0.855245,0.09214,0.0,0.4,11,9,"FAIR-ready input scaffold, not a FAIR run; species-level non-CO2 and aerosol emissions remain missing."
aether_constant_emissions_no_rebound__co2_only_screen,aether_constant_emissions_no_rebound,"AETHER, constant emissions",co2_only_screen,CO2-only emulator screen,2070,42.2,54.218821,52.050068,-9.850068,350.0,1.305821,0.0,0.0,1.305821,0.946474,0.856132,0.088688,0.0,0.4,11,9,"FAIR-ready input scaffold, not a FAIR run; species-level non-CO2 and aerosol emissions remain missing."
aether_constant_emissions_no_rebound__co2_only_screen,aether_constant_emissions_no_rebound,"AETHER, constant emissions",co2_only_screen,CO2-only emulator screen,2071,42.2,53.804975,51.652776,-9.452776,350.0,1.305821,0.0,0.0,1.305821,0.944817,0.85699,0.085824,0.0,0.4,11,9,"FAIR-ready input scaffold, not a FAIR run; species-level non-CO2 and aerosol emissions remain missing."
aether_constant_emissions_no_rebound__co2_only_screen,aether_constant_emissions_no_rebound,"AETHER, constant emissions",co2_only_screen,CO2-only emulator screen,2072,42.2,53.439703,51.302115,-9.102115,350.0,1.305821,0.0,0.0,1.305821,0.94354,0.857825,0.083435,0.0,0.4,11,9,"FAIR-ready input scaffold, not a FAIR run; species-level non-CO2 and aerosol emissions remain missing."
aether_constant_emissions_no_rebound__co2_only_screen,aether_constant_emissions_no_rebound,"AETHER, constant emissions",co2_only_screen,CO2-only emulator screen,2073,42.2,53.115794,50.991162,-8.791162,350.0,1.305821,0.0,0.0,1.305821,0.942569,0.858639,0.081429,0.0,0.4,11,9,"FAIR-ready input scaffold, not a FAIR run; species-level non-CO2 and aerosol emissions remain missing."
aether_constant_emissions_no_rebound__co2_only_screen,aether_constant_emissions_no_rebound,"AETHER, constant emissions",co2_only_screen,CO2-only emulator screen,2074,42.2,52.827137,50.714052,-8.514052,350.0,1.305821,0.0,0.0,1.305821,0.941846,0.859436,0.079734,0.0,0.4,11,9,"FAIR-ready input scaffold, not a FAIR run; species-level non-CO2 and aerosol emissions remain missing."
aether_constant_emissions_no_rebound__co2_only_screen,aether_constant_emissions_no_rebound,"AETHER, constant emissions",co2_only_screen,CO2-only emulator screen,2075,42.2,52.56856,50.465817,-8.265817,350.0,1.305821,0.0,0.0,1.305821,0.941322,0.860219,0.078289,0.0,0.4,11,9,"FAIR-ready input scaffold, not a FAIR run; species-level non-CO2 and aerosol emissions remain missing."
aether_constant_emissions_no_rebound__co2_only_screen,aether_constant_emissions_no_rebound,"AETHER, constant emissions",co2_only_screen,CO2-only emulator screen,2076,42.2,52.335676,50.242249,-8.042249,350.0,1.305821,0.0,0.0,1.305821,0.940959,0.86099,0.077048,0.0,0.4,11,9,"FAIR-ready input scaffold, not a FAIR run; species-level non-CO2 and aerosol emissions remain missing."
aether_constant_emissions_no_rebound__co2_only_screen,aether_constant_emissions_no_rebound,"AETHER, constant emissions",co2_only_screen,CO2-only emulator screen,2077,42.2,52.124771,50.03978,-7.83978,350.0,1.305821,0.0,0.0,1.305821,0.940725,0.86175,0.075971,0.0,0.4,11,9,"FAIR-ready input scaffold, not a FAIR run; species-level non-CO2 and aerosol emissions remain missing."
aether_constant_emissions_no_rebound__co2_only_screen,aether_constant_emissions_no_rebound,"AETHER, constant emissions",co2_only_screen,CO2-only emulator screen,2078,42.2,51.932696,49.855388,-7.655388,350.0,1.305821,0.0,0.0,1.305821,0.940596,0.8625,0.075027,0.0,0.4,11,9,"FAIR-ready input scaffold, not a FAIR run; species-level non-CO2 and aerosol emissions remain missing."
aether_constant_emissions_no_rebound__co2_only_screen,aether_constant_emissions_no_rebound,"AETHER, constant emissions",co2_only_screen,CO2-only emulator screen,2079,42.2,51.75678,49.686509,-7.486509,350.0,1.305821,0.0,0.0,1.305821,0.94055,0.863242,0.074191,0.0,0.4,11,9,"FAIR-ready input scaffold, not a FAIR run; species-level non-CO2 and aerosol emissions remain missing."
aether_constant_emissions_no_rebound__co2_only_screen,aether_constant_emissions_no_rebound,"AETHER, constant emissions",co2_only_screen,CO2-only emulator screen,2080,42.2,51.594762,49.530971,-7.330971,350.0,1.305821,0.0,0.0,1.305821,0.940571,0.863976,0.073443,0.0,0.4,11,9,"FAIR-ready input scaffold, not a FAIR run; species-level non-CO2 and aerosol emissions remain missing."
aether_constant_emissions_no_rebound__co2_only_screen,aether_constant_emissions_no_rebound,"AETHER, constant emissions",co2_only_screen,CO2-only emulator screen,2081,42.2,51.44472,49.386931,-7.186931,350.0,1.305821,0.0,0.0,1.305821,0.940647,0.864704,0.072765,0.0,0.4,11,9,"FAIR-ready input scaffold, not a FAIR run; species-level non-CO2 and aerosol emissions remain missing."
aether_constant_emissions_no_rebound__co2_only_screen,aether_constant_emissions_no_rebound,"AETHER, constant emissions",co2_only_screen,CO2-only emulator screen,2082,42.2,51.305027,49.252826,-7.052826,350.0,1.305821,0.0,0.0,1.305821,0.940766,0.865425,0.072146,0.0,0.4,11,9,"FAIR-ready input scaffold, not a FAIR run; species-level non-CO2 and aerosol emissions remain missing."
aether_constant_emissions_no_rebound__co2_only_screen,aether_constant_emissions_no_rebound,"AETHER, constant emissions",co2_only_screen,CO2-only emulator screen,2083,42.2,51.174301,49.127329,-6.927329,350.0,1.305821,0.0,0.0,1.305821,0.94092,0.866141,0.071574,0.0,0.4,11,9,"FAIR-ready input scaffold, not a FAIR run; species-level non-CO2 and aerosol emissions remain missing."
aether_constant_emissions_no_rebound__co2_only_screen,aether_constant_emissions_no_rebound,"AETHER, constant emissions",co2_only_screen,CO2-only emulator screen,2084,42.2,51.051368,49.009313,-6.809313,350.0,1.305821,0.0,0.0,1.305821,0.941101,0.866851,0.07104,0.0,0.4,11,9,"FAIR-ready input scaffold, not a FAIR run; species-level non-CO2 and aerosol emissions remain missing."
aether_constant_emissions_no_rebound__co2_only_screen,aether_constant_emissions_no_rebound,"AETHER, constant emissions",co2_only_screen,CO2-only emulator screen,2085,42.2,50.935232,48.897822,-6.697822,350.0,1.305821,0.0,0.0,1.305821,0.941304,0.867557,0.070537,0.0,0.4,11,9,"FAIR-ready input scaffold, not a FAIR run; species-level non-CO2 and aerosol emissions remain missing."
aether_constant_emissions_no_rebound__co2_only_screen,aether_constant_emissions_no_rebound,"AETHER, constant emissions",co2_only_screen,CO2-only emulator screen,2086,42.2,50.825045,48.792043,-6.592043,350.0,1.305821,0.0,0.0,1.305821,0.941525,0.868257,0.07006,0.0,0.4,11,9,"FAIR-ready input scaffold, not a FAIR run; species-level non-CO2 and aerosol emissions remain missing."
aether_constant_emissions_no_rebound__co2_only_screen,aether_constant_emissions_no_rebound,"AETHER, constant emissions",co2_only_screen,CO2-only emulator screen,2087,42.2,50.720088,48.691284,-6.491284,350.0,1.305821,0.0,0.0,1.305821,0.94176,0.868953,0.069605,0.0,0.4,11,9,"FAIR-ready input scaffold, not a FAIR run; species-level non-CO2 and aerosol emissions remain missing."
aether_constant_emissions_no_rebound__co2_only_screen,aether_constant_emissions_no_rebound,"AETHER, constant emissions",co2_only_screen,CO2-only emulator screen,2088,42.2,50.619747,48.594957,-6.394957,350.0,1.305821,0.0,0.0,1.305821,0.942006,0.869645,0.069167,0.0,0.4,11,9,"FAIR-ready input scaffold, not a FAIR run; species-level non-CO2 and aerosol emissions remain missing."
aether_constant_emissions_no_rebound__co2_only_screen,aether_constant_emissions_no_rebound,"AETHER, constant emissions",co2_only_screen,CO2-only emulator screen,2089,42.2,50.523501,48.502561,-6.302561,350.0,1.305821,0.0,0.0,1.305821,0.94226,0.870333,0.068743,0.0,0.4,11,9,"FAIR-ready input scaffold, not a FAIR run; species-level non-CO2 and aerosol emissions remain missing."
aether_constant_emissions_no_rebound__co2_only_screen,aether_constant_emissions_no_rebound,"AETHER, constant emissions",co2_only_screen,CO2-only emulator screen,2090,42.2,50.430904,48.413668,-6.213668,350.0,1.305821,0.0,0.0,1.305821,0.942521,0.871016,0.068331,0.0,0.4,11,9,"FAIR-ready input scaffold, not a FAIR run; species-level non-CO2 and aerosol emissions remain missing."
aether_constant_emissions_no_rebound__co2_only_screen,aether_constant_emissions_no_rebound,"AETHER, constant emissions",co2_only_screen,CO2-only emulator screen,2091,42.2,50.341577,48.327914,-6.127914,350.0,1.305821,0.0,0.0,1.305821,0.942787,0.871695,0.06793,0.0,0.4,11,9,"FAIR-ready input scaffold, not a FAIR run; species-level non-CO2 and aerosol emissions remain missing."
aether_constant_emissions_no_rebound__co2_only_screen,aether_constant_emissions_no_rebound,"AETHER, constant emissions",co2_only_screen,CO2-only emulator screen,2092,42.2,50.255196,48.244988,-6.044988,350.0,1.305821,0.0,0.0,1.305821,0.943056,0.87237,0.067537,0.0,0.4,11,9,"FAIR-ready input scaffold, not a FAIR run; species-level non-CO2 and aerosol emissions remain missing."
aether_constant_emissions_no_rebound__co2_only_screen,aether_constant_emissions_no_rebound,"AETHER, constant emissions",co2_only_screen,CO2-only emulator screen,2093,42.2,50.171482,48.164622,-5.964622,350.0,1.305821,0.0,0.0,1.305821,0.943328,0.873042,0.067151,0.0,0.4,11,9,"FAIR-ready input scaffold, not a FAIR run; species-level non-CO2 and aerosol emissions remain missing."
aether_constant_emissions_no_rebound__co2_only_screen,aether_constant_emissions_no_rebound,"AETHER, constant emissions",co2_only_screen,CO2-only emulator screen,2094,42.2,50.090197,48.08659,-5.88659,350.0,1.305821,0.0,0.0,1.305821,0.943602,0.87371,0.066772,0.0,0.4,11,9,"FAIR-ready input scaffold, not a FAIR run; species-level non-CO2 and aerosol emissions remain missing."
aether_constant_emissions_no_rebound__co2_only_screen,aether_constant_emissions_no_rebound,"AETHER, constant emissions",co2_only_screen,CO2-only emulator screen,2095,42.2,50.011139,48.010693,-5.810693,350.0,1.305821,0.0,0.0,1.305821,0.943878,0.874374,0.066398,0.0,0.4,11,9,"FAIR-ready input scaffold, not a FAIR run; species-level non-CO2 and aerosol emissions remain missing."
aether_constant_emissions_no_rebound__co2_only_screen,aether_constant_emissions_no_rebound,"AETHER, constant emissions",co2_only_screen,CO2-only emulator screen,2096,42.2,49.93413,47.936765,-5.736765,350.0,1.305821,0.0,0.0,1.305821,0.944154,0.875034,0.066029,0.0,0.4,11,9,"FAIR-ready input scaffold, not a FAIR run; species-level non-CO2 and aerosol emissions remain missing."
aether_constant_emissions_no_rebound__co2_only_screen,aether_constant_emissions_no_rebound,"AETHER, constant emissions",co2_only_screen,CO2-only emulator screen,2097,42.2,49.859019,47.864659,-5.664659,350.0,1.305821,0.0,0.0,1.305821,0.94443,0.875691,0.065664,0.0,0.4,11,9,"FAIR-ready input scaffold, not a FAIR run; species-level non-CO2 and aerosol emissions remain missing."
aether_constant_emissions_no_rebound__co2_only_screen,aether_constant_emissions_no_rebound,"AETHER, constant emissions",co2_only_screen,CO2-only emulator screen,2098,42.2,49.785676,47.794249,-5.594249,350.0,1.305821,0.0,0.0,1.305821,0.944706,0.876344,0.065303,0.0,0.4,11,9,"FAIR-ready input scaffold, not a FAIR run; species-level non-CO2 and aerosol emissions remain missing."
aether_constant_emissions_no_rebound__co2_only_screen,aether_constant_emissions_no_rebound,"AETHER, constant emissions",co2_only_screen,CO2-only emulator screen,2099,42.2,49.713987,47.725427,-5.525427,350.0,1.305821,0.0,0.0,1.305821,0.944982,0.876993,0.064945,0.0,0.4,11,9,"FAIR-ready input scaffold, not a FAIR run; species-level non-CO2 and aerosol emissions remain missing."
aether_constant_emissions_no_rebound__co2_only_screen,aether_constant_emissions_no_rebound,"AETHER, constant emissions",co2_only_screen,CO2-only emulator screen,2100,42.2,49.643853,47.658099,-5.458099,350.0,1.305821,0.0,0.0,1.305821,0.945258,0.877639,0.06459,0.0,0.4,11,9,"FAIR-ready input scaffold, not a FAIR run; species-level non-CO2 and aerosol emissions remain missing."
aether_constant_emissions_no_rebound__mitigation_with_aerosol_cleanup,aether_constant_emissions_no_rebound,"AETHER, constant emissions",mitigation_with_aerosol_cleanup,Mitigation with aerosol cleanup,2026,42.2,0.0,0.0,42.2,433.940256,2.524677,1.2,-0.7,3.024677,1.613376,0.772719,0.795947,0.0,0.4,11,9,"FAIR-ready input scaffold, not a FAIR run; species-level non-CO2 and aerosol emissions remain missing."
aether_constant_emissions_no_rebound__mitigation_with_aerosol_cleanup,aether_constant_emissions_no_rebound,"AETHER, constant emissions",mitigation_with_aerosol_cleanup,Mitigation with aerosol cleanup,2027,42.2,5.0,4.8,37.4,438.380892,2.582403,1.18125,-0.68125,3.082403,1.627564,0.780705,0.798624,0.0,0.4,11,9,"FAIR-ready input scaffold, not a FAIR run; species-level non-CO2 and aerosol emissions remain missing."
aether_constant_emissions_no_rebound__mitigation_with_aerosol_cleanup,aether_constant_emissions_no_rebound,"AETHER, constant emissions",mitigation_with_aerosol_cleanup,Mitigation with aerosol cleanup,2028,42.2,10.0,9.6,32.6,441.957576,2.628474,1.1625,-0.6625,3.128474,1.643552,0.78875,0.804516,0.0,0.4,11,9,"FAIR-ready input scaffold, not a FAIR run; species-level non-CO2 and aerosol emissions remain missing."
aether_constant_emissions_no_rebound__mitigation_with_aerosol_cleanup,aether_constant_emissions_no_rebound,"AETHER, constant emissions",mitigation_with_aerosol_cleanup,Mitigation with aerosol cleanup,2029,42.2,15.0,14.4,27.8,444.755187,2.664251,1.14375,-0.64375,3.164251,1.660146,0.796871,0.812061,0.0,0.4,11,9,"FAIR-ready input scaffold, not a FAIR run; species-level non-CO2 and aerosol emissions remain missing."
aether_constant_emissions_no_rebound__mitigation_with_aerosol_cleanup,aether_constant_emissions_no_rebound,"AETHER, constant emissions",mitigation_with_aerosol_cleanup,Mitigation with aerosol cleanup,2030,42.2,20.0,19.2,23.0,446.842099,2.690793,1.125,-0.625,3.190793,1.676471,0.805072,0.820112,0.0,0.4,11,9,"FAIR-ready input scaffold, not a FAIR run; species-level non-CO2 and aerosol emissions remain missing."
aether_constant_emissions_no_rebound__mitigation_with_aerosol_cleanup,aether_constant_emissions_no_rebound,"AETHER, constant emissions",mitigation_with_aerosol_cleanup,Mitigation with aerosol cleanup,2031,42.2,25.0,24.0,18.2,448.273574,2.708928,1.10625,-0.60625,3.208928,1.691881,0.81335,0.827828,0.0,0.4,11,9,"FAIR-ready input scaffold, not a FAIR run; species-level non-CO2 and aerosol emissions remain missing."
aether_constant_emissions_no_rebound__mitigation_with_aerosol_cleanup,aether_constant_emissions_no_rebound,"AETHER, constant emissions",mitigation_with_aerosol_cleanup,Mitigation with aerosol cleanup,2032,42.2,30.0,28.8,13.4,449.094455,2.719301,1.0875,-0.5875,3.219301,1.705909,0.821697,0.834604,0.0,0.4,11,9,"FAIR-ready input scaffold, not a FAIR run; species-level non-CO2 and aerosol emissions remain missing."
aether_constant_emissions_no_rebound__mitigation_with_aerosol_cleanup,aether_constant_emissions_no_rebound,"AETHER, constant emissions",mitigation_with_aerosol_cleanup,Mitigation with aerosol cleanup,2033,42.2,35.0,33.6,8.6,449.341295,2.722416,1.06875,-0.56875,3.222416,1.718215,0.830097,0.840001,0.0,0.4,11,9,"FAIR-ready input scaffold, not a FAIR run; species-level non-CO2 and aerosol emissions remain missing."
aether_constant_emissions_no_rebound__mitigation_with_aerosol_cleanup,aether_constant_emissions_no_rebound,"AETHER, constant emissions",mitigation_with_aerosol_cleanup,Mitigation with aerosol cleanup,2034,42.2,40.0,38.4,3.8,449.044057,2.718664,1.05,-0.55,3.218664,1.728556,0.838534,0.843712,0.0,0.4,11,9,"FAIR-ready input scaffold, not a FAIR run; species-level non-CO2 and aerosol emissions remain missing."
aether_constant_emissions_no_rebound__mitigation_with_aerosol_cleanup,aether_constant_emissions_no_rebound,"AETHER, constant emissions",mitigation_with_aerosol_cleanup,Mitigation with aerosol cleanup,2035,42.2,45.0,43.2,-1.0,448.227451,2.708344,1.03125,-0.53125,3.208344,1.736757,0.846989,0.845521,0.0,0.4,11,9,"FAIR-ready input scaffold, not a FAIR run; species-level non-CO2 and aerosol emissions remain missing."
aether_constant_emissions_no_rebound__mitigation_with_aerosol_cleanup,aether_constant_emissions_no_rebound,"AETHER, constant emissions",mitigation_with_aerosol_cleanup,Mitigation with aerosol cleanup,2036,42.2,50.0,48.0,-5.8,446.912001,2.69168,1.0125,-0.5125,3.19168,1.742694,0.855442,0.84528,0.0,0.4,11,9,"FAIR-ready input scaffold, not a FAIR run; species-level non-CO2 and aerosol emissions remain missing."
aether_constant_emissions_no_rebound__mitigation_with_aerosol_cleanup,aether_constant_emissions_no_rebound,"AETHER, constant emissions",mitigation_with_aerosol_cleanup,Mitigation with aerosol cleanup,2037,42.2,55.0,52.8,-10.6,445.114886,2.668835,0.99375,-0.49375,3.168835,1.746279,0.863871,0.84289,0.0,0.4,11,9,"FAIR-ready input scaffold, not a FAIR run; species-level non-CO2 and aerosol emissions remain missing."
aether_constant_emissions_no_rebound__mitigation_with_aerosol_cleanup,aether_constant_emissions_no_rebound,"AETHER, constant emissions",mitigation_with_aerosol_cleanup,Mitigation with aerosol cleanup,2038,42.2,60.0,57.6,-15.4,442.850616,2.63992,0.975,-0.475,3.13992,1.747446,0.872253,0.838288,0.0,0.4,11,9,"FAIR-ready input scaffold, not a FAIR run; species-level non-CO2 and aerosol emissions remain missing."
aether_constant_emissions_no_rebound__mitigation_with_aerosol_cleanup,aether_constant_emissions_no_rebound,"AETHER, constant emissions",mitigation_with_aerosol_cleanup,Mitigation with aerosol cleanup,2039,42.2,65.0,62.4,-20.2,440.131558,2.605,0.95625,-0.45625,3.105,1.746147,0.880568,0.831433,0.0,0.4,11,9,"FAIR-ready input scaffold, not a FAIR run; species-level non-CO2 and aerosol emissions remain missing."
aether_constant_emissions_no_rebound__mitigation_with_aerosol_cleanup,aether_constant_emissions_no_rebound,"AETHER, constant emissions",mitigation_with_aerosol_cleanup,Mitigation with aerosol cleanup,2040,42.2,70.0,67.2,-25.0,436.968362,2.564105,0.9375,-0.4375,3.064105,1.742343,0.888791,0.8223,0.0,0.4,11,9,"FAIR-ready input scaffold, not a FAIR run; species-level non-CO2 and aerosol emissions remain missing."
aether_constant_emissions_no_rebound__mitigation_with_aerosol_cleanup,aether_constant_emissions_no_rebound,"AETHER, constant emissions",mitigation_with_aerosol_cleanup,Mitigation with aerosol cleanup,2041,42.2,75.0,72.0,-29.8,433.370294,2.517225,0.91875,-0.41875,3.017225,1.736,0.8969,0.810875,0.0,0.4,11,9,"FAIR-ready input scaffold, not a FAIR run; species-level non-CO2 and aerosol emissions remain missing."
aether_constant_emissions_no_rebound__mitigation_with_aerosol_cleanup,aether_constant_emissions_no_rebound,"AETHER, constant emissions",mitigation_with_aerosol_cleanup,Mitigation with aerosol cleanup,2042,42.2,80.0,76.8,-34.6,429.345504,2.464323,0.9,-0.4,2.964323,1.727085,0.904871,0.797145,0.0,0.4,11,9,"FAIR-ready input scaffold, not a FAIR run; species-level non-CO2 and aerosol emissions remain missing."
aether_constant_emissions_no_rebound__mitigation_with_aerosol_cleanup,aether_constant_emissions_no_rebound,"AETHER, constant emissions",mitigation_with_aerosol_cleanup,Mitigation with aerosol cleanup,2043,42.2,85.0,81.6,-39.4,424.901236,2.405328,0.88125,-0.38125,2.905328,1.715563,0.912682,0.781103,0.0,0.4,11,9,"FAIR-ready input scaffold, not a FAIR run; species-level non-CO2 and aerosol emissions remain missing."
aether_constant_emissions_no_rebound__mitigation_with_aerosol_cleanup,aether_constant_emissions_no_rebound,"AETHER, constant emissions",mitigation_with_aerosol_cleanup,Mitigation with aerosol cleanup,2044,42.2,90.0,86.4,-44.2,420.043995,2.34014,0.8625,-0.3625,2.84014,1.701398,0.920309,0.762737,0.0,0.4,11,9,"FAIR-ready input scaffold, not a FAIR run; species-level non-CO2 and aerosol emissions remain missing."
aether_constant_emissions_no_rebound__mitigation_with_aerosol_cleanup,aether_constant_emissions_no_rebound,"AETHER, constant emissions",mitigation_with_aerosol_cleanup,Mitigation with aerosol cleanup,2045,42.2,95.0,91.2,-49.0,414.779686,2.268633,0.84375,-0.34375,2.768633,1.684545,0.92773,0.742034,0.0,0.4,11,9,"FAIR-ready input scaffold, not a FAIR run; species-level non-CO2 and aerosol emissions remain missing."
aether_constant_emissions_no_rebound__mitigation_with_aerosol_cleanup,aether_constant_emissions_no_rebound,"AETHER, constant emissions",mitigation_with_aerosol_cleanup,Mitigation with aerosol cleanup,2046,42.2,100.0,96.0,-53.8,409.113716,2.190649,0.825,-0.325,2.690649,1.664955,0.934919,0.718975,0.0,0.4,11,9,"FAIR-ready input scaffold, not a FAIR run; species-level non-CO2 and aerosol emissions remain missing."
aether_constant_emissions_no_rebound__mitigation_with_aerosol_cleanup,aether_constant_emissions_no_rebound,"AETHER, constant emissions",mitigation_with_aerosol_cleanup,Mitigation with aerosol cleanup,2047,42.2,100.0,96.0,-53.8,403.666465,2.11465,0.80625,-0.30625,2.61465,1.643291,0.941855,0.693534,0.0,0.4,11,9,"FAIR-ready input scaffold, not a FAIR run; species-level non-CO2 and aerosol emissions remain missing."
aether_constant_emissions_no_rebound__mitigation_with_aerosol_cleanup,aether_constant_emissions_no_rebound,"AETHER, constant emissions",mitigation_with_aerosol_cleanup,Mitigation with aerosol cleanup,2048,42.2,100.0,96.0,-53.8,398.402292,2.040224,0.7875,-0.2875,2.540224,1.620053,0.948518,0.666364,0.0,0.4,11,9,"FAIR-ready input scaffold, not a FAIR run; species-level non-CO2 and aerosol emissions remain missing."
aether_constant_emissions_no_rebound__mitigation_with_aerosol_cleanup,aether_constant_emissions_no_rebound,"AETHER, constant emissions",mitigation_with_aerosol_cleanup,Mitigation with aerosol cleanup,2049,42.2,100.0,96.0,-53.8,393.292703,1.967038,0.76875,-0.26875,2.467038,1.595621,0.954898,0.637958,0.0,0.4,11,9,"FAIR-ready input scaffold, not a FAIR run; species-level non-CO2 and aerosol emissions remain missing."
aether_constant_emissions_no_rebound__mitigation_with_aerosol_cleanup,aether_constant_emissions_no_rebound,"AETHER, constant emissions",mitigation_with_aerosol_cleanup,Mitigation with aerosol cleanup,2050,42.2,100.0,96.0,-53.8,388.314876,1.894818,0.75,-0.25,2.394818,1.570276,0.960985,0.608686,0.0,0.4,11,9,"FAIR-ready input scaffold, not a FAIR run; species-level non-CO2 and aerosol emissions remain missing."
aether_constant_emissions_no_rebound__mitigation_with_aerosol_cleanup,aether_constant_emissions_no_rebound,"AETHER, constant emissions",mitigation_with_aerosol_cleanup,Mitigation with aerosol cleanup,2051,42.2,100.0,96.0,-53.8,383.450492,1.823345,0.744,-0.246,2.321345,1.544064,0.966773,0.578827,0.0,0.4,11,9,"FAIR-ready input scaffold, not a FAIR run; species-level non-CO2 and aerosol emissions remain missing."
aether_constant_emissions_no_rebound__mitigation_with_aerosol_cleanup,aether_constant_emissions_no_rebound,"AETHER, constant emissions",mitigation_with_aerosol_cleanup,Mitigation with aerosol cleanup,2052,42.2,100.0,96.0,-53.8,378.684803,1.752437,0.738,-0.242,2.248437,1.517172,0.972257,0.548427,0.0,0.4,11,9,"FAIR-ready input scaffold, not a FAIR run; species-level non-CO2 and aerosol emissions remain missing."
aether_constant_emissions_no_rebound__mitigation_with_aerosol_cleanup,aether_constant_emissions_no_rebound,"AETHER, constant emissions",mitigation_with_aerosol_cleanup,Mitigation with aerosol cleanup,2053,42.2,100.0,96.0,-53.8,374.005905,1.681946,0.732,-0.238,2.175946,1.489737,0.977434,0.517668,0.0,0.4,11,9,"FAIR-ready input scaffold, not a FAIR run; species-level non-CO2 and aerosol emissions remain missing."
aether_constant_emissions_no_rebound__mitigation_with_aerosol_cleanup,aether_constant_emissions_no_rebound,"AETHER, constant emissions",mitigation_with_aerosol_cleanup,Mitigation with aerosol cleanup,2054,42.2,100.0,96.0,-53.8,369.404148,1.611753,0.726,-0.234,2.103753,1.461863,0.982301,0.486688,0.0,0.4,11,9,"FAIR-ready input scaffold, not a FAIR run; species-level non-CO2 and aerosol emissions remain missing."
aether_constant_emissions_no_rebound__mitigation_with_aerosol_cleanup,aether_constant_emissions_no_rebound,"AETHER, constant emissions",mitigation_with_aerosol_cleanup,Mitigation with aerosol cleanup,2055,42.2,100.0,96.0,-53.8,364.871677,1.541756,0.72,-0.23,2.031756,1.433624,0.986857,0.455584,0.0,0.4,11,9,"FAIR-ready input scaffold, not a FAIR run; species-level non-CO2 and aerosol emissions remain missing."
aether_constant_emissions_no_rebound__mitigation_with_aerosol_cleanup,aether_constant_emissions_no_rebound,"AETHER, constant emissions",mitigation_with_aerosol_cleanup,Mitigation with aerosol cleanup,2056,42.2,100.0,96.0,-53.8,360.402066,1.471873,0.714,-0.226,1.959873,1.405073,0.991101,0.424428,0.0,0.4,11,9,"FAIR-ready input scaffold, not a FAIR run; species-level non-CO2 and aerosol emissions remain missing."
aether_constant_emissions_no_rebound__mitigation_with_aerosol_cleanup,aether_constant_emissions_no_rebound,"AETHER, constant emissions",mitigation_with_aerosol_cleanup,Mitigation with aerosol cleanup,2057,42.2,100.0,96.0,-53.8,355.990025,1.402035,0.708,-0.222,1.888035,1.37625,0.995034,0.393274,0.0,0.4,11,9,"FAIR-ready input scaffold, not a FAIR run; species-level non-CO2 and aerosol emissions remain missing."
aether_constant_emissions_no_rebound__mitigation_with_aerosol_cleanup,aether_constant_emissions_no_rebound,"AETHER, constant emissions",mitigation_with_aerosol_cleanup,Mitigation with aerosol cleanup,2058,42.2,100.0,96.0,-53.8,351.63117,1.332184,0.702,-0.218,1.816184,1.347178,0.998655,0.362155,0.0,0.4,11,9,"FAIR-ready input scaffold, not a FAIR run; species-level non-CO2 and aerosol emissions remain missing."
aether_constant_emissions_no_rebound__mitigation_with_aerosol_cleanup,aether_constant_emissions_no_rebound,"AETHER, constant emissions",mitigation_with_aerosol_cleanup,Mitigation with aerosol cleanup,2059,42.2,78.239987,75.110388,-32.910388,350.0,1.305821,0.696,-0.214,1.787821,1.321505,1.001966,0.331097,0.0,0.4,11,9,"FAIR-ready input scaffold, not a FAIR run; species-level non-CO2 and aerosol emissions remain missing."
aether_constant_emissions_no_rebound__mitigation_with_aerosol_cleanup,aether_constant_emissions_no_rebound,"AETHER, constant emissions",mitigation_with_aerosol_cleanup,Mitigation with aerosol cleanup,2060,42.2,63.939383,61.381807,-19.181807,350.0,1.305821,0.69,-0.21,1.785821,1.300762,1.005002,0.303562,0.0,0.4,11,9,"FAIR-ready input scaffold, not a FAIR run; species-level non-CO2 and aerosol emissions remain missing."
aether_constant_emissions_no_rebound__mitigation_with_aerosol_cleanup,aether_constant_emissions_no_rebound,"AETHER, constant emissions",mitigation_with_aerosol_cleanup,Mitigation with aerosol cleanup,2061,42.2,62.197387,59.709491,-17.509491,350.0,1.305821,0.684,-0.206,1.783821,1.284,1.007812,0.280972,0.0,0.4,11,9,"FAIR-ready input scaffold, not a FAIR run; species-level non-CO2 and aerosol emissions remain missing."
aether_constant_emissions_no_rebound__mitigation_with_aerosol_cleanup,aether_constant_emissions_no_rebound,"AETHER, constant emissions",mitigation_with_aerosol_cleanup,Mitigation with aerosol cleanup,2062,42.2,60.705139,58.276934,-16.076934,350.0,1.305821,0.678,-0.202,1.781821,1.27045,1.010435,0.262379,0.0,0.4,11,9,"FAIR-ready input scaffold, not a FAIR run; species-level non-CO2 and aerosol emissions remain missing."
aether_constant_emissions_no_rebound__mitigation_with_aerosol_cleanup,aether_constant_emissions_no_rebound,"AETHER, constant emissions",mitigation_with_aerosol_cleanup,Mitigation with aerosol cleanup,2063,42.2,59.424595,57.047611,-14.847611,350.0,1.305821,0.672,-0.198,1.779821,1.259493,1.012906,0.247014,0.0,0.4,11,9,"FAIR-ready input scaffold, not a FAIR run; species-level non-CO2 and aerosol emissions remain missing."
aether_constant_emissions_no_rebound__mitigation_with_aerosol_cleanup,aether_constant_emissions_no_rebound,"AETHER, constant emissions",mitigation_with_aerosol_cleanup,Mitigation with aerosol cleanup,2064,42.2,58.323545,55.990603,-13.790603,350.0,1.305821,0.666,-0.194,1.777821,1.250629,1.015248,0.234258,0.0,0.4,11,9,"FAIR-ready input scaffold, not a FAIR run; species-level non-CO2 and aerosol emissions remain missing."
aether_constant_emissions_no_rebound__mitigation_with_aerosol_cleanup,aether_constant_emissions_no_rebound,"AETHER, constant emissions",mitigation_with_aerosol_cleanup,Mitigation with aerosol cleanup,2065,42.2,57.374717,55.079729,-12.879729,350.0,1.305821,0.66,-0.19,1.775821,1.243453,1.017484,0.223612,0.0,0.4,11,9,"FAIR-ready input scaffold, not a FAIR run; species-level non-CO2 and aerosol emissions remain missing."
aether_constant_emissions_no_rebound__mitigation_with_aerosol_cleanup,aether_constant_emissions_no_rebound,"AETHER, constant emissions",mitigation_with_aerosol_cleanup,Mitigation with aerosol cleanup,2066,42.2,56.555023,54.292822,-12.092822,350.0,1.305821,0.654,-0.186,1.773821,1.237638,1.019631,0.21467,0.0,0.4,11,9,"FAIR-ready input scaffold, not a FAIR run; species-level non-CO2 and aerosol emissions remain missing."
aether_constant_emissions_no_rebound__mitigation_with_aerosol_cleanup,aether_constant_emissions_no_rebound,"AETHER, constant emissions",mitigation_with_aerosol_cleanup,Mitigation with aerosol cleanup,2067,42.2,55.84491,53.611114,-11.411114,350.0,1.305821,0.648,-0.182,1.771821,1.232922,1.021702,0.207107,0.0,0.4,11,9,"FAIR-ready input scaffold, not a FAIR run; species-level non-CO2 and aerosol emissions remain missing."
aether_constant_emissions_no_rebound__mitigation_with_aerosol_cleanup,aether_constant_emissions_no_rebound,"AETHER, constant emissions",mitigation_with_aerosol_cleanup,Mitigation with aerosol cleanup,2068,42.2,55.227827,53.018714,-10.818714,350.0,1.305821,0.642,-0.178,1.769821,1.229092,1.023709,0.200659,0.0,0.4,11,9,"FAIR-ready input scaffold, not a FAIR run; species-level non-CO2 and aerosol emissions remain missing."
aether_constant_emissions_no_rebound__mitigation_with_aerosol_cleanup,aether_constant_emissions_no_rebound,"AETHER, constant emissions",mitigation_with_aerosol_cleanup,Mitigation with aerosol cleanup,2069,42.2,54.689754,52.502163,-10.302163,350.0,1.305821,0.636,-0.174,1.767821,1.225975,1.02566,0.195114,0.0,0.4,11,9,"FAIR-ready input scaffold, not a FAIR run; species-level non-CO2 and aerosol emissions remain missing."
aether_constant_emissions_no_rebound__mitigation_with_aerosol_cleanup,aether_constant_emissions_no_rebound,"AETHER, constant emissions",mitigation_with_aerosol_cleanup,Mitigation with aerosol cleanup,2070,42.2,54.218821,52.050068,-9.850068,350.0,1.305821,0.63,-0.17,1.765821,1.223433,1.027563,0.190299,0.0,0.4,11,9,"FAIR-ready input scaffold, not a FAIR run; species-level non-CO2 and aerosol emissions remain missing."
aether_constant_emissions_no_rebound__mitigation_with_aerosol_cleanup,aether_constant_emissions_no_rebound,"AETHER, constant emissions",mitigation_with_aerosol_cleanup,Mitigation with aerosol cleanup,2071,42.2,53.804975,51.652776,-9.452776,350.0,1.305821,0.624,-0.166,1.763821,1.221353,1.029424,0.186076,0.0,0.4,11,9,"FAIR-ready input scaffold, not a FAIR run; species-level non-CO2 and aerosol emissions remain missing."
aether_constant_emissions_no_rebound__mitigation_with_aerosol_cleanup,aether_constant_emissions_no_rebound,"AETHER, constant emissions",mitigation_with_aerosol_cleanup,Mitigation with aerosol cleanup,2072,42.2,53.439703,51.302115,-9.102115,350.0,1.305821,0.618,-0.162,1.761821,1.219646,1.031247,0.182333,0.0,0.4,11,9,"FAIR-ready input scaffold, not a FAIR run; species-level non-CO2 and aerosol emissions remain missing."
aether_constant_emissions_no_rebound__mitigation_with_aerosol_cleanup,aether_constant_emissions_no_rebound,"AETHER, constant emissions",mitigation_with_aerosol_cleanup,Mitigation with aerosol cleanup,2073,42.2,53.115794,50.991162,-8.791162,350.0,1.305821,0.612,-0.158,1.759821,1.218238,1.033037,0.178979,0.0,0.4,11,9,"FAIR-ready input scaffold, not a FAIR run; species-level non-CO2 and aerosol emissions remain missing."
aether_constant_emissions_no_rebound__mitigation_with_aerosol_cleanup,aether_constant_emissions_no_rebound,"AETHER, constant emissions",mitigation_with_aerosol_cleanup,Mitigation with aerosol cleanup,2074,42.2,52.827137,50.714052,-8.514052,350.0,1.305821,0.606,-0.154,1.757821,1.217071,1.034796,0.175942,0.0,0.4,11,9,"FAIR-ready input scaffold, not a FAIR run; species-level non-CO2 and aerosol emissions remain missing."
aether_constant_emissions_no_rebound__mitigation_with_aerosol_cleanup,aether_constant_emissions_no_rebound,"AETHER, constant emissions",mitigation_with_aerosol_cleanup,Mitigation with aerosol cleanup,2075,42.2,52.56856,50.465817,-8.265817,350.0,1.305821,0.6,-0.15,1.755821,1.216096,1.036528,0.173161,0.0,0.4,11,9,"FAIR-ready input scaffold, not a FAIR run; species-level non-CO2 and aerosol emissions remain missing."
aether_constant_emissions_no_rebound__mitigation_with_aerosol_cleanup,aether_constant_emissions_no_rebound,"AETHER, constant emissions",mitigation_with_aerosol_cleanup,Mitigation with aerosol cleanup,2076,42.2,52.335676,50.242249,-8.042249,350.0,1.305821,0.594,-0.146,1.753821,1.215274,1.038234,0.170589,0.0,0.4,11,9,"FAIR-ready input scaffold, not a FAIR run; species-level non-CO2 and aerosol emissions remain missing."
aether_constant_emissions_no_rebound__mitigation_with_aerosol_cleanup,aether_constant_emissions_no_rebound,"AETHER, constant emissions",mitigation_with_aerosol_cleanup,Mitigation with aerosol cleanup,2077,42.2,52.124771,50.03978,-7.83978,350.0,1.305821,0.588,-0.142,1.751821,1.214576,1.039916,0.168189,0.0,0.4,11,9,"FAIR-ready input scaffold, not a FAIR run; species-level non-CO2 and aerosol emissions remain missing."
aether_constant_emissions_no_rebound__mitigation_with_aerosol_cleanup,aether_constant_emissions_no_rebound,"AETHER, constant emissions",mitigation_with_aerosol_cleanup,Mitigation with aerosol cleanup,2078,42.2,51.932696,49.855388,-7.655388,350.0,1.305821,0.582,-0.138,1.749821,1.213976,1.041575,0.165928,0.0,0.4,11,9,"FAIR-ready input scaffold, not a FAIR run; species-level non-CO2 and aerosol emissions remain missing."
aether_constant_emissions_no_rebound__mitigation_with_aerosol_cleanup,aether_constant_emissions_no_rebound,"AETHER, constant emissions",mitigation_with_aerosol_cleanup,Mitigation with aerosol cleanup,2079,42.2,51.75678,49.686509,-7.486509,350.0,1.305821,0.576,-0.134,1.747821,1.213454,1.043213,0.163781,0.0,0.4,11,9,"FAIR-ready input scaffold, not a FAIR run; species-level non-CO2 and aerosol emissions remain missing."
aether_constant_emissions_no_rebound__mitigation_with_aerosol_cleanup,aether_constant_emissions_no_rebound,"AETHER, constant emissions",mitigation_with_aerosol_cleanup,Mitigation with aerosol cleanup,2080,42.2,51.594762,49.530971,-7.330971,350.0,1.305821,0.57,-0.13,1.745821,1.212993,1.04483,0.161729,0.0,0.4,11,9,"FAIR-ready input scaffold, not a FAIR run; species-level non-CO2 and aerosol emissions remain missing."
aether_constant_emissions_no_rebound__mitigation_with_aerosol_cleanup,aether_constant_emissions_no_rebound,"AETHER, constant emissions",mitigation_with_aerosol_cleanup,Mitigation with aerosol cleanup,2081,42.2,51.44472,49.386931,-7.186931,350.0,1.305821,0.564,-0.126,1.743821,1.21258,1.046427,0.159755,0.0,0.4,11,9,"FAIR-ready input scaffold, not a FAIR run; species-level non-CO2 and aerosol emissions remain missing."
aether_constant_emissions_no_rebound__mitigation_with_aerosol_cleanup,aether_constant_emissions_no_rebound,"AETHER, constant emissions",mitigation_with_aerosol_cleanup,Mitigation with aerosol cleanup,2082,42.2,51.305027,49.252826,-7.052826,350.0,1.305821,0.558,-0.122,1.741821,1.212205,1.048006,0.157845,0.0,0.4,11,9,"FAIR-ready input scaffold, not a FAIR run; species-level non-CO2 and aerosol emissions remain missing."
aether_constant_emissions_no_rebound__mitigation_with_aerosol_cleanup,aether_constant_emissions_no_rebound,"AETHER, constant emissions",mitigation_with_aerosol_cleanup,Mitigation with aerosol cleanup,2083,42.2,51.174301,49.127329,-6.927329,350.0,1.305821,0.552,-0.118,1.739821,1.211858,1.049566,0.155989,0.0,0.4,11,9,"FAIR-ready input scaffold, not a FAIR run; species-level non-CO2 and aerosol emissions remain missing."
aether_constant_emissions_no_rebound__mitigation_with_aerosol_cleanup,aether_constant_emissions_no_rebound,"AETHER, constant emissions",mitigation_with_aerosol_cleanup,Mitigation with aerosol cleanup,2084,42.2,51.051368,49.009313,-6.809313,350.0,1.305821,0.546,-0.114,1.737821,1.211534,1.051108,0.154178,0.0,0.4,11,9,"FAIR-ready input scaffold, not a FAIR run; species-level non-CO2 and aerosol emissions remain missing."
aether_constant_emissions_no_rebound__mitigation_with_aerosol_cleanup,aether_constant_emissions_no_rebound,"AETHER, constant emissions",mitigation_with_aerosol_cleanup,Mitigation with aerosol cleanup,2085,42.2,50.935232,48.897822,-6.697822,350.0,1.305821,0.54,-0.11,1.735821,1.211226,1.052632,0.152405,0.0,0.4,11,9,"FAIR-ready input scaffold, not a FAIR run; species-level non-CO2 and aerosol emissions remain missing."
aether_constant_emissions_no_rebound__mitigation_with_aerosol_cleanup,aether_constant_emissions_no_rebound,"AETHER, constant emissions",mitigation_with_aerosol_cleanup,Mitigation with aerosol cleanup,2086,42.2,50.825045,48.792043,-6.592043,350.0,1.305821,0.534,-0.106,1.733821,1.21093,1.054138,0.150665,0.0,0.4,11,9,"FAIR-ready input scaffold, not a FAIR run; species-level non-CO2 and aerosol emissions remain missing."
aether_constant_emissions_no_rebound__mitigation_with_aerosol_cleanup,aether_constant_emissions_no_rebound,"AETHER, constant emissions",mitigation_with_aerosol_cleanup,Mitigation with aerosol cleanup,2087,42.2,50.720088,48.691284,-6.491284,350.0,1.305821,0.528,-0.102,1.731821,1.210643,1.055628,0.148953,0.0,0.4,11,9,"FAIR-ready input scaffold, not a FAIR run; species-level non-CO2 and aerosol emissions remain missing."
aether_constant_emissions_no_rebound__mitigation_with_aerosol_cleanup,aether_constant_emissions_no_rebound,"AETHER, constant emissions",mitigation_with_aerosol_cleanup,Mitigation with aerosol cleanup,2088,42.2,50.619747,48.594957,-6.394957,350.0,1.305821,0.522,-0.098,1.729821,1.210361,1.0571,0.147264,0.0,0.4,11,9,"FAIR-ready input scaffold, not a FAIR run; species-level non-CO2 and aerosol emissions remain missing."
aether_constant_emissions_no_rebound__mitigation_with_aerosol_cleanup,aether_constant_emissions_no_rebound,"AETHER, constant emissions",mitigation_with_aerosol_cleanup,Mitigation with aerosol cleanup,2089,42.2,50.523501,48.502561,-6.302561,350.0,1.305821,0.516,-0.094,1.727821,1.210082,1.058556,0.145597,0.0,0.4,11,9,"FAIR-ready input scaffold, not a FAIR run; species-level non-CO2 and aerosol emissions remain missing."
aether_constant_emissions_no_rebound__mitigation_with_aerosol_cleanup,aether_constant_emissions_no_rebound,"AETHER, constant emissions",mitigation_with_aerosol_cleanup,Mitigation with aerosol cleanup,2090,42.2,50.430904,48.413668,-6.213668,350.0,1.305821,0.51,-0.09,1.725821,1.209804,1.059996,0.143949,0.0,0.4,11,9,"FAIR-ready input scaffold, not a FAIR run; species-level non-CO2 and aerosol emissions remain missing."
aether_constant_emissions_no_rebound__mitigation_with_aerosol_cleanup,aether_constant_emissions_no_rebound,"AETHER, constant emissions",mitigation_with_aerosol_cleanup,Mitigation with aerosol cleanup,2091,42.2,50.341577,48.327914,-6.127914,350.0,1.305821,0.504,-0.086,1.723821,1.209526,1.061419,0.142318,0.0,0.4,11,9,"FAIR-ready input scaffold, not a FAIR run; species-level non-CO2 and aerosol emissions remain missing."
aether_constant_emissions_no_rebound__mitigation_with_aerosol_cleanup,aether_constant_emissions_no_rebound,"AETHER, constant emissions",mitigation_with_aerosol_cleanup,Mitigation with aerosol cleanup,2092,42.2,50.255196,48.244988,-6.044988,350.0,1.305821,0.498,-0.082,1.721821,1.209246,1.062826,0.140701,0.0,0.4,11,9,"FAIR-ready input scaffold, not a FAIR run; species-level non-CO2 and aerosol emissions remain missing."
aether_constant_emissions_no_rebound__mitigation_with_aerosol_cleanup,aether_constant_emissions_no_rebound,"AETHER, constant emissions",mitigation_with_aerosol_cleanup,Mitigation with aerosol cleanup,2093,42.2,50.171482,48.164622,-5.964622,350.0,1.305821,0.492,-0.078,1.719821,1.208963,1.064217,0.139099,0.0,0.4,11,9,"FAIR-ready input scaffold, not a FAIR run; species-level non-CO2 and aerosol emissions remain missing."
aether_constant_emissions_no_rebound__mitigation_with_aerosol_cleanup,aether_constant_emissions_no_rebound,"AETHER, constant emissions",mitigation_with_aerosol_cleanup,Mitigation with aerosol cleanup,2094,42.2,50.090197,48.08659,-5.88659,350.0,1.305821,0.486,-0.074,1.717821,1.208677,1.065592,0.137509,0.0,0.4,11,9,"FAIR-ready input scaffold, not a FAIR run; species-level non-CO2 and aerosol emissions remain missing."
aether_constant_emissions_no_rebound__mitigation_with_aerosol_cleanup,aether_constant_emissions_no_rebound,"AETHER, constant emissions",mitigation_with_aerosol_cleanup,Mitigation with aerosol cleanup,2095,42.2,50.011139,48.010693,-5.810693,350.0,1.305821,0.48,-0.07,1.715821,1.208388,1.066951,0.135931,0.0,0.4,11,9,"FAIR-ready input scaffold, not a FAIR run; species-level non-CO2 and aerosol emissions remain missing."
aether_constant_emissions_no_rebound__mitigation_with_aerosol_cleanup,aether_constant_emissions_no_rebound,"AETHER, constant emissions",mitigation_with_aerosol_cleanup,Mitigation with aerosol cleanup,2096,42.2,49.93413,47.936765,-5.736765,350.0,1.305821,0.474,-0.066,1.713821,1.208093,1.068295,0.134364,0.0,0.4,11,9,"FAIR-ready input scaffold, not a FAIR run; species-level non-CO2 and aerosol emissions remain missing."
aether_constant_emissions_no_rebound__mitigation_with_aerosol_cleanup,aether_constant_emissions_no_rebound,"AETHER, constant emissions",mitigation_with_aerosol_cleanup,Mitigation with aerosol cleanup,2097,42.2,49.859019,47.864659,-5.664659,350.0,1.305821,0.468,-0.062,1.711821,1.207794,1.069623,0.132808,0.0,0.4,11,9,"FAIR-ready input scaffold, not a FAIR run; species-level non-CO2 and aerosol emissions remain missing."
aether_constant_emissions_no_rebound__mitigation_with_aerosol_cleanup,aether_constant_emissions_no_rebound,"AETHER, constant emissions",mitigation_with_aerosol_cleanup,Mitigation with aerosol cleanup,2098,42.2,49.785676,47.794249,-5.594249,350.0,1.305821,0.462,-0.058,1.709821,1.20749,1.070936,0.131263,0.0,0.4,11,9,"FAIR-ready input scaffold, not a FAIR run; species-level non-CO2 and aerosol emissions remain missing."
aether_constant_emissions_no_rebound__mitigation_with_aerosol_cleanup,aether_constant_emissions_no_rebound,"AETHER, constant emissions",mitigation_with_aerosol_cleanup,Mitigation with aerosol cleanup,2099,42.2,49.713987,47.725427,-5.525427,350.0,1.305821,0.456,-0.054,1.707821,1.20718,1.072233,0.129726,0.0,0.4,11,9,"FAIR-ready input scaffold, not a FAIR run; species-level non-CO2 and aerosol emissions remain missing."
aether_constant_emissions_no_rebound__mitigation_with_aerosol_cleanup,aether_constant_emissions_no_rebound,"AETHER, constant emissions",mitigation_with_aerosol_cleanup,Mitigation with aerosol cleanup,2100,42.2,49.643853,47.658099,-5.458099,350.0,1.305821,0.45,-0.05,1.705821,1.206865,1.073515,0.1282,0.0,0.4,11,9,"FAIR-ready input scaffold, not a FAIR run; species-level non-CO2 and aerosol emissions remain missing."
aether_constant_emissions_no_rebound__nonco2_delay_aerosol_unmasking,aether_constant_emissions_no_rebound,"AETHER, constant emissions",nonco2_delay_aerosol_unmasking,Delayed non-CO2 mitigation plus aerosol unmasking,2026,42.2,0.0,0.0,42.2,433.940256,2.524677,1.2,-0.7,3.024677,1.613376,0.772719,0.795947,0.0,0.4,11,9,"FAIR-ready input scaffold, not a FAIR run; species-level non-CO2 and aerosol emissions remain missing."
aether_constant_emissions_no_rebound__nonco2_delay_aerosol_unmasking,aether_constant_emissions_no_rebound,"AETHER, constant emissions",nonco2_delay_aerosol_unmasking,Delayed non-CO2 mitigation plus aerosol unmasking,2027,42.2,5.0,4.8,37.4,438.380892,2.582403,1.197917,-0.677083,3.103236,1.6293,0.780705,0.798624,0.0,0.4,11,9,"FAIR-ready input scaffold, not a FAIR run; species-level non-CO2 and aerosol emissions remain missing."
aether_constant_emissions_no_rebound__nonco2_delay_aerosol_unmasking,aether_constant_emissions_no_rebound,"AETHER, constant emissions",nonco2_delay_aerosol_unmasking,Delayed non-CO2 mitigation plus aerosol unmasking,2028,42.2,10.0,9.6,32.6,441.957576,2.628474,1.195833,-0.654167,3.170141,1.648433,0.788767,0.806165,0.0,0.4,11,9,"FAIR-ready input scaffold, not a FAIR run; species-level non-CO2 and aerosol emissions remain missing."
aether_constant_emissions_no_rebound__nonco2_delay_aerosol_unmasking,aether_constant_emissions_no_rebound,"AETHER, constant emissions",nonco2_delay_aerosol_unmasking,Delayed non-CO2 mitigation plus aerosol unmasking,2029,42.2,15.0,14.4,27.8,444.755187,2.664251,1.19375,-0.63125,3.226751,1.669318,0.796934,0.816683,0.0,0.4,11,9,"FAIR-ready input scaffold, not a FAIR run; species-level non-CO2 and aerosol emissions remain missing."
aether_constant_emissions_no_rebound__nonco2_delay_aerosol_unmasking,aether_constant_emissions_no_rebound,"AETHER, constant emissions",nonco2_delay_aerosol_unmasking,Delayed non-CO2 mitigation plus aerosol unmasking,2030,42.2,20.0,19.2,23.0,446.842099,2.690793,1.191667,-0.608333,3.274127,1.690864,0.805221,0.828765,0.0,0.4,11,9,"FAIR-ready input scaffold, not a FAIR run; species-level non-CO2 and aerosol emissions remain missing."
aether_constant_emissions_no_rebound__nonco2_delay_aerosol_unmasking,aether_constant_emissions_no_rebound,"AETHER, constant emissions",nonco2_delay_aerosol_unmasking,Delayed non-CO2 mitigation plus aerosol unmasking,2031,42.2,25.0,24.0,18.2,448.273574,2.708928,1.189583,-0.585417,3.313094,1.712256,0.813635,0.841361,0.0,0.4,11,9,"FAIR-ready input scaffold, not a FAIR run; species-level non-CO2 and aerosol emissions remain missing."
aether_constant_emissions_no_rebound__nonco2_delay_aerosol_unmasking,aether_constant_emissions_no_rebound,"AETHER, constant emissions",nonco2_delay_aerosol_unmasking,Delayed non-CO2 mitigation plus aerosol unmasking,2032,42.2,30.0,28.8,13.4,449.094455,2.719301,1.1875,-0.5625,3.344301,1.732886,0.822172,0.85369,0.0,0.4,11,9,"FAIR-ready input scaffold, not a FAIR run; species-level non-CO2 and aerosol emissions remain missing."
aether_constant_emissions_no_rebound__nonco2_delay_aerosol_unmasking,aether_constant_emissions_no_rebound,"AETHER, constant emissions",nonco2_delay_aerosol_unmasking,Delayed non-CO2 mitigation plus aerosol unmasking,2033,42.2,35.0,33.6,8.6,449.341295,2.722416,1.185417,-0.539583,3.36825,1.752302,0.830824,0.865178,0.0,0.4,11,9,"FAIR-ready input scaffold, not a FAIR run; species-level non-CO2 and aerosol emissions remain missing."
aether_constant_emissions_no_rebound__nonco2_delay_aerosol_unmasking,aether_constant_emissions_no_rebound,"AETHER, constant emissions",nonco2_delay_aerosol_unmasking,Delayed non-CO2 mitigation plus aerosol unmasking,2034,42.2,40.0,38.4,3.8,449.044057,2.718664,1.183333,-0.516667,3.385331,1.770169,0.839578,0.875404,0.0,0.4,11,9,"FAIR-ready input scaffold, not a FAIR run; species-level non-CO2 and aerosol emissions remain missing."
aether_constant_emissions_no_rebound__nonco2_delay_aerosol_unmasking,aether_constant_emissions_no_rebound,"AETHER, constant emissions",nonco2_delay_aerosol_unmasking,Delayed non-CO2 mitigation plus aerosol unmasking,2035,42.2,45.0,43.2,-1.0,448.227451,2.708344,1.18125,-0.49375,3.395844,1.786241,0.848418,0.884062,0.0,0.4,11,9,"FAIR-ready input scaffold, not a FAIR run; species-level non-CO2 and aerosol emissions remain missing."
aether_constant_emissions_no_rebound__nonco2_delay_aerosol_unmasking,aether_constant_emissions_no_rebound,"AETHER, constant emissions",nonco2_delay_aerosol_unmasking,Delayed non-CO2 mitigation plus aerosol unmasking,2036,42.2,50.0,48.0,-5.8,446.912001,2.69168,1.179167,-0.470833,3.400014,1.800333,0.857328,0.890931,0.0,0.4,11,9,"FAIR-ready input scaffold, not a FAIR run; species-level non-CO2 and aerosol emissions remain missing."
aether_constant_emissions_no_rebound__nonco2_delay_aerosol_unmasking,aether_constant_emissions_no_rebound,"AETHER, constant emissions",nonco2_delay_aerosol_unmasking,Delayed non-CO2 mitigation plus aerosol unmasking,2037,42.2,55.0,52.8,-10.6,445.114886,2.668835,1.177083,-0.447917,3.398002,1.812309,0.866286,0.895855,0.0,0.4,11,9,"FAIR-ready input scaffold, not a FAIR run; species-level non-CO2 and aerosol emissions remain missing."
aether_constant_emissions_no_rebound__nonco2_delay_aerosol_unmasking,aether_constant_emissions_no_rebound,"AETHER, constant emissions",nonco2_delay_aerosol_unmasking,Delayed non-CO2 mitigation plus aerosol unmasking,2038,42.2,60.0,57.6,-15.4,442.850616,2.63992,1.175,-0.425,3.38992,1.822065,0.875273,0.898722,0.0,0.4,11,9,"FAIR-ready input scaffold, not a FAIR run; species-level non-CO2 and aerosol emissions remain missing."
aether_constant_emissions_no_rebound__nonco2_delay_aerosol_unmasking,aether_constant_emissions_no_rebound,"AETHER, constant emissions",nonco2_delay_aerosol_unmasking,Delayed non-CO2 mitigation plus aerosol unmasking,2039,42.2,65.0,62.4,-20.2,440.131558,2.605,1.172917,-0.402083,3.375834,1.829521,0.884268,0.899452,0.0,0.4,11,9,"FAIR-ready input scaffold, not a FAIR run; species-level non-CO2 and aerosol emissions remain missing."
aether_constant_emissions_no_rebound__nonco2_delay_aerosol_unmasking,aether_constant_emissions_no_rebound,"AETHER, constant emissions",nonco2_delay_aerosol_unmasking,Delayed non-CO2 mitigation plus aerosol unmasking,2040,42.2,70.0,67.2,-25.0,436.968362,2.564105,1.170833,-0.379167,3.355771,1.834614,0.893248,0.897991,0.0,0.4,11,9,"FAIR-ready input scaffold, not a FAIR run; species-level non-CO2 and aerosol emissions remain missing."
aether_constant_emissions_no_rebound__nonco2_delay_aerosol_unmasking,aether_constant_emissions_no_rebound,"AETHER, constant emissions",nonco2_delay_aerosol_unmasking,Delayed non-CO2 mitigation plus aerosol unmasking,2041,42.2,75.0,72.0,-29.8,433.370294,2.517225,1.16875,-0.35625,3.329725,1.837287,0.902191,0.894298,0.0,0.4,11,9,"FAIR-ready input scaffold, not a FAIR run; species-level non-CO2 and aerosol emissions remain missing."
aether_constant_emissions_no_rebound__nonco2_delay_aerosol_unmasking,aether_constant_emissions_no_rebound,"AETHER, constant emissions",nonco2_delay_aerosol_unmasking,Delayed non-CO2 mitigation plus aerosol unmasking,2042,42.2,80.0,76.8,-34.6,429.345504,2.464323,1.166667,-0.333333,3.297656,1.837493,0.911074,0.888342,0.0,0.4,11,9,"FAIR-ready input scaffold, not a FAIR run; species-level non-CO2 and aerosol emissions remain missing."
aether_constant_emissions_no_rebound__nonco2_delay_aerosol_unmasking,aether_constant_emissions_no_rebound,"AETHER, constant emissions",nonco2_delay_aerosol_unmasking,Delayed non-CO2 mitigation plus aerosol unmasking,2043,42.2,85.0,81.6,-39.4,424.901236,2.405328,1.164583,-0.310417,3.259494,1.835183,0.919875,0.880098,0.0,0.4,11,9,"FAIR-ready input scaffold, not a FAIR run; species-level non-CO2 and aerosol emissions remain missing."
aether_constant_emissions_no_rebound__nonco2_delay_aerosol_unmasking,aether_constant_emissions_no_rebound,"AETHER, constant emissions",nonco2_delay_aerosol_unmasking,Delayed non-CO2 mitigation plus aerosol unmasking,2044,42.2,90.0,86.4,-44.2,420.043995,2.34014,1.1625,-0.2875,3.21514,1.830309,0.928571,0.869542,0.0,0.4,11,9,"FAIR-ready input scaffold, not a FAIR run; species-level non-CO2 and aerosol emissions remain missing."
aether_constant_emissions_no_rebound__nonco2_delay_aerosol_unmasking,aether_constant_emissions_no_rebound,"AETHER, constant emissions",nonco2_delay_aerosol_unmasking,Delayed non-CO2 mitigation plus aerosol unmasking,2045,42.2,95.0,91.2,-49.0,414.779686,2.268633,1.160417,-0.264583,3.164467,1.822818,0.937137,0.856651,0.0,0.4,11,9,"FAIR-ready input scaffold, not a FAIR run; species-level non-CO2 and aerosol emissions remain missing."
aether_constant_emissions_no_rebound__nonco2_delay_aerosol_unmasking,aether_constant_emissions_no_rebound,"AETHER, constant emissions",nonco2_delay_aerosol_unmasking,Delayed non-CO2 mitigation plus aerosol unmasking,2046,42.2,100.0,96.0,-53.8,409.113716,2.190649,1.158333,-0.241667,3.107316,1.812654,0.945551,0.841397,0.0,0.4,11,9,"FAIR-ready input scaffold, not a FAIR run; species-level non-CO2 and aerosol emissions remain missing."
aether_constant_emissions_no_rebound__nonco2_delay_aerosol_unmasking,aether_constant_emissions_no_rebound,"AETHER, constant emissions",nonco2_delay_aerosol_unmasking,Delayed non-CO2 mitigation plus aerosol unmasking,2047,42.2,100.0,96.0,-53.8,403.666465,2.11465,1.15625,-0.21875,3.05215,1.800472,0.953789,0.823747,0.0,0.4,11,9,"FAIR-ready input scaffold, not a FAIR run; species-level non-CO2 and aerosol emissions remain missing."
aether_constant_emissions_no_rebound__nonco2_delay_aerosol_unmasking,aether_constant_emissions_no_rebound,"AETHER, constant emissions",nonco2_delay_aerosol_unmasking,Delayed non-CO2 mitigation plus aerosol unmasking,2048,42.2,100.0,96.0,-53.8,398.402292,2.040224,1.154167,-0.195833,2.998558,1.786772,0.961832,0.80435,0.0,0.4,11,9,"FAIR-ready input scaffold, not a FAIR run; species-level non-CO2 and aerosol emissions remain missing."
aether_constant_emissions_no_rebound__nonco2_delay_aerosol_unmasking,aether_constant_emissions_no_rebound,"AETHER, constant emissions",nonco2_delay_aerosol_unmasking,Delayed non-CO2 mitigation plus aerosol unmasking,2049,42.2,100.0,96.0,-53.8,393.292703,1.967038,1.152083,-0.172917,2.946205,1.771925,0.969669,0.783692,0.0,0.4,11,9,"FAIR-ready input scaffold, not a FAIR run; species-level non-CO2 and aerosol emissions remain missing."
aether_constant_emissions_no_rebound__nonco2_delay_aerosol_unmasking,aether_constant_emissions_no_rebound,"AETHER, constant emissions",nonco2_delay_aerosol_unmasking,Delayed non-CO2 mitigation plus aerosol unmasking,2050,42.2,100.0,96.0,-53.8,388.314876,1.894818,1.15,-0.15,2.894818,1.756213,0.97729,0.762143,0.0,0.4,11,9,"FAIR-ready input scaffold, not a FAIR run; species-level non-CO2 and aerosol emissions remain missing."
aether_constant_emissions_no_rebound__nonco2_delay_aerosol_unmasking,aether_constant_emissions_no_rebound,"AETHER, constant emissions",nonco2_delay_aerosol_unmasking,Delayed non-CO2 mitigation plus aerosol unmasking,2051,42.2,100.0,96.0,-53.8,383.450492,1.823345,1.148,-0.148,2.823345,1.738107,0.98469,0.739976,0.0,0.4,11,9,"FAIR-ready input scaffold, not a FAIR run; species-level non-CO2 and aerosol emissions remain missing."
aether_constant_emissions_no_rebound__nonco2_delay_aerosol_unmasking,aether_constant_emissions_no_rebound,"AETHER, constant emissions",nonco2_delay_aerosol_unmasking,Delayed non-CO2 mitigation plus aerosol unmasking,2052,42.2,100.0,96.0,-53.8,378.684803,1.752437,1.146,-0.146,2.752437,1.718088,0.991848,0.715746,0.0,0.4,11,9,"FAIR-ready input scaffold, not a FAIR run; species-level non-CO2 and aerosol emissions remain missing."
aether_constant_emissions_no_rebound__nonco2_delay_aerosol_unmasking,aether_constant_emissions_no_rebound,"AETHER, constant emissions",nonco2_delay_aerosol_unmasking,Delayed non-CO2 mitigation plus aerosol unmasking,2053,42.2,100.0,96.0,-53.8,374.005905,1.681946,1.144,-0.144,2.681946,1.696531,0.998747,0.689928,0.0,0.4,11,9,"FAIR-ready input scaffold, not a FAIR run; species-level non-CO2 and aerosol emissions remain missing."
aether_constant_emissions_no_rebound__nonco2_delay_aerosol_unmasking,aether_constant_emissions_no_rebound,"AETHER, constant emissions",nonco2_delay_aerosol_unmasking,Delayed non-CO2 mitigation plus aerosol unmasking,2054,42.2,100.0,96.0,-53.8,369.404148,1.611753,1.142,-0.142,2.611753,1.673732,1.005376,0.662895,0.0,0.4,11,9,"FAIR-ready input scaffold, not a FAIR run; species-level non-CO2 and aerosol emissions remain missing."
aether_constant_emissions_no_rebound__nonco2_delay_aerosol_unmasking,aether_constant_emissions_no_rebound,"AETHER, constant emissions",nonco2_delay_aerosol_unmasking,Delayed non-CO2 mitigation plus aerosol unmasking,2055,42.2,100.0,96.0,-53.8,364.871677,1.541756,1.14,-0.14,2.541756,1.649917,1.011725,0.634938,0.0,0.4,11,9,"FAIR-ready input scaffold, not a FAIR run; species-level non-CO2 and aerosol emissions remain missing."
aether_constant_emissions_no_rebound__nonco2_delay_aerosol_unmasking,aether_constant_emissions_no_rebound,"AETHER, constant emissions",nonco2_delay_aerosol_unmasking,Delayed non-CO2 mitigation plus aerosol unmasking,2056,42.2,100.0,96.0,-53.8,360.402066,1.471873,1.138,-0.138,2.471873,1.625267,1.017788,0.606282,0.0,0.4,11,9,"FAIR-ready input scaffold, not a FAIR run; species-level non-CO2 and aerosol emissions remain missing."
aether_constant_emissions_no_rebound__nonco2_delay_aerosol_unmasking,aether_constant_emissions_no_rebound,"AETHER, constant emissions",nonco2_delay_aerosol_unmasking,Delayed non-CO2 mitigation plus aerosol unmasking,2057,42.2,100.0,96.0,-53.8,355.990025,1.402035,1.136,-0.136,2.402035,1.59992,1.023559,0.577105,0.0,0.4,11,9,"FAIR-ready input scaffold, not a FAIR run; species-level non-CO2 and aerosol emissions remain missing."
aether_constant_emissions_no_rebound__nonco2_delay_aerosol_unmasking,aether_constant_emissions_no_rebound,"AETHER, constant emissions",nonco2_delay_aerosol_unmasking,Delayed non-CO2 mitigation plus aerosol unmasking,2058,42.2,100.0,96.0,-53.8,351.63117,1.332184,1.134,-0.134,2.332184,1.573982,1.029035,0.547543,0.0,0.4,11,9,"FAIR-ready input scaffold, not a FAIR run; species-level non-CO2 and aerosol emissions remain missing."
aether_constant_emissions_no_rebound__nonco2_delay_aerosol_unmasking,aether_constant_emissions_no_rebound,"AETHER, constant emissions",nonco2_delay_aerosol_unmasking,Delayed non-CO2 mitigation plus aerosol unmasking,2059,42.2,78.239987,75.110388,-32.910388,350.0,1.305821,1.132,-0.132,2.305821,1.551166,1.034212,0.5177,0.0,0.4,11,9,"FAIR-ready input scaffold, not a FAIR run; species-level non-CO2 and aerosol emissions remain missing."
aether_constant_emissions_no_rebound__nonco2_delay_aerosol_unmasking,aether_constant_emissions_no_rebound,"AETHER, constant emissions",nonco2_delay_aerosol_unmasking,Delayed non-CO2 mitigation plus aerosol unmasking,2060,42.2,63.939383,61.381807,-19.181807,350.0,1.305821,1.13,-0.13,2.305821,1.533056,1.039123,0.491106,0.0,0.4,11,9,"FAIR-ready input scaffold, not a FAIR run; species-level non-CO2 and aerosol emissions remain missing."
aether_constant_emissions_no_rebound__nonco2_delay_aerosol_unmasking,aether_constant_emissions_no_rebound,"AETHER, constant emissions",nonco2_delay_aerosol_unmasking,Delayed non-CO2 mitigation plus aerosol unmasking,2061,42.2,62.197387,59.709491,-17.509491,350.0,1.305821,1.128,-0.128,2.305821,1.518746,1.043815,0.469237,0.0,0.4,11,9,"FAIR-ready input scaffold, not a FAIR run; species-level non-CO2 and aerosol emissions remain missing."
aether_constant_emissions_no_rebound__nonco2_delay_aerosol_unmasking,aether_constant_emissions_no_rebound,"AETHER, constant emissions",nonco2_delay_aerosol_unmasking,Delayed non-CO2 mitigation plus aerosol unmasking,2062,42.2,60.705139,58.276934,-16.076934,350.0,1.305821,1.126,-0.126,2.305821,1.507503,1.048327,0.451185,0.0,0.4,11,9,"FAIR-ready input scaffold, not a FAIR run; species-level non-CO2 and aerosol emissions remain missing."
aether_constant_emissions_no_rebound__nonco2_delay_aerosol_unmasking,aether_constant_emissions_no_rebound,"AETHER, constant emissions",nonco2_delay_aerosol_unmasking,Delayed non-CO2 mitigation plus aerosol unmasking,2063,42.2,59.424595,57.047611,-14.847611,350.0,1.305821,1.124,-0.124,2.305821,1.498734,1.052689,0.436217,0.0,0.4,11,9,"FAIR-ready input scaffold, not a FAIR run; species-level non-CO2 and aerosol emissions remain missing."
aether_constant_emissions_no_rebound__nonco2_delay_aerosol_unmasking,aether_constant_emissions_no_rebound,"AETHER, constant emissions",nonco2_delay_aerosol_unmasking,Delayed non-CO2 mitigation plus aerosol unmasking,2064,42.2,58.323545,55.990603,-13.790603,350.0,1.305821,1.122,-0.122,2.305821,1.491962,1.056927,0.423743,0.0,0.4,11,9,"FAIR-ready input scaffold, not a FAIR run; species-level non-CO2 and aerosol emissions remain missing."
aether_constant_emissions_no_rebound__nonco2_delay_aerosol_unmasking,aether_constant_emissions_no_rebound,"AETHER, constant emissions",nonco2_delay_aerosol_unmasking,Delayed non-CO2 mitigation plus aerosol unmasking,2065,42.2,57.374717,55.079729,-12.879729,350.0,1.305821,1.12,-0.12,2.305821,1.486801,1.061059,0.413284,0.0,0.4,11,9,"FAIR-ready input scaffold, not a FAIR run; species-level non-CO2 and aerosol emissions remain missing."
aether_constant_emissions_no_rebound__nonco2_delay_aerosol_unmasking,aether_constant_emissions_no_rebound,"AETHER, constant emissions",nonco2_delay_aerosol_unmasking,Delayed non-CO2 mitigation plus aerosol unmasking,2066,42.2,56.555023,54.292822,-12.092822,350.0,1.305821,1.118,-0.118,2.305821,1.482939,1.065104,0.404455,0.0,0.4,11,9,"FAIR-ready input scaffold, not a FAIR run; species-level non-CO2 and aerosol emissions remain missing."
aether_constant_emissions_no_rebound__nonco2_delay_aerosol_unmasking,aether_constant_emissions_no_rebound,"AETHER, constant emissions",nonco2_delay_aerosol_unmasking,Delayed non-CO2 mitigation plus aerosol unmasking,2067,42.2,55.84491,53.611114,-11.411114,350.0,1.305821,1.116,-0.116,2.305821,1.480125,1.069073,0.396944,0.0,0.4,11,9,"FAIR-ready input scaffold, not a FAIR run; species-level non-CO2 and aerosol emissions remain missing."
aether_constant_emissions_no_rebound__nonco2_delay_aerosol_unmasking,aether_constant_emissions_no_rebound,"AETHER, constant emissions",nonco2_delay_aerosol_unmasking,Delayed non-CO2 mitigation plus aerosol unmasking,2068,42.2,55.227827,53.018714,-10.818714,350.0,1.305821,1.114,-0.114,2.305821,1.478155,1.072978,0.390499,0.0,0.4,11,9,"FAIR-ready input scaffold, not a FAIR run; species-level non-CO2 and aerosol emissions remain missing."
aether_constant_emissions_no_rebound__nonco2_delay_aerosol_unmasking,aether_constant_emissions_no_rebound,"AETHER, constant emissions",nonco2_delay_aerosol_unmasking,Delayed non-CO2 mitigation plus aerosol unmasking,2069,42.2,54.689754,52.502163,-10.302163,350.0,1.305821,1.112,-0.112,2.305821,1.476865,1.076827,0.384918,0.0,0.4,11,9,"FAIR-ready input scaffold, not a FAIR run; species-level non-CO2 and aerosol emissions remain missing."
aether_constant_emissions_no_rebound__nonco2_delay_aerosol_unmasking,aether_constant_emissions_no_rebound,"AETHER, constant emissions",nonco2_delay_aerosol_unmasking,Delayed non-CO2 mitigation plus aerosol unmasking,2070,42.2,54.218821,52.050068,-9.850068,350.0,1.305821,1.11,-0.11,2.305821,1.476123,1.080628,0.380035,0.0,0.4,11,9,"FAIR-ready input scaffold, not a FAIR run; species-level non-CO2 and aerosol emissions remain missing."
aether_constant_emissions_no_rebound__nonco2_delay_aerosol_unmasking,aether_constant_emissions_no_rebound,"AETHER, constant emissions",nonco2_delay_aerosol_unmasking,Delayed non-CO2 mitigation plus aerosol unmasking,2071,42.2,53.804975,51.652776,-9.452776,350.0,1.305821,1.108,-0.108,2.305821,1.475821,1.084385,0.37572,0.0,0.4,11,9,"FAIR-ready input scaffold, not a FAIR run; species-level non-CO2 and aerosol emissions remain missing."
aether_constant_emissions_no_rebound__nonco2_delay_aerosol_unmasking,aether_constant_emissions_no_rebound,"AETHER, constant emissions",nonco2_delay_aerosol_unmasking,Delayed non-CO2 mitigation plus aerosol unmasking,2072,42.2,53.439703,51.302115,-9.102115,350.0,1.305821,1.106,-0.106,2.305821,1.475874,1.088104,0.371864,0.0,0.4,11,9,"FAIR-ready input scaffold, not a FAIR run; species-level non-CO2 and aerosol emissions remain missing."
aether_constant_emissions_no_rebound__nonco2_delay_aerosol_unmasking,aether_constant_emissions_no_rebound,"AETHER, constant emissions",nonco2_delay_aerosol_unmasking,Delayed non-CO2 mitigation plus aerosol unmasking,2073,42.2,53.115794,50.991162,-8.791162,350.0,1.305821,1.104,-0.104,2.305821,1.476211,1.091788,0.368381,0.0,0.4,11,9,"FAIR-ready input scaffold, not a FAIR run; species-level non-CO2 and aerosol emissions remain missing."
aether_constant_emissions_no_rebound__nonco2_delay_aerosol_unmasking,aether_constant_emissions_no_rebound,"AETHER, constant emissions",nonco2_delay_aerosol_unmasking,Delayed non-CO2 mitigation plus aerosol unmasking,2074,42.2,52.827137,50.714052,-8.514052,350.0,1.305821,1.102,-0.102,2.305821,1.476776,1.09544,0.365202,0.0,0.4,11,9,"FAIR-ready input scaffold, not a FAIR run; species-level non-CO2 and aerosol emissions remain missing."
aether_constant_emissions_no_rebound__nonco2_delay_aerosol_unmasking,aether_constant_emissions_no_rebound,"AETHER, constant emissions",nonco2_delay_aerosol_unmasking,Delayed non-CO2 mitigation plus aerosol unmasking,2075,42.2,52.56856,50.465817,-8.265817,350.0,1.305821,1.1,-0.1,2.305821,1.477524,1.099062,0.36227,0.0,0.4,11,9,"FAIR-ready input scaffold, not a FAIR run; species-level non-CO2 and aerosol emissions remain missing."
aether_constant_emissions_no_rebound__nonco2_delay_aerosol_unmasking,aether_constant_emissions_no_rebound,"AETHER, constant emissions",nonco2_delay_aerosol_unmasking,Delayed non-CO2 mitigation plus aerosol unmasking,2076,42.2,52.335676,50.242249,-8.042249,350.0,1.305821,1.098,-0.098,2.305821,1.478418,1.102658,0.359539,0.0,0.4,11,9,"FAIR-ready input scaffold, not a FAIR run; species-level non-CO2 and aerosol emissions remain missing."
aether_constant_emissions_no_rebound__nonco2_delay_aerosol_unmasking,aether_constant_emissions_no_rebound,"AETHER, constant emissions",nonco2_delay_aerosol_unmasking,Delayed non-CO2 mitigation plus aerosol unmasking,2077,42.2,52.124771,50.03978,-7.83978,350.0,1.305821,1.096,-0.096,2.305821,1.479428,1.106227,0.356972,0.0,0.4,11,9,"FAIR-ready input scaffold, not a FAIR run; species-level non-CO2 and aerosol emissions remain missing."
aether_constant_emissions_no_rebound__nonco2_delay_aerosol_unmasking,aether_constant_emissions_no_rebound,"AETHER, constant emissions",nonco2_delay_aerosol_unmasking,Delayed non-CO2 mitigation plus aerosol unmasking,2078,42.2,51.932696,49.855388,-7.655388,350.0,1.305821,1.094,-0.094,2.305821,1.48053,1.109773,0.354541,0.0,0.4,11,9,"FAIR-ready input scaffold, not a FAIR run; species-level non-CO2 and aerosol emissions remain missing."
aether_constant_emissions_no_rebound__nonco2_delay_aerosol_unmasking,aether_constant_emissions_no_rebound,"AETHER, constant emissions",nonco2_delay_aerosol_unmasking,Delayed non-CO2 mitigation plus aerosol unmasking,2079,42.2,51.75678,49.686509,-7.486509,350.0,1.305821,1.092,-0.092,2.305821,1.481706,1.113295,0.35222,0.0,0.4,11,9,"FAIR-ready input scaffold, not a FAIR run; species-level non-CO2 and aerosol emissions remain missing."
aether_constant_emissions_no_rebound__nonco2_delay_aerosol_unmasking,aether_constant_emissions_no_rebound,"AETHER, constant emissions",nonco2_delay_aerosol_unmasking,Delayed non-CO2 mitigation plus aerosol unmasking,2080,42.2,51.594762,49.530971,-7.330971,350.0,1.305821,1.09,-0.09,2.305821,1.482939,1.116795,0.34999,0.0,0.4,11,9,"FAIR-ready input scaffold, not a FAIR run; species-level non-CO2 and aerosol emissions remain missing."
aether_constant_emissions_no_rebound__nonco2_delay_aerosol_unmasking,aether_constant_emissions_no_rebound,"AETHER, constant emissions",nonco2_delay_aerosol_unmasking,Delayed non-CO2 mitigation plus aerosol unmasking,2081,42.2,51.44472,49.386931,-7.186931,350.0,1.305821,1.088,-0.088,2.305821,1.484217,1.120273,0.347837,0.0,0.4,11,9,"FAIR-ready input scaffold, not a FAIR run; species-level non-CO2 and aerosol emissions remain missing."
aether_constant_emissions_no_rebound__nonco2_delay_aerosol_unmasking,aether_constant_emissions_no_rebound,"AETHER, constant emissions",nonco2_delay_aerosol_unmasking,Delayed non-CO2 mitigation plus aerosol unmasking,2082,42.2,51.305027,49.252826,-7.052826,350.0,1.305821,1.086,-0.086,2.305821,1.485529,1.123731,0.345746,0.0,0.4,11,9,"FAIR-ready input scaffold, not a FAIR run; species-level non-CO2 and aerosol emissions remain missing."
aether_constant_emissions_no_rebound__nonco2_delay_aerosol_unmasking,aether_constant_emissions_no_rebound,"AETHER, constant emissions",nonco2_delay_aerosol_unmasking,Delayed non-CO2 mitigation plus aerosol unmasking,2083,42.2,51.174301,49.127329,-6.927329,350.0,1.305821,1.084,-0.084,2.305821,1.486868,1.127168,0.343709,0.0,0.4,11,9,"FAIR-ready input scaffold, not a FAIR run; species-level non-CO2 and aerosol emissions remain missing."
aether_constant_emissions_no_rebound__nonco2_delay_aerosol_unmasking,aether_constant_emissions_no_rebound,"AETHER, constant emissions",nonco2_delay_aerosol_unmasking,Delayed non-CO2 mitigation plus aerosol unmasking,2084,42.2,51.051368,49.009313,-6.809313,350.0,1.305821,1.082,-0.082,2.305821,1.488227,1.130585,0.341716,0.0,0.4,11,9,"FAIR-ready input scaffold, not a FAIR run; species-level non-CO2 and aerosol emissions remain missing."
aether_constant_emissions_no_rebound__nonco2_delay_aerosol_unmasking,aether_constant_emissions_no_rebound,"AETHER, constant emissions",nonco2_delay_aerosol_unmasking,Delayed non-CO2 mitigation plus aerosol unmasking,2085,42.2,50.935232,48.897822,-6.697822,350.0,1.305821,1.08,-0.08,2.305821,1.489601,1.133983,0.33976,0.0,0.4,11,9,"FAIR-ready input scaffold, not a FAIR run; species-level non-CO2 and aerosol emissions remain missing."
aether_constant_emissions_no_rebound__nonco2_delay_aerosol_unmasking,aether_constant_emissions_no_rebound,"AETHER, constant emissions",nonco2_delay_aerosol_unmasking,Delayed non-CO2 mitigation plus aerosol unmasking,2086,42.2,50.825045,48.792043,-6.592043,350.0,1.305821,1.078,-0.078,2.305821,1.490985,1.137361,0.337838,0.0,0.4,11,9,"FAIR-ready input scaffold, not a FAIR run; species-level non-CO2 and aerosol emissions remain missing."
aether_constant_emissions_no_rebound__nonco2_delay_aerosol_unmasking,aether_constant_emissions_no_rebound,"AETHER, constant emissions",nonco2_delay_aerosol_unmasking,Delayed non-CO2 mitigation plus aerosol unmasking,2087,42.2,50.720088,48.691284,-6.491284,350.0,1.305821,1.076,-0.076,2.305821,1.492376,1.14072,0.335943,0.0,0.4,11,9,"FAIR-ready input scaffold, not a FAIR run; species-level non-CO2 and aerosol emissions remain missing."
aether_constant_emissions_no_rebound__nonco2_delay_aerosol_unmasking,aether_constant_emissions_no_rebound,"AETHER, constant emissions",nonco2_delay_aerosol_unmasking,Delayed non-CO2 mitigation plus aerosol unmasking,2088,42.2,50.619747,48.594957,-6.394957,350.0,1.305821,1.074,-0.074,2.305821,1.49377,1.144061,0.334072,0.0,0.4,11,9,"FAIR-ready input scaffold, not a FAIR run; species-level non-CO2 and aerosol emissions remain missing."
aether_constant_emissions_no_rebound__nonco2_delay_aerosol_unmasking,aether_constant_emissions_no_rebound,"AETHER, constant emissions",nonco2_delay_aerosol_unmasking,Delayed non-CO2 mitigation plus aerosol unmasking,2089,42.2,50.523501,48.502561,-6.302561,350.0,1.305821,1.072,-0.072,2.305821,1.495167,1.147383,0.332224,0.0,0.4,11,9,"FAIR-ready input scaffold, not a FAIR run; species-level non-CO2 and aerosol emissions remain missing."
aether_constant_emissions_no_rebound__nonco2_delay_aerosol_unmasking,aether_constant_emissions_no_rebound,"AETHER, constant emissions",nonco2_delay_aerosol_unmasking,Delayed non-CO2 mitigation plus aerosol unmasking,2090,42.2,50.430904,48.413668,-6.213668,350.0,1.305821,1.07,-0.07,2.305821,1.496563,1.150687,0.330394,0.0,0.4,11,9,"FAIR-ready input scaffold, not a FAIR run; species-level non-CO2 and aerosol emissions remain missing."
aether_constant_emissions_no_rebound__nonco2_delay_aerosol_unmasking,aether_constant_emissions_no_rebound,"AETHER, constant emissions",nonco2_delay_aerosol_unmasking,Delayed non-CO2 mitigation plus aerosol unmasking,2091,42.2,50.341577,48.327914,-6.127914,350.0,1.305821,1.068,-0.068,2.305821,1.497958,1.153973,0.328582,0.0,0.4,11,9,"FAIR-ready input scaffold, not a FAIR run; species-level non-CO2 and aerosol emissions remain missing."
aether_constant_emissions_no_rebound__nonco2_delay_aerosol_unmasking,aether_constant_emissions_no_rebound,"AETHER, constant emissions",nonco2_delay_aerosol_unmasking,Delayed non-CO2 mitigation plus aerosol unmasking,2092,42.2,50.255196,48.244988,-6.044988,350.0,1.305821,1.066,-0.066,2.305821,1.499351,1.157241,0.326786,0.0,0.4,11,9,"FAIR-ready input scaffold, not a FAIR run; species-level non-CO2 and aerosol emissions remain missing."
aether_constant_emissions_no_rebound__nonco2_delay_aerosol_unmasking,aether_constant_emissions_no_rebound,"AETHER, constant emissions",nonco2_delay_aerosol_unmasking,Delayed non-CO2 mitigation plus aerosol unmasking,2093,42.2,50.171482,48.164622,-5.964622,350.0,1.305821,1.064,-0.064,2.305821,1.50074,1.160491,0.325004,0.0,0.4,11,9,"FAIR-ready input scaffold, not a FAIR run; species-level non-CO2 and aerosol emissions remain missing."
aether_constant_emissions_no_rebound__nonco2_delay_aerosol_unmasking,aether_constant_emissions_no_rebound,"AETHER, constant emissions",nonco2_delay_aerosol_unmasking,Delayed non-CO2 mitigation plus aerosol unmasking,2094,42.2,50.090197,48.08659,-5.88659,350.0,1.305821,1.062,-0.062,2.305821,1.502124,1.163723,0.323236,0.0,0.4,11,9,"FAIR-ready input scaffold, not a FAIR run; species-level non-CO2 and aerosol emissions remain missing."
aether_constant_emissions_no_rebound__nonco2_delay_aerosol_unmasking,aether_constant_emissions_no_rebound,"AETHER, constant emissions",nonco2_delay_aerosol_unmasking,Delayed non-CO2 mitigation plus aerosol unmasking,2095,42.2,50.011139,48.010693,-5.810693,350.0,1.305821,1.06,-0.06,2.305821,1.503504,1.166938,0.321481,0.0,0.4,11,9,"FAIR-ready input scaffold, not a FAIR run; species-level non-CO2 and aerosol emissions remain missing."
aether_constant_emissions_no_rebound__nonco2_delay_aerosol_unmasking,aether_constant_emissions_no_rebound,"AETHER, constant emissions",nonco2_delay_aerosol_unmasking,Delayed non-CO2 mitigation plus aerosol unmasking,2096,42.2,49.93413,47.936765,-5.736765,350.0,1.305821,1.058,-0.058,2.305821,1.504879,1.170136,0.319738,0.0,0.4,11,9,"FAIR-ready input scaffold, not a FAIR run; species-level non-CO2 and aerosol emissions remain missing."
aether_constant_emissions_no_rebound__nonco2_delay_aerosol_unmasking,aether_constant_emissions_no_rebound,"AETHER, constant emissions",nonco2_delay_aerosol_unmasking,Delayed non-CO2 mitigation plus aerosol unmasking,2097,42.2,49.859019,47.864659,-5.664659,350.0,1.305821,1.056,-0.056,2.305821,1.506247,1.173316,0.318006,0.0,0.4,11,9,"FAIR-ready input scaffold, not a FAIR run; species-level non-CO2 and aerosol emissions remain missing."
aether_constant_emissions_no_rebound__nonco2_delay_aerosol_unmasking,aether_constant_emissions_no_rebound,"AETHER, constant emissions",nonco2_delay_aerosol_unmasking,Delayed non-CO2 mitigation plus aerosol unmasking,2098,42.2,49.785676,47.794249,-5.594249,350.0,1.305821,1.054,-0.054,2.305821,1.50761,1.176478,0.316285,0.0,0.4,11,9,"FAIR-ready input scaffold, not a FAIR run; species-level non-CO2 and aerosol emissions remain missing."
aether_constant_emissions_no_rebound__nonco2_delay_aerosol_unmasking,aether_constant_emissions_no_rebound,"AETHER, constant emissions",nonco2_delay_aerosol_unmasking,Delayed non-CO2 mitigation plus aerosol unmasking,2099,42.2,49.713987,47.725427,-5.525427,350.0,1.305821,1.052,-0.052,2.305821,1.508966,1.179624,0.314575,0.0,0.4,11,9,"FAIR-ready input scaffold, not a FAIR run; species-level non-CO2 and aerosol emissions remain missing."
aether_constant_emissions_no_rebound__nonco2_delay_aerosol_unmasking,aether_constant_emissions_no_rebound,"AETHER, constant emissions",nonco2_delay_aerosol_unmasking,Delayed non-CO2 mitigation plus aerosol unmasking,2100,42.2,49.643853,47.658099,-5.458099,350.0,1.305821,1.05,-0.05,2.305821,1.510316,1.182753,0.312875,0.0,0.4,11,9,"FAIR-ready input scaffold, not a FAIR run; species-level non-CO2 and aerosol emissions remain missing."
aether_constant_emissions_no_rebound__active_full_forcing_management,aether_constant_emissions_no_rebound,"AETHER, constant emissions",active_full_forcing_management,Active full-forcing management,2026,42.2,0.0,0.0,42.2,433.940256,2.524677,1.2,-0.7,3.024677,1.613376,0.772719,0.795947,0.0,0.4,11,9,"FAIR-ready input scaffold, not a FAIR run; species-level non-CO2 and aerosol emissions remain missing."
aether_constant_emissions_no_rebound__active_full_forcing_management,aether_constant_emissions_no_rebound,"AETHER, constant emissions",active_full_forcing_management,Active full-forcing management,2027,42.2,5.0,4.8,37.4,438.380892,2.582403,1.172917,-0.677083,3.078236,1.627217,0.780705,0.798624,0.0,0.4,11,9,"FAIR-ready input scaffold, not a FAIR run; species-level non-CO2 and aerosol emissions remain missing."
aether_constant_emissions_no_rebound__active_full_forcing_management,aether_constant_emissions_no_rebound,"AETHER, constant emissions",active_full_forcing_management,Active full-forcing management,2028,42.2,10.0,9.6,32.6,441.957576,2.628474,1.145833,-0.654167,3.120141,1.642575,0.788747,0.804186,0.0,0.4,11,9,"FAIR-ready input scaffold, not a FAIR run; species-level non-CO2 and aerosol emissions remain missing."
aether_constant_emissions_no_rebound__active_full_forcing_management,aether_constant_emissions_no_rebound,"AETHER, constant emissions",active_full_forcing_management,Active full-forcing management,2029,42.2,15.0,14.4,27.8,444.755187,2.664251,1.11875,-0.63125,3.151751,1.658312,0.796859,0.811137,0.0,0.4,11,9,"FAIR-ready input scaffold, not a FAIR run; species-level non-CO2 and aerosol emissions remain missing."
aether_constant_emissions_no_rebound__active_full_forcing_management,aether_constant_emissions_no_rebound,"AETHER, constant emissions",active_full_forcing_management,Active full-forcing management,2030,42.2,20.0,19.2,23.0,446.842099,2.690793,1.091667,-0.608333,3.174127,1.673592,0.805042,0.818381,0.0,0.4,11,9,"FAIR-ready input scaffold, not a FAIR run; species-level non-CO2 and aerosol emissions remain missing."
aether_constant_emissions_no_rebound__active_full_forcing_management,aether_constant_emissions_no_rebound,"AETHER, constant emissions",active_full_forcing_management,Active full-forcing management,2031,42.2,25.0,24.0,18.2,448.273574,2.708928,1.064583,-0.585417,3.188094,1.687806,0.813294,0.825122,0.0,0.4,11,9,"FAIR-ready input scaffold, not a FAIR run; species-level non-CO2 and aerosol emissions remain missing."
aether_constant_emissions_no_rebound__active_full_forcing_management,aether_constant_emissions_no_rebound,"AETHER, constant emissions",active_full_forcing_management,Active full-forcing management,2032,42.2,30.0,28.8,13.4,449.094455,2.719301,1.0375,-0.5625,3.194301,1.700513,0.821601,0.830787,0.0,0.4,11,9,"FAIR-ready input scaffold, not a FAIR run; species-level non-CO2 and aerosol emissions remain missing."
aether_constant_emissions_no_rebound__active_full_forcing_management,aether_constant_emissions_no_rebound,"AETHER, constant emissions",active_full_forcing_management,Active full-forcing management,2033,42.2,35.0,33.6,8.6,449.341295,2.722416,1.010417,-0.539583,3.19325,1.711397,0.829951,0.834966,0.0,0.4,11,9,"FAIR-ready input scaffold, not a FAIR run; species-level non-CO2 and aerosol emissions remain missing."
aether_constant_emissions_no_rebound__active_full_forcing_management,aether_constant_emissions_no_rebound,"AETHER, constant emissions",active_full_forcing_management,Active full-forcing management,2034,42.2,40.0,38.4,3.8,449.044057,2.718664,0.983333,-0.516667,3.185331,1.720233,0.838325,0.837374,0.0,0.4,11,9,"FAIR-ready input scaffold, not a FAIR run; species-level non-CO2 and aerosol emissions remain missing."
aether_constant_emissions_no_rebound__active_full_forcing_management,aether_constant_emissions_no_rebound,"AETHER, constant emissions",active_full_forcing_management,Active full-forcing management,2035,42.2,45.0,43.2,-1.0,448.227451,2.708344,0.95625,-0.49375,3.170844,1.72686,0.846703,0.837813,0.0,0.4,11,9,"FAIR-ready input scaffold, not a FAIR run; species-level non-CO2 and aerosol emissions remain missing."
aether_constant_emissions_no_rebound__active_full_forcing_management,aether_constant_emissions_no_rebound,"AETHER, constant emissions",active_full_forcing_management,Active full-forcing management,2036,42.2,50.0,48.0,-5.8,446.912001,2.69168,0.929167,-0.470833,3.150014,1.731167,0.855064,0.836149,0.0,0.4,11,9,"FAIR-ready input scaffold, not a FAIR run; species-level non-CO2 and aerosol emissions remain missing."
aether_constant_emissions_no_rebound__active_full_forcing_management,aether_constant_emissions_no_rebound,"AETHER, constant emissions",active_full_forcing_management,Active full-forcing management,2037,42.2,55.0,52.8,-10.6,445.114886,2.668835,0.902083,-0.447917,3.123002,1.733073,0.863387,0.832297,0.0,0.4,11,9,"FAIR-ready input scaffold, not a FAIR run; species-level non-CO2 and aerosol emissions remain missing."
aether_constant_emissions_no_rebound__active_full_forcing_management,aether_constant_emissions_no_rebound,"AETHER, constant emissions",active_full_forcing_management,Active full-forcing management,2038,42.2,60.0,57.6,-15.4,442.850616,2.63992,0.875,-0.425,3.08992,1.732522,0.871649,0.826201,0.0,0.4,11,9,"FAIR-ready input scaffold, not a FAIR run; species-level non-CO2 and aerosol emissions remain missing."
aether_constant_emissions_no_rebound__active_full_forcing_management,aether_constant_emissions_no_rebound,"AETHER, constant emissions",active_full_forcing_management,Active full-forcing management,2039,42.2,65.0,62.4,-20.2,440.131558,2.605,0.847917,-0.402083,3.050834,1.729472,0.879828,0.817829,0.0,0.4,11,9,"FAIR-ready input scaffold, not a FAIR run; species-level non-CO2 and aerosol emissions remain missing."
aether_constant_emissions_no_rebound__active_full_forcing_management,aether_constant_emissions_no_rebound,"AETHER, constant emissions",active_full_forcing_management,Active full-forcing management,2040,42.2,70.0,67.2,-25.0,436.968362,2.564105,0.820833,-0.379167,3.005771,1.723889,0.887899,0.807162,0.0,0.4,11,9,"FAIR-ready input scaffold, not a FAIR run; species-level non-CO2 and aerosol emissions remain missing."
aether_constant_emissions_no_rebound__active_full_forcing_management,aether_constant_emissions_no_rebound,"AETHER, constant emissions",active_full_forcing_management,Active full-forcing management,2041,42.2,75.0,72.0,-29.8,433.370294,2.517225,0.79375,-0.35625,2.954725,1.715742,0.895841,0.79419,0.0,0.4,11,9,"FAIR-ready input scaffold, not a FAIR run; species-level non-CO2 and aerosol emissions remain missing."
aether_constant_emissions_no_rebound__active_full_forcing_management,aether_constant_emissions_no_rebound,"AETHER, constant emissions",active_full_forcing_management,Active full-forcing management,2042,42.2,80.0,76.8,-34.6,429.345504,2.464323,0.766667,-0.333333,2.897656,1.705003,0.90363,0.778906,0.0,0.4,11,9,"FAIR-ready input scaffold, not a FAIR run; species-level non-CO2 and aerosol emissions remain missing."
aether_constant_emissions_no_rebound__active_full_forcing_management,aether_constant_emissions_no_rebound,"AETHER, constant emissions",active_full_forcing_management,Active full-forcing management,2043,42.2,85.0,81.6,-39.4,424.901236,2.405328,0.739583,-0.310417,2.834494,1.691639,0.911243,0.761304,0.0,0.4,11,9,"FAIR-ready input scaffold, not a FAIR run; species-level non-CO2 and aerosol emissions remain missing."
aether_constant_emissions_no_rebound__active_full_forcing_management,aether_constant_emissions_no_rebound,"AETHER, constant emissions",active_full_forcing_management,Active full-forcing management,2044,42.2,90.0,86.4,-44.2,420.043995,2.34014,0.7125,-0.2875,2.76514,1.675616,0.918657,0.741376,0.0,0.4,11,9,"FAIR-ready input scaffold, not a FAIR run; species-level non-CO2 and aerosol emissions remain missing."
aether_constant_emissions_no_rebound__active_full_forcing_management,aether_constant_emissions_no_rebound,"AETHER, constant emissions",active_full_forcing_management,Active full-forcing management,2045,42.2,95.0,91.2,-49.0,414.779686,2.268633,0.685417,-0.264583,2.689467,1.656891,0.925848,0.719111,0.0,0.4,11,9,"FAIR-ready input scaffold, not a FAIR run; species-level non-CO2 and aerosol emissions remain missing."
aether_constant_emissions_no_rebound__active_full_forcing_management,aether_constant_emissions_no_rebound,"AETHER, constant emissions",active_full_forcing_management,Active full-forcing management,2046,42.2,100.0,96.0,-53.8,409.113716,2.190649,0.658333,-0.241667,2.607316,1.635416,0.932793,0.69449,0.0,0.4,11,9,"FAIR-ready input scaffold, not a FAIR run; species-level non-CO2 and aerosol emissions remain missing."
aether_constant_emissions_no_rebound__active_full_forcing_management,aether_constant_emissions_no_rebound,"AETHER, constant emissions",active_full_forcing_management,Active full-forcing management,2047,42.2,100.0,96.0,-53.8,403.666465,2.11465,0.63125,-0.21875,2.52715,1.611854,0.939468,0.667491,0.0,0.4,11,9,"FAIR-ready input scaffold, not a FAIR run; species-level non-CO2 and aerosol emissions remain missing."
aether_constant_emissions_no_rebound__active_full_forcing_management,aether_constant_emissions_no_rebound,"AETHER, constant emissions",active_full_forcing_management,Active full-forcing management,2048,42.2,100.0,96.0,-53.8,398.402292,2.040224,0.604167,-0.195833,2.448558,1.586709,0.945856,0.638767,0.0,0.4,11,9,"FAIR-ready input scaffold, not a FAIR run; species-level non-CO2 and aerosol emissions remain missing."
aether_constant_emissions_no_rebound__active_full_forcing_management,aether_constant_emissions_no_rebound,"AETHER, constant emissions",active_full_forcing_management,Active full-forcing management,2049,42.2,100.0,96.0,-53.8,393.292703,1.967038,0.577083,-0.172917,2.371205,1.56036,0.951944,0.608811,0.0,0.4,11,9,"FAIR-ready input scaffold, not a FAIR run; species-level non-CO2 and aerosol emissions remain missing."
aether_constant_emissions_no_rebound__active_full_forcing_management,aether_constant_emissions_no_rebound,"AETHER, constant emissions",active_full_forcing_management,Active full-forcing management,2050,42.2,100.0,96.0,-53.8,388.314876,1.894818,0.55,-0.15,2.294818,1.533089,0.957724,0.577995,0.0,0.4,11,9,"FAIR-ready input scaffold, not a FAIR run; species-level non-CO2 and aerosol emissions remain missing."
aether_constant_emissions_no_rebound__active_full_forcing_management,aether_constant_emissions_no_rebound,"AETHER, constant emissions",active_full_forcing_management,Active full-forcing management,2051,42.2,100.0,96.0,-53.8,383.450492,1.823345,0.543,-0.147,2.219345,1.505123,0.96319,0.546597,0.0,0.4,11,9,"FAIR-ready input scaffold, not a FAIR run; species-level non-CO2 and aerosol emissions remain missing."
aether_constant_emissions_no_rebound__active_full_forcing_management,aether_constant_emissions_no_rebound,"AETHER, constant emissions",active_full_forcing_management,Active full-forcing management,2052,42.2,100.0,96.0,-53.8,378.684803,1.752437,0.536,-0.144,2.144437,1.476613,0.968338,0.514836,0.0,0.4,11,9,"FAIR-ready input scaffold, not a FAIR run; species-level non-CO2 and aerosol emissions remain missing."
aether_constant_emissions_no_rebound__active_full_forcing_management,aether_constant_emissions_no_rebound,"AETHER, constant emissions",active_full_forcing_management,Active full-forcing management,2053,42.2,100.0,96.0,-53.8,374.005905,1.681946,0.529,-0.141,2.069946,1.447673,0.973167,0.482861,0.0,0.4,11,9,"FAIR-ready input scaffold, not a FAIR run; species-level non-CO2 and aerosol emissions remain missing."
aether_constant_emissions_no_rebound__active_full_forcing_management,aether_constant_emissions_no_rebound,"AETHER, constant emissions",active_full_forcing_management,Active full-forcing management,2054,42.2,100.0,96.0,-53.8,369.404148,1.611753,0.522,-0.138,1.995753,1.418383,0.977675,0.450781,0.0,0.4,11,9,"FAIR-ready input scaffold, not a FAIR run; species-level non-CO2 and aerosol emissions remain missing."
aether_constant_emissions_no_rebound__active_full_forcing_management,aether_constant_emissions_no_rebound,"AETHER, constant emissions",active_full_forcing_management,Active full-forcing management,2055,42.2,100.0,96.0,-53.8,364.871677,1.541756,0.515,-0.135,1.921756,1.3888,0.981861,0.418673,0.0,0.4,11,9,"FAIR-ready input scaffold, not a FAIR run; species-level non-CO2 and aerosol emissions remain missing."
aether_constant_emissions_no_rebound__active_full_forcing_management,aether_constant_emissions_no_rebound,"AETHER, constant emissions",active_full_forcing_management,Active full-forcing management,2056,42.2,100.0,96.0,-53.8,360.402066,1.471873,0.508,-0.132,1.847873,1.358963,0.985727,0.386592,0.0,0.4,11,9,"FAIR-ready input scaffold, not a FAIR run; species-level non-CO2 and aerosol emissions remain missing."
aether_constant_emissions_no_rebound__active_full_forcing_management,aether_constant_emissions_no_rebound,"AETHER, constant emissions",active_full_forcing_management,Active full-forcing management,2057,42.2,100.0,96.0,-53.8,355.990025,1.402035,0.501,-0.129,1.774035,1.328898,0.989273,0.354574,0.0,0.4,11,9,"FAIR-ready input scaffold, not a FAIR run; species-level non-CO2 and aerosol emissions remain missing."
aether_constant_emissions_no_rebound__active_full_forcing_management,aether_constant_emissions_no_rebound,"AETHER, constant emissions",active_full_forcing_management,Active full-forcing management,2058,42.2,100.0,96.0,-53.8,351.63117,1.332184,0.494,-0.126,1.700184,1.298621,0.992499,0.322644,0.0,0.4,11,9,"FAIR-ready input scaffold, not a FAIR run; species-level non-CO2 and aerosol emissions remain missing."
aether_constant_emissions_no_rebound__active_full_forcing_management,aether_constant_emissions_no_rebound,"AETHER, constant emissions",active_full_forcing_management,Active full-forcing management,2059,42.2,78.239987,75.110388,-32.910388,350.0,1.305821,0.487,-0.123,1.669821,1.271772,0.995408,0.290816,0.0,0.4,11,9,"FAIR-ready input scaffold, not a FAIR run; species-level non-CO2 and aerosol emissions remain missing."
aether_constant_emissions_no_rebound__active_full_forcing_management,aether_constant_emissions_no_rebound,"AETHER, constant emissions",active_full_forcing_management,Active full-forcing management,2060,42.2,63.939383,61.381807,-19.181807,350.0,1.305821,0.48,-0.12,1.665821,1.249877,0.998033,0.262547,0.0,0.4,11,9,"FAIR-ready input scaffold, not a FAIR run; species-level non-CO2 and aerosol emissions remain missing."
aether_constant_emissions_no_rebound__active_full_forcing_management,aether_constant_emissions_no_rebound,"AETHER, constant emissions",active_full_forcing_management,Active full-forcing management,2061,42.2,62.197387,59.709491,-17.509491,350.0,1.305821,0.473,-0.117,1.661821,1.231979,1.000426,0.239252,0.0,0.4,11,9,"FAIR-ready input scaffold, not a FAIR run; species-level non-CO2 and aerosol emissions remain missing."
aether_constant_emissions_no_rebound__active_full_forcing_management,aether_constant_emissions_no_rebound,"AETHER, constant emissions",active_full_forcing_management,Active full-forcing management,2062,42.2,60.705139,58.276934,-16.076934,350.0,1.305821,0.466,-0.114,1.657821,1.217309,1.002625,0.219976,0.0,0.4,11,9,"FAIR-ready input scaffold, not a FAIR run; species-level non-CO2 and aerosol emissions remain missing."
aether_constant_emissions_no_rebound__active_full_forcing_management,aether_constant_emissions_no_rebound,"AETHER, constant emissions",active_full_forcing_management,Active full-forcing management,2063,42.2,59.424595,57.047611,-14.847611,350.0,1.305821,0.459,-0.111,1.653821,1.205242,1.004665,0.203949,0.0,0.4,11,9,"FAIR-ready input scaffold, not a FAIR run; species-level non-CO2 and aerosol emissions remain missing."
aether_constant_emissions_no_rebound__active_full_forcing_management,aether_constant_emissions_no_rebound,"AETHER, constant emissions",active_full_forcing_management,Active full-forcing management,2064,42.2,58.323545,55.990603,-13.790603,350.0,1.305821,0.452,-0.108,1.649821,1.195276,1.00657,0.190548,0.0,0.4,11,9,"FAIR-ready input scaffold, not a FAIR run; species-level non-CO2 and aerosol emissions remain missing."
aether_constant_emissions_no_rebound__active_full_forcing_management,aether_constant_emissions_no_rebound,"AETHER, constant emissions",active_full_forcing_management,Active full-forcing management,2065,42.2,57.374717,55.079729,-12.879729,350.0,1.305821,0.445,-0.105,1.645821,1.187004,1.008363,0.17927,0.0,0.4,11,9,"FAIR-ready input scaffold, not a FAIR run; species-level non-CO2 and aerosol emissions remain missing."
aether_constant_emissions_no_rebound__active_full_forcing_management,aether_constant_emissions_no_rebound,"AETHER, constant emissions",active_full_forcing_management,Active full-forcing management,2066,42.2,56.555023,54.292822,-12.092822,350.0,1.305821,0.438,-0.102,1.641821,1.180099,1.01006,0.169709,0.0,0.4,11,9,"FAIR-ready input scaffold, not a FAIR run; species-level non-CO2 and aerosol emissions remain missing."
aether_constant_emissions_no_rebound__active_full_forcing_management,aether_constant_emissions_no_rebound,"AETHER, constant emissions",active_full_forcing_management,Active full-forcing management,2067,42.2,55.84491,53.611114,-11.411114,350.0,1.305821,0.431,-0.099,1.637821,1.174295,1.011675,0.161537,0.0,0.4,11,9,"FAIR-ready input scaffold, not a FAIR run; species-level non-CO2 and aerosol emissions remain missing."
aether_constant_emissions_no_rebound__active_full_forcing_management,aether_constant_emissions_no_rebound,"AETHER, constant emissions",active_full_forcing_management,Active full-forcing management,2068,42.2,55.227827,53.018714,-10.818714,350.0,1.305821,0.424,-0.096,1.633821,1.169379,1.01322,0.154489,0.0,0.4,11,9,"FAIR-ready input scaffold, not a FAIR run; species-level non-CO2 and aerosol emissions remain missing."
aether_constant_emissions_no_rebound__active_full_forcing_management,aether_constant_emissions_no_rebound,"AETHER, constant emissions",active_full_forcing_management,Active full-forcing management,2069,42.2,54.689754,52.502163,-10.302163,350.0,1.305821,0.417,-0.093,1.629821,1.165178,1.014704,0.148351,0.0,0.4,11,9,"FAIR-ready input scaffold, not a FAIR run; species-level non-CO2 and aerosol emissions remain missing."
aether_constant_emissions_no_rebound__active_full_forcing_management,aether_constant_emissions_no_rebound,"AETHER, constant emissions",active_full_forcing_management,Active full-forcing management,2070,42.2,54.218821,52.050068,-9.850068,350.0,1.305821,0.41,-0.09,1.625821,1.161552,1.016133,0.14295,0.0,0.4,11,9,"FAIR-ready input scaffold, not a FAIR run; species-level non-CO2 and aerosol emissions remain missing."
aether_constant_emissions_no_rebound__active_full_forcing_management,aether_constant_emissions_no_rebound,"AETHER, constant emissions",active_full_forcing_management,Active full-forcing management,2071,42.2,53.804975,51.652776,-9.452776,350.0,1.305821,0.403,-0.087,1.621821,1.158388,1.017515,0.138147,0.0,0.4,11,9,"FAIR-ready input scaffold, not a FAIR run; species-level non-CO2 and aerosol emissions remain missing."
aether_constant_emissions_no_rebound__active_full_forcing_management,aether_constant_emissions_no_rebound,"AETHER, constant emissions",active_full_forcing_management,Active full-forcing management,2072,42.2,53.439703,51.302115,-9.102115,350.0,1.305821,0.396,-0.084,1.617821,1.155597,1.018853,0.13383,0.0,0.4,11,9,"FAIR-ready input scaffold, not a FAIR run; species-level non-CO2 and aerosol emissions remain missing."
aether_constant_emissions_no_rebound__active_full_forcing_management,aether_constant_emissions_no_rebound,"AETHER, constant emissions",active_full_forcing_management,Active full-forcing management,2073,42.2,53.115794,50.991162,-8.791162,350.0,1.305821,0.389,-0.081,1.613821,1.153104,1.020152,0.129907,0.0,0.4,11,9,"FAIR-ready input scaffold, not a FAIR run; species-level non-CO2 and aerosol emissions remain missing."
aether_constant_emissions_no_rebound__active_full_forcing_management,aether_constant_emissions_no_rebound,"AETHER, constant emissions",active_full_forcing_management,Active full-forcing management,2074,42.2,52.827137,50.714052,-8.514052,350.0,1.305821,0.382,-0.078,1.609821,1.15085,1.021415,0.126304,0.0,0.4,11,9,"FAIR-ready input scaffold, not a FAIR run; species-level non-CO2 and aerosol emissions remain missing."
aether_constant_emissions_no_rebound__active_full_forcing_management,aether_constant_emissions_no_rebound,"AETHER, constant emissions",active_full_forcing_management,Active full-forcing management,2075,42.2,52.56856,50.465817,-8.265817,350.0,1.305821,0.375,-0.075,1.605821,1.148787,1.022645,0.122963,0.0,0.4,11,9,"FAIR-ready input scaffold, not a FAIR run; species-level non-CO2 and aerosol emissions remain missing."
aether_constant_emissions_no_rebound__active_full_forcing_management,aether_constant_emissions_no_rebound,"AETHER, constant emissions",active_full_forcing_management,Active full-forcing management,2076,42.2,52.335676,50.242249,-8.042249,350.0,1.305821,0.368,-0.072,1.601821,1.146876,1.023843,0.119835,0.0,0.4,11,9,"FAIR-ready input scaffold, not a FAIR run; species-level non-CO2 and aerosol emissions remain missing."
aether_constant_emissions_no_rebound__active_full_forcing_management,aether_constant_emissions_no_rebound,"AETHER, constant emissions",active_full_forcing_management,Active full-forcing management,2077,42.2,52.124771,50.03978,-7.83978,350.0,1.305821,0.361,-0.069,1.597821,1.145087,1.025012,0.116882,0.0,0.4,11,9,"FAIR-ready input scaffold, not a FAIR run; species-level non-CO2 and aerosol emissions remain missing."
aether_constant_emissions_no_rebound__active_full_forcing_management,aether_constant_emissions_no_rebound,"AETHER, constant emissions",active_full_forcing_management,Active full-forcing management,2078,42.2,51.932696,49.855388,-7.655388,350.0,1.305821,0.354,-0.066,1.593821,1.143395,1.026153,0.114072,0.0,0.4,11,9,"FAIR-ready input scaffold, not a FAIR run; species-level non-CO2 and aerosol emissions remain missing."
aether_constant_emissions_no_rebound__active_full_forcing_management,aether_constant_emissions_no_rebound,"AETHER, constant emissions",active_full_forcing_management,Active full-forcing management,2079,42.2,51.75678,49.686509,-7.486509,350.0,1.305821,0.347,-0.063,1.589821,1.141777,1.027266,0.11138,0.0,0.4,11,9,"FAIR-ready input scaffold, not a FAIR run; species-level non-CO2 and aerosol emissions remain missing."
aether_constant_emissions_no_rebound__active_full_forcing_management,aether_constant_emissions_no_rebound,"AETHER, constant emissions",active_full_forcing_management,Active full-forcing management,2080,42.2,51.594762,49.530971,-7.330971,350.0,1.305821,0.34,-0.06,1.585821,1.14022,1.028354,0.108785,0.0,0.4,11,9,"FAIR-ready input scaffold, not a FAIR run; species-level non-CO2 and aerosol emissions remain missing."
aether_constant_emissions_no_rebound__active_full_forcing_management,aether_constant_emissions_no_rebound,"AETHER, constant emissions",active_full_forcing_management,Active full-forcing management,2081,42.2,51.44472,49.386931,-7.186931,350.0,1.305821,0.333,-0.057,1.581821,1.138708,1.029417,0.106272,0.0,0.4,11,9,"FAIR-ready input scaffold, not a FAIR run; species-level non-CO2 and aerosol emissions remain missing."
aether_constant_emissions_no_rebound__active_full_forcing_management,aether_constant_emissions_no_rebound,"AETHER, constant emissions",active_full_forcing_management,Active full-forcing management,2082,42.2,51.305027,49.252826,-7.052826,350.0,1.305821,0.326,-0.054,1.577821,1.137232,1.030455,0.103827,0.0,0.4,11,9,"FAIR-ready input scaffold, not a FAIR run; species-level non-CO2 and aerosol emissions remain missing."
aether_constant_emissions_no_rebound__active_full_forcing_management,aether_constant_emissions_no_rebound,"AETHER, constant emissions",active_full_forcing_management,Active full-forcing management,2083,42.2,51.174301,49.127329,-6.927329,350.0,1.305821,0.319,-0.051,1.573821,1.135783,1.03147,0.101438,0.0,0.4,11,9,"FAIR-ready input scaffold, not a FAIR run; species-level non-CO2 and aerosol emissions remain missing."
aether_constant_emissions_no_rebound__active_full_forcing_management,aether_constant_emissions_no_rebound,"AETHER, constant emissions",active_full_forcing_management,Active full-forcing management,2084,42.2,51.051368,49.009313,-6.809313,350.0,1.305821,0.312,-0.048,1.569821,1.134354,1.032461,0.099097,0.0,0.4,11,9,"FAIR-ready input scaffold, not a FAIR run; species-level non-CO2 and aerosol emissions remain missing."
aether_constant_emissions_no_rebound__active_full_forcing_management,aether_constant_emissions_no_rebound,"AETHER, constant emissions",active_full_forcing_management,Active full-forcing management,2085,42.2,50.935232,48.897822,-6.697822,350.0,1.305821,0.305,-0.045,1.565821,1.132939,1.033429,0.096798,0.0,0.4,11,9,"FAIR-ready input scaffold, not a FAIR run; species-level non-CO2 and aerosol emissions remain missing."
aether_constant_emissions_no_rebound__active_full_forcing_management,aether_constant_emissions_no_rebound,"AETHER, constant emissions",active_full_forcing_management,Active full-forcing management,2086,42.2,50.825045,48.792043,-6.592043,350.0,1.305821,0.298,-0.042,1.561821,1.131533,1.034374,0.094534,0.0,0.4,11,9,"FAIR-ready input scaffold, not a FAIR run; species-level non-CO2 and aerosol emissions remain missing."
aether_constant_emissions_no_rebound__active_full_forcing_management,aether_constant_emissions_no_rebound,"AETHER, constant emissions",active_full_forcing_management,Active full-forcing management,2087,42.2,50.720088,48.691284,-6.491284,350.0,1.305821,0.291,-0.039,1.557821,1.130134,1.035297,0.092301,0.0,0.4,11,9,"FAIR-ready input scaffold, not a FAIR run; species-level non-CO2 and aerosol emissions remain missing."
aether_constant_emissions_no_rebound__active_full_forcing_management,aether_constant_emissions_no_rebound,"AETHER, constant emissions",active_full_forcing_management,Active full-forcing management,2088,42.2,50.619747,48.594957,-6.394957,350.0,1.305821,0.284,-0.036,1.553821,1.128738,1.036198,0.090095,0.0,0.4,11,9,"FAIR-ready input scaffold, not a FAIR run; species-level non-CO2 and aerosol emissions remain missing."
aether_constant_emissions_no_rebound__active_full_forcing_management,aether_constant_emissions_no_rebound,"AETHER, constant emissions",active_full_forcing_management,Active full-forcing management,2089,42.2,50.523501,48.502561,-6.302561,350.0,1.305821,0.277,-0.033,1.549821,1.127343,1.037077,0.087913,0.0,0.4,11,9,"FAIR-ready input scaffold, not a FAIR run; species-level non-CO2 and aerosol emissions remain missing."
aether_constant_emissions_no_rebound__active_full_forcing_management,aether_constant_emissions_no_rebound,"AETHER, constant emissions",active_full_forcing_management,Active full-forcing management,2090,42.2,50.430904,48.413668,-6.213668,350.0,1.305821,0.27,-0.03,1.545821,1.125947,1.037935,0.085753,0.0,0.4,11,9,"FAIR-ready input scaffold, not a FAIR run; species-level non-CO2 and aerosol emissions remain missing."
aether_constant_emissions_no_rebound__active_full_forcing_management,aether_constant_emissions_no_rebound,"AETHER, constant emissions",active_full_forcing_management,Active full-forcing management,2091,42.2,50.341577,48.327914,-6.127914,350.0,1.305821,0.263,-0.027,1.541821,1.124549,1.038771,0.083612,0.0,0.4,11,9,"FAIR-ready input scaffold, not a FAIR run; species-level non-CO2 and aerosol emissions remain missing."
aether_constant_emissions_no_rebound__active_full_forcing_management,aether_constant_emissions_no_rebound,"AETHER, constant emissions",active_full_forcing_management,Active full-forcing management,2092,42.2,50.255196,48.244988,-6.044988,350.0,1.305821,0.256,-0.024,1.537821,1.123147,1.039586,0.081489,0.0,0.4,11,9,"FAIR-ready input scaffold, not a FAIR run; species-level non-CO2 and aerosol emissions remain missing."
aether_constant_emissions_no_rebound__active_full_forcing_management,aether_constant_emissions_no_rebound,"AETHER, constant emissions",active_full_forcing_management,Active full-forcing management,2093,42.2,50.171482,48.164622,-5.964622,350.0,1.305821,0.249,-0.021,1.533821,1.12174,1.040379,0.079383,0.0,0.4,11,9,"FAIR-ready input scaffold, not a FAIR run; species-level non-CO2 and aerosol emissions remain missing."
aether_constant_emissions_no_rebound__active_full_forcing_management,aether_constant_emissions_no_rebound,"AETHER, constant emissions",active_full_forcing_management,Active full-forcing management,2094,42.2,50.090197,48.08659,-5.88659,350.0,1.305821,0.242,-0.018,1.529821,1.120327,1.041152,0.077292,0.0,0.4,11,9,"FAIR-ready input scaffold, not a FAIR run; species-level non-CO2 and aerosol emissions remain missing."
aether_constant_emissions_no_rebound__active_full_forcing_management,aether_constant_emissions_no_rebound,"AETHER, constant emissions",active_full_forcing_management,Active full-forcing management,2095,42.2,50.011139,48.010693,-5.810693,350.0,1.305821,0.235,-0.015,1.525821,1.118909,1.041905,0.075216,0.0,0.4,11,9,"FAIR-ready input scaffold, not a FAIR run; species-level non-CO2 and aerosol emissions remain missing."
aether_constant_emissions_no_rebound__active_full_forcing_management,aether_constant_emissions_no_rebound,"AETHER, constant emissions",active_full_forcing_management,Active full-forcing management,2096,42.2,49.93413,47.936765,-5.736765,350.0,1.305821,0.228,-0.012,1.521821,1.117483,1.042636,0.073154,0.0,0.4,11,9,"FAIR-ready input scaffold, not a FAIR run; species-level non-CO2 and aerosol emissions remain missing."
aether_constant_emissions_no_rebound__active_full_forcing_management,aether_constant_emissions_no_rebound,"AETHER, constant emissions",active_full_forcing_management,Active full-forcing management,2097,42.2,49.859019,47.864659,-5.664659,350.0,1.305821,0.221,-0.009,1.517821,1.116051,1.043347,0.071105,0.0,0.4,11,9,"FAIR-ready input scaffold, not a FAIR run; species-level non-CO2 and aerosol emissions remain missing."
aether_constant_emissions_no_rebound__active_full_forcing_management,aether_constant_emissions_no_rebound,"AETHER, constant emissions",active_full_forcing_management,Active full-forcing management,2098,42.2,49.785676,47.794249,-5.594249,350.0,1.305821,0.214,-0.006,1.513821,1.114612,1.044038,0.069069,0.0,0.4,11,9,"FAIR-ready input scaffold, not a FAIR run; species-level non-CO2 and aerosol emissions remain missing."
aether_constant_emissions_no_rebound__active_full_forcing_management,aether_constant_emissions_no_rebound,"AETHER, constant emissions",active_full_forcing_management,Active full-forcing management,2099,42.2,49.713987,47.725427,-5.525427,350.0,1.305821,0.207,-0.003,1.509821,1.113164,1.044708,0.067045,0.0,0.4,11,9,"FAIR-ready input scaffold, not a FAIR run; species-level non-CO2 and aerosol emissions remain missing."
aether_constant_emissions_no_rebound__active_full_forcing_management,aether_constant_emissions_no_rebound,"AETHER, constant emissions",active_full_forcing_management,Active full-forcing management,2100,42.2,49.643853,47.658099,-5.458099,350.0,1.305821,0.2,0.0,1.505821,1.11171,1.045359,0.065033,0.0,0.4,11,9,"FAIR-ready input scaffold, not a FAIR run; species-level non-CO2 and aerosol emissions remain missing."
aether_constant_emissions_58pct_rebound__co2_only_screen,aether_constant_emissions_58pct_rebound,"AETHER, 58% rebound",co2_only_screen,CO2-only emulator screen,2026,42.2,0.0,0.0,42.2,433.940256,2.524677,0.0,0.0,2.524677,1.352807,0.6561,0.659913,0.0,0.4,11,9,"FAIR-ready input scaffold, not a FAIR run; species-level non-CO2 and aerosol emissions remain missing."
aether_constant_emissions_58pct_rebound__co2_only_screen,aether_constant_emissions_58pct_rebound,"AETHER, 58% rebound",co2_only_screen,CO2-only emulator screen,2027,45.09,5.0,4.8,40.29,438.751405,2.587193,0.0,0.0,2.587193,1.365569,0.662718,0.661872,0.0,0.4,11,9,"FAIR-ready input scaffold, not a FAIR run; species-level non-CO2 and aerosol emissions remain missing."
aether_constant_emissions_58pct_rebound__co2_only_screen,aether_constant_emissions_58pct_rebound,"AETHER, 58% rebound",co2_only_screen,CO2-only emulator screen,2028,47.98,10.0,9.6,38.38,443.044855,2.642406,0.0,0.0,2.642406,1.381052,0.669395,0.667708,0.0,0.4,11,9,"FAIR-ready input scaffold, not a FAIR run; species-level non-CO2 and aerosol emissions remain missing."
aether_constant_emissions_58pct_rebound__co2_only_screen,aether_constant_emissions_58pct_rebound,"AETHER, 58% rebound",co2_only_screen,CO2-only emulator screen,2029,50.87,15.0,14.4,36.47,446.885704,2.691347,0.0,0.0,2.691347,1.398227,0.676156,0.676074,0.0,0.4,11,9,"FAIR-ready input scaffold, not a FAIR run; species-level non-CO2 and aerosol emissions remain missing."
aether_constant_emissions_58pct_rebound__co2_only_screen,aether_constant_emissions_58pct_rebound,"AETHER, 58% rebound",co2_only_screen,CO2-only emulator screen,2030,53.76,20.0,19.2,34.56,450.326106,2.734829,0.0,0.0,2.734829,1.416325,0.683016,0.685967,0.0,0.4,11,9,"FAIR-ready input scaffold, not a FAIR run; species-level non-CO2 and aerosol emissions remain missing."
aether_constant_emissions_58pct_rebound__co2_only_screen,aether_constant_emissions_58pct_rebound,"AETHER, 58% rebound",co2_only_screen,CO2-only emulator screen,2031,56.65,25.0,24.0,32.65,453.407941,2.773498,0.0,0.0,2.773498,1.434781,0.689982,0.696644,0.0,0.4,11,9,"FAIR-ready input scaffold, not a FAIR run; species-level non-CO2 and aerosol emissions remain missing."
aether_constant_emissions_58pct_rebound__co2_only_screen,aether_constant_emissions_58pct_rebound,"AETHER, 58% rebound",co2_only_screen,CO2-only emulator screen,2032,59.54,30.0,28.8,30.74,456.164933,2.80787,0.0,0.0,2.80787,1.453177,0.697058,0.707559,0.0,0.4,11,9,"FAIR-ready input scaffold, not a FAIR run; species-level non-CO2 and aerosol emissions remain missing."
aether_constant_emissions_58pct_rebound__co2_only_screen,aether_constant_emissions_58pct_rebound,"AETHER, 58% rebound",co2_only_screen,CO2-only emulator screen,2033,62.43,35.0,33.6,28.83,458.624322,2.838356,0.0,0.0,2.838356,1.471209,0.704241,0.718313,0.0,0.4,11,9,"FAIR-ready input scaffold, not a FAIR run; species-level non-CO2 and aerosol emissions remain missing."
aether_constant_emissions_58pct_rebound__co2_only_screen,aether_constant_emissions_58pct_rebound,"AETHER, 58% rebound",co2_only_screen,CO2-only emulator screen,2034,65.32,40.0,38.4,26.92,460.808202,2.86529,0.0,0.0,2.86529,1.488658,0.711527,0.728619,0.0,0.4,11,9,"FAIR-ready input scaffold, not a FAIR run; species-level non-CO2 and aerosol emissions remain missing."
aether_constant_emissions_58pct_rebound__co2_only_screen,aether_constant_emissions_58pct_rebound,"AETHER, 58% rebound",co2_only_screen,CO2-only emulator screen,2035,68.21,45.0,43.2,25.01,462.734571,2.888943,0.0,0.0,2.888943,1.505368,0.71891,0.738274,0.0,0.4,11,9,"FAIR-ready input scaffold, not a FAIR run; species-level non-CO2 and aerosol emissions remain missing."
aether_constant_emissions_58pct_rebound__co2_only_screen,aether_constant_emissions_58pct_rebound,"AETHER, 58% rebound",co2_only_screen,CO2-only emulator screen,2036,71.1,50.0,48.0,23.1,464.418168,2.909534,0.0,0.0,2.909534,1.521232,0.726381,0.747135,0.0,0.4,11,9,"FAIR-ready input scaffold, not a FAIR run; species-level non-CO2 and aerosol emissions remain missing."
aether_constant_emissions_58pct_rebound__co2_only_screen,aether_constant_emissions_58pct_rebound,"AETHER, 58% rebound",co2_only_screen,CO2-only emulator screen,2037,73.99,55.0,52.8,21.19,465.871138,2.927245,0.0,0.0,2.927245,1.536176,0.733932,0.755108,0.0,0.4,11,9,"FAIR-ready input scaffold, not a FAIR run; species-level non-CO2 and aerosol emissions remain missing."
aether_constant_emissions_58pct_rebound__co2_only_screen,aether_constant_emissions_58pct_rebound,"AETHER, 58% rebound",co2_only_screen,CO2-only emulator screen,2038,76.88,60.0,57.6,19.28,467.103558,2.942224,0.0,0.0,2.942224,1.550151,0.741554,0.762131,0.0,0.4,11,9,"FAIR-ready input scaffold, not a FAIR run; species-level non-CO2 and aerosol emissions remain missing."
aether_constant_emissions_58pct_rebound__co2_only_screen,aether_constant_emissions_58pct_rebound,"AETHER, 58% rebound",co2_only_screen,CO2-only emulator screen,2039,79.77,65.0,62.4,17.37,468.123853,2.954595,0.0,0.0,2.954595,1.563128,0.749235,0.768167,0.0,0.4,11,9,"FAIR-ready input scaffold, not a FAIR run; species-level non-CO2 and aerosol emissions remain missing."
aether_constant_emissions_58pct_rebound__co2_only_screen,aether_constant_emissions_58pct_rebound,"AETHER, 58% rebound",co2_only_screen,CO2-only emulator screen,2040,82.66,70.0,67.2,15.46,468.93913,2.964461,0.0,0.0,2.964461,1.575092,0.756967,0.773198,0.0,0.4,11,9,"FAIR-ready input scaffold, not a FAIR run; species-level non-CO2 and aerosol emissions remain missing."
aether_constant_emissions_58pct_rebound__co2_only_screen,aether_constant_emissions_58pct_rebound,"AETHER, 58% rebound",co2_only_screen,CO2-only emulator screen,2041,85.55,75.0,72.0,13.55,469.555435,2.971908,0.0,0.0,2.971908,1.586035,0.764739,0.777219,0.0,0.4,11,9,"FAIR-ready input scaffold, not a FAIR run; species-level non-CO2 and aerosol emissions remain missing."
aether_constant_emissions_58pct_rebound__co2_only_screen,aether_constant_emissions_58pct_rebound,"AETHER, 58% rebound",co2_only_screen,CO2-only emulator screen,2042,88.44,80.0,76.8,11.64,469.97797,2.977007,0.0,0.0,2.977007,1.595958,0.772542,0.780231,0.0,0.4,11,9,"FAIR-ready input scaffold, not a FAIR run; species-level non-CO2 and aerosol emissions remain missing."
aether_constant_emissions_58pct_rebound__co2_only_screen,aether_constant_emissions_58pct_rebound,"AETHER, 58% rebound",co2_only_screen,CO2-only emulator screen,2043,91.33,85.0,81.6,9.73,470.211252,2.979821,0.0,0.0,2.979821,1.604864,0.780364,0.782245,0.0,0.4,11,9,"FAIR-ready input scaffold, not a FAIR run; species-level non-CO2 and aerosol emissions remain missing."
aether_constant_emissions_58pct_rebound__co2_only_screen,aether_constant_emissions_58pct_rebound,"AETHER, 58% rebound",co2_only_screen,CO2-only emulator screen,2044,94.22,90.0,86.4,7.82,470.259248,2.9804,0.0,0.0,2.9804,1.61276,0.788197,0.783275,0.0,0.4,11,9,"FAIR-ready input scaffold, not a FAIR run; species-level non-CO2 and aerosol emissions remain missing."
aether_constant_emissions_58pct_rebound__co2_only_screen,aether_constant_emissions_58pct_rebound,"AETHER, 58% rebound",co2_only_screen,CO2-only emulator screen,2045,97.11,95.0,91.2,5.91,470.125476,2.978787,0.0,0.0,2.978787,1.619655,0.79603,0.783335,0.0,0.4,11,9,"FAIR-ready input scaffold, not a FAIR run; species-level non-CO2 and aerosol emissions remain missing."
aether_constant_emissions_58pct_rebound__co2_only_screen,aether_constant_emissions_58pct_rebound,"AETHER, 58% rebound",co2_only_screen,CO2-only emulator screen,2046,100.0,100.0,96.0,4.0,469.813093,2.975018,0.0,0.0,2.975018,1.625557,0.803855,0.782443,0.0,0.4,11,9,"FAIR-ready input scaffold, not a FAIR run; species-level non-CO2 and aerosol emissions remain missing."
aether_constant_emissions_58pct_rebound__co2_only_screen,aether_constant_emissions_58pct_rebound,"AETHER, 58% rebound",co2_only_screen,CO2-only emulator screen,2047,100.0,100.0,96.0,4.0,469.56983,2.972082,0.0,0.0,2.972082,1.630722,0.811661,0.780617,0.0,0.4,11,9,"FAIR-ready input scaffold, not a FAIR run; species-level non-CO2 and aerosol emissions remain missing."
aether_constant_emissions_58pct_rebound__co2_only_screen,aether_constant_emissions_58pct_rebound,"AETHER, 58% rebound",co2_only_screen,CO2-only emulator screen,2048,100.0,100.0,96.0,4.0,469.382268,2.969816,0.0,0.0,2.969816,1.635344,0.819442,0.778108,0.0,0.4,11,9,"FAIR-ready input scaffold, not a FAIR run; species-level non-CO2 and aerosol emissions remain missing."
aether_constant_emissions_58pct_rebound__co2_only_screen,aether_constant_emissions_58pct_rebound,"AETHER, 58% rebound",co2_only_screen,CO2-only emulator screen,2049,100.0,100.0,96.0,4.0,469.239745,2.968095,0.0,0.0,2.968095,1.639568,0.827193,0.775107,0.0,0.4,11,9,"FAIR-ready input scaffold, not a FAIR run; species-level non-CO2 and aerosol emissions remain missing."
aether_constant_emissions_58pct_rebound__co2_only_screen,aether_constant_emissions_58pct_rebound,"AETHER, 58% rebound",co2_only_screen,CO2-only emulator screen,2050,100.0,100.0,96.0,4.0,469.133784,2.966814,0.0,0.0,2.966814,1.643503,0.834911,0.771756,0.0,0.4,11,9,"FAIR-ready input scaffold, not a FAIR run; species-level non-CO2 and aerosol emissions remain missing."
aether_constant_emissions_58pct_rebound__co2_only_screen,aether_constant_emissions_58pct_rebound,"AETHER, 58% rebound",co2_only_screen,CO2-only emulator screen,2051,100.0,100.0,96.0,4.0,469.057643,2.965894,0.0,0.0,2.965894,1.647232,0.842592,0.768163,0.0,0.4,11,9,"FAIR-ready input scaffold, not a FAIR run; species-level non-CO2 and aerosol emissions remain missing."
aether_constant_emissions_58pct_rebound__co2_only_screen,aether_constant_emissions_58pct_rebound,"AETHER, 58% rebound",co2_only_screen,CO2-only emulator screen,2052,100.0,100.0,96.0,4.0,469.005951,2.965269,0.0,0.0,2.965269,1.650814,0.850236,0.764408,0.0,0.4,11,9,"FAIR-ready input scaffold, not a FAIR run; species-level non-CO2 and aerosol emissions remain missing."
aether_constant_emissions_58pct_rebound__co2_only_screen,aether_constant_emissions_58pct_rebound,"AETHER, 58% rebound",co2_only_screen,CO2-only emulator screen,2053,100.0,100.0,96.0,4.0,468.97443,2.964888,0.0,0.0,2.964888,1.654295,0.857842,0.760549,0.0,0.4,11,9,"FAIR-ready input scaffold, not a FAIR run; species-level non-CO2 and aerosol emissions remain missing."
aether_constant_emissions_58pct_rebound__co2_only_screen,aether_constant_emissions_58pct_rebound,"AETHER, 58% rebound",co2_only_screen,CO2-only emulator screen,2054,100.0,100.0,96.0,4.0,468.959666,2.964709,0.0,0.0,2.964709,1.657708,0.865408,0.756631,0.0,0.4,11,9,"FAIR-ready input scaffold, not a FAIR run; species-level non-CO2 and aerosol emissions remain missing."
aether_constant_emissions_58pct_rebound__co2_only_screen,aether_constant_emissions_58pct_rebound,"AETHER, 58% rebound",co2_only_screen,CO2-only emulator screen,2055,100.0,100.0,96.0,4.0,468.958931,2.9647,0.0,0.0,2.9647,1.661076,0.872935,0.752685,0.0,0.4,11,9,"FAIR-ready input scaffold, not a FAIR run; species-level non-CO2 and aerosol emissions remain missing."
aether_constant_emissions_58pct_rebound__co2_only_screen,aether_constant_emissions_58pct_rebound,"AETHER, 58% rebound",co2_only_screen,CO2-only emulator screen,2056,100.0,100.0,96.0,4.0,468.970041,2.964835,0.0,0.0,2.964835,1.664417,0.880422,0.748734,0.0,0.4,11,9,"FAIR-ready input scaffold, not a FAIR run; species-level non-CO2 and aerosol emissions remain missing."
aether_constant_emissions_58pct_rebound__co2_only_screen,aether_constant_emissions_58pct_rebound,"AETHER, 58% rebound",co2_only_screen,CO2-only emulator screen,2057,100.0,100.0,96.0,4.0,468.991246,2.965091,0.0,0.0,2.965091,1.667743,0.88787,0.744795,0.0,0.4,11,9,"FAIR-ready input scaffold, not a FAIR run; species-level non-CO2 and aerosol emissions remain missing."
aether_constant_emissions_58pct_rebound__co2_only_screen,aether_constant_emissions_58pct_rebound,"AETHER, 58% rebound",co2_only_screen,CO2-only emulator screen,2058,100.0,100.0,96.0,4.0,469.021136,2.965452,0.0,0.0,2.965452,1.671062,0.895279,0.740879,0.0,0.4,11,9,"FAIR-ready input scaffold, not a FAIR run; species-level non-CO2 and aerosol emissions remain missing."
aether_constant_emissions_58pct_rebound__co2_only_screen,aether_constant_emissions_58pct_rebound,"AETHER, 58% rebound",co2_only_screen,CO2-only emulator screen,2059,100.0,100.0,96.0,4.0,469.058576,2.965905,0.0,0.0,2.965905,1.67438,0.902649,0.736994,0.0,0.4,11,9,"FAIR-ready input scaffold, not a FAIR run; species-level non-CO2 and aerosol emissions remain missing."
aether_constant_emissions_58pct_rebound__co2_only_screen,aether_constant_emissions_58pct_rebound,"AETHER, 58% rebound",co2_only_screen,CO2-only emulator screen,2060,100.0,100.0,96.0,4.0,469.102646,2.966438,0.0,0.0,2.966438,1.677702,0.90998,0.733145,0.0,0.4,11,9,"FAIR-ready input scaffold, not a FAIR run; species-level non-CO2 and aerosol emissions remain missing."
aether_constant_emissions_58pct_rebound__co2_only_screen,aether_constant_emissions_58pct_rebound,"AETHER, 58% rebound",co2_only_screen,CO2-only emulator screen,2061,100.0,100.0,96.0,4.0,469.1526,2.967041,0.0,0.0,2.967041,1.681028,0.917274,0.729335,0.0,0.4,11,9,"FAIR-ready input scaffold, not a FAIR run; species-level non-CO2 and aerosol emissions remain missing."
aether_constant_emissions_58pct_rebound__co2_only_screen,aether_constant_emissions_58pct_rebound,"AETHER, 58% rebound",co2_only_screen,CO2-only emulator screen,2062,100.0,100.0,96.0,4.0,469.207827,2.967709,0.0,0.0,2.967709,1.684361,0.924529,0.725567,0.0,0.4,11,9,"FAIR-ready input scaffold, not a FAIR run; species-level non-CO2 and aerosol emissions remain missing."
aether_constant_emissions_58pct_rebound__co2_only_screen,aether_constant_emissions_58pct_rebound,"AETHER, 58% rebound",co2_only_screen,CO2-only emulator screen,2063,100.0,100.0,96.0,4.0,469.267826,2.968434,0.0,0.0,2.968434,1.687701,0.931748,0.72184,0.0,0.4,11,9,"FAIR-ready input scaffold, not a FAIR run; species-level non-CO2 and aerosol emissions remain missing."
aether_constant_emissions_58pct_rebound__co2_only_screen,aether_constant_emissions_58pct_rebound,"AETHER, 58% rebound",co2_only_screen,CO2-only emulator screen,2064,100.0,100.0,96.0,4.0,469.332183,2.969211,0.0,0.0,2.969211,1.691048,0.938929,0.718156,0.0,0.4,11,9,"FAIR-ready input scaffold, not a FAIR run; species-level non-CO2 and aerosol emissions remain missing."
aether_constant_emissions_58pct_rebound__co2_only_screen,aether_constant_emissions_58pct_rebound,"AETHER, 58% rebound",co2_only_screen,CO2-only emulator screen,2065,100.0,100.0,96.0,4.0,469.400552,2.970037,0.0,0.0,2.970037,1.694403,0.946075,0.714513,0.0,0.4,11,9,"FAIR-ready input scaffold, not a FAIR run; species-level non-CO2 and aerosol emissions remain missing."
aether_constant_emissions_58pct_rebound__co2_only_screen,aether_constant_emissions_58pct_rebound,"AETHER, 58% rebound",co2_only_screen,CO2-only emulator screen,2066,100.0,100.0,96.0,4.0,469.472646,2.970908,0.0,0.0,2.970908,1.697763,0.953184,0.710912,0.0,0.4,11,9,"FAIR-ready input scaffold, not a FAIR run; species-level non-CO2 and aerosol emissions remain missing."
aether_constant_emissions_58pct_rebound__co2_only_screen,aether_constant_emissions_58pct_rebound,"AETHER, 58% rebound",co2_only_screen,CO2-only emulator screen,2067,100.0,100.0,96.0,4.0,469.548218,2.971821,0.0,0.0,2.971821,1.70113,0.960257,0.707351,0.0,0.4,11,9,"FAIR-ready input scaffold, not a FAIR run; species-level non-CO2 and aerosol emissions remain missing."
aether_constant_emissions_58pct_rebound__co2_only_screen,aether_constant_emissions_58pct_rebound,"AETHER, 58% rebound",co2_only_screen,CO2-only emulator screen,2068,100.0,100.0,96.0,4.0,469.62706,2.972772,0.0,0.0,2.972772,1.704502,0.967295,0.703829,0.0,0.4,11,9,"FAIR-ready input scaffold, not a FAIR run; species-level non-CO2 and aerosol emissions remain missing."
aether_constant_emissions_58pct_rebound__co2_only_screen,aether_constant_emissions_58pct_rebound,"AETHER, 58% rebound",co2_only_screen,CO2-only emulator screen,2069,100.0,100.0,96.0,4.0,469.708989,2.973762,0.0,0.0,2.973762,1.707878,0.974299,0.700346,0.0,0.4,11,9,"FAIR-ready input scaffold, not a FAIR run; species-level non-CO2 and aerosol emissions remain missing."
aether_constant_emissions_58pct_rebound__co2_only_screen,aether_constant_emissions_58pct_rebound,"AETHER, 58% rebound",co2_only_screen,CO2-only emulator screen,2070,100.0,100.0,96.0,4.0,469.79385,2.974786,0.0,0.0,2.974786,1.711259,0.981268,0.696901,0.0,0.4,11,9,"FAIR-ready input scaffold, not a FAIR run; species-level non-CO2 and aerosol emissions remain missing."
aether_constant_emissions_58pct_rebound__co2_only_screen,aether_constant_emissions_58pct_rebound,"AETHER, 58% rebound",co2_only_screen,CO2-only emulator screen,2071,100.0,100.0,96.0,4.0,469.881502,2.975844,0.0,0.0,2.975844,1.714642,0.988203,0.693491,0.0,0.4,11,9,"FAIR-ready input scaffold, not a FAIR run; species-level non-CO2 and aerosol emissions remain missing."
aether_constant_emissions_58pct_rebound__co2_only_screen,aether_constant_emissions_58pct_rebound,"AETHER, 58% rebound",co2_only_screen,CO2-only emulator screen,2072,100.0,100.0,96.0,4.0,469.971821,2.976933,0.0,0.0,2.976933,1.718029,0.995104,0.690118,0.0,0.4,11,9,"FAIR-ready input scaffold, not a FAIR run; species-level non-CO2 and aerosol emissions remain missing."
aether_constant_emissions_58pct_rebound__co2_only_screen,aether_constant_emissions_58pct_rebound,"AETHER, 58% rebound",co2_only_screen,CO2-only emulator screen,2073,100.0,100.0,96.0,4.0,470.064698,2.978054,0.0,0.0,2.978054,1.721417,1.001972,0.686778,0.0,0.4,11,9,"FAIR-ready input scaffold, not a FAIR run; species-level non-CO2 and aerosol emissions remain missing."
aether_constant_emissions_58pct_rebound__co2_only_screen,aether_constant_emissions_58pct_rebound,"AETHER, 58% rebound",co2_only_screen,CO2-only emulator screen,2074,100.0,100.0,96.0,4.0,470.160029,2.979203,0.0,0.0,2.979203,1.724806,1.008806,0.683473,0.0,0.4,11,9,"FAIR-ready input scaffold, not a FAIR run; species-level non-CO2 and aerosol emissions remain missing."
aether_constant_emissions_58pct_rebound__co2_only_screen,aether_constant_emissions_58pct_rebound,"AETHER, 58% rebound",co2_only_screen,CO2-only emulator screen,2075,100.0,100.0,96.0,4.0,470.257723,2.980381,0.0,0.0,2.980381,1.728197,1.015608,0.6802,0.0,0.4,11,9,"FAIR-ready input scaffold, not a FAIR run; species-level non-CO2 and aerosol emissions remain missing."
aether_constant_emissions_58pct_rebound__co2_only_screen,aether_constant_emissions_58pct_rebound,"AETHER, 58% rebound",co2_only_screen,CO2-only emulator screen,2076,100.0,100.0,96.0,4.0,470.357694,2.981587,0.0,0.0,2.981587,1.731588,1.022378,0.676959,0.0,0.4,11,9,"FAIR-ready input scaffold, not a FAIR run; species-level non-CO2 and aerosol emissions remain missing."
aether_constant_emissions_58pct_rebound__co2_only_screen,aether_constant_emissions_58pct_rebound,"AETHER, 58% rebound",co2_only_screen,CO2-only emulator screen,2077,100.0,100.0,96.0,4.0,470.459862,2.982818,0.0,0.0,2.982818,1.734978,1.029116,0.673749,0.0,0.4,11,9,"FAIR-ready input scaffold, not a FAIR run; species-level non-CO2 and aerosol emissions remain missing."
aether_constant_emissions_58pct_rebound__co2_only_screen,aether_constant_emissions_58pct_rebound,"AETHER, 58% rebound",co2_only_screen,CO2-only emulator screen,2078,100.0,100.0,96.0,4.0,470.564152,2.984075,0.0,0.0,2.984075,1.738369,1.035821,0.67057,0.0,0.4,11,9,"FAIR-ready input scaffold, not a FAIR run; species-level non-CO2 and aerosol emissions remain missing."
aether_constant_emissions_58pct_rebound__co2_only_screen,aether_constant_emissions_58pct_rebound,"AETHER, 58% rebound",co2_only_screen,CO2-only emulator screen,2079,100.0,100.0,96.0,4.0,470.670493,2.985356,0.0,0.0,2.985356,1.741758,1.042495,0.66742,0.0,0.4,11,9,"FAIR-ready input scaffold, not a FAIR run; species-level non-CO2 and aerosol emissions remain missing."
aether_constant_emissions_58pct_rebound__co2_only_screen,aether_constant_emissions_58pct_rebound,"AETHER, 58% rebound",co2_only_screen,CO2-only emulator screen,2080,100.0,100.0,96.0,4.0,470.77882,2.986661,0.0,0.0,2.986661,1.745146,1.049138,0.664299,0.0,0.4,11,9,"FAIR-ready input scaffold, not a FAIR run; species-level non-CO2 and aerosol emissions remain missing."
aether_constant_emissions_58pct_rebound__co2_only_screen,aether_constant_emissions_58pct_rebound,"AETHER, 58% rebound",co2_only_screen,CO2-only emulator screen,2081,100.0,100.0,96.0,4.0,470.889067,2.987988,0.0,0.0,2.987988,1.748533,1.055751,0.661207,0.0,0.4,11,9,"FAIR-ready input scaffold, not a FAIR run; species-level non-CO2 and aerosol emissions remain missing."
aether_constant_emissions_58pct_rebound__co2_only_screen,aether_constant_emissions_58pct_rebound,"AETHER, 58% rebound",co2_only_screen,CO2-only emulator screen,2082,100.0,100.0,96.0,4.0,471.001175,2.989338,0.0,0.0,2.989338,1.751918,1.062332,0.658143,0.0,0.4,11,9,"FAIR-ready input scaffold, not a FAIR run; species-level non-CO2 and aerosol emissions remain missing."
aether_constant_emissions_58pct_rebound__co2_only_screen,aether_constant_emissions_58pct_rebound,"AETHER, 58% rebound",co2_only_screen,CO2-only emulator screen,2083,100.0,100.0,96.0,4.0,471.115086,2.990709,0.0,0.0,2.990709,1.7553,1.068883,0.655106,0.0,0.4,11,9,"FAIR-ready input scaffold, not a FAIR run; species-level non-CO2 and aerosol emissions remain missing."
aether_constant_emissions_58pct_rebound__co2_only_screen,aether_constant_emissions_58pct_rebound,"AETHER, 58% rebound",co2_only_screen,CO2-only emulator screen,2084,100.0,100.0,96.0,4.0,471.230743,2.992101,0.0,0.0,2.992101,1.75868,1.075404,0.652096,0.0,0.4,11,9,"FAIR-ready input scaffold, not a FAIR run; species-level non-CO2 and aerosol emissions remain missing."
aether_constant_emissions_58pct_rebound__co2_only_screen,aether_constant_emissions_58pct_rebound,"AETHER, 58% rebound",co2_only_screen,CO2-only emulator screen,2085,100.0,100.0,96.0,4.0,471.348092,2.993512,0.0,0.0,2.993512,1.762058,1.081895,0.649112,0.0,0.4,11,9,"FAIR-ready input scaffold, not a FAIR run; species-level non-CO2 and aerosol emissions remain missing."
aether_constant_emissions_58pct_rebound__co2_only_screen,aether_constant_emissions_58pct_rebound,"AETHER, 58% rebound",co2_only_screen,CO2-only emulator screen,2086,100.0,100.0,96.0,4.0,471.467082,2.994944,0.0,0.0,2.994944,1.765432,1.088357,0.646154,0.0,0.4,11,9,"FAIR-ready input scaffold, not a FAIR run; species-level non-CO2 and aerosol emissions remain missing."
aether_constant_emissions_58pct_rebound__co2_only_screen,aether_constant_emissions_58pct_rebound,"AETHER, 58% rebound",co2_only_screen,CO2-only emulator screen,2087,100.0,100.0,96.0,4.0,471.587662,2.996393,0.0,0.0,2.996393,1.768803,1.094789,0.643222,0.0,0.4,11,9,"FAIR-ready input scaffold, not a FAIR run; species-level non-CO2 and aerosol emissions remain missing."
aether_constant_emissions_58pct_rebound__co2_only_screen,aether_constant_emissions_58pct_rebound,"AETHER, 58% rebound",co2_only_screen,CO2-only emulator screen,2088,100.0,100.0,96.0,4.0,471.709784,2.997862,0.0,0.0,2.997862,1.772171,1.101192,0.640314,0.0,0.4,11,9,"FAIR-ready input scaffold, not a FAIR run; species-level non-CO2 and aerosol emissions remain missing."
aether_constant_emissions_58pct_rebound__co2_only_screen,aether_constant_emissions_58pct_rebound,"AETHER, 58% rebound",co2_only_screen,CO2-only emulator screen,2089,100.0,100.0,96.0,4.0,471.833401,2.999347,0.0,0.0,2.999347,1.775536,1.107566,0.63743,0.0,0.4,11,9,"FAIR-ready input scaffold, not a FAIR run; species-level non-CO2 and aerosol emissions remain missing."
aether_constant_emissions_58pct_rebound__co2_only_screen,aether_constant_emissions_58pct_rebound,"AETHER, 58% rebound",co2_only_screen,CO2-only emulator screen,2090,100.0,100.0,96.0,4.0,471.958467,3.00085,0.0,0.0,3.00085,1.778896,1.113912,0.634571,0.0,0.4,11,9,"FAIR-ready input scaffold, not a FAIR run; species-level non-CO2 and aerosol emissions remain missing."
aether_constant_emissions_58pct_rebound__co2_only_screen,aether_constant_emissions_58pct_rebound,"AETHER, 58% rebound",co2_only_screen,CO2-only emulator screen,2091,100.0,100.0,96.0,4.0,472.084938,3.002369,0.0,0.0,3.002369,1.782253,1.120229,0.631735,0.0,0.4,11,9,"FAIR-ready input scaffold, not a FAIR run; species-level non-CO2 and aerosol emissions remain missing."
aether_constant_emissions_58pct_rebound__co2_only_screen,aether_constant_emissions_58pct_rebound,"AETHER, 58% rebound",co2_only_screen,CO2-only emulator screen,2092,100.0,100.0,96.0,4.0,472.212772,3.003904,0.0,0.0,3.003904,1.785605,1.126519,0.628922,0.0,0.4,11,9,"FAIR-ready input scaffold, not a FAIR run; species-level non-CO2 and aerosol emissions remain missing."
aether_constant_emissions_58pct_rebound__co2_only_screen,aether_constant_emissions_58pct_rebound,"AETHER, 58% rebound",co2_only_screen,CO2-only emulator screen,2093,100.0,100.0,96.0,4.0,472.341927,3.005455,0.0,0.0,3.005455,1.788954,1.13278,0.626133,0.0,0.4,11,9,"FAIR-ready input scaffold, not a FAIR run; species-level non-CO2 and aerosol emissions remain missing."
aether_constant_emissions_58pct_rebound__co2_only_screen,aether_constant_emissions_58pct_rebound,"AETHER, 58% rebound",co2_only_screen,CO2-only emulator screen,2094,100.0,100.0,96.0,4.0,472.472362,3.00702,0.0,0.0,3.00702,1.792298,1.139014,0.623365,0.0,0.4,11,9,"FAIR-ready input scaffold, not a FAIR run; species-level non-CO2 and aerosol emissions remain missing."
aether_constant_emissions_58pct_rebound__co2_only_screen,aether_constant_emissions_58pct_rebound,"AETHER, 58% rebound",co2_only_screen,CO2-only emulator screen,2095,100.0,100.0,96.0,4.0,472.604038,3.0086,0.0,0.0,3.0086,1.795637,1.14522,0.62062,0.0,0.4,11,9,"FAIR-ready input scaffold, not a FAIR run; species-level non-CO2 and aerosol emissions remain missing."
aether_constant_emissions_58pct_rebound__co2_only_screen,aether_constant_emissions_58pct_rebound,"AETHER, 58% rebound",co2_only_screen,CO2-only emulator screen,2096,100.0,100.0,96.0,4.0,472.736917,3.010194,0.0,0.0,3.010194,1.798971,1.151399,0.617896,0.0,0.4,11,9,"FAIR-ready input scaffold, not a FAIR run; species-level non-CO2 and aerosol emissions remain missing."
aether_constant_emissions_58pct_rebound__co2_only_screen,aether_constant_emissions_58pct_rebound,"AETHER, 58% rebound",co2_only_screen,CO2-only emulator screen,2097,100.0,100.0,96.0,4.0,472.870963,3.011801,0.0,0.0,3.011801,1.802301,1.157551,0.615194,0.0,0.4,11,9,"FAIR-ready input scaffold, not a FAIR run; species-level non-CO2 and aerosol emissions remain missing."
aether_constant_emissions_58pct_rebound__co2_only_screen,aether_constant_emissions_58pct_rebound,"AETHER, 58% rebound",co2_only_screen,CO2-only emulator screen,2098,100.0,100.0,96.0,4.0,473.006138,3.013422,0.0,0.0,3.013422,1.805625,1.163676,0.612513,0.0,0.4,11,9,"FAIR-ready input scaffold, not a FAIR run; species-level non-CO2 and aerosol emissions remain missing."
aether_constant_emissions_58pct_rebound__co2_only_screen,aether_constant_emissions_58pct_rebound,"AETHER, 58% rebound",co2_only_screen,CO2-only emulator screen,2099,100.0,100.0,96.0,4.0,473.142408,3.015055,0.0,0.0,3.015055,1.808945,1.169774,0.609852,0.0,0.4,11,9,"FAIR-ready input scaffold, not a FAIR run; species-level non-CO2 and aerosol emissions remain missing."
aether_constant_emissions_58pct_rebound__co2_only_screen,aether_constant_emissions_58pct_rebound,"AETHER, 58% rebound",co2_only_screen,CO2-only emulator screen,2100,100.0,100.0,96.0,4.0,473.279739,3.016701,0.0,0.0,3.016701,1.812259,1.175846,0.607212,0.0,0.4,11,9,"FAIR-ready input scaffold, not a FAIR run; species-level non-CO2 and aerosol emissions remain missing."
aether_constant_emissions_58pct_rebound__mitigation_with_aerosol_cleanup,aether_constant_emissions_58pct_rebound,"AETHER, 58% rebound",mitigation_with_aerosol_cleanup,Mitigation with aerosol cleanup,2026,42.2,0.0,0.0,42.2,433.940256,2.524677,1.2,-0.7,3.024677,1.613376,0.772719,0.795947,0.0,0.4,11,9,"FAIR-ready input scaffold, not a FAIR run; species-level non-CO2 and aerosol emissions remain missing."
aether_constant_emissions_58pct_rebound__mitigation_with_aerosol_cleanup,aether_constant_emissions_58pct_rebound,"AETHER, 58% rebound",mitigation_with_aerosol_cleanup,Mitigation with aerosol cleanup,2027,45.09,5.0,4.8,40.29,438.751405,2.587193,1.18125,-0.68125,3.087193,1.627963,0.780705,0.798624,0.0,0.4,11,9,"FAIR-ready input scaffold, not a FAIR run; species-level non-CO2 and aerosol emissions remain missing."
aether_constant_emissions_58pct_rebound__mitigation_with_aerosol_cleanup,aether_constant_emissions_58pct_rebound,"AETHER, 58% rebound",mitigation_with_aerosol_cleanup,Mitigation with aerosol cleanup,2028,47.98,10.0,9.6,38.38,443.044855,2.642406,1.1625,-0.6625,3.142406,1.645036,0.788754,0.804895,0.0,0.4,11,9,"FAIR-ready input scaffold, not a FAIR run; species-level non-CO2 and aerosol emissions remain missing."
aether_constant_emissions_58pct_rebound__mitigation_with_aerosol_cleanup,aether_constant_emissions_58pct_rebound,"AETHER, 58% rebound",mitigation_with_aerosol_cleanup,Mitigation with aerosol cleanup,2029,50.87,15.0,14.4,36.47,446.885704,2.691347,1.14375,-0.64375,3.191347,1.66361,0.796889,0.813468,0.0,0.4,11,9,"FAIR-ready input scaffold, not a FAIR run; species-level non-CO2 and aerosol emissions remain missing."
aether_constant_emissions_58pct_rebound__mitigation_with_aerosol_cleanup,aether_constant_emissions_58pct_rebound,"AETHER, 58% rebound",mitigation_with_aerosol_cleanup,Mitigation with aerosol cleanup,2030,53.76,20.0,19.2,34.56,450.326106,2.734829,1.125,-0.625,3.234829,1.682953,0.805123,0.823385,0.0,0.4,11,9,"FAIR-ready input scaffold, not a FAIR run; species-level non-CO2 and aerosol emissions remain missing."
aether_constant_emissions_58pct_rebound__mitigation_with_aerosol_cleanup,aether_constant_emissions_58pct_rebound,"AETHER, 58% rebound",mitigation_with_aerosol_cleanup,Mitigation with aerosol cleanup,2031,56.65,25.0,24.0,32.65,453.407941,2.773498,1.10625,-0.60625,3.273498,1.702527,0.813462,0.833939,0.0,0.4,11,9,"FAIR-ready input scaffold, not a FAIR run; species-level non-CO2 and aerosol emissions remain missing."
aether_constant_emissions_58pct_rebound__mitigation_with_aerosol_cleanup,aether_constant_emissions_58pct_rebound,"AETHER, 58% rebound",mitigation_with_aerosol_cleanup,Mitigation with aerosol cleanup,2032,59.54,30.0,28.8,30.74,456.164933,2.80787,1.0875,-0.5875,3.30787,1.721939,0.821908,0.844612,0.0,0.4,11,9,"FAIR-ready input scaffold, not a FAIR run; species-level non-CO2 and aerosol emissions remain missing."
aether_constant_emissions_58pct_rebound__mitigation_with_aerosol_cleanup,aether_constant_emissions_58pct_rebound,"AETHER, 58% rebound",mitigation_with_aerosol_cleanup,Mitigation with aerosol cleanup,2033,62.43,35.0,33.6,28.83,458.624322,2.838356,1.06875,-0.56875,3.338356,1.740905,0.830459,0.85503,0.0,0.4,11,9,"FAIR-ready input scaffold, not a FAIR run; species-level non-CO2 and aerosol emissions remain missing."
aether_constant_emissions_58pct_rebound__mitigation_with_aerosol_cleanup,aether_constant_emissions_58pct_rebound,"AETHER, 58% rebound",mitigation_with_aerosol_cleanup,Mitigation with aerosol cleanup,2034,65.32,40.0,38.4,26.92,460.808202,2.86529,1.05,-0.55,3.36529,1.75922,0.839108,0.864924,0.0,0.4,11,9,"FAIR-ready input scaffold, not a FAIR run; species-level non-CO2 and aerosol emissions remain missing."
aether_constant_emissions_58pct_rebound__mitigation_with_aerosol_cleanup,aether_constant_emissions_58pct_rebound,"AETHER, 58% rebound",mitigation_with_aerosol_cleanup,Mitigation with aerosol cleanup,2035,68.21,45.0,43.2,25.01,462.734571,2.888943,1.03125,-0.53125,3.388943,1.776741,0.847849,0.874107,0.0,0.4,11,9,"FAIR-ready input scaffold, not a FAIR run; species-level non-CO2 and aerosol emissions remain missing."
aether_constant_emissions_58pct_rebound__mitigation_with_aerosol_cleanup,aether_constant_emissions_58pct_rebound,"AETHER, 58% rebound",mitigation_with_aerosol_cleanup,Mitigation with aerosol cleanup,2036,71.1,50.0,48.0,23.1,464.418168,2.909534,1.0125,-0.5125,3.409534,1.793371,0.856673,0.882448,0.0,0.4,11,9,"FAIR-ready input scaffold, not a FAIR run; species-level non-CO2 and aerosol emissions remain missing."
aether_constant_emissions_58pct_rebound__mitigation_with_aerosol_cleanup,aether_constant_emissions_58pct_rebound,"AETHER, 58% rebound",mitigation_with_aerosol_cleanup,Mitigation with aerosol cleanup,2037,73.99,55.0,52.8,21.19,465.871138,2.927245,0.99375,-0.49375,3.427245,1.809043,0.865572,0.889863,0.0,0.4,11,9,"FAIR-ready input scaffold, not a FAIR run; species-level non-CO2 and aerosol emissions remain missing."
aether_constant_emissions_58pct_rebound__mitigation_with_aerosol_cleanup,aether_constant_emissions_58pct_rebound,"AETHER, 58% rebound",mitigation_with_aerosol_cleanup,Mitigation with aerosol cleanup,2038,76.88,60.0,57.6,19.28,467.103558,2.942224,0.975,-0.475,3.442224,1.823717,0.874535,0.896298,0.0,0.4,11,9,"FAIR-ready input scaffold, not a FAIR run; species-level non-CO2 and aerosol emissions remain missing."
aether_constant_emissions_58pct_rebound__mitigation_with_aerosol_cleanup,aether_constant_emissions_58pct_rebound,"AETHER, 58% rebound",mitigation_with_aerosol_cleanup,Mitigation with aerosol cleanup,2039,79.77,65.0,62.4,17.37,468.123853,2.954595,0.95625,-0.45625,3.454595,1.837367,0.883552,0.901723,0.0,0.4,11,9,"FAIR-ready input scaffold, not a FAIR run; species-level non-CO2 and aerosol emissions remain missing."
aether_constant_emissions_58pct_rebound__mitigation_with_aerosol_cleanup,aether_constant_emissions_58pct_rebound,"AETHER, 58% rebound",mitigation_with_aerosol_cleanup,Mitigation with aerosol cleanup,2040,82.66,70.0,67.2,15.46,468.93913,2.964461,0.9375,-0.4375,3.464461,1.849982,0.892613,0.906124,0.0,0.4,11,9,"FAIR-ready input scaffold, not a FAIR run; species-level non-CO2 and aerosol emissions remain missing."
aether_constant_emissions_58pct_rebound__mitigation_with_aerosol_cleanup,aether_constant_emissions_58pct_rebound,"AETHER, 58% rebound",mitigation_with_aerosol_cleanup,Mitigation with aerosol cleanup,2041,85.55,75.0,72.0,13.55,469.555435,2.971908,0.91875,-0.41875,3.471908,1.86156,0.901708,0.909501,0.0,0.4,11,9,"FAIR-ready input scaffold, not a FAIR run; species-level non-CO2 and aerosol emissions remain missing."
aether_constant_emissions_58pct_rebound__mitigation_with_aerosol_cleanup,aether_constant_emissions_58pct_rebound,"AETHER, 58% rebound",mitigation_with_aerosol_cleanup,Mitigation with aerosol cleanup,2042,88.44,80.0,76.8,11.64,469.97797,2.977007,0.9,-0.4,3.477007,1.872102,0.910827,0.911859,0.0,0.4,11,9,"FAIR-ready input scaffold, not a FAIR run; species-level non-CO2 and aerosol emissions remain missing."
aether_constant_emissions_58pct_rebound__mitigation_with_aerosol_cleanup,aether_constant_emissions_58pct_rebound,"AETHER, 58% rebound",mitigation_with_aerosol_cleanup,Mitigation with aerosol cleanup,2043,91.33,85.0,81.6,9.73,470.211252,2.979821,0.88125,-0.38125,3.479821,1.881615,0.919959,0.913211,0.0,0.4,11,9,"FAIR-ready input scaffold, not a FAIR run; species-level non-CO2 and aerosol emissions remain missing."
aether_constant_emissions_58pct_rebound__mitigation_with_aerosol_cleanup,aether_constant_emissions_58pct_rebound,"AETHER, 58% rebound",mitigation_with_aerosol_cleanup,Mitigation with aerosol cleanup,2044,94.22,90.0,86.4,7.82,470.259248,2.9804,0.8625,-0.3625,3.4804,1.890108,0.929095,0.913573,0.0,0.4,11,9,"FAIR-ready input scaffold, not a FAIR run; species-level non-CO2 and aerosol emissions remain missing."
aether_constant_emissions_58pct_rebound__mitigation_with_aerosol_cleanup,aether_constant_emissions_58pct_rebound,"AETHER, 58% rebound",mitigation_with_aerosol_cleanup,Mitigation with aerosol cleanup,2045,97.11,95.0,91.2,5.91,470.125476,2.978787,0.84375,-0.34375,3.478787,1.89759,0.938225,0.912962,0.0,0.4,11,9,"FAIR-ready input scaffold, not a FAIR run; species-level non-CO2 and aerosol emissions remain missing."
aether_constant_emissions_58pct_rebound__mitigation_with_aerosol_cleanup,aether_constant_emissions_58pct_rebound,"AETHER, 58% rebound",mitigation_with_aerosol_cleanup,Mitigation with aerosol cleanup,2046,100.0,100.0,96.0,4.0,469.813093,2.975018,0.825,-0.325,3.475018,1.904071,0.947338,0.911397,0.0,0.4,11,9,"FAIR-ready input scaffold, not a FAIR run; species-level non-CO2 and aerosol emissions remain missing."
aether_constant_emissions_58pct_rebound__mitigation_with_aerosol_cleanup,aether_constant_emissions_58pct_rebound,"AETHER, 58% rebound",mitigation_with_aerosol_cleanup,Mitigation with aerosol cleanup,2047,100.0,100.0,96.0,4.0,469.56983,2.972082,0.80625,-0.30625,3.472082,1.909809,0.956427,0.908896,0.0,0.4,11,9,"FAIR-ready input scaffold, not a FAIR run; species-level non-CO2 and aerosol emissions remain missing."
aether_constant_emissions_58pct_rebound__mitigation_with_aerosol_cleanup,aether_constant_emissions_58pct_rebound,"AETHER, 58% rebound",mitigation_with_aerosol_cleanup,Mitigation with aerosol cleanup,2048,100.0,100.0,96.0,4.0,469.382268,2.969816,0.7875,-0.2875,3.469816,1.914997,0.965485,0.905712,0.0,0.4,11,9,"FAIR-ready input scaffold, not a FAIR run; species-level non-CO2 and aerosol emissions remain missing."
aether_constant_emissions_58pct_rebound__mitigation_with_aerosol_cleanup,aether_constant_emissions_58pct_rebound,"AETHER, 58% rebound",mitigation_with_aerosol_cleanup,Mitigation with aerosol cleanup,2049,100.0,100.0,96.0,4.0,469.239745,2.968095,0.76875,-0.26875,3.468095,1.919781,0.974505,0.902037,0.0,0.4,11,9,"FAIR-ready input scaffold, not a FAIR run; species-level non-CO2 and aerosol emissions remain missing."
aether_constant_emissions_58pct_rebound__mitigation_with_aerosol_cleanup,aether_constant_emissions_58pct_rebound,"AETHER, 58% rebound",mitigation_with_aerosol_cleanup,Mitigation with aerosol cleanup,2050,100.0,100.0,96.0,4.0,469.133784,2.966814,0.75,-0.25,3.466814,1.924272,0.983485,0.898012,0.0,0.4,11,9,"FAIR-ready input scaffold, not a FAIR run; species-level non-CO2 and aerosol emissions remain missing."
aether_constant_emissions_58pct_rebound__mitigation_with_aerosol_cleanup,aether_constant_emissions_58pct_rebound,"AETHER, 58% rebound",mitigation_with_aerosol_cleanup,Mitigation with aerosol cleanup,2051,100.0,100.0,96.0,4.0,469.057643,2.965894,0.744,-0.246,3.463894,1.928384,0.992423,0.893747,0.0,0.4,11,9,"FAIR-ready input scaffold, not a FAIR run; species-level non-CO2 and aerosol emissions remain missing."
aether_constant_emissions_58pct_rebound__mitigation_with_aerosol_cleanup,aether_constant_emissions_58pct_rebound,"AETHER, 58% rebound",mitigation_with_aerosol_cleanup,Mitigation with aerosol cleanup,2052,100.0,100.0,96.0,4.0,469.005951,2.965269,0.738,-0.242,3.461269,1.932211,1.001314,0.889164,0.0,0.4,11,9,"FAIR-ready input scaffold, not a FAIR run; species-level non-CO2 and aerosol emissions remain missing."
aether_constant_emissions_58pct_rebound__mitigation_with_aerosol_cleanup,aether_constant_emissions_58pct_rebound,"AETHER, 58% rebound",mitigation_with_aerosol_cleanup,Mitigation with aerosol cleanup,2053,100.0,100.0,96.0,4.0,468.97443,2.964888,0.732,-0.238,3.458888,1.935823,1.010158,0.884352,0.0,0.4,11,9,"FAIR-ready input scaffold, not a FAIR run; species-level non-CO2 and aerosol emissions remain missing."
aether_constant_emissions_58pct_rebound__mitigation_with_aerosol_cleanup,aether_constant_emissions_58pct_rebound,"AETHER, 58% rebound",mitigation_with_aerosol_cleanup,Mitigation with aerosol cleanup,2054,100.0,100.0,96.0,4.0,468.959666,2.964709,0.726,-0.234,3.456709,1.939273,1.018951,0.879382,0.0,0.4,11,9,"FAIR-ready input scaffold, not a FAIR run; species-level non-CO2 and aerosol emissions remain missing."
aether_constant_emissions_58pct_rebound__mitigation_with_aerosol_cleanup,aether_constant_emissions_58pct_rebound,"AETHER, 58% rebound",mitigation_with_aerosol_cleanup,Mitigation with aerosol cleanup,2055,100.0,100.0,96.0,4.0,468.958931,2.9647,0.72,-0.23,3.4547,1.942602,1.027695,0.874305,0.0,0.4,11,9,"FAIR-ready input scaffold, not a FAIR run; species-level non-CO2 and aerosol emissions remain missing."
aether_constant_emissions_58pct_rebound__mitigation_with_aerosol_cleanup,aether_constant_emissions_58pct_rebound,"AETHER, 58% rebound",mitigation_with_aerosol_cleanup,Mitigation with aerosol cleanup,2056,100.0,100.0,96.0,4.0,468.970041,2.964835,0.714,-0.226,3.452835,1.94584,1.036386,0.869162,0.0,0.4,11,9,"FAIR-ready input scaffold, not a FAIR run; species-level non-CO2 and aerosol emissions remain missing."
aether_constant_emissions_58pct_rebound__mitigation_with_aerosol_cleanup,aether_constant_emissions_58pct_rebound,"AETHER, 58% rebound",mitigation_with_aerosol_cleanup,Mitigation with aerosol cleanup,2057,100.0,100.0,96.0,4.0,468.991246,2.965091,0.708,-0.222,3.451091,1.949012,1.045026,0.863982,0.0,0.4,11,9,"FAIR-ready input scaffold, not a FAIR run; species-level non-CO2 and aerosol emissions remain missing."
aether_constant_emissions_58pct_rebound__mitigation_with_aerosol_cleanup,aether_constant_emissions_58pct_rebound,"AETHER, 58% rebound",mitigation_with_aerosol_cleanup,Mitigation with aerosol cleanup,2058,100.0,100.0,96.0,4.0,469.021136,2.965452,0.702,-0.218,3.449452,1.952134,1.053614,0.858787,0.0,0.4,11,9,"FAIR-ready input scaffold, not a FAIR run; species-level non-CO2 and aerosol emissions remain missing."
aether_constant_emissions_58pct_rebound__mitigation_with_aerosol_cleanup,aether_constant_emissions_58pct_rebound,"AETHER, 58% rebound",mitigation_with_aerosol_cleanup,Mitigation with aerosol cleanup,2059,100.0,100.0,96.0,4.0,469.058576,2.965905,0.696,-0.214,3.447905,1.955218,1.06215,0.853594,0.0,0.4,11,9,"FAIR-ready input scaffold, not a FAIR run; species-level non-CO2 and aerosol emissions remain missing."
aether_constant_emissions_58pct_rebound__mitigation_with_aerosol_cleanup,aether_constant_emissions_58pct_rebound,"AETHER, 58% rebound",mitigation_with_aerosol_cleanup,Mitigation with aerosol cleanup,2060,100.0,100.0,96.0,4.0,469.102646,2.966438,0.69,-0.21,3.446438,1.958276,1.070634,0.848415,0.0,0.4,11,9,"FAIR-ready input scaffold, not a FAIR run; species-level non-CO2 and aerosol emissions remain missing."
aether_constant_emissions_58pct_rebound__mitigation_with_aerosol_cleanup,aether_constant_emissions_58pct_rebound,"AETHER, 58% rebound",mitigation_with_aerosol_cleanup,Mitigation with aerosol cleanup,2061,100.0,100.0,96.0,4.0,469.1526,2.967041,0.684,-0.206,3.445041,1.961312,1.079067,0.84326,0.0,0.4,11,9,"FAIR-ready input scaffold, not a FAIR run; species-level non-CO2 and aerosol emissions remain missing."
aether_constant_emissions_58pct_rebound__mitigation_with_aerosol_cleanup,aether_constant_emissions_58pct_rebound,"AETHER, 58% rebound",mitigation_with_aerosol_cleanup,Mitigation with aerosol cleanup,2062,100.0,100.0,96.0,4.0,469.207827,2.967709,0.678,-0.202,3.443709,1.964334,1.087448,0.838133,0.0,0.4,11,9,"FAIR-ready input scaffold, not a FAIR run; species-level non-CO2 and aerosol emissions remain missing."
aether_constant_emissions_58pct_rebound__mitigation_with_aerosol_cleanup,aether_constant_emissions_58pct_rebound,"AETHER, 58% rebound",mitigation_with_aerosol_cleanup,Mitigation with aerosol cleanup,2063,100.0,100.0,96.0,4.0,469.267826,2.968434,0.672,-0.198,3.442434,1.967343,1.095778,0.833041,0.0,0.4,11,9,"FAIR-ready input scaffold, not a FAIR run; species-level non-CO2 and aerosol emissions remain missing."
aether_constant_emissions_58pct_rebound__mitigation_with_aerosol_cleanup,aether_constant_emissions_58pct_rebound,"AETHER, 58% rebound",mitigation_with_aerosol_cleanup,Mitigation with aerosol cleanup,2064,100.0,100.0,96.0,4.0,469.332183,2.969211,0.666,-0.194,3.441211,1.970344,1.104058,0.827987,0.0,0.4,11,9,"FAIR-ready input scaffold, not a FAIR run; species-level non-CO2 and aerosol emissions remain missing."
aether_constant_emissions_58pct_rebound__mitigation_with_aerosol_cleanup,aether_constant_emissions_58pct_rebound,"AETHER, 58% rebound",mitigation_with_aerosol_cleanup,Mitigation with aerosol cleanup,2065,100.0,100.0,96.0,4.0,469.400552,2.970037,0.66,-0.19,3.440037,1.973337,1.112288,0.822971,0.0,0.4,11,9,"FAIR-ready input scaffold, not a FAIR run; species-level non-CO2 and aerosol emissions remain missing."
aether_constant_emissions_58pct_rebound__mitigation_with_aerosol_cleanup,aether_constant_emissions_58pct_rebound,"AETHER, 58% rebound",mitigation_with_aerosol_cleanup,Mitigation with aerosol cleanup,2066,100.0,100.0,96.0,4.0,469.472646,2.970908,0.654,-0.186,3.438908,1.976323,1.120468,0.817996,0.0,0.4,11,9,"FAIR-ready input scaffold, not a FAIR run; species-level non-CO2 and aerosol emissions remain missing."
aether_constant_emissions_58pct_rebound__mitigation_with_aerosol_cleanup,aether_constant_emissions_58pct_rebound,"AETHER, 58% rebound",mitigation_with_aerosol_cleanup,Mitigation with aerosol cleanup,2067,100.0,100.0,96.0,4.0,469.548218,2.971821,0.648,-0.182,3.437821,1.979305,1.128598,0.813063,0.0,0.4,11,9,"FAIR-ready input scaffold, not a FAIR run; species-level non-CO2 and aerosol emissions remain missing."
aether_constant_emissions_58pct_rebound__mitigation_with_aerosol_cleanup,aether_constant_emissions_58pct_rebound,"AETHER, 58% rebound",mitigation_with_aerosol_cleanup,Mitigation with aerosol cleanup,2068,100.0,100.0,96.0,4.0,469.62706,2.972772,0.642,-0.178,3.436772,1.982281,1.13668,0.808171,0.0,0.4,11,9,"FAIR-ready input scaffold, not a FAIR run; species-level non-CO2 and aerosol emissions remain missing."
aether_constant_emissions_58pct_rebound__mitigation_with_aerosol_cleanup,aether_constant_emissions_58pct_rebound,"AETHER, 58% rebound",mitigation_with_aerosol_cleanup,Mitigation with aerosol cleanup,2069,100.0,100.0,96.0,4.0,469.708989,2.973762,0.636,-0.174,3.435762,1.985252,1.144713,0.80332,0.0,0.4,11,9,"FAIR-ready input scaffold, not a FAIR run; species-level non-CO2 and aerosol emissions remain missing."
aether_constant_emissions_58pct_rebound__mitigation_with_aerosol_cleanup,aether_constant_emissions_58pct_rebound,"AETHER, 58% rebound",mitigation_with_aerosol_cleanup,Mitigation with aerosol cleanup,2070,100.0,100.0,96.0,4.0,469.79385,2.974786,0.63,-0.17,3.434786,1.988218,1.152698,0.798511,0.0,0.4,11,9,"FAIR-ready input scaffold, not a FAIR run; species-level non-CO2 and aerosol emissions remain missing."
aether_constant_emissions_58pct_rebound__mitigation_with_aerosol_cleanup,aether_constant_emissions_58pct_rebound,"AETHER, 58% rebound",mitigation_with_aerosol_cleanup,Mitigation with aerosol cleanup,2071,100.0,100.0,96.0,4.0,469.881502,2.975844,0.624,-0.166,3.433844,1.991179,1.160636,0.793743,0.0,0.4,11,9,"FAIR-ready input scaffold, not a FAIR run; species-level non-CO2 and aerosol emissions remain missing."
aether_constant_emissions_58pct_rebound__mitigation_with_aerosol_cleanup,aether_constant_emissions_58pct_rebound,"AETHER, 58% rebound",mitigation_with_aerosol_cleanup,Mitigation with aerosol cleanup,2072,100.0,100.0,96.0,4.0,469.971821,2.976933,0.618,-0.162,3.432933,1.994135,1.168526,0.789016,0.0,0.4,11,9,"FAIR-ready input scaffold, not a FAIR run; species-level non-CO2 and aerosol emissions remain missing."
aether_constant_emissions_58pct_rebound__mitigation_with_aerosol_cleanup,aether_constant_emissions_58pct_rebound,"AETHER, 58% rebound",mitigation_with_aerosol_cleanup,Mitigation with aerosol cleanup,2073,100.0,100.0,96.0,4.0,470.064698,2.978054,0.612,-0.158,3.432054,1.997086,1.176369,0.784329,0.0,0.4,11,9,"FAIR-ready input scaffold, not a FAIR run; species-level non-CO2 and aerosol emissions remain missing."
aether_constant_emissions_58pct_rebound__mitigation_with_aerosol_cleanup,aether_constant_emissions_58pct_rebound,"AETHER, 58% rebound",mitigation_with_aerosol_cleanup,Mitigation with aerosol cleanup,2074,100.0,100.0,96.0,4.0,470.160029,2.979203,0.606,-0.154,3.431203,2.000031,1.184166,0.779681,0.0,0.4,11,9,"FAIR-ready input scaffold, not a FAIR run; species-level non-CO2 and aerosol emissions remain missing."
aether_constant_emissions_58pct_rebound__mitigation_with_aerosol_cleanup,aether_constant_emissions_58pct_rebound,"AETHER, 58% rebound",mitigation_with_aerosol_cleanup,Mitigation with aerosol cleanup,2075,100.0,100.0,96.0,4.0,470.257723,2.980381,0.6,-0.15,3.430381,2.00297,1.191917,0.775071,0.0,0.4,11,9,"FAIR-ready input scaffold, not a FAIR run; species-level non-CO2 and aerosol emissions remain missing."
aether_constant_emissions_58pct_rebound__mitigation_with_aerosol_cleanup,aether_constant_emissions_58pct_rebound,"AETHER, 58% rebound",mitigation_with_aerosol_cleanup,Mitigation with aerosol cleanup,2076,100.0,100.0,96.0,4.0,470.357694,2.981587,0.594,-0.146,3.429587,2.005903,1.199622,0.7705,0.0,0.4,11,9,"FAIR-ready input scaffold, not a FAIR run; species-level non-CO2 and aerosol emissions remain missing."
aether_constant_emissions_58pct_rebound__mitigation_with_aerosol_cleanup,aether_constant_emissions_58pct_rebound,"AETHER, 58% rebound",mitigation_with_aerosol_cleanup,Mitigation with aerosol cleanup,2077,100.0,100.0,96.0,4.0,470.459862,2.982818,0.588,-0.142,3.428818,2.008829,1.207282,0.765967,0.0,0.4,11,9,"FAIR-ready input scaffold, not a FAIR run; species-level non-CO2 and aerosol emissions remain missing."
aether_constant_emissions_58pct_rebound__mitigation_with_aerosol_cleanup,aether_constant_emissions_58pct_rebound,"AETHER, 58% rebound",mitigation_with_aerosol_cleanup,Mitigation with aerosol cleanup,2078,100.0,100.0,96.0,4.0,470.564152,2.984075,0.582,-0.138,3.428075,2.011749,1.214896,0.76147,0.0,0.4,11,9,"FAIR-ready input scaffold, not a FAIR run; species-level non-CO2 and aerosol emissions remain missing."
aether_constant_emissions_58pct_rebound__mitigation_with_aerosol_cleanup,aether_constant_emissions_58pct_rebound,"AETHER, 58% rebound",mitigation_with_aerosol_cleanup,Mitigation with aerosol cleanup,2079,100.0,100.0,96.0,4.0,470.670493,2.985356,0.576,-0.134,3.427356,2.014662,1.222466,0.75701,0.0,0.4,11,9,"FAIR-ready input scaffold, not a FAIR run; species-level non-CO2 and aerosol emissions remain missing."
aether_constant_emissions_58pct_rebound__mitigation_with_aerosol_cleanup,aether_constant_emissions_58pct_rebound,"AETHER, 58% rebound",mitigation_with_aerosol_cleanup,Mitigation with aerosol cleanup,2080,100.0,100.0,96.0,4.0,470.77882,2.986661,0.57,-0.13,3.426661,2.017568,1.229992,0.752586,0.0,0.4,11,9,"FAIR-ready input scaffold, not a FAIR run; species-level non-CO2 and aerosol emissions remain missing."
aether_constant_emissions_58pct_rebound__mitigation_with_aerosol_cleanup,aether_constant_emissions_58pct_rebound,"AETHER, 58% rebound",mitigation_with_aerosol_cleanup,Mitigation with aerosol cleanup,2081,100.0,100.0,96.0,4.0,470.889067,2.987988,0.564,-0.126,3.425988,2.020466,1.237474,0.748197,0.0,0.4,11,9,"FAIR-ready input scaffold, not a FAIR run; species-level non-CO2 and aerosol emissions remain missing."
aether_constant_emissions_58pct_rebound__mitigation_with_aerosol_cleanup,aether_constant_emissions_58pct_rebound,"AETHER, 58% rebound",mitigation_with_aerosol_cleanup,Mitigation with aerosol cleanup,2082,100.0,100.0,96.0,4.0,471.001175,2.989338,0.558,-0.122,3.425338,2.023356,1.244913,0.743842,0.0,0.4,11,9,"FAIR-ready input scaffold, not a FAIR run; species-level non-CO2 and aerosol emissions remain missing."
aether_constant_emissions_58pct_rebound__mitigation_with_aerosol_cleanup,aether_constant_emissions_58pct_rebound,"AETHER, 58% rebound",mitigation_with_aerosol_cleanup,Mitigation with aerosol cleanup,2083,100.0,100.0,96.0,4.0,471.115086,2.990709,0.552,-0.118,3.424709,2.026239,1.252308,0.739522,0.0,0.4,11,9,"FAIR-ready input scaffold, not a FAIR run; species-level non-CO2 and aerosol emissions remain missing."
aether_constant_emissions_58pct_rebound__mitigation_with_aerosol_cleanup,aether_constant_emissions_58pct_rebound,"AETHER, 58% rebound",mitigation_with_aerosol_cleanup,Mitigation with aerosol cleanup,2084,100.0,100.0,96.0,4.0,471.230743,2.992101,0.546,-0.114,3.424101,2.029113,1.25966,0.735234,0.0,0.4,11,9,"FAIR-ready input scaffold, not a FAIR run; species-level non-CO2 and aerosol emissions remain missing."
aether_constant_emissions_58pct_rebound__mitigation_with_aerosol_cleanup,aether_constant_emissions_58pct_rebound,"AETHER, 58% rebound",mitigation_with_aerosol_cleanup,Mitigation with aerosol cleanup,2085,100.0,100.0,96.0,4.0,471.348092,2.993512,0.54,-0.11,3.423512,2.031979,1.26697,0.73098,0.0,0.4,11,9,"FAIR-ready input scaffold, not a FAIR run; species-level non-CO2 and aerosol emissions remain missing."
aether_constant_emissions_58pct_rebound__mitigation_with_aerosol_cleanup,aether_constant_emissions_58pct_rebound,"AETHER, 58% rebound",mitigation_with_aerosol_cleanup,Mitigation with aerosol cleanup,2086,100.0,100.0,96.0,4.0,471.467082,2.994944,0.534,-0.106,3.422944,2.034837,1.274238,0.726759,0.0,0.4,11,9,"FAIR-ready input scaffold, not a FAIR run; species-level non-CO2 and aerosol emissions remain missing."
aether_constant_emissions_58pct_rebound__mitigation_with_aerosol_cleanup,aether_constant_emissions_58pct_rebound,"AETHER, 58% rebound",mitigation_with_aerosol_cleanup,Mitigation with aerosol cleanup,2087,100.0,100.0,96.0,4.0,471.587662,2.996393,0.528,-0.102,3.422393,2.037686,1.281463,0.72257,0.0,0.4,11,9,"FAIR-ready input scaffold, not a FAIR run; species-level non-CO2 and aerosol emissions remain missing."
aether_constant_emissions_58pct_rebound__mitigation_with_aerosol_cleanup,aether_constant_emissions_58pct_rebound,"AETHER, 58% rebound",mitigation_with_aerosol_cleanup,Mitigation with aerosol cleanup,2088,100.0,100.0,96.0,4.0,471.709784,2.997862,0.522,-0.098,3.421862,2.040526,1.288647,0.718412,0.0,0.4,11,9,"FAIR-ready input scaffold, not a FAIR run; species-level non-CO2 and aerosol emissions remain missing."
aether_constant_emissions_58pct_rebound__mitigation_with_aerosol_cleanup,aether_constant_emissions_58pct_rebound,"AETHER, 58% rebound",mitigation_with_aerosol_cleanup,Mitigation with aerosol cleanup,2089,100.0,100.0,96.0,4.0,471.833401,2.999347,0.516,-0.094,3.421347,2.043357,1.29579,0.714285,0.0,0.4,11,9,"FAIR-ready input scaffold, not a FAIR run; species-level non-CO2 and aerosol emissions remain missing."
aether_constant_emissions_58pct_rebound__mitigation_with_aerosol_cleanup,aether_constant_emissions_58pct_rebound,"AETHER, 58% rebound",mitigation_with_aerosol_cleanup,Mitigation with aerosol cleanup,2090,100.0,100.0,96.0,4.0,471.958467,3.00085,0.51,-0.09,3.42085,2.046179,1.302892,0.710189,0.0,0.4,11,9,"FAIR-ready input scaffold, not a FAIR run; species-level non-CO2 and aerosol emissions remain missing."
aether_constant_emissions_58pct_rebound__mitigation_with_aerosol_cleanup,aether_constant_emissions_58pct_rebound,"AETHER, 58% rebound",mitigation_with_aerosol_cleanup,Mitigation with aerosol cleanup,2091,100.0,100.0,96.0,4.0,472.084938,3.002369,0.504,-0.086,3.420369,2.048992,1.309953,0.706123,0.0,0.4,11,9,"FAIR-ready input scaffold, not a FAIR run; species-level non-CO2 and aerosol emissions remain missing."
aether_constant_emissions_58pct_rebound__mitigation_with_aerosol_cleanup,aether_constant_emissions_58pct_rebound,"AETHER, 58% rebound",mitigation_with_aerosol_cleanup,Mitigation with aerosol cleanup,2092,100.0,100.0,96.0,4.0,472.212772,3.003904,0.498,-0.082,3.419904,2.051795,1.316974,0.702087,0.0,0.4,11,9,"FAIR-ready input scaffold, not a FAIR run; species-level non-CO2 and aerosol emissions remain missing."
aether_constant_emissions_58pct_rebound__mitigation_with_aerosol_cleanup,aether_constant_emissions_58pct_rebound,"AETHER, 58% rebound",mitigation_with_aerosol_cleanup,Mitigation with aerosol cleanup,2093,100.0,100.0,96.0,4.0,472.341927,3.005455,0.492,-0.078,3.419455,2.054589,1.323955,0.69808,0.0,0.4,11,9,"FAIR-ready input scaffold, not a FAIR run; species-level non-CO2 and aerosol emissions remain missing."
aether_constant_emissions_58pct_rebound__mitigation_with_aerosol_cleanup,aether_constant_emissions_58pct_rebound,"AETHER, 58% rebound",mitigation_with_aerosol_cleanup,Mitigation with aerosol cleanup,2094,100.0,100.0,96.0,4.0,472.472362,3.00702,0.486,-0.074,3.41902,2.057373,1.330896,0.694102,0.0,0.4,11,9,"FAIR-ready input scaffold, not a FAIR run; species-level non-CO2 and aerosol emissions remain missing."
aether_constant_emissions_58pct_rebound__mitigation_with_aerosol_cleanup,aether_constant_emissions_58pct_rebound,"AETHER, 58% rebound",mitigation_with_aerosol_cleanup,Mitigation with aerosol cleanup,2095,100.0,100.0,96.0,4.0,472.604038,3.0086,0.48,-0.07,3.4186,2.060147,1.337798,0.690153,0.0,0.4,11,9,"FAIR-ready input scaffold, not a FAIR run; species-level non-CO2 and aerosol emissions remain missing."
aether_constant_emissions_58pct_rebound__mitigation_with_aerosol_cleanup,aether_constant_emissions_58pct_rebound,"AETHER, 58% rebound",mitigation_with_aerosol_cleanup,Mitigation with aerosol cleanup,2096,100.0,100.0,96.0,4.0,472.736917,3.010194,0.474,-0.066,3.418194,2.062911,1.34466,0.686232,0.0,0.4,11,9,"FAIR-ready input scaffold, not a FAIR run; species-level non-CO2 and aerosol emissions remain missing."
aether_constant_emissions_58pct_rebound__mitigation_with_aerosol_cleanup,aether_constant_emissions_58pct_rebound,"AETHER, 58% rebound",mitigation_with_aerosol_cleanup,Mitigation with aerosol cleanup,2097,100.0,100.0,96.0,4.0,472.870963,3.011801,0.468,-0.062,3.417801,2.065665,1.351483,0.682338,0.0,0.4,11,9,"FAIR-ready input scaffold, not a FAIR run; species-level non-CO2 and aerosol emissions remain missing."
aether_constant_emissions_58pct_rebound__mitigation_with_aerosol_cleanup,aether_constant_emissions_58pct_rebound,"AETHER, 58% rebound",mitigation_with_aerosol_cleanup,Mitigation with aerosol cleanup,2098,100.0,100.0,96.0,4.0,473.006138,3.013422,0.462,-0.058,3.417422,2.068409,1.358268,0.678473,0.0,0.4,11,9,"FAIR-ready input scaffold, not a FAIR run; species-level non-CO2 and aerosol emissions remain missing."
aether_constant_emissions_58pct_rebound__mitigation_with_aerosol_cleanup,aether_constant_emissions_58pct_rebound,"AETHER, 58% rebound",mitigation_with_aerosol_cleanup,Mitigation with aerosol cleanup,2099,100.0,100.0,96.0,4.0,473.142408,3.015055,0.456,-0.054,3.417055,2.071143,1.365014,0.674634,0.0,0.4,11,9,"FAIR-ready input scaffold, not a FAIR run; species-level non-CO2 and aerosol emissions remain missing."
aether_constant_emissions_58pct_rebound__mitigation_with_aerosol_cleanup,aether_constant_emissions_58pct_rebound,"AETHER, 58% rebound",mitigation_with_aerosol_cleanup,Mitigation with aerosol cleanup,2100,100.0,100.0,96.0,4.0,473.279739,3.016701,0.45,-0.05,3.416701,2.073866,1.371723,0.670822,0.0,0.4,11,9,"FAIR-ready input scaffold, not a FAIR run; species-level non-CO2 and aerosol emissions remain missing."
aether_constant_emissions_58pct_rebound__nonco2_delay_aerosol_unmasking,aether_constant_emissions_58pct_rebound,"AETHER, 58% rebound",nonco2_delay_aerosol_unmasking,Delayed non-CO2 mitigation plus aerosol unmasking,2026,42.2,0.0,0.0,42.2,433.940256,2.524677,1.2,-0.7,3.024677,1.613376,0.772719,0.795947,0.0,0.4,11,9,"FAIR-ready input scaffold, not a FAIR run; species-level non-CO2 and aerosol emissions remain missing."
aether_constant_emissions_58pct_rebound__nonco2_delay_aerosol_unmasking,aether_constant_emissions_58pct_rebound,"AETHER, 58% rebound",nonco2_delay_aerosol_unmasking,Delayed non-CO2 mitigation plus aerosol unmasking,2027,45.09,5.0,4.8,40.29,438.751405,2.587193,1.197917,-0.677083,3.108026,1.629699,0.780705,0.798624,0.0,0.4,11,9,"FAIR-ready input scaffold, not a FAIR run; species-level non-CO2 and aerosol emissions remain missing."
aether_constant_emissions_58pct_rebound__nonco2_delay_aerosol_unmasking,aether_constant_emissions_58pct_rebound,"AETHER, 58% rebound",nonco2_delay_aerosol_unmasking,Delayed non-CO2 mitigation plus aerosol unmasking,2028,47.98,10.0,9.6,38.38,443.044855,2.642406,1.195833,-0.654167,3.184072,1.649918,0.788771,0.806544,0.0,0.4,11,9,"FAIR-ready input scaffold, not a FAIR run; species-level non-CO2 and aerosol emissions remain missing."
aether_constant_emissions_58pct_rebound__nonco2_delay_aerosol_unmasking,aether_constant_emissions_58pct_rebound,"AETHER, 58% rebound",nonco2_delay_aerosol_unmasking,Delayed non-CO2 mitigation plus aerosol unmasking,2029,50.87,15.0,14.4,36.47,446.885704,2.691347,1.19375,-0.63125,3.253847,1.672782,0.796952,0.81809,0.0,0.4,11,9,"FAIR-ready input scaffold, not a FAIR run; species-level non-CO2 and aerosol emissions remain missing."
aether_constant_emissions_58pct_rebound__nonco2_delay_aerosol_unmasking,aether_constant_emissions_58pct_rebound,"AETHER, 58% rebound",nonco2_delay_aerosol_unmasking,Delayed non-CO2 mitigation plus aerosol unmasking,2030,53.76,20.0,19.2,34.56,450.326106,2.734829,1.191667,-0.608333,3.318162,1.697347,0.805272,0.832038,0.0,0.4,11,9,"FAIR-ready input scaffold, not a FAIR run; species-level non-CO2 and aerosol emissions remain missing."
aether_constant_emissions_58pct_rebound__nonco2_delay_aerosol_unmasking,aether_constant_emissions_58pct_rebound,"AETHER, 58% rebound",nonco2_delay_aerosol_unmasking,Delayed non-CO2 mitigation plus aerosol unmasking,2031,56.65,25.0,24.0,32.65,453.407941,2.773498,1.189583,-0.585417,3.377665,1.722902,0.813747,0.847471,0.0,0.4,11,9,"FAIR-ready input scaffold, not a FAIR run; species-level non-CO2 and aerosol emissions remain missing."
aether_constant_emissions_58pct_rebound__nonco2_delay_aerosol_unmasking,aether_constant_emissions_58pct_rebound,"AETHER, 58% rebound",nonco2_delay_aerosol_unmasking,Delayed non-CO2 mitigation plus aerosol unmasking,2032,59.54,30.0,28.8,30.74,456.164933,2.80787,1.1875,-0.5625,3.43287,1.748917,0.822384,0.863698,0.0,0.4,11,9,"FAIR-ready input scaffold, not a FAIR run; species-level non-CO2 and aerosol emissions remain missing."
aether_constant_emissions_58pct_rebound__nonco2_delay_aerosol_unmasking,aether_constant_emissions_58pct_rebound,"AETHER, 58% rebound",nonco2_delay_aerosol_unmasking,Delayed non-CO2 mitigation plus aerosol unmasking,2033,62.43,35.0,33.6,28.83,458.624322,2.838356,1.185417,-0.539583,3.484189,1.774992,0.831186,0.880206,0.0,0.4,11,9,"FAIR-ready input scaffold, not a FAIR run; species-level non-CO2 and aerosol emissions remain missing."
aether_constant_emissions_58pct_rebound__nonco2_delay_aerosol_unmasking,aether_constant_emissions_58pct_rebound,"AETHER, 58% rebound",nonco2_delay_aerosol_unmasking,Delayed non-CO2 mitigation plus aerosol unmasking,2034,65.32,40.0,38.4,26.92,460.808202,2.86529,1.183333,-0.516667,3.531957,1.800834,0.840152,0.896616,0.0,0.4,11,9,"FAIR-ready input scaffold, not a FAIR run; species-level non-CO2 and aerosol emissions remain missing."
aether_constant_emissions_58pct_rebound__nonco2_delay_aerosol_unmasking,aether_constant_emissions_58pct_rebound,"AETHER, 58% rebound",nonco2_delay_aerosol_unmasking,Delayed non-CO2 mitigation plus aerosol unmasking,2035,68.21,45.0,43.2,25.01,462.734571,2.888943,1.18125,-0.49375,3.576443,1.826226,0.849278,0.912648,0.0,0.4,11,9,"FAIR-ready input scaffold, not a FAIR run; species-level non-CO2 and aerosol emissions remain missing."
aether_constant_emissions_58pct_rebound__nonco2_delay_aerosol_unmasking,aether_constant_emissions_58pct_rebound,"AETHER, 58% rebound",nonco2_delay_aerosol_unmasking,Delayed non-CO2 mitigation plus aerosol unmasking,2036,71.1,50.0,48.0,23.1,464.418168,2.909534,1.179167,-0.470833,3.617868,1.85101,0.858559,0.9281,0.0,0.4,11,9,"FAIR-ready input scaffold, not a FAIR run; species-level non-CO2 and aerosol emissions remain missing."
aether_constant_emissions_58pct_rebound__nonco2_delay_aerosol_unmasking,aether_constant_emissions_58pct_rebound,"AETHER, 58% rebound",nonco2_delay_aerosol_unmasking,Delayed non-CO2 mitigation plus aerosol unmasking,2037,73.99,55.0,52.8,21.19,465.871138,2.927245,1.177083,-0.447917,3.656412,1.875073,0.867988,0.942828,0.0,0.4,11,9,"FAIR-ready input scaffold, not a FAIR run; species-level non-CO2 and aerosol emissions remain missing."
aether_constant_emissions_58pct_rebound__nonco2_delay_aerosol_unmasking,aether_constant_emissions_58pct_rebound,"AETHER, 58% rebound",nonco2_delay_aerosol_unmasking,Delayed non-CO2 mitigation plus aerosol unmasking,2038,76.88,60.0,57.6,19.28,467.103558,2.942224,1.175,-0.425,3.692224,1.898336,0.877555,0.956731,0.0,0.4,11,9,"FAIR-ready input scaffold, not a FAIR run; species-level non-CO2 and aerosol emissions remain missing."
aether_constant_emissions_58pct_rebound__nonco2_delay_aerosol_unmasking,aether_constant_emissions_58pct_rebound,"AETHER, 58% rebound",nonco2_delay_aerosol_unmasking,Delayed non-CO2 mitigation plus aerosol unmasking,2039,79.77,65.0,62.4,17.37,468.123853,2.954595,1.172917,-0.402083,3.725429,1.920741,0.887252,0.969742,0.0,0.4,11,9,"FAIR-ready input scaffold, not a FAIR run; species-level non-CO2 and aerosol emissions remain missing."
aether_constant_emissions_58pct_rebound__nonco2_delay_aerosol_unmasking,aether_constant_emissions_58pct_rebound,"AETHER, 58% rebound",nonco2_delay_aerosol_unmasking,Delayed non-CO2 mitigation plus aerosol unmasking,2040,82.66,70.0,67.2,15.46,468.93913,2.964461,1.170833,-0.379167,3.756128,1.942253,0.897071,0.981814,0.0,0.4,11,9,"FAIR-ready input scaffold, not a FAIR run; species-level non-CO2 and aerosol emissions remain missing."
aether_constant_emissions_58pct_rebound__nonco2_delay_aerosol_unmasking,aether_constant_emissions_58pct_rebound,"AETHER, 58% rebound",nonco2_delay_aerosol_unmasking,Delayed non-CO2 mitigation plus aerosol unmasking,2041,85.55,75.0,72.0,13.55,469.555435,2.971908,1.16875,-0.35625,3.784408,1.962847,0.907,0.992923,0.0,0.4,11,9,"FAIR-ready input scaffold, not a FAIR run; species-level non-CO2 and aerosol emissions remain missing."
aether_constant_emissions_58pct_rebound__nonco2_delay_aerosol_unmasking,aether_constant_emissions_58pct_rebound,"AETHER, 58% rebound",nonco2_delay_aerosol_unmasking,Delayed non-CO2 mitigation plus aerosol unmasking,2042,88.44,80.0,76.8,11.64,469.97797,2.977007,1.166667,-0.333333,3.810341,1.98251,0.91703,1.003055,0.0,0.4,11,9,"FAIR-ready input scaffold, not a FAIR run; species-level non-CO2 and aerosol emissions remain missing."
aether_constant_emissions_58pct_rebound__nonco2_delay_aerosol_unmasking,aether_constant_emissions_58pct_rebound,"AETHER, 58% rebound",nonco2_delay_aerosol_unmasking,Delayed non-CO2 mitigation plus aerosol unmasking,2043,91.33,85.0,81.6,9.73,470.211252,2.979821,1.164583,-0.310417,3.833988,2.001235,0.927152,1.012206,0.0,0.4,11,9,"FAIR-ready input scaffold, not a FAIR run; species-level non-CO2 and aerosol emissions remain missing."
aether_constant_emissions_58pct_rebound__nonco2_delay_aerosol_unmasking,aether_constant_emissions_58pct_rebound,"AETHER, 58% rebound",nonco2_delay_aerosol_unmasking,Delayed non-CO2 mitigation plus aerosol unmasking,2044,94.22,90.0,86.4,7.82,470.259248,2.9804,1.1625,-0.2875,3.8554,2.019018,0.937356,1.020378,0.0,0.4,11,9,"FAIR-ready input scaffold, not a FAIR run; species-level non-CO2 and aerosol emissions remain missing."
aether_constant_emissions_58pct_rebound__nonco2_delay_aerosol_unmasking,aether_constant_emissions_58pct_rebound,"AETHER, 58% rebound",nonco2_delay_aerosol_unmasking,Delayed non-CO2 mitigation plus aerosol unmasking,2045,97.11,95.0,91.2,5.91,470.125476,2.978787,1.160417,-0.264583,3.87462,2.035862,0.947632,1.027579,0.0,0.4,11,9,"FAIR-ready input scaffold, not a FAIR run; species-level non-CO2 and aerosol emissions remain missing."
aether_constant_emissions_58pct_rebound__nonco2_delay_aerosol_unmasking,aether_constant_emissions_58pct_rebound,"AETHER, 58% rebound",nonco2_delay_aerosol_unmasking,Delayed non-CO2 mitigation plus aerosol unmasking,2046,100.0,100.0,96.0,4.0,469.813093,2.975018,1.158333,-0.241667,3.891685,2.05177,0.95797,1.033819,0.0,0.4,11,9,"FAIR-ready input scaffold, not a FAIR run; species-level non-CO2 and aerosol emissions remain missing."
aether_constant_emissions_58pct_rebound__nonco2_delay_aerosol_unmasking,aether_constant_emissions_58pct_rebound,"AETHER, 58% rebound",nonco2_delay_aerosol_unmasking,Delayed non-CO2 mitigation plus aerosol unmasking,2047,100.0,100.0,96.0,4.0,469.56983,2.972082,1.15625,-0.21875,3.909582,2.066991,0.968361,1.039109,0.0,0.4,11,9,"FAIR-ready input scaffold, not a FAIR run; species-level non-CO2 and aerosol emissions remain missing."
aether_constant_emissions_58pct_rebound__nonco2_delay_aerosol_unmasking,aether_constant_emissions_58pct_rebound,"AETHER, 58% rebound",nonco2_delay_aerosol_unmasking,Delayed non-CO2 mitigation plus aerosol unmasking,2048,100.0,100.0,96.0,4.0,469.382268,2.969816,1.154167,-0.195833,3.92815,2.081715,0.978798,1.043698,0.0,0.4,11,9,"FAIR-ready input scaffold, not a FAIR run; species-level non-CO2 and aerosol emissions remain missing."
aether_constant_emissions_58pct_rebound__nonco2_delay_aerosol_unmasking,aether_constant_emissions_58pct_rebound,"AETHER, 58% rebound",nonco2_delay_aerosol_unmasking,Delayed non-CO2 mitigation plus aerosol unmasking,2049,100.0,100.0,96.0,4.0,469.239745,2.968095,1.152083,-0.172917,3.947261,2.096085,0.989276,1.047771,0.0,0.4,11,9,"FAIR-ready input scaffold, not a FAIR run; species-level non-CO2 and aerosol emissions remain missing."
aether_constant_emissions_58pct_rebound__nonco2_delay_aerosol_unmasking,aether_constant_emissions_58pct_rebound,"AETHER, 58% rebound",nonco2_delay_aerosol_unmasking,Delayed non-CO2 mitigation plus aerosol unmasking,2050,100.0,100.0,96.0,4.0,469.133784,2.966814,1.15,-0.15,3.966814,2.110208,0.999791,1.051469,0.0,0.4,11,9,"FAIR-ready input scaffold, not a FAIR run; species-level non-CO2 and aerosol emissions remain missing."
aether_constant_emissions_58pct_rebound__nonco2_delay_aerosol_unmasking,aether_constant_emissions_58pct_rebound,"AETHER, 58% rebound",nonco2_delay_aerosol_unmasking,Delayed non-CO2 mitigation plus aerosol unmasking,2051,100.0,100.0,96.0,4.0,469.057643,2.965894,1.148,-0.148,3.965894,2.122427,1.01034,1.054897,0.0,0.4,11,9,"FAIR-ready input scaffold, not a FAIR run; species-level non-CO2 and aerosol emissions remain missing."
aether_constant_emissions_58pct_rebound__nonco2_delay_aerosol_unmasking,aether_constant_emissions_58pct_rebound,"AETHER, 58% rebound",nonco2_delay_aerosol_unmasking,Delayed non-CO2 mitigation plus aerosol unmasking,2052,100.0,100.0,96.0,4.0,469.005951,2.965269,1.146,-0.146,3.965269,2.133127,1.020904,1.056483,0.0,0.4,11,9,"FAIR-ready input scaffold, not a FAIR run; species-level non-CO2 and aerosol emissions remain missing."
aether_constant_emissions_58pct_rebound__nonco2_delay_aerosol_unmasking,aether_constant_emissions_58pct_rebound,"AETHER, 58% rebound",nonco2_delay_aerosol_unmasking,Delayed non-CO2 mitigation plus aerosol unmasking,2053,100.0,100.0,96.0,4.0,468.97443,2.964888,1.144,-0.144,3.964888,2.142617,1.031471,1.056612,0.0,0.4,11,9,"FAIR-ready input scaffold, not a FAIR run; species-level non-CO2 and aerosol emissions remain missing."
aether_constant_emissions_58pct_rebound__nonco2_delay_aerosol_unmasking,aether_constant_emissions_58pct_rebound,"AETHER, 58% rebound",nonco2_delay_aerosol_unmasking,Delayed non-CO2 mitigation plus aerosol unmasking,2054,100.0,100.0,96.0,4.0,468.959666,2.964709,1.142,-0.142,3.964709,2.151142,1.042026,1.055589,0.0,0.4,11,9,"FAIR-ready input scaffold, not a FAIR run; species-level non-CO2 and aerosol emissions remain missing."
aether_constant_emissions_58pct_rebound__nonco2_delay_aerosol_unmasking,aether_constant_emissions_58pct_rebound,"AETHER, 58% rebound",nonco2_delay_aerosol_unmasking,Delayed non-CO2 mitigation plus aerosol unmasking,2055,100.0,100.0,96.0,4.0,468.958931,2.9647,1.14,-0.14,3.9647,2.158895,1.052563,1.053659,0.0,0.4,11,9,"FAIR-ready input scaffold, not a FAIR run; species-level non-CO2 and aerosol emissions remain missing."
aether_constant_emissions_58pct_rebound__nonco2_delay_aerosol_unmasking,aether_constant_emissions_58pct_rebound,"AETHER, 58% rebound",nonco2_delay_aerosol_unmasking,Delayed non-CO2 mitigation plus aerosol unmasking,2056,100.0,100.0,96.0,4.0,468.970041,2.964835,1.138,-0.138,3.964835,2.166034,1.063073,1.051016,0.0,0.4,11,9,"FAIR-ready input scaffold, not a FAIR run; species-level non-CO2 and aerosol emissions remain missing."
aether_constant_emissions_58pct_rebound__nonco2_delay_aerosol_unmasking,aether_constant_emissions_58pct_rebound,"AETHER, 58% rebound",nonco2_delay_aerosol_unmasking,Delayed non-CO2 mitigation plus aerosol unmasking,2057,100.0,100.0,96.0,4.0,468.991246,2.965091,1.136,-0.136,3.965091,2.172682,1.073551,1.047813,0.0,0.4,11,9,"FAIR-ready input scaffold, not a FAIR run; species-level non-CO2 and aerosol emissions remain missing."
aether_constant_emissions_58pct_rebound__nonco2_delay_aerosol_unmasking,aether_constant_emissions_58pct_rebound,"AETHER, 58% rebound",nonco2_delay_aerosol_unmasking,Delayed non-CO2 mitigation plus aerosol unmasking,2058,100.0,100.0,96.0,4.0,469.021136,2.965452,1.134,-0.134,3.965452,2.178937,1.083993,1.044174,0.0,0.4,11,9,"FAIR-ready input scaffold, not a FAIR run; species-level non-CO2 and aerosol emissions remain missing."
aether_constant_emissions_58pct_rebound__nonco2_delay_aerosol_unmasking,aether_constant_emissions_58pct_rebound,"AETHER, 58% rebound",nonco2_delay_aerosol_unmasking,Delayed non-CO2 mitigation plus aerosol unmasking,2059,100.0,100.0,96.0,4.0,469.058576,2.965905,1.132,-0.132,3.965905,2.184879,1.094395,1.040197,0.0,0.4,11,9,"FAIR-ready input scaffold, not a FAIR run; species-level non-CO2 and aerosol emissions remain missing."
aether_constant_emissions_58pct_rebound__nonco2_delay_aerosol_unmasking,aether_constant_emissions_58pct_rebound,"AETHER, 58% rebound",nonco2_delay_aerosol_unmasking,Delayed non-CO2 mitigation plus aerosol unmasking,2060,100.0,100.0,96.0,4.0,469.102646,2.966438,1.13,-0.13,3.966438,2.19057,1.104755,1.03596,0.0,0.4,11,9,"FAIR-ready input scaffold, not a FAIR run; species-level non-CO2 and aerosol emissions remain missing."
aether_constant_emissions_58pct_rebound__nonco2_delay_aerosol_unmasking,aether_constant_emissions_58pct_rebound,"AETHER, 58% rebound",nonco2_delay_aerosol_unmasking,Delayed non-CO2 mitigation plus aerosol unmasking,2061,100.0,100.0,96.0,4.0,469.1526,2.967041,1.128,-0.128,3.967041,2.196059,1.11507,1.031524,0.0,0.4,11,9,"FAIR-ready input scaffold, not a FAIR run; species-level non-CO2 and aerosol emissions remain missing."
aether_constant_emissions_58pct_rebound__nonco2_delay_aerosol_unmasking,aether_constant_emissions_58pct_rebound,"AETHER, 58% rebound",nonco2_delay_aerosol_unmasking,Delayed non-CO2 mitigation plus aerosol unmasking,2062,100.0,100.0,96.0,4.0,469.207827,2.967709,1.126,-0.126,3.967709,2.201387,1.125339,1.02694,0.0,0.4,11,9,"FAIR-ready input scaffold, not a FAIR run; species-level non-CO2 and aerosol emissions remain missing."
aether_constant_emissions_58pct_rebound__nonco2_delay_aerosol_unmasking,aether_constant_emissions_58pct_rebound,"AETHER, 58% rebound",nonco2_delay_aerosol_unmasking,Delayed non-CO2 mitigation plus aerosol unmasking,2063,100.0,100.0,96.0,4.0,469.267826,2.968434,1.124,-0.124,3.968434,2.206584,1.135562,1.022245,0.0,0.4,11,9,"FAIR-ready input scaffold, not a FAIR run; species-level non-CO2 and aerosol emissions remain missing."
aether_constant_emissions_58pct_rebound__nonco2_delay_aerosol_unmasking,aether_constant_emissions_58pct_rebound,"AETHER, 58% rebound",nonco2_delay_aerosol_unmasking,Delayed non-CO2 mitigation plus aerosol unmasking,2064,100.0,100.0,96.0,4.0,469.332183,2.969211,1.122,-0.122,3.969211,2.211677,1.145736,1.017471,0.0,0.4,11,9,"FAIR-ready input scaffold, not a FAIR run; species-level non-CO2 and aerosol emissions remain missing."
aether_constant_emissions_58pct_rebound__nonco2_delay_aerosol_unmasking,aether_constant_emissions_58pct_rebound,"AETHER, 58% rebound",nonco2_delay_aerosol_unmasking,Delayed non-CO2 mitigation plus aerosol unmasking,2065,100.0,100.0,96.0,4.0,469.400552,2.970037,1.12,-0.12,3.970037,2.216685,1.155863,1.012644,0.0,0.4,11,9,"FAIR-ready input scaffold, not a FAIR run; species-level non-CO2 and aerosol emissions remain missing."
aether_constant_emissions_58pct_rebound__nonco2_delay_aerosol_unmasking,aether_constant_emissions_58pct_rebound,"AETHER, 58% rebound",nonco2_delay_aerosol_unmasking,Delayed non-CO2 mitigation plus aerosol unmasking,2066,100.0,100.0,96.0,4.0,469.472646,2.970908,1.118,-0.118,3.970908,2.221624,1.165941,1.007781,0.0,0.4,11,9,"FAIR-ready input scaffold, not a FAIR run; species-level non-CO2 and aerosol emissions remain missing."
aether_constant_emissions_58pct_rebound__nonco2_delay_aerosol_unmasking,aether_constant_emissions_58pct_rebound,"AETHER, 58% rebound",nonco2_delay_aerosol_unmasking,Delayed non-CO2 mitigation plus aerosol unmasking,2067,100.0,100.0,96.0,4.0,469.548218,2.971821,1.116,-0.116,3.971821,2.226507,1.17597,1.002899,0.0,0.4,11,9,"FAIR-ready input scaffold, not a FAIR run; species-level non-CO2 and aerosol emissions remain missing."
aether_constant_emissions_58pct_rebound__nonco2_delay_aerosol_unmasking,aether_constant_emissions_58pct_rebound,"AETHER, 58% rebound",nonco2_delay_aerosol_unmasking,Delayed non-CO2 mitigation plus aerosol unmasking,2068,100.0,100.0,96.0,4.0,469.62706,2.972772,1.114,-0.114,3.972772,2.231344,1.18595,0.99801,0.0,0.4,11,9,"FAIR-ready input scaffold, not a FAIR run; species-level non-CO2 and aerosol emissions remain missing."
aether_constant_emissions_58pct_rebound__nonco2_delay_aerosol_unmasking,aether_constant_emissions_58pct_rebound,"AETHER, 58% rebound",nonco2_delay_aerosol_unmasking,Delayed non-CO2 mitigation plus aerosol unmasking,2069,100.0,100.0,96.0,4.0,469.708989,2.973762,1.112,-0.112,3.973762,2.236142,1.195881,0.993124,0.0,0.4,11,9,"FAIR-ready input scaffold, not a FAIR run; species-level non-CO2 and aerosol emissions remain missing."
aether_constant_emissions_58pct_rebound__nonco2_delay_aerosol_unmasking,aether_constant_emissions_58pct_rebound,"AETHER, 58% rebound",nonco2_delay_aerosol_unmasking,Delayed non-CO2 mitigation plus aerosol unmasking,2070,100.0,100.0,96.0,4.0,469.79385,2.974786,1.11,-0.11,3.974786,2.240908,1.205764,0.988248,0.0,0.4,11,9,"FAIR-ready input scaffold, not a FAIR run; species-level non-CO2 and aerosol emissions remain missing."
aether_constant_emissions_58pct_rebound__nonco2_delay_aerosol_unmasking,aether_constant_emissions_58pct_rebound,"AETHER, 58% rebound",nonco2_delay_aerosol_unmasking,Delayed non-CO2 mitigation plus aerosol unmasking,2071,100.0,100.0,96.0,4.0,469.881502,2.975844,1.108,-0.108,3.975844,2.245647,1.215597,0.983387,0.0,0.4,11,9,"FAIR-ready input scaffold, not a FAIR run; species-level non-CO2 and aerosol emissions remain missing."
aether_constant_emissions_58pct_rebound__nonco2_delay_aerosol_unmasking,aether_constant_emissions_58pct_rebound,"AETHER, 58% rebound",nonco2_delay_aerosol_unmasking,Delayed non-CO2 mitigation plus aerosol unmasking,2072,100.0,100.0,96.0,4.0,469.971821,2.976933,1.106,-0.106,3.976933,2.250362,1.225383,0.978547,0.0,0.4,11,9,"FAIR-ready input scaffold, not a FAIR run; species-level non-CO2 and aerosol emissions remain missing."
aether_constant_emissions_58pct_rebound__nonco2_delay_aerosol_unmasking,aether_constant_emissions_58pct_rebound,"AETHER, 58% rebound",nonco2_delay_aerosol_unmasking,Delayed non-CO2 mitigation plus aerosol unmasking,2073,100.0,100.0,96.0,4.0,470.064698,2.978054,1.104,-0.104,3.978054,2.255058,1.23512,0.973731,0.0,0.4,11,9,"FAIR-ready input scaffold, not a FAIR run; species-level non-CO2 and aerosol emissions remain missing."
aether_constant_emissions_58pct_rebound__nonco2_delay_aerosol_unmasking,aether_constant_emissions_58pct_rebound,"AETHER, 58% rebound",nonco2_delay_aerosol_unmasking,Delayed non-CO2 mitigation plus aerosol unmasking,2074,100.0,100.0,96.0,4.0,470.160029,2.979203,1.102,-0.102,3.979203,2.259736,1.24481,0.968941,0.0,0.4,11,9,"FAIR-ready input scaffold, not a FAIR run; species-level non-CO2 and aerosol emissions remain missing."
aether_constant_emissions_58pct_rebound__nonco2_delay_aerosol_unmasking,aether_constant_emissions_58pct_rebound,"AETHER, 58% rebound",nonco2_delay_aerosol_unmasking,Delayed non-CO2 mitigation plus aerosol unmasking,2075,100.0,100.0,96.0,4.0,470.257723,2.980381,1.1,-0.1,3.980381,2.264398,1.254451,0.96418,0.0,0.4,11,9,"FAIR-ready input scaffold, not a FAIR run; species-level non-CO2 and aerosol emissions remain missing."
aether_constant_emissions_58pct_rebound__nonco2_delay_aerosol_unmasking,aether_constant_emissions_58pct_rebound,"AETHER, 58% rebound",nonco2_delay_aerosol_unmasking,Delayed non-CO2 mitigation plus aerosol unmasking,2076,100.0,100.0,96.0,4.0,470.357694,2.981587,1.098,-0.098,3.981587,2.269046,1.264046,0.95945,0.0,0.4,11,9,"FAIR-ready input scaffold, not a FAIR run; species-level non-CO2 and aerosol emissions remain missing."
aether_constant_emissions_58pct_rebound__nonco2_delay_aerosol_unmasking,aether_constant_emissions_58pct_rebound,"AETHER, 58% rebound",nonco2_delay_aerosol_unmasking,Delayed non-CO2 mitigation plus aerosol unmasking,2077,100.0,100.0,96.0,4.0,470.459862,2.982818,1.096,-0.096,3.982818,2.273681,1.273593,0.95475,0.0,0.4,11,9,"FAIR-ready input scaffold, not a FAIR run; species-level non-CO2 and aerosol emissions remain missing."
aether_constant_emissions_58pct_rebound__nonco2_delay_aerosol_unmasking,aether_constant_emissions_58pct_rebound,"AETHER, 58% rebound",nonco2_delay_aerosol_unmasking,Delayed non-CO2 mitigation plus aerosol unmasking,2078,100.0,100.0,96.0,4.0,470.564152,2.984075,1.094,-0.094,3.984075,2.278303,1.283094,0.950083,0.0,0.4,11,9,"FAIR-ready input scaffold, not a FAIR run; species-level non-CO2 and aerosol emissions remain missing."
aether_constant_emissions_58pct_rebound__nonco2_delay_aerosol_unmasking,aether_constant_emissions_58pct_rebound,"AETHER, 58% rebound",nonco2_delay_aerosol_unmasking,Delayed non-CO2 mitigation plus aerosol unmasking,2079,100.0,100.0,96.0,4.0,470.670493,2.985356,1.092,-0.092,3.985356,2.282914,1.292549,0.945449,0.0,0.4,11,9,"FAIR-ready input scaffold, not a FAIR run; species-level non-CO2 and aerosol emissions remain missing."
aether_constant_emissions_58pct_rebound__nonco2_delay_aerosol_unmasking,aether_constant_emissions_58pct_rebound,"AETHER, 58% rebound",nonco2_delay_aerosol_unmasking,Delayed non-CO2 mitigation plus aerosol unmasking,2080,100.0,100.0,96.0,4.0,470.77882,2.986661,1.09,-0.09,3.986661,2.287514,1.301957,0.940847,0.0,0.4,11,9,"FAIR-ready input scaffold, not a FAIR run; species-level non-CO2 and aerosol emissions remain missing."
aether_constant_emissions_58pct_rebound__nonco2_delay_aerosol_unmasking,aether_constant_emissions_58pct_rebound,"AETHER, 58% rebound",nonco2_delay_aerosol_unmasking,Delayed non-CO2 mitigation plus aerosol unmasking,2081,100.0,100.0,96.0,4.0,470.889067,2.987988,1.088,-0.088,3.987988,2.292103,1.31132,0.936279,0.0,0.4,11,9,"FAIR-ready input scaffold, not a FAIR run; species-level non-CO2 and aerosol emissions remain missing."
aether_constant_emissions_58pct_rebound__nonco2_delay_aerosol_unmasking,aether_constant_emissions_58pct_rebound,"AETHER, 58% rebound",nonco2_delay_aerosol_unmasking,Delayed non-CO2 mitigation plus aerosol unmasking,2082,100.0,100.0,96.0,4.0,471.001175,2.989338,1.086,-0.086,3.989338,2.296681,1.320637,0.931744,0.0,0.4,11,9,"FAIR-ready input scaffold, not a FAIR run; species-level non-CO2 and aerosol emissions remain missing."
aether_constant_emissions_58pct_rebound__nonco2_delay_aerosol_unmasking,aether_constant_emissions_58pct_rebound,"AETHER, 58% rebound",nonco2_delay_aerosol_unmasking,Delayed non-CO2 mitigation plus aerosol unmasking,2083,100.0,100.0,96.0,4.0,471.115086,2.990709,1.084,-0.084,3.990709,2.301249,1.32991,0.927241,0.0,0.4,11,9,"FAIR-ready input scaffold, not a FAIR run; species-level non-CO2 and aerosol emissions remain missing."
aether_constant_emissions_58pct_rebound__nonco2_delay_aerosol_unmasking,aether_constant_emissions_58pct_rebound,"AETHER, 58% rebound",nonco2_delay_aerosol_unmasking,Delayed non-CO2 mitigation plus aerosol unmasking,2084,100.0,100.0,96.0,4.0,471.230743,2.992101,1.082,-0.082,3.992101,2.305807,1.339138,0.922772,0.0,0.4,11,9,"FAIR-ready input scaffold, not a FAIR run; species-level non-CO2 and aerosol emissions remain missing."
aether_constant_emissions_58pct_rebound__nonco2_delay_aerosol_unmasking,aether_constant_emissions_58pct_rebound,"AETHER, 58% rebound",nonco2_delay_aerosol_unmasking,Delayed non-CO2 mitigation plus aerosol unmasking,2085,100.0,100.0,96.0,4.0,471.348092,2.993512,1.08,-0.08,3.993512,2.310354,1.348321,0.918336,0.0,0.4,11,9,"FAIR-ready input scaffold, not a FAIR run; species-level non-CO2 and aerosol emissions remain missing."
aether_constant_emissions_58pct_rebound__nonco2_delay_aerosol_unmasking,aether_constant_emissions_58pct_rebound,"AETHER, 58% rebound",nonco2_delay_aerosol_unmasking,Delayed non-CO2 mitigation plus aerosol unmasking,2086,100.0,100.0,96.0,4.0,471.467082,2.994944,1.078,-0.078,3.994944,2.314892,1.35746,0.913932,0.0,0.4,11,9,"FAIR-ready input scaffold, not a FAIR run; species-level non-CO2 and aerosol emissions remain missing."
aether_constant_emissions_58pct_rebound__nonco2_delay_aerosol_unmasking,aether_constant_emissions_58pct_rebound,"AETHER, 58% rebound",nonco2_delay_aerosol_unmasking,Delayed non-CO2 mitigation plus aerosol unmasking,2087,100.0,100.0,96.0,4.0,471.587662,2.996393,1.076,-0.076,3.996393,2.319419,1.366556,0.90956,0.0,0.4,11,9,"FAIR-ready input scaffold, not a FAIR run; species-level non-CO2 and aerosol emissions remain missing."
aether_constant_emissions_58pct_rebound__nonco2_delay_aerosol_unmasking,aether_constant_emissions_58pct_rebound,"AETHER, 58% rebound",nonco2_delay_aerosol_unmasking,Delayed non-CO2 mitigation plus aerosol unmasking,2088,100.0,100.0,96.0,4.0,471.709784,2.997862,1.074,-0.074,3.997862,2.323936,1.375608,0.90522,0.0,0.4,11,9,"FAIR-ready input scaffold, not a FAIR run; species-level non-CO2 and aerosol emissions remain missing."
aether_constant_emissions_58pct_rebound__nonco2_delay_aerosol_unmasking,aether_constant_emissions_58pct_rebound,"AETHER, 58% rebound",nonco2_delay_aerosol_unmasking,Delayed non-CO2 mitigation plus aerosol unmasking,2089,100.0,100.0,96.0,4.0,471.833401,2.999347,1.072,-0.072,3.999347,2.328442,1.384617,0.900911,0.0,0.4,11,9,"FAIR-ready input scaffold, not a FAIR run; species-level non-CO2 and aerosol emissions remain missing."
aether_constant_emissions_58pct_rebound__nonco2_delay_aerosol_unmasking,aether_constant_emissions_58pct_rebound,"AETHER, 58% rebound",nonco2_delay_aerosol_unmasking,Delayed non-CO2 mitigation plus aerosol unmasking,2090,100.0,100.0,96.0,4.0,471.958467,3.00085,1.07,-0.07,4.00085,2.332939,1.393583,0.896634,0.0,0.4,11,9,"FAIR-ready input scaffold, not a FAIR run; species-level non-CO2 and aerosol emissions remain missing."
aether_constant_emissions_58pct_rebound__nonco2_delay_aerosol_unmasking,aether_constant_emissions_58pct_rebound,"AETHER, 58% rebound",nonco2_delay_aerosol_unmasking,Delayed non-CO2 mitigation plus aerosol unmasking,2091,100.0,100.0,96.0,4.0,472.084938,3.002369,1.068,-0.068,4.002369,2.337425,1.402507,0.892387,0.0,0.4,11,9,"FAIR-ready input scaffold, not a FAIR run; species-level non-CO2 and aerosol emissions remain missing."
aether_constant_emissions_58pct_rebound__nonco2_delay_aerosol_unmasking,aether_constant_emissions_58pct_rebound,"AETHER, 58% rebound",nonco2_delay_aerosol_unmasking,Delayed non-CO2 mitigation plus aerosol unmasking,2092,100.0,100.0,96.0,4.0,472.212772,3.003904,1.066,-0.066,4.003904,2.3419,1.411389,0.888171,0.0,0.4,11,9,"FAIR-ready input scaffold, not a FAIR run; species-level non-CO2 and aerosol emissions remain missing."
aether_constant_emissions_58pct_rebound__nonco2_delay_aerosol_unmasking,aether_constant_emissions_58pct_rebound,"AETHER, 58% rebound",nonco2_delay_aerosol_unmasking,Delayed non-CO2 mitigation plus aerosol unmasking,2093,100.0,100.0,96.0,4.0,472.341927,3.005455,1.064,-0.064,4.005455,2.346365,1.420229,0.883986,0.0,0.4,11,9,"FAIR-ready input scaffold, not a FAIR run; species-level non-CO2 and aerosol emissions remain missing."
aether_constant_emissions_58pct_rebound__nonco2_delay_aerosol_unmasking,aether_constant_emissions_58pct_rebound,"AETHER, 58% rebound",nonco2_delay_aerosol_unmasking,Delayed non-CO2 mitigation plus aerosol unmasking,2094,100.0,100.0,96.0,4.0,472.472362,3.00702,1.062,-0.062,4.00702,2.35082,1.429027,0.879829,0.0,0.4,11,9,"FAIR-ready input scaffold, not a FAIR run; species-level non-CO2 and aerosol emissions remain missing."
aether_constant_emissions_58pct_rebound__nonco2_delay_aerosol_unmasking,aether_constant_emissions_58pct_rebound,"AETHER, 58% rebound",nonco2_delay_aerosol_unmasking,Delayed non-CO2 mitigation plus aerosol unmasking,2095,100.0,100.0,96.0,4.0,472.604038,3.0086,1.06,-0.06,4.0086,2.355263,1.437784,0.875703,0.0,0.4,11,9,"FAIR-ready input scaffold, not a FAIR run; species-level non-CO2 and aerosol emissions remain missing."
aether_constant_emissions_58pct_rebound__nonco2_delay_aerosol_unmasking,aether_constant_emissions_58pct_rebound,"AETHER, 58% rebound",nonco2_delay_aerosol_unmasking,Delayed non-CO2 mitigation plus aerosol unmasking,2096,100.0,100.0,96.0,4.0,472.736917,3.010194,1.058,-0.058,4.010194,2.359696,1.4465,0.871605,0.0,0.4,11,9,"FAIR-ready input scaffold, not a FAIR run; species-level non-CO2 and aerosol emissions remain missing."
aether_constant_emissions_58pct_rebound__nonco2_delay_aerosol_unmasking,aether_constant_emissions_58pct_rebound,"AETHER, 58% rebound",nonco2_delay_aerosol_unmasking,Delayed non-CO2 mitigation plus aerosol unmasking,2097,100.0,100.0,96.0,4.0,472.870963,3.011801,1.056,-0.056,4.011801,2.364118,1.455176,0.867536,0.0,0.4,11,9,"FAIR-ready input scaffold, not a FAIR run; species-level non-CO2 and aerosol emissions remain missing."
aether_constant_emissions_58pct_rebound__nonco2_delay_aerosol_unmasking,aether_constant_emissions_58pct_rebound,"AETHER, 58% rebound",nonco2_delay_aerosol_unmasking,Delayed non-CO2 mitigation plus aerosol unmasking,2098,100.0,100.0,96.0,4.0,473.006138,3.013422,1.054,-0.054,4.013422,2.368529,1.463811,0.863495,0.0,0.4,11,9,"FAIR-ready input scaffold, not a FAIR run; species-level non-CO2 and aerosol emissions remain missing."
aether_constant_emissions_58pct_rebound__nonco2_delay_aerosol_unmasking,aether_constant_emissions_58pct_rebound,"AETHER, 58% rebound",nonco2_delay_aerosol_unmasking,Delayed non-CO2 mitigation plus aerosol unmasking,2099,100.0,100.0,96.0,4.0,473.142408,3.015055,1.052,-0.052,4.015055,2.372929,1.472405,0.859482,0.0,0.4,11,9,"FAIR-ready input scaffold, not a FAIR run; species-level non-CO2 and aerosol emissions remain missing."
aether_constant_emissions_58pct_rebound__nonco2_delay_aerosol_unmasking,aether_constant_emissions_58pct_rebound,"AETHER, 58% rebound",nonco2_delay_aerosol_unmasking,Delayed non-CO2 mitigation plus aerosol unmasking,2100,100.0,100.0,96.0,4.0,473.279739,3.016701,1.05,-0.05,4.016701,2.377318,1.48096,0.855497,0.0,0.4,11,9,"FAIR-ready input scaffold, not a FAIR run; species-level non-CO2 and aerosol emissions remain missing."
aether_constant_emissions_58pct_rebound__active_full_forcing_management,aether_constant_emissions_58pct_rebound,"AETHER, 58% rebound",active_full_forcing_management,Active full-forcing management,2026,42.2,0.0,0.0,42.2,433.940256,2.524677,1.2,-0.7,3.024677,1.613376,0.772719,0.795947,0.0,0.4,11,9,"FAIR-ready input scaffold, not a FAIR run; species-level non-CO2 and aerosol emissions remain missing."
aether_constant_emissions_58pct_rebound__active_full_forcing_management,aether_constant_emissions_58pct_rebound,"AETHER, 58% rebound",active_full_forcing_management,Active full-forcing management,2027,45.09,5.0,4.8,40.29,438.751405,2.587193,1.172917,-0.677083,3.083026,1.627616,0.780705,0.798624,0.0,0.4,11,9,"FAIR-ready input scaffold, not a FAIR run; species-level non-CO2 and aerosol emissions remain missing."
aether_constant_emissions_58pct_rebound__active_full_forcing_management,aether_constant_emissions_58pct_rebound,"AETHER, 58% rebound",active_full_forcing_management,Active full-forcing management,2028,47.98,10.0,9.6,38.38,443.044855,2.642406,1.145833,-0.654167,3.134072,1.64406,0.788751,0.804565,0.0,0.4,11,9,"FAIR-ready input scaffold, not a FAIR run; species-level non-CO2 and aerosol emissions remain missing."
aether_constant_emissions_58pct_rebound__active_full_forcing_management,aether_constant_emissions_58pct_rebound,"AETHER, 58% rebound",active_full_forcing_management,Active full-forcing management,2029,50.87,15.0,14.4,36.47,446.885704,2.691347,1.11875,-0.63125,3.178847,1.661776,0.796876,0.812544,0.0,0.4,11,9,"FAIR-ready input scaffold, not a FAIR run; species-level non-CO2 and aerosol emissions remain missing."
aether_constant_emissions_58pct_rebound__active_full_forcing_management,aether_constant_emissions_58pct_rebound,"AETHER, 58% rebound",active_full_forcing_management,Active full-forcing management,2030,53.76,20.0,19.2,34.56,450.326106,2.734829,1.091667,-0.608333,3.218162,1.680074,0.805093,0.821654,0.0,0.4,11,9,"FAIR-ready input scaffold, not a FAIR run; species-level non-CO2 and aerosol emissions remain missing."
aether_constant_emissions_58pct_rebound__active_full_forcing_management,aether_constant_emissions_58pct_rebound,"AETHER, 58% rebound",active_full_forcing_management,Active full-forcing management,2031,56.65,25.0,24.0,32.65,453.407941,2.773498,1.064583,-0.585417,3.252665,1.698452,0.813405,0.831232,0.0,0.4,11,9,"FAIR-ready input scaffold, not a FAIR run; species-level non-CO2 and aerosol emissions remain missing."
aether_constant_emissions_58pct_rebound__active_full_forcing_management,aether_constant_emissions_58pct_rebound,"AETHER, 58% rebound",active_full_forcing_management,Active full-forcing management,2032,59.54,30.0,28.8,30.74,456.164933,2.80787,1.0375,-0.5625,3.28287,1.716544,0.821813,0.840794,0.0,0.4,11,9,"FAIR-ready input scaffold, not a FAIR run; species-level non-CO2 and aerosol emissions remain missing."
aether_constant_emissions_58pct_rebound__active_full_forcing_management,aether_constant_emissions_58pct_rebound,"AETHER, 58% rebound",active_full_forcing_management,Active full-forcing management,2033,62.43,35.0,33.6,28.83,458.624322,2.838356,1.010417,-0.539583,3.309189,1.734088,0.830313,0.849994,0.0,0.4,11,9,"FAIR-ready input scaffold, not a FAIR run; species-level non-CO2 and aerosol emissions remain missing."
aether_constant_emissions_58pct_rebound__active_full_forcing_management,aether_constant_emissions_58pct_rebound,"AETHER, 58% rebound",active_full_forcing_management,Active full-forcing management,2034,65.32,40.0,38.4,26.92,460.808202,2.86529,0.983333,-0.516667,3.331957,1.750897,0.838899,0.858586,0.0,0.4,11,9,"FAIR-ready input scaffold, not a FAIR run; species-level non-CO2 and aerosol emissions remain missing."
aether_constant_emissions_58pct_rebound__active_full_forcing_management,aether_constant_emissions_58pct_rebound,"AETHER, 58% rebound",active_full_forcing_management,Active full-forcing management,2035,68.21,45.0,43.2,25.01,462.734571,2.888943,0.95625,-0.49375,3.351443,1.766845,0.847563,0.866398,0.0,0.4,11,9,"FAIR-ready input scaffold, not a FAIR run; species-level non-CO2 and aerosol emissions remain missing."
aether_constant_emissions_58pct_rebound__active_full_forcing_management,aether_constant_emissions_58pct_rebound,"AETHER, 58% rebound",active_full_forcing_management,Active full-forcing management,2036,71.1,50.0,48.0,23.1,464.418168,2.909534,0.929167,-0.470833,3.367868,1.781843,0.856296,0.873318,0.0,0.4,11,9,"FAIR-ready input scaffold, not a FAIR run; species-level non-CO2 and aerosol emissions remain missing."
aether_constant_emissions_58pct_rebound__active_full_forcing_management,aether_constant_emissions_58pct_rebound,"AETHER, 58% rebound",active_full_forcing_management,Active full-forcing management,2037,73.99,55.0,52.8,21.19,465.871138,2.927245,0.902083,-0.447917,3.381412,1.795837,0.865089,0.87927,0.0,0.4,11,9,"FAIR-ready input scaffold, not a FAIR run; species-level non-CO2 and aerosol emissions remain missing."
aether_constant_emissions_58pct_rebound__active_full_forcing_management,aether_constant_emissions_58pct_rebound,"AETHER, 58% rebound",active_full_forcing_management,Active full-forcing management,2038,76.88,60.0,57.6,19.28,467.103558,2.942224,0.875,-0.425,3.392224,1.808793,0.873931,0.884211,0.0,0.4,11,9,"FAIR-ready input scaffold, not a FAIR run; species-level non-CO2 and aerosol emissions remain missing."
aether_constant_emissions_58pct_rebound__active_full_forcing_management,aether_constant_emissions_58pct_rebound,"AETHER, 58% rebound",active_full_forcing_management,Active full-forcing management,2039,79.77,65.0,62.4,17.37,468.123853,2.954595,0.847917,-0.402083,3.400429,1.820692,0.882812,0.888119,0.0,0.4,11,9,"FAIR-ready input scaffold, not a FAIR run; species-level non-CO2 and aerosol emissions remain missing."
aether_constant_emissions_58pct_rebound__active_full_forcing_management,aether_constant_emissions_58pct_rebound,"AETHER, 58% rebound",active_full_forcing_management,Active full-forcing management,2040,82.66,70.0,67.2,15.46,468.93913,2.964461,0.820833,-0.379167,3.406128,1.831528,0.891722,0.890986,0.0,0.4,11,9,"FAIR-ready input scaffold, not a FAIR run; species-level non-CO2 and aerosol emissions remain missing."
aether_constant_emissions_58pct_rebound__active_full_forcing_management,aether_constant_emissions_58pct_rebound,"AETHER, 58% rebound",active_full_forcing_management,Active full-forcing management,2041,85.55,75.0,72.0,13.55,469.555435,2.971908,0.79375,-0.35625,3.409408,1.841302,0.90065,0.892816,0.0,0.4,11,9,"FAIR-ready input scaffold, not a FAIR run; species-level non-CO2 and aerosol emissions remain missing."
aether_constant_emissions_58pct_rebound__active_full_forcing_management,aether_constant_emissions_58pct_rebound,"AETHER, 58% rebound",active_full_forcing_management,Active full-forcing management,2042,88.44,80.0,76.8,11.64,469.97797,2.977007,0.766667,-0.333333,3.410341,1.85002,0.909586,0.89362,0.0,0.4,11,9,"FAIR-ready input scaffold, not a FAIR run; species-level non-CO2 and aerosol emissions remain missing."
aether_constant_emissions_58pct_rebound__active_full_forcing_management,aether_constant_emissions_58pct_rebound,"AETHER, 58% rebound",active_full_forcing_management,Active full-forcing management,2043,91.33,85.0,81.6,9.73,470.211252,2.979821,0.739583,-0.310417,3.408988,1.857691,0.91852,0.893412,0.0,0.4,11,9,"FAIR-ready input scaffold, not a FAIR run; species-level non-CO2 and aerosol emissions remain missing."
aether_constant_emissions_58pct_rebound__active_full_forcing_management,aether_constant_emissions_58pct_rebound,"AETHER, 58% rebound",active_full_forcing_management,Active full-forcing management,2044,94.22,90.0,86.4,7.82,470.259248,2.9804,0.7125,-0.2875,3.4054,1.864325,0.927443,0.892212,0.0,0.4,11,9,"FAIR-ready input scaffold, not a FAIR run; species-level non-CO2 and aerosol emissions remain missing."
aether_constant_emissions_58pct_rebound__active_full_forcing_management,aether_constant_emissions_58pct_rebound,"AETHER, 58% rebound",active_full_forcing_management,Active full-forcing management,2045,97.11,95.0,91.2,5.91,470.125476,2.978787,0.685417,-0.264583,3.39962,1.869935,0.936343,0.890039,0.0,0.4,11,9,"FAIR-ready input scaffold, not a FAIR run; species-level non-CO2 and aerosol emissions remain missing."
aether_constant_emissions_58pct_rebound__active_full_forcing_management,aether_constant_emissions_58pct_rebound,"AETHER, 58% rebound",active_full_forcing_management,Active full-forcing management,2046,100.0,100.0,96.0,4.0,469.813093,2.975018,0.658333,-0.241667,3.391685,1.874531,0.945212,0.886912,0.0,0.4,11,9,"FAIR-ready input scaffold, not a FAIR run; species-level non-CO2 and aerosol emissions remain missing."
aether_constant_emissions_58pct_rebound__active_full_forcing_management,aether_constant_emissions_58pct_rebound,"AETHER, 58% rebound",active_full_forcing_management,Active full-forcing management,2047,100.0,100.0,96.0,4.0,469.56983,2.972082,0.63125,-0.21875,3.384582,1.878372,0.954041,0.882853,0.0,0.4,11,9,"FAIR-ready input scaffold, not a FAIR run; species-level non-CO2 and aerosol emissions remain missing."
aether_constant_emissions_58pct_rebound__active_full_forcing_management,aether_constant_emissions_58pct_rebound,"AETHER, 58% rebound",active_full_forcing_management,Active full-forcing management,2048,100.0,100.0,96.0,4.0,469.382268,2.969816,0.604167,-0.195833,3.37815,1.881653,0.962822,0.878115,0.0,0.4,11,9,"FAIR-ready input scaffold, not a FAIR run; species-level non-CO2 and aerosol emissions remain missing."
aether_constant_emissions_58pct_rebound__active_full_forcing_management,aether_constant_emissions_58pct_rebound,"AETHER, 58% rebound",active_full_forcing_management,Active full-forcing management,2049,100.0,100.0,96.0,4.0,469.239745,2.968095,0.577083,-0.172917,3.372261,1.88452,0.971551,0.87289,0.0,0.4,11,9,"FAIR-ready input scaffold, not a FAIR run; species-level non-CO2 and aerosol emissions remain missing."
aether_constant_emissions_58pct_rebound__active_full_forcing_management,aether_constant_emissions_58pct_rebound,"AETHER, 58% rebound",active_full_forcing_management,Active full-forcing management,2050,100.0,100.0,96.0,4.0,469.133784,2.966814,0.55,-0.15,3.366814,1.887084,0.980224,0.867321,0.0,0.4,11,9,"FAIR-ready input scaffold, not a FAIR run; species-level non-CO2 and aerosol emissions remain missing."
aether_constant_emissions_58pct_rebound__active_full_forcing_management,aether_constant_emissions_58pct_rebound,"AETHER, 58% rebound",active_full_forcing_management,Active full-forcing management,2051,100.0,100.0,96.0,4.0,469.057643,2.965894,0.543,-0.147,3.361894,1.889442,0.988839,0.861518,0.0,0.4,11,9,"FAIR-ready input scaffold, not a FAIR run; species-level non-CO2 and aerosol emissions remain missing."
aether_constant_emissions_58pct_rebound__active_full_forcing_management,aether_constant_emissions_58pct_rebound,"AETHER, 58% rebound",active_full_forcing_management,Active full-forcing management,2052,100.0,100.0,96.0,4.0,469.005951,2.965269,0.536,-0.144,3.357269,1.891653,0.997395,0.855573,0.0,0.4,11,9,"FAIR-ready input scaffold, not a FAIR run; species-level non-CO2 and aerosol emissions remain missing."
aether_constant_emissions_58pct_rebound__active_full_forcing_management,aether_constant_emissions_58pct_rebound,"AETHER, 58% rebound",active_full_forcing_management,Active full-forcing management,2053,100.0,100.0,96.0,4.0,468.97443,2.964888,0.529,-0.141,3.352888,1.893759,1.00589,0.849545,0.0,0.4,11,9,"FAIR-ready input scaffold, not a FAIR run; species-level non-CO2 and aerosol emissions remain missing."
aether_constant_emissions_58pct_rebound__active_full_forcing_management,aether_constant_emissions_58pct_rebound,"AETHER, 58% rebound",active_full_forcing_management,Active full-forcing management,2054,100.0,100.0,96.0,4.0,468.959666,2.964709,0.522,-0.138,3.348709,1.895793,1.014325,0.843476,0.0,0.4,11,9,"FAIR-ready input scaffold, not a FAIR run; species-level non-CO2 and aerosol emissions remain missing."
aether_constant_emissions_58pct_rebound__active_full_forcing_management,aether_constant_emissions_58pct_rebound,"AETHER, 58% rebound",active_full_forcing_management,Active full-forcing management,2055,100.0,100.0,96.0,4.0,468.958931,2.9647,0.515,-0.135,3.3447,1.897778,1.022699,0.837395,0.0,0.4,11,9,"FAIR-ready input scaffold, not a FAIR run; species-level non-CO2 and aerosol emissions remain missing."
aether_constant_emissions_58pct_rebound__active_full_forcing_management,aether_constant_emissions_58pct_rebound,"AETHER, 58% rebound",active_full_forcing_management,Active full-forcing management,2056,100.0,100.0,96.0,4.0,468.970041,2.964835,0.508,-0.132,3.340835,1.89973,1.031012,0.831325,0.0,0.4,11,9,"FAIR-ready input scaffold, not a FAIR run; species-level non-CO2 and aerosol emissions remain missing."
aether_constant_emissions_58pct_rebound__active_full_forcing_management,aether_constant_emissions_58pct_rebound,"AETHER, 58% rebound",active_full_forcing_management,Active full-forcing management,2057,100.0,100.0,96.0,4.0,468.991246,2.965091,0.501,-0.129,3.337091,1.90166,1.039265,0.825282,0.0,0.4,11,9,"FAIR-ready input scaffold, not a FAIR run; species-level non-CO2 and aerosol emissions remain missing."
aether_constant_emissions_58pct_rebound__active_full_forcing_management,aether_constant_emissions_58pct_rebound,"AETHER, 58% rebound",active_full_forcing_management,Active full-forcing management,2058,100.0,100.0,96.0,4.0,469.021136,2.965452,0.494,-0.126,3.333452,1.903577,1.047458,0.819275,0.0,0.4,11,9,"FAIR-ready input scaffold, not a FAIR run; species-level non-CO2 and aerosol emissions remain missing."
aether_constant_emissions_58pct_rebound__active_full_forcing_management,aether_constant_emissions_58pct_rebound,"AETHER, 58% rebound",active_full_forcing_management,Active full-forcing management,2059,100.0,100.0,96.0,4.0,469.058576,2.965905,0.487,-0.123,3.329905,1.905486,1.055591,0.813313,0.0,0.4,11,9,"FAIR-ready input scaffold, not a FAIR run; species-level non-CO2 and aerosol emissions remain missing."
aether_constant_emissions_58pct_rebound__active_full_forcing_management,aether_constant_emissions_58pct_rebound,"AETHER, 58% rebound",active_full_forcing_management,Active full-forcing management,2060,100.0,100.0,96.0,4.0,469.102646,2.966438,0.48,-0.12,3.326438,1.90739,1.063665,0.8074,0.0,0.4,11,9,"FAIR-ready input scaffold, not a FAIR run; species-level non-CO2 and aerosol emissions remain missing."
aether_constant_emissions_58pct_rebound__active_full_forcing_management,aether_constant_emissions_58pct_rebound,"AETHER, 58% rebound",active_full_forcing_management,Active full-forcing management,2061,100.0,100.0,96.0,4.0,469.1526,2.967041,0.473,-0.117,3.323041,1.909292,1.07168,0.801539,0.0,0.4,11,9,"FAIR-ready input scaffold, not a FAIR run; species-level non-CO2 and aerosol emissions remain missing."
aether_constant_emissions_58pct_rebound__active_full_forcing_management,aether_constant_emissions_58pct_rebound,"AETHER, 58% rebound",active_full_forcing_management,Active full-forcing management,2062,100.0,100.0,96.0,4.0,469.207827,2.967709,0.466,-0.114,3.319709,1.911192,1.079638,0.795731,0.0,0.4,11,9,"FAIR-ready input scaffold, not a FAIR run; species-level non-CO2 and aerosol emissions remain missing."
aether_constant_emissions_58pct_rebound__active_full_forcing_management,aether_constant_emissions_58pct_rebound,"AETHER, 58% rebound",active_full_forcing_management,Active full-forcing management,2063,100.0,100.0,96.0,4.0,469.267826,2.968434,0.459,-0.111,3.316434,1.913092,1.087537,0.789977,0.0,0.4,11,9,"FAIR-ready input scaffold, not a FAIR run; species-level non-CO2 and aerosol emissions remain missing."
aether_constant_emissions_58pct_rebound__active_full_forcing_management,aether_constant_emissions_58pct_rebound,"AETHER, 58% rebound",active_full_forcing_management,Active full-forcing management,2064,100.0,100.0,96.0,4.0,469.332183,2.969211,0.452,-0.108,3.313211,1.914991,1.09538,0.784277,0.0,0.4,11,9,"FAIR-ready input scaffold, not a FAIR run; species-level non-CO2 and aerosol emissions remain missing."
aether_constant_emissions_58pct_rebound__active_full_forcing_management,aether_constant_emissions_58pct_rebound,"AETHER, 58% rebound",active_full_forcing_management,Active full-forcing management,2065,100.0,100.0,96.0,4.0,469.400552,2.970037,0.445,-0.105,3.310037,1.916888,1.103166,0.77863,0.0,0.4,11,9,"FAIR-ready input scaffold, not a FAIR run; species-level non-CO2 and aerosol emissions remain missing."
aether_constant_emissions_58pct_rebound__active_full_forcing_management,aether_constant_emissions_58pct_rebound,"AETHER, 58% rebound",active_full_forcing_management,Active full-forcing management,2066,100.0,100.0,96.0,4.0,469.472646,2.970908,0.438,-0.102,3.306908,1.918784,1.110897,0.773035,0.0,0.4,11,9,"FAIR-ready input scaffold, not a FAIR run; species-level non-CO2 and aerosol emissions remain missing."
aether_constant_emissions_58pct_rebound__active_full_forcing_management,aether_constant_emissions_58pct_rebound,"AETHER, 58% rebound",active_full_forcing_management,Active full-forcing management,2067,100.0,100.0,96.0,4.0,469.548218,2.971821,0.431,-0.099,3.303821,1.920677,1.118572,0.767493,0.0,0.4,11,9,"FAIR-ready input scaffold, not a FAIR run; species-level non-CO2 and aerosol emissions remain missing."
aether_constant_emissions_58pct_rebound__active_full_forcing_management,aether_constant_emissions_58pct_rebound,"AETHER, 58% rebound",active_full_forcing_management,Active full-forcing management,2068,100.0,100.0,96.0,4.0,469.62706,2.972772,0.424,-0.096,3.300772,1.922568,1.126192,0.762,0.0,0.4,11,9,"FAIR-ready input scaffold, not a FAIR run; species-level non-CO2 and aerosol emissions remain missing."
aether_constant_emissions_58pct_rebound__active_full_forcing_management,aether_constant_emissions_58pct_rebound,"AETHER, 58% rebound",active_full_forcing_management,Active full-forcing management,2069,100.0,100.0,96.0,4.0,469.708989,2.973762,0.417,-0.093,3.297762,1.924454,1.133757,0.756557,0.0,0.4,11,9,"FAIR-ready input scaffold, not a FAIR run; species-level non-CO2 and aerosol emissions remain missing."
aether_constant_emissions_58pct_rebound__active_full_forcing_management,aether_constant_emissions_58pct_rebound,"AETHER, 58% rebound",active_full_forcing_management,Active full-forcing management,2070,100.0,100.0,96.0,4.0,469.79385,2.974786,0.41,-0.09,3.294786,1.926337,1.141269,0.751162,0.0,0.4,11,9,"FAIR-ready input scaffold, not a FAIR run; species-level non-CO2 and aerosol emissions remain missing."
aether_constant_emissions_58pct_rebound__active_full_forcing_management,aether_constant_emissions_58pct_rebound,"AETHER, 58% rebound",active_full_forcing_management,Active full-forcing management,2071,100.0,100.0,96.0,4.0,469.881502,2.975844,0.403,-0.087,3.291844,1.928214,1.148727,0.745814,0.0,0.4,11,9,"FAIR-ready input scaffold, not a FAIR run; species-level non-CO2 and aerosol emissions remain missing."
aether_constant_emissions_58pct_rebound__active_full_forcing_management,aether_constant_emissions_58pct_rebound,"AETHER, 58% rebound",active_full_forcing_management,Active full-forcing management,2072,100.0,100.0,96.0,4.0,469.971821,2.976933,0.396,-0.084,3.288933,1.930086,1.156132,0.740513,0.0,0.4,11,9,"FAIR-ready input scaffold, not a FAIR run; species-level non-CO2 and aerosol emissions remain missing."
aether_constant_emissions_58pct_rebound__active_full_forcing_management,aether_constant_emissions_58pct_rebound,"AETHER, 58% rebound",active_full_forcing_management,Active full-forcing management,2073,100.0,100.0,96.0,4.0,470.064698,2.978054,0.389,-0.081,3.286054,1.931951,1.163485,0.735256,0.0,0.4,11,9,"FAIR-ready input scaffold, not a FAIR run; species-level non-CO2 and aerosol emissions remain missing."
aether_constant_emissions_58pct_rebound__active_full_forcing_management,aether_constant_emissions_58pct_rebound,"AETHER, 58% rebound",active_full_forcing_management,Active full-forcing management,2074,100.0,100.0,96.0,4.0,470.160029,2.979203,0.382,-0.078,3.283203,1.93381,1.170785,0.730043,0.0,0.4,11,9,"FAIR-ready input scaffold, not a FAIR run; species-level non-CO2 and aerosol emissions remain missing."
aether_constant_emissions_58pct_rebound__active_full_forcing_management,aether_constant_emissions_58pct_rebound,"AETHER, 58% rebound",active_full_forcing_management,Active full-forcing management,2075,100.0,100.0,96.0,4.0,470.257723,2.980381,0.375,-0.075,3.280381,1.935661,1.178034,0.724873,0.0,0.4,11,9,"FAIR-ready input scaffold, not a FAIR run; species-level non-CO2 and aerosol emissions remain missing."
aether_constant_emissions_58pct_rebound__active_full_forcing_management,aether_constant_emissions_58pct_rebound,"AETHER, 58% rebound",active_full_forcing_management,Active full-forcing management,2076,100.0,100.0,96.0,4.0,470.357694,2.981587,0.368,-0.072,3.277587,1.937505,1.185231,0.719746,0.0,0.4,11,9,"FAIR-ready input scaffold, not a FAIR run; species-level non-CO2 and aerosol emissions remain missing."
aether_constant_emissions_58pct_rebound__active_full_forcing_management,aether_constant_emissions_58pct_rebound,"AETHER, 58% rebound",active_full_forcing_management,Active full-forcing management,2077,100.0,100.0,96.0,4.0,470.459862,2.982818,0.361,-0.069,3.274818,1.939341,1.192378,0.71466,0.0,0.4,11,9,"FAIR-ready input scaffold, not a FAIR run; species-level non-CO2 and aerosol emissions remain missing."
aether_constant_emissions_58pct_rebound__active_full_forcing_management,aether_constant_emissions_58pct_rebound,"AETHER, 58% rebound",active_full_forcing_management,Active full-forcing management,2078,100.0,100.0,96.0,4.0,470.564152,2.984075,0.354,-0.066,3.272075,1.941168,1.199474,0.709614,0.0,0.4,11,9,"FAIR-ready input scaffold, not a FAIR run; species-level non-CO2 and aerosol emissions remain missing."
aether_constant_emissions_58pct_rebound__active_full_forcing_management,aether_constant_emissions_58pct_rebound,"AETHER, 58% rebound",active_full_forcing_management,Active full-forcing management,2079,100.0,100.0,96.0,4.0,470.670493,2.985356,0.347,-0.063,3.269356,1.942986,1.20652,0.704609,0.0,0.4,11,9,"FAIR-ready input scaffold, not a FAIR run; species-level non-CO2 and aerosol emissions remain missing."
aether_constant_emissions_58pct_rebound__active_full_forcing_management,aether_constant_emissions_58pct_rebound,"AETHER, 58% rebound",active_full_forcing_management,Active full-forcing management,2080,100.0,100.0,96.0,4.0,470.77882,2.986661,0.34,-0.06,3.266661,1.944795,1.213517,0.699642,0.0,0.4,11,9,"FAIR-ready input scaffold, not a FAIR run; species-level non-CO2 and aerosol emissions remain missing."
aether_constant_emissions_58pct_rebound__active_full_forcing_management,aether_constant_emissions_58pct_rebound,"AETHER, 58% rebound",active_full_forcing_management,Active full-forcing management,2081,100.0,100.0,96.0,4.0,470.889067,2.987988,0.333,-0.057,3.263988,1.946594,1.220464,0.694714,0.0,0.4,11,9,"FAIR-ready input scaffold, not a FAIR run; species-level non-CO2 and aerosol emissions remain missing."
aether_constant_emissions_58pct_rebound__active_full_forcing_management,aether_constant_emissions_58pct_rebound,"AETHER, 58% rebound",active_full_forcing_management,Active full-forcing management,2082,100.0,100.0,96.0,4.0,471.001175,2.989338,0.326,-0.054,3.261338,1.948384,1.227362,0.689824,0.0,0.4,11,9,"FAIR-ready input scaffold, not a FAIR run; species-level non-CO2 and aerosol emissions remain missing."
aether_constant_emissions_58pct_rebound__active_full_forcing_management,aether_constant_emissions_58pct_rebound,"AETHER, 58% rebound",active_full_forcing_management,Active full-forcing management,2083,100.0,100.0,96.0,4.0,471.115086,2.990709,0.319,-0.051,3.258709,1.950163,1.234212,0.684971,0.0,0.4,11,9,"FAIR-ready input scaffold, not a FAIR run; species-level non-CO2 and aerosol emissions remain missing."
aether_constant_emissions_58pct_rebound__active_full_forcing_management,aether_constant_emissions_58pct_rebound,"AETHER, 58% rebound",active_full_forcing_management,Active full-forcing management,2084,100.0,100.0,96.0,4.0,471.230743,2.992101,0.312,-0.048,3.256101,1.951933,1.241013,0.680154,0.0,0.4,11,9,"FAIR-ready input scaffold, not a FAIR run; species-level non-CO2 and aerosol emissions remain missing."
aether_constant_emissions_58pct_rebound__active_full_forcing_management,aether_constant_emissions_58pct_rebound,"AETHER, 58% rebound",active_full_forcing_management,Active full-forcing management,2085,100.0,100.0,96.0,4.0,471.348092,2.993512,0.305,-0.045,3.253512,1.953692,1.247767,0.675373,0.0,0.4,11,9,"FAIR-ready input scaffold, not a FAIR run; species-level non-CO2 and aerosol emissions remain missing."
aether_constant_emissions_58pct_rebound__active_full_forcing_management,aether_constant_emissions_58pct_rebound,"AETHER, 58% rebound",active_full_forcing_management,Active full-forcing management,2086,100.0,100.0,96.0,4.0,471.467082,2.994944,0.298,-0.042,3.250944,1.95544,1.254473,0.670628,0.0,0.4,11,9,"FAIR-ready input scaffold, not a FAIR run; species-level non-CO2 and aerosol emissions remain missing."
aether_constant_emissions_58pct_rebound__active_full_forcing_management,aether_constant_emissions_58pct_rebound,"AETHER, 58% rebound",active_full_forcing_management,Active full-forcing management,2087,100.0,100.0,96.0,4.0,471.587662,2.996393,0.291,-0.039,3.248393,1.957177,1.261132,0.665918,0.0,0.4,11,9,"FAIR-ready input scaffold, not a FAIR run; species-level non-CO2 and aerosol emissions remain missing."
aether_constant_emissions_58pct_rebound__active_full_forcing_management,aether_constant_emissions_58pct_rebound,"AETHER, 58% rebound",active_full_forcing_management,Active full-forcing management,2088,100.0,100.0,96.0,4.0,471.709784,2.997862,0.284,-0.036,3.245862,1.958904,1.267745,0.661243,0.0,0.4,11,9,"FAIR-ready input scaffold, not a FAIR run; species-level non-CO2 and aerosol emissions remain missing."
aether_constant_emissions_58pct_rebound__active_full_forcing_management,aether_constant_emissions_58pct_rebound,"AETHER, 58% rebound",active_full_forcing_management,Active full-forcing management,2089,100.0,100.0,96.0,4.0,471.833401,2.999347,0.277,-0.033,3.243347,1.960619,1.274311,0.656601,0.0,0.4,11,9,"FAIR-ready input scaffold, not a FAIR run; species-level non-CO2 and aerosol emissions remain missing."
aether_constant_emissions_58pct_rebound__active_full_forcing_management,aether_constant_emissions_58pct_rebound,"AETHER, 58% rebound",active_full_forcing_management,Active full-forcing management,2090,100.0,100.0,96.0,4.0,471.958467,3.00085,0.27,-0.03,3.24085,1.962323,1.280831,0.651993,0.0,0.4,11,9,"FAIR-ready input scaffold, not a FAIR run; species-level non-CO2 and aerosol emissions remain missing."
aether_constant_emissions_58pct_rebound__active_full_forcing_management,aether_constant_emissions_58pct_rebound,"AETHER, 58% rebound",active_full_forcing_management,Active full-forcing management,2091,100.0,100.0,96.0,4.0,472.084938,3.002369,0.263,-0.027,3.238369,1.964015,1.287305,0.647417,0.0,0.4,11,9,"FAIR-ready input scaffold, not a FAIR run; species-level non-CO2 and aerosol emissions remain missing."
aether_constant_emissions_58pct_rebound__active_full_forcing_management,aether_constant_emissions_58pct_rebound,"AETHER, 58% rebound",active_full_forcing_management,Active full-forcing management,2092,100.0,100.0,96.0,4.0,472.212772,3.003904,0.256,-0.024,3.235904,1.965696,1.293734,0.642875,0.0,0.4,11,9,"FAIR-ready input scaffold, not a FAIR run; species-level non-CO2 and aerosol emissions remain missing."
aether_constant_emissions_58pct_rebound__active_full_forcing_management,aether_constant_emissions_58pct_rebound,"AETHER, 58% rebound",active_full_forcing_management,Active full-forcing management,2093,100.0,100.0,96.0,4.0,472.341927,3.005455,0.249,-0.021,3.233455,1.967365,1.300117,0.638364,0.0,0.4,11,9,"FAIR-ready input scaffold, not a FAIR run; species-level non-CO2 and aerosol emissions remain missing."
aether_constant_emissions_58pct_rebound__active_full_forcing_management,aether_constant_emissions_58pct_rebound,"AETHER, 58% rebound",active_full_forcing_management,Active full-forcing management,2094,100.0,100.0,96.0,4.0,472.472362,3.00702,0.242,-0.018,3.23102,1.969022,1.306456,0.633885,0.0,0.4,11,9,"FAIR-ready input scaffold, not a FAIR run; species-level non-CO2 and aerosol emissions remain missing."
aether_constant_emissions_58pct_rebound__active_full_forcing_management,aether_constant_emissions_58pct_rebound,"AETHER, 58% rebound",active_full_forcing_management,Active full-forcing management,2095,100.0,100.0,96.0,4.0,472.604038,3.0086,0.235,-0.015,3.2286,1.970668,1.312751,0.629438,0.0,0.4,11,9,"FAIR-ready input scaffold, not a FAIR run; species-level non-CO2 and aerosol emissions remain missing."
aether_constant_emissions_58pct_rebound__active_full_forcing_management,aether_constant_emissions_58pct_rebound,"AETHER, 58% rebound",active_full_forcing_management,Active full-forcing management,2096,100.0,100.0,96.0,4.0,472.736917,3.010194,0.228,-0.012,3.226194,1.972301,1.319001,0.625021,0.0,0.4,11,9,"FAIR-ready input scaffold, not a FAIR run; species-level non-CO2 and aerosol emissions remain missing."
aether_constant_emissions_58pct_rebound__active_full_forcing_management,aether_constant_emissions_58pct_rebound,"AETHER, 58% rebound",active_full_forcing_management,Active full-forcing management,2097,100.0,100.0,96.0,4.0,472.870963,3.011801,0.221,-0.009,3.223801,1.973922,1.325207,0.620635,0.0,0.4,11,9,"FAIR-ready input scaffold, not a FAIR run; species-level non-CO2 and aerosol emissions remain missing."
aether_constant_emissions_58pct_rebound__active_full_forcing_management,aether_constant_emissions_58pct_rebound,"AETHER, 58% rebound",active_full_forcing_management,Active full-forcing management,2098,100.0,100.0,96.0,4.0,473.006138,3.013422,0.214,-0.006,3.221422,1.975531,1.33137,0.616279,0.0,0.4,11,9,"FAIR-ready input scaffold, not a FAIR run; species-level non-CO2 and aerosol emissions remain missing."
aether_constant_emissions_58pct_rebound__active_full_forcing_management,aether_constant_emissions_58pct_rebound,"AETHER, 58% rebound",active_full_forcing_management,Active full-forcing management,2099,100.0,100.0,96.0,4.0,473.142408,3.015055,0.207,-0.003,3.219055,1.977127,1.33749,0.611953,0.0,0.4,11,9,"FAIR-ready input scaffold, not a FAIR run; species-level non-CO2 and aerosol emissions remain missing."
aether_constant_emissions_58pct_rebound__active_full_forcing_management,aether_constant_emissions_58pct_rebound,"AETHER, 58% rebound",active_full_forcing_management,Active full-forcing management,2100,100.0,100.0,96.0,4.0,473.279739,3.016701,0.2,0.0,3.216701,1.978711,1.343566,0.607656,0.0,0.4,11,9,"FAIR-ready input scaffold, not a FAIR run; species-level non-CO2 and aerosol emissions remain missing."
aether_half_2046_zero_2060__co2_only_screen,aether_half_2046_zero_2060,AETHER plus delayed zero,co2_only_screen,CO2-only emulator screen,2026,42.2,0.0,0.0,42.2,433.940256,2.524677,0.0,0.0,2.524677,1.352807,0.6561,0.659913,0.0,0.4,11,9,"FAIR-ready input scaffold, not a FAIR run; species-level non-CO2 and aerosol emissions remain missing."
aether_half_2046_zero_2060__co2_only_screen,aether_half_2046_zero_2060,AETHER plus delayed zero,co2_only_screen,CO2-only emulator screen,2027,41.145,5.0,4.8,36.345,438.245636,2.580654,0.0,0.0,2.580654,1.365024,0.662718,0.661872,0.0,0.4,11,9,"FAIR-ready input scaffold, not a FAIR run; species-level non-CO2 and aerosol emissions remain missing."
aether_half_2046_zero_2060__co2_only_screen,aether_half_2046_zero_2060,AETHER plus delayed zero,co2_only_screen,CO2-only emulator screen,2028,40.09,10.0,9.6,30.49,441.560663,2.62338,0.0,0.0,2.62338,1.379024,0.66939,0.66719,0.0,0.4,11,9,"FAIR-ready input scaffold, not a FAIR run; species-level non-CO2 and aerosol emissions remain missing."
aether_half_2046_zero_2060__co2_only_screen,aether_half_2046_zero_2060,AETHER plus delayed zero,co2_only_screen,CO2-only emulator screen,2029,39.035,15.0,14.4,24.635,443.977438,2.654328,0.0,0.0,2.654328,1.393496,0.676132,0.674153,0.0,0.4,11,9,"FAIR-ready input scaffold, not a FAIR run; species-level non-CO2 and aerosol emissions remain missing."
aether_half_2046_zero_2060__co2_only_screen,aether_half_2046_zero_2060,AETHER plus delayed zero,co2_only_screen,CO2-only emulator screen,2030,37.98,20.0,19.2,18.78,445.570256,2.674632,0.0,0.0,2.674632,1.407467,0.682947,0.681496,0.0,0.4,11,9,"FAIR-ready input scaffold, not a FAIR run; species-level non-CO2 and aerosol emissions remain missing."
aether_half_2046_zero_2060__co2_only_screen,aether_half_2046_zero_2060,AETHER plus delayed zero,co2_only_screen,CO2-only emulator screen,2031,36.925,25.0,24.0,12.925,446.399264,2.685172,0.0,0.0,2.685172,1.420225,0.68983,0.688294,0.0,0.4,11,9,"FAIR-ready input scaffold, not a FAIR run; species-level non-CO2 and aerosol emissions remain missing."
aether_half_2046_zero_2060__co2_only_screen,aether_half_2046_zero_2060,AETHER plus delayed zero,co2_only_screen,CO2-only emulator screen,2032,35.87,30.0,28.8,7.07,446.513363,2.686621,0.0,0.0,2.686621,1.431246,0.696768,0.693876,0.0,0.4,11,9,"FAIR-ready input scaffold, not a FAIR run; species-level non-CO2 and aerosol emissions remain missing."
aether_half_2046_zero_2060__co2_only_screen,aether_half_2046_zero_2060,AETHER plus delayed zero,co2_only_screen,CO2-only emulator screen,2033,34.815,35.0,33.6,1.215,445.952508,2.679494,0.0,0.0,2.679494,1.440147,0.703746,0.697754,0.0,0.4,11,9,"FAIR-ready input scaffold, not a FAIR run; species-level non-CO2 and aerosol emissions remain missing."
aether_half_2046_zero_2060__co2_only_screen,aether_half_2046_zero_2060,AETHER plus delayed zero,co2_only_screen,CO2-only emulator screen,2034,33.76,40.0,38.4,-4.64,444.749534,2.664179,0.0,0.0,2.664179,1.446647,0.710742,0.699581,0.0,0.4,11,9,"FAIR-ready input scaffold, not a FAIR run; species-level non-CO2 and aerosol emissions remain missing."
aether_half_2046_zero_2060__co2_only_screen,aether_half_2046_zero_2060,AETHER plus delayed zero,co2_only_screen,CO2-only emulator screen,2035,32.705,45.0,43.2,-10.495,442.9316,2.640956,0.0,0.0,2.640956,1.450542,0.717733,0.69911,0.0,0.4,11,9,"FAIR-ready input scaffold, not a FAIR run; species-level non-CO2 and aerosol emissions remain missing."
aether_half_2046_zero_2060__co2_only_screen,aether_half_2046_zero_2060,AETHER plus delayed zero,co2_only_screen,CO2-only emulator screen,2036,31.65,50.0,48.0,-16.35,440.521341,2.610019,0.0,0.0,2.610019,1.451679,0.724694,0.696169,0.0,0.4,11,9,"FAIR-ready input scaffold, not a FAIR run; species-level non-CO2 and aerosol emissions remain missing."
aether_half_2046_zero_2060__co2_only_screen,aether_half_2046_zero_2060,AETHER plus delayed zero,co2_only_screen,CO2-only emulator screen,2037,30.595,55.0,52.8,-22.205,437.537777,2.571488,0.0,0.0,2.571488,1.449942,0.731601,0.690635,0.0,0.4,11,9,"FAIR-ready input scaffold, not a FAIR run; species-level non-CO2 and aerosol emissions remain missing."
aether_half_2046_zero_2060__co2_only_screen,aether_half_2046_zero_2060,AETHER plus delayed zero,co2_only_screen,CO2-only emulator screen,2038,29.54,60.0,57.6,-28.06,433.997033,2.525419,0.0,0.0,2.525419,1.445239,0.738425,0.682424,0.0,0.4,11,9,"FAIR-ready input scaffold, not a FAIR run; species-level non-CO2 and aerosol emissions remain missing."
aether_half_2046_zero_2060__co2_only_screen,aether_half_2046_zero_2060,AETHER plus delayed zero,co2_only_screen,CO2-only emulator screen,2039,28.485,65.0,62.4,-33.915,429.912917,2.471811,0.0,0.0,2.471811,1.437495,0.74514,0.671473,0.0,0.4,11,9,"FAIR-ready input scaffold, not a FAIR run; species-level non-CO2 and aerosol emissions remain missing."
aether_half_2046_zero_2060__co2_only_screen,aether_half_2046_zero_2060,AETHER plus delayed zero,co2_only_screen,CO2-only emulator screen,2040,27.43,70.0,67.2,-39.77,425.297373,2.410611,0.0,0.0,2.410611,1.426642,0.751717,0.657738,0.0,0.4,11,9,"FAIR-ready input scaffold, not a FAIR run; species-level non-CO2 and aerosol emissions remain missing."
aether_half_2046_zero_2060__co2_only_screen,aether_half_2046_zero_2060,AETHER plus delayed zero,co2_only_screen,CO2-only emulator screen,2041,26.375,75.0,72.0,-45.625,420.16084,2.341717,0.0,0.0,2.341717,1.412611,0.758129,0.641178,0.0,0.4,11,9,"FAIR-ready input scaffold, not a FAIR run; species-level non-CO2 and aerosol emissions remain missing."
aether_half_2046_zero_2060__co2_only_screen,aether_half_2046_zero_2060,AETHER plus delayed zero,co2_only_screen,CO2-only emulator screen,2042,25.32,80.0,76.8,-51.48,414.512545,2.26498,0.0,0.0,2.26498,1.395337,0.764347,0.621758,0.0,0.4,11,9,"FAIR-ready input scaffold, not a FAIR run; species-level non-CO2 and aerosol emissions remain missing."
aether_half_2046_zero_2060__co2_only_screen,aether_half_2046_zero_2060,AETHER plus delayed zero,co2_only_screen,CO2-only emulator screen,2043,24.265,85.0,81.6,-57.335,408.360728,2.180204,0.0,0.0,2.180204,1.374743,0.770341,0.599441,0.0,0.4,11,9,"FAIR-ready input scaffold, not a FAIR run; species-level non-CO2 and aerosol emissions remain missing."
aether_half_2046_zero_2060__co2_only_screen,aether_half_2046_zero_2060,AETHER plus delayed zero,co2_only_screen,CO2-only emulator screen,2044,23.21,90.0,86.4,-63.19,401.712822,2.087143,0.0,0.0,2.087143,1.350747,0.776083,0.574182,0.0,0.4,11,9,"FAIR-ready input scaffold, not a FAIR run; species-level non-CO2 and aerosol emissions remain missing."
aether_half_2046_zero_2060__co2_only_screen,aether_half_2046_zero_2060,AETHER plus delayed zero,co2_only_screen,CO2-only emulator screen,2045,22.155,95.0,91.2,-69.045,394.575601,1.985502,0.0,0.0,1.985502,1.323254,0.781542,0.545931,0.0,0.4,11,9,"FAIR-ready input scaffold, not a FAIR run; species-level non-CO2 and aerosol emissions remain missing."
aether_half_2046_zero_2060__co2_only_screen,aether_half_2046_zero_2060,AETHER plus delayed zero,co2_only_screen,CO2-only emulator screen,2046,21.1,100.0,96.0,-74.9,386.955293,1.874932,0.0,0.0,1.874932,1.292158,0.786688,0.514627,0.0,0.4,11,9,"FAIR-ready input scaffold, not a FAIR run; species-level non-CO2 and aerosol emissions remain missing."
aether_half_2046_zero_2060__co2_only_screen,aether_half_2046_zero_2060,AETHER plus delayed zero,co2_only_screen,CO2-only emulator screen,2047,19.592857,100.0,96.0,-76.407143,379.415093,1.76336,0.0,0.0,1.76336,1.258028,0.79149,0.480196,0.0,0.4,11,9,"FAIR-ready input scaffold, not a FAIR run; species-level non-CO2 and aerosol emissions remain missing."
aether_half_2046_zero_2060__co2_only_screen,aether_half_2046_zero_2060,AETHER plus delayed zero,co2_only_screen,CO2-only emulator screen,2048,18.085714,100.0,96.0,-77.914286,371.923897,1.650296,0.0,0.0,1.650296,1.221283,0.795922,0.443211,0.0,0.4,11,9,"FAIR-ready input scaffold, not a FAIR run; species-level non-CO2 and aerosol emissions remain missing."
aether_half_2046_zero_2060__co2_only_screen,aether_half_2046_zero_2060,AETHER plus delayed zero,co2_only_screen,CO2-only emulator screen,2049,16.578571,100.0,96.0,-79.421429,364.45702,1.535309,0.0,0.0,1.535309,1.182228,0.799963,0.404093,0.0,0.4,11,9,"FAIR-ready input scaffold, not a FAIR run; species-level non-CO2 and aerosol emissions remain missing."
aether_half_2046_zero_2060__co2_only_screen,aether_half_2046_zero_2060,AETHER plus delayed zero,co2_only_screen,CO2-only emulator screen,2050,15.071429,100.0,96.0,-80.928571,356.994861,1.418016,0.0,0.0,1.418016,1.141074,0.803595,0.363151,0.0,0.4,11,9,"FAIR-ready input scaffold, not a FAIR run; species-level non-CO2 and aerosol emissions remain missing."
aether_half_2046_zero_2060__co2_only_screen,aether_half_2046_zero_2060,AETHER plus delayed zero,co2_only_screen,CO2-only emulator screen,2051,13.564286,96.115048,92.270446,-78.70616,350.0,1.305821,0.0,0.0,1.305821,1.098608,0.806801,0.320605,0.0,0.4,11,9,"FAIR-ready input scaffold, not a FAIR run; species-level non-CO2 and aerosol emissions remain missing."
aether_half_2046_zero_2060__co2_only_screen,aether_half_2046_zero_2060,AETHER plus delayed zero,co2_only_screen,CO2-only emulator screen,2052,12.057143,38.838772,37.285221,-25.228078,350.0,1.305821,0.0,0.0,1.305821,1.064393,0.809573,0.277216,0.0,0.4,11,9,"FAIR-ready input scaffold, not a FAIR run; species-level non-CO2 and aerosol emissions remain missing."
aether_half_2046_zero_2060__co2_only_screen,aether_half_2046_zero_2060,AETHER plus delayed zero,co2_only_screen,CO2-only emulator screen,2053,10.55,34.612636,33.22813,-22.67813,350.0,1.305821,0.0,0.0,1.305821,1.036842,0.811994,0.242079,0.0,0.4,11,9,"FAIR-ready input scaffold, not a FAIR run; species-level non-CO2 and aerosol emissions remain missing."
aether_half_2046_zero_2060__co2_only_screen,aether_half_2046_zero_2060,AETHER plus delayed zero,co2_only_screen,CO2-only emulator screen,2054,9.042857,30.775705,29.544677,-20.501819,350.0,1.305821,0.0,0.0,1.305821,1.014672,0.81413,0.213606,0.0,0.4,11,9,"FAIR-ready input scaffold, not a FAIR run; species-level non-CO2 and aerosol emissions remain missing."
aether_half_2046_zero_2060__co2_only_screen,aether_half_2046_zero_2060,AETHER plus delayed zero,co2_only_screen,CO2-only emulator screen,2055,7.535714,27.268544,26.177803,-18.642088,350.0,1.305821,0.0,0.0,1.305821,0.996846,0.816035,0.190515,0.0,0.4,11,9,"FAIR-ready input scaffold, not a FAIR run; species-level non-CO2 and aerosol emissions remain missing."
aether_half_2046_zero_2060__co2_only_screen,aether_half_2046_zero_2060,AETHER plus delayed zero,co2_only_screen,CO2-only emulator screen,2056,6.028571,24.040836,23.079203,-17.050631,350.0,1.305821,0.0,0.0,1.305821,0.982527,0.817753,0.17177,0.0,0.4,11,9,"FAIR-ready input scaffold, not a FAIR run; species-level non-CO2 and aerosol emissions remain missing."
aether_half_2046_zero_2060__co2_only_screen,aether_half_2046_zero_2060,AETHER plus delayed zero,co2_only_screen,CO2-only emulator screen,2057,4.521429,21.049981,20.207982,-15.686553,350.0,1.305821,0.0,0.0,1.305821,0.971042,0.819318,0.156536,0.0,0.4,11,9,"FAIR-ready input scaffold, not a FAIR run; species-level non-CO2 and aerosol emissions remain missing."
aether_half_2046_zero_2060__co2_only_screen,aether_half_2046_zero_2060,AETHER plus delayed zero,co2_only_screen,CO2-only emulator screen,2058,3.014286,18.259913,17.529517,-14.515231,350.0,1.305821,0.0,0.0,1.305821,0.961844,0.820759,0.144138,0.0,0.4,11,9,"FAIR-ready input scaffold, not a FAIR run; species-level non-CO2 and aerosol emissions remain missing."
aether_half_2046_zero_2060__co2_only_screen,aether_half_2046_zero_2060,AETHER plus delayed zero,co2_only_screen,CO2-only emulator screen,2059,1.507143,15.640097,15.014493,-13.507351,350.0,1.305821,0.0,0.0,1.305821,0.954492,0.8221,0.13403,0.0,0.4,11,9,"FAIR-ready input scaffold, not a FAIR run; species-level non-CO2 and aerosol emissions remain missing."
aether_half_2046_zero_2060__co2_only_screen,aether_half_2046_zero_2060,AETHER plus delayed zero,co2_only_screen,CO2-only emulator screen,2060,0.0,13.16468,12.638093,-12.638093,350.0,1.305821,0.0,0.0,1.305821,0.94863,0.823358,0.125772,0.0,0.4,11,9,"FAIR-ready input scaffold, not a FAIR run; species-level non-CO2 and aerosol emissions remain missing."
aether_half_2046_zero_2060__co2_only_screen,aether_half_2046_zero_2060,AETHER plus delayed zero,co2_only_screen,CO2-only emulator screen,2061,0.0,12.381714,11.886445,-11.886445,350.0,1.305821,0.0,0.0,1.305821,0.943973,0.824548,0.119009,0.0,0.4,11,9,"FAIR-ready input scaffold, not a FAIR run; species-level non-CO2 and aerosol emissions remain missing."
aether_half_2046_zero_2060__co2_only_screen,aether_half_2046_zero_2060,AETHER plus delayed zero,co2_only_screen,CO2-only emulator screen,2062,0.0,11.702722,11.234613,-11.234613,350.0,1.305821,0.0,0.0,1.305821,0.940286,0.825682,0.113454,0.0,0.4,11,9,"FAIR-ready input scaffold, not a FAIR run; species-level non-CO2 and aerosol emissions remain missing."
aether_half_2046_zero_2060__co2_only_screen,aether_half_2046_zero_2060,AETHER plus delayed zero,co2_only_screen,CO2-only emulator screen,2063,0.0,11.112012,10.667532,-10.667532,350.0,1.305821,0.0,0.0,1.305821,0.937384,0.826771,0.108874,0.0,0.4,11,9,"FAIR-ready input scaffold, not a FAIR run; species-level non-CO2 and aerosol emissions remain missing."
aether_half_2046_zero_2060__co2_only_screen,aether_half_2046_zero_2060,AETHER plus delayed zero,co2_only_screen,CO2-only emulator screen,2064,0.0,10.596294,10.172442,-10.172442,350.0,1.305821,0.0,0.0,1.305821,0.935114,0.827822,0.105082,0.0,0.4,11,9,"FAIR-ready input scaffold, not a FAIR run; species-level non-CO2 and aerosol emissions remain missing."
aether_half_2046_zero_2060__co2_only_screen,aether_half_2046_zero_2060,AETHER plus delayed zero,co2_only_screen,CO2-only emulator screen,2065,0.0,10.144313,9.73854,-9.73854,350.0,1.305821,0.0,0.0,1.305821,0.933355,0.828841,0.101928,0.0,0.4,11,9,"FAIR-ready input scaffold, not a FAIR run; species-level non-CO2 and aerosol emissions remain missing."
aether_half_2046_zero_2060__co2_only_screen,aether_half_2046_zero_2060,AETHER plus delayed zero,co2_only_screen,CO2-only emulator screen,2066,0.0,9.746539,9.356677,-9.356677,350.0,1.305821,0.0,0.0,1.305821,0.932009,0.829834,0.099289,0.0,0.4,11,9,"FAIR-ready input scaffold, not a FAIR run; species-level non-CO2 and aerosol emissions remain missing."
aether_half_2046_zero_2060__co2_only_screen,aether_half_2046_zero_2060,AETHER plus delayed zero,co2_only_screen,CO2-only emulator screen,2067,0.0,9.394899,9.019103,-9.019103,350.0,1.305821,0.0,0.0,1.305821,0.930994,0.830805,0.097066,0.0,0.4,11,9,"FAIR-ready input scaffold, not a FAIR run; species-level non-CO2 and aerosol emissions remain missing."
aether_half_2046_zero_2060__co2_only_screen,aether_half_2046_zero_2060,AETHER plus delayed zero,co2_only_screen,CO2-only emulator screen,2068,0.0,9.082557,8.719254,-8.719254,350.0,1.305821,0.0,0.0,1.305821,0.930247,0.831756,0.09518,0.0,0.4,11,9,"FAIR-ready input scaffold, not a FAIR run; species-level non-CO2 and aerosol emissions remain missing."
aether_half_2046_zero_2060__co2_only_screen,aether_half_2046_zero_2060,AETHER plus delayed zero,co2_only_screen,CO2-only emulator screen,2069,0.0,8.803719,8.45157,-8.45157,350.0,1.305821,0.0,0.0,1.305821,0.929716,0.832692,0.093566,0.0,0.4,11,9,"FAIR-ready input scaffold, not a FAIR run; species-level non-CO2 and aerosol emissions remain missing."
aether_half_2046_zero_2060__co2_only_screen,aether_half_2046_zero_2060,AETHER plus delayed zero,co2_only_screen,CO2-only emulator screen,2070,0.0,8.553479,8.21134,-8.21134,350.0,1.305821,0.0,0.0,1.305821,0.92936,0.833614,0.092173,0.0,0.4,11,9,"FAIR-ready input scaffold, not a FAIR run; species-level non-CO2 and aerosol emissions remain missing."
aether_half_2046_zero_2060__co2_only_screen,aether_half_2046_zero_2060,AETHER plus delayed zero,co2_only_screen,CO2-only emulator screen,2071,0.0,8.327679,7.994572,-7.994572,350.0,1.305821,0.0,0.0,1.305821,0.929143,0.834523,0.090959,0.0,0.4,11,9,"FAIR-ready input scaffold, not a FAIR run; species-level non-CO2 and aerosol emissions remain missing."
aether_half_2046_zero_2060__co2_only_screen,aether_half_2046_zero_2060,AETHER plus delayed zero,co2_only_screen,CO2-only emulator screen,2072,0.0,8.122796,7.797884,-7.797884,350.0,1.305821,0.0,0.0,1.305821,0.929039,0.835422,0.089889,0.0,0.4,11,9,"FAIR-ready input scaffold, not a FAIR run; species-level non-CO2 and aerosol emissions remain missing."
aether_half_2046_zero_2060__co2_only_screen,aether_half_2046_zero_2060,AETHER plus delayed zero,co2_only_screen,CO2-only emulator screen,2073,0.0,7.935843,7.61841,-7.61841,350.0,1.305821,0.0,0.0,1.305821,0.929026,0.836312,0.088936,0.0,0.4,11,9,"FAIR-ready input scaffold, not a FAIR run; species-level non-CO2 and aerosol emissions remain missing."
aether_half_2046_zero_2060__co2_only_screen,aether_half_2046_zero_2060,AETHER plus delayed zero,co2_only_screen,CO2-only emulator screen,2074,0.0,7.764289,7.453718,-7.453718,350.0,1.305821,0.0,0.0,1.305821,0.929086,0.837192,0.088079,0.0,0.4,11,9,"FAIR-ready input scaffold, not a FAIR run; species-level non-CO2 and aerosol emissions remain missing."
aether_half_2046_zero_2060__co2_only_screen,aether_half_2046_zero_2060,AETHER plus delayed zero,co2_only_screen,CO2-only emulator screen,2075,0.0,7.605986,7.301747,-7.301747,350.0,1.305821,0.0,0.0,1.305821,0.929204,0.838065,0.087299,0.0,0.4,11,9,"FAIR-ready input scaffold, not a FAIR run; species-level non-CO2 and aerosol emissions remain missing."
aether_half_2046_zero_2060__co2_only_screen,aether_half_2046_zero_2060,AETHER plus delayed zero,co2_only_screen,CO2-only emulator screen,2076,0.0,7.459114,7.16075,-7.16075,350.0,1.305821,0.0,0.0,1.305821,0.92937,0.838931,0.086582,0.0,0.4,11,9,"FAIR-ready input scaffold, not a FAIR run; species-level non-CO2 and aerosol emissions remain missing."
aether_half_2046_zero_2060__co2_only_screen,aether_half_2046_zero_2060,AETHER plus delayed zero,co2_only_screen,CO2-only emulator screen,2077,0.0,7.322128,7.029243,-7.029243,350.0,1.305821,0.0,0.0,1.305821,0.929572,0.83979,0.085916,0.0,0.4,11,9,"FAIR-ready input scaffold, not a FAIR run; species-level non-CO2 and aerosol emissions remain missing."
aether_half_2046_zero_2060__co2_only_screen,aether_half_2046_zero_2060,AETHER plus delayed zero,co2_only_screen,CO2-only emulator screen,2078,0.0,7.193715,6.905967,-6.905967,350.0,1.305821,0.0,0.0,1.305821,0.929805,0.840643,0.085293,0.0,0.4,11,9,"FAIR-ready input scaffold, not a FAIR run; species-level non-CO2 and aerosol emissions remain missing."
aether_half_2046_zero_2060__co2_only_screen,aether_half_2046_zero_2060,AETHER plus delayed zero,co2_only_screen,CO2-only emulator screen,2079,0.0,7.072764,6.789853,-6.789853,350.0,1.305821,0.0,0.0,1.305821,0.930061,0.84149,0.084703,0.0,0.4,11,9,"FAIR-ready input scaffold, not a FAIR run; species-level non-CO2 and aerosol emissions remain missing."
aether_half_2046_zero_2060__co2_only_screen,aether_half_2046_zero_2060,AETHER plus delayed zero,co2_only_screen,CO2-only emulator screen,2080,0.0,6.958327,6.679994,-6.679994,350.0,1.305821,0.0,0.0,1.305821,0.930336,0.842332,0.084142,0.0,0.4,11,9,"FAIR-ready input scaffold, not a FAIR run; species-level non-CO2 and aerosol emissions remain missing."
aether_half_2046_zero_2060__co2_only_screen,aether_half_2046_zero_2060,AETHER plus delayed zero,co2_only_screen,CO2-only emulator screen,2081,0.0,6.849601,6.575617,-6.575617,350.0,1.305821,0.0,0.0,1.305821,0.930625,0.843168,0.083604,0.0,0.4,11,9,"FAIR-ready input scaffold, not a FAIR run; species-level non-CO2 and aerosol emissions remain missing."
aether_half_2046_zero_2060__co2_only_screen,aether_half_2046_zero_2060,AETHER plus delayed zero,co2_only_screen,CO2-only emulator screen,2082,0.0,6.745902,6.476066,-6.476066,350.0,1.305821,0.0,0.0,1.305821,0.930927,0.843999,0.083085,0.0,0.4,11,9,"FAIR-ready input scaffold, not a FAIR run; species-level non-CO2 and aerosol emissions remain missing."
aether_half_2046_zero_2060__co2_only_screen,aether_half_2046_zero_2060,AETHER plus delayed zero,co2_only_screen,CO2-only emulator screen,2083,0.0,6.646647,6.380781,-6.380781,350.0,1.305821,0.0,0.0,1.305821,0.931237,0.844824,0.082582,0.0,0.4,11,9,"FAIR-ready input scaffold, not a FAIR run; species-level non-CO2 and aerosol emissions remain missing."
aether_half_2046_zero_2060__co2_only_screen,aether_half_2046_zero_2060,AETHER plus delayed zero,co2_only_screen,CO2-only emulator screen,2084,0.0,6.551341,6.289287,-6.289287,350.0,1.305821,0.0,0.0,1.305821,0.931555,0.845645,0.082092,0.0,0.4,11,9,"FAIR-ready input scaffold, not a FAIR run; species-level non-CO2 and aerosol emissions remain missing."
aether_half_2046_zero_2060__co2_only_screen,aether_half_2046_zero_2060,AETHER plus delayed zero,co2_only_screen,CO2-only emulator screen,2085,0.0,6.459561,6.201178,-6.201178,350.0,1.305821,0.0,0.0,1.305821,0.931877,0.846461,0.081614,0.0,0.4,11,9,"FAIR-ready input scaffold, not a FAIR run; species-level non-CO2 and aerosol emissions remain missing."
aether_half_2046_zero_2060__co2_only_screen,aether_half_2046_zero_2060,AETHER plus delayed zero,co2_only_screen,CO2-only emulator screen,2086,0.0,6.370945,6.116107,-6.116107,350.0,1.305821,0.0,0.0,1.305821,0.932204,0.847273,0.081145,0.0,0.4,11,9,"FAIR-ready input scaffold, not a FAIR run; species-level non-CO2 and aerosol emissions remain missing."
aether_half_2046_zero_2060__co2_only_screen,aether_half_2046_zero_2060,AETHER plus delayed zero,co2_only_screen,CO2-only emulator screen,2087,0.0,6.285185,6.033778,-6.033778,350.0,1.305821,0.0,0.0,1.305821,0.932533,0.84808,0.080684,0.0,0.4,11,9,"FAIR-ready input scaffold, not a FAIR run; species-level non-CO2 and aerosol emissions remain missing."
aether_half_2046_zero_2060__co2_only_screen,aether_half_2046_zero_2060,AETHER plus delayed zero,co2_only_screen,CO2-only emulator screen,2088,0.0,6.202017,5.953936,-5.953936,350.0,1.305821,0.0,0.0,1.305821,0.932864,0.848882,0.08023,0.0,0.4,11,9,"FAIR-ready input scaffold, not a FAIR run; species-level non-CO2 and aerosol emissions remain missing."
aether_half_2046_zero_2060__co2_only_screen,aether_half_2046_zero_2060,AETHER plus delayed zero,co2_only_screen,CO2-only emulator screen,2089,0.0,6.121214,5.876365,-5.876365,350.0,1.305821,0.0,0.0,1.305821,0.933196,0.84968,0.079783,0.0,0.4,11,9,"FAIR-ready input scaffold, not a FAIR run; species-level non-CO2 and aerosol emissions remain missing."
aether_half_2046_zero_2060__co2_only_screen,aether_half_2046_zero_2060,AETHER plus delayed zero,co2_only_screen,CO2-only emulator screen,2090,0.0,6.042581,5.800878,-5.800878,350.0,1.305821,0.0,0.0,1.305821,0.933529,0.850473,0.07934,0.0,0.4,11,9,"FAIR-ready input scaffold, not a FAIR run; species-level non-CO2 and aerosol emissions remain missing."
aether_half_2046_zero_2060__co2_only_screen,aether_half_2046_zero_2060,AETHER plus delayed zero,co2_only_screen,CO2-only emulator screen,2091,0.0,5.965952,5.727314,-5.727314,350.0,1.305821,0.0,0.0,1.305821,0.933862,0.851262,0.078903,0.0,0.4,11,9,"FAIR-ready input scaffold, not a FAIR run; species-level non-CO2 and aerosol emissions remain missing."
aether_half_2046_zero_2060__co2_only_screen,aether_half_2046_zero_2060,AETHER plus delayed zero,co2_only_screen,CO2-only emulator screen,2092,0.0,5.891181,5.655533,-5.655533,350.0,1.305821,0.0,0.0,1.305821,0.934195,0.852047,0.07847,0.0,0.4,11,9,"FAIR-ready input scaffold, not a FAIR run; species-level non-CO2 and aerosol emissions remain missing."
aether_half_2046_zero_2060__co2_only_screen,aether_half_2046_zero_2060,AETHER plus delayed zero,co2_only_screen,CO2-only emulator screen,2093,0.0,5.818143,5.585417,-5.585417,350.0,1.305821,0.0,0.0,1.305821,0.934527,0.852827,0.07804,0.0,0.4,11,9,"FAIR-ready input scaffold, not a FAIR run; species-level non-CO2 and aerosol emissions remain missing."
aether_half_2046_zero_2060__co2_only_screen,aether_half_2046_zero_2060,AETHER plus delayed zero,co2_only_screen,CO2-only emulator screen,2094,0.0,5.746729,5.51686,-5.51686,350.0,1.305821,0.0,0.0,1.305821,0.934858,0.853604,0.077614,0.0,0.4,11,9,"FAIR-ready input scaffold, not a FAIR run; species-level non-CO2 and aerosol emissions remain missing."
aether_half_2046_zero_2060__co2_only_screen,aether_half_2046_zero_2060,AETHER plus delayed zero,co2_only_screen,CO2-only emulator screen,2095,0.0,5.676846,5.449772,-5.449772,350.0,1.305821,0.0,0.0,1.305821,0.935189,0.854375,0.077192,0.0,0.4,11,9,"FAIR-ready input scaffold, not a FAIR run; species-level non-CO2 and aerosol emissions remain missing."
aether_half_2046_zero_2060__co2_only_screen,aether_half_2046_zero_2060,AETHER plus delayed zero,co2_only_screen,CO2-only emulator screen,2096,0.0,5.60841,5.384073,-5.384073,350.0,1.305821,0.0,0.0,1.305821,0.935518,0.855143,0.076772,0.0,0.4,11,9,"FAIR-ready input scaffold, not a FAIR run; species-level non-CO2 and aerosol emissions remain missing."
aether_half_2046_zero_2060__co2_only_screen,aether_half_2046_zero_2060,AETHER plus delayed zero,co2_only_screen,CO2-only emulator screen,2097,0.0,5.541349,5.319695,-5.319695,350.0,1.305821,0.0,0.0,1.305821,0.935846,0.855907,0.076356,0.0,0.4,11,9,"FAIR-ready input scaffold, not a FAIR run; species-level non-CO2 and aerosol emissions remain missing."
aether_half_2046_zero_2060__co2_only_screen,aether_half_2046_zero_2060,AETHER plus delayed zero,co2_only_screen,CO2-only emulator screen,2098,0.0,5.475599,5.256575,-5.256575,350.0,1.305821,0.0,0.0,1.305821,0.936173,0.856666,0.075942,0.0,0.4,11,9,"FAIR-ready input scaffold, not a FAIR run; species-level non-CO2 and aerosol emissions remain missing."
aether_half_2046_zero_2060__co2_only_screen,aether_half_2046_zero_2060,AETHER plus delayed zero,co2_only_screen,CO2-only emulator screen,2099,0.0,5.411104,5.19466,-5.19466,350.0,1.305821,0.0,0.0,1.305821,0.936498,0.857422,0.075531,0.0,0.4,11,9,"FAIR-ready input scaffold, not a FAIR run; species-level non-CO2 and aerosol emissions remain missing."
aether_half_2046_zero_2060__co2_only_screen,aether_half_2046_zero_2060,AETHER plus delayed zero,co2_only_screen,CO2-only emulator screen,2100,0.0,5.347813,5.133901,-5.133901,350.0,1.305821,0.0,0.0,1.305821,0.936822,0.858173,0.075123,0.0,0.4,11,9,"FAIR-ready input scaffold, not a FAIR run; species-level non-CO2 and aerosol emissions remain missing."
aether_half_2046_zero_2060__mitigation_with_aerosol_cleanup,aether_half_2046_zero_2060,AETHER plus delayed zero,mitigation_with_aerosol_cleanup,Mitigation with aerosol cleanup,2026,42.2,0.0,0.0,42.2,433.940256,2.524677,1.2,-0.7,3.024677,1.613376,0.772719,0.795947,0.0,0.4,11,9,"FAIR-ready input scaffold, not a FAIR run; species-level non-CO2 and aerosol emissions remain missing."
aether_half_2046_zero_2060__mitigation_with_aerosol_cleanup,aether_half_2046_zero_2060,AETHER plus delayed zero,mitigation_with_aerosol_cleanup,Mitigation with aerosol cleanup,2027,41.145,5.0,4.8,36.345,438.245636,2.580654,1.18125,-0.68125,3.080654,1.627418,0.780705,0.798624,0.0,0.4,11,9,"FAIR-ready input scaffold, not a FAIR run; species-level non-CO2 and aerosol emissions remain missing."
aether_half_2046_zero_2060__mitigation_with_aerosol_cleanup,aether_half_2046_zero_2060,AETHER plus delayed zero,mitigation_with_aerosol_cleanup,Mitigation with aerosol cleanup,2028,40.09,10.0,9.6,30.49,441.560663,2.62338,1.1625,-0.6625,3.12338,1.643009,0.788749,0.804377,0.0,0.4,11,9,"FAIR-ready input scaffold, not a FAIR run; species-level non-CO2 and aerosol emissions remain missing."
aether_half_2046_zero_2060__mitigation_with_aerosol_cleanup,aether_half_2046_zero_2060,AETHER plus delayed zero,mitigation_with_aerosol_cleanup,Mitigation with aerosol cleanup,2029,39.035,15.0,14.4,24.635,443.977438,2.654328,1.14375,-0.64375,3.154328,1.658879,0.796865,0.811547,0.0,0.4,11,9,"FAIR-ready input scaffold, not a FAIR run; species-level non-CO2 and aerosol emissions remain missing."
aether_half_2046_zero_2060__mitigation_with_aerosol_cleanup,aether_half_2046_zero_2060,AETHER plus delayed zero,mitigation_with_aerosol_cleanup,Mitigation with aerosol cleanup,2030,37.98,20.0,19.2,18.78,445.570256,2.674632,1.125,-0.625,3.174632,1.674094,0.805054,0.818913,0.0,0.4,11,9,"FAIR-ready input scaffold, not a FAIR run; species-level non-CO2 and aerosol emissions remain missing."
aether_half_2046_zero_2060__mitigation_with_aerosol_cleanup,aether_half_2046_zero_2060,AETHER plus delayed zero,mitigation_with_aerosol_cleanup,Mitigation with aerosol cleanup,2031,36.925,25.0,24.0,12.925,446.399264,2.685172,1.10625,-0.60625,3.185172,1.687971,0.81331,0.825589,0.0,0.4,11,9,"FAIR-ready input scaffold, not a FAIR run; species-level non-CO2 and aerosol emissions remain missing."
aether_half_2046_zero_2060__mitigation_with_aerosol_cleanup,aether_half_2046_zero_2060,AETHER plus delayed zero,mitigation_with_aerosol_cleanup,Mitigation with aerosol cleanup,2032,35.87,30.0,28.8,7.07,446.513363,2.686621,1.0875,-0.5875,3.186621,1.700008,0.821619,0.830928,0.0,0.4,11,9,"FAIR-ready input scaffold, not a FAIR run; species-level non-CO2 and aerosol emissions remain missing."
aether_half_2046_zero_2060__mitigation_with_aerosol_cleanup,aether_half_2046_zero_2060,AETHER plus delayed zero,mitigation_with_aerosol_cleanup,Mitigation with aerosol cleanup,2033,34.815,35.0,33.6,1.215,445.952508,2.679494,1.06875,-0.56875,3.179494,1.709843,0.829964,0.83447,0.0,0.4,11,9,"FAIR-ready input scaffold, not a FAIR run; species-level non-CO2 and aerosol emissions remain missing."
aether_half_2046_zero_2060__mitigation_with_aerosol_cleanup,aether_half_2046_zero_2060,AETHER plus delayed zero,mitigation_with_aerosol_cleanup,Mitigation with aerosol cleanup,2034,33.76,40.0,38.4,-4.64,444.749534,2.664179,1.05,-0.55,3.164179,1.71721,0.838322,0.835885,0.0,0.4,11,9,"FAIR-ready input scaffold, not a FAIR run; species-level non-CO2 and aerosol emissions remain missing."
aether_half_2046_zero_2060__mitigation_with_aerosol_cleanup,aether_half_2046_zero_2060,AETHER plus delayed zero,mitigation_with_aerosol_cleanup,Mitigation with aerosol cleanup,2035,32.705,45.0,43.2,-10.495,442.9316,2.640956,1.03125,-0.53125,3.140956,1.721915,0.846672,0.834943,0.0,0.4,11,9,"FAIR-ready input scaffold, not a FAIR run; species-level non-CO2 and aerosol emissions remain missing."
aether_half_2046_zero_2060__mitigation_with_aerosol_cleanup,aether_half_2046_zero_2060,AETHER plus delayed zero,mitigation_with_aerosol_cleanup,Mitigation with aerosol cleanup,2036,31.65,50.0,48.0,-16.35,440.521341,2.610019,1.0125,-0.5125,3.110019,1.723818,0.854987,0.831481,0.0,0.4,11,9,"FAIR-ready input scaffold, not a FAIR run; species-level non-CO2 and aerosol emissions remain missing."
aether_half_2046_zero_2060__mitigation_with_aerosol_cleanup,aether_half_2046_zero_2060,AETHER plus delayed zero,mitigation_with_aerosol_cleanup,Mitigation with aerosol cleanup,2037,30.595,55.0,52.8,-22.205,437.537777,2.571488,0.99375,-0.49375,3.071488,1.722809,0.863241,0.82539,0.0,0.4,11,9,"FAIR-ready input scaffold, not a FAIR run; species-level non-CO2 and aerosol emissions remain missing."
aether_half_2046_zero_2060__mitigation_with_aerosol_cleanup,aether_half_2046_zero_2060,AETHER plus delayed zero,mitigation_with_aerosol_cleanup,Mitigation with aerosol cleanup,2038,29.54,60.0,57.6,-28.06,433.997033,2.525419,0.975,-0.475,3.025419,1.718805,0.871406,0.81659,0.0,0.4,11,9,"FAIR-ready input scaffold, not a FAIR run; species-level non-CO2 and aerosol emissions remain missing."
aether_half_2046_zero_2060__mitigation_with_aerosol_cleanup,aether_half_2046_zero_2060,AETHER plus delayed zero,mitigation_with_aerosol_cleanup,Mitigation with aerosol cleanup,2039,28.485,65.0,62.4,-33.915,429.912917,2.471811,0.95625,-0.45625,2.971811,1.711734,0.879457,0.805029,0.0,0.4,11,9,"FAIR-ready input scaffold, not a FAIR run; species-level non-CO2 and aerosol emissions remain missing."
aether_half_2046_zero_2060__mitigation_with_aerosol_cleanup,aether_half_2046_zero_2060,AETHER plus delayed zero,mitigation_with_aerosol_cleanup,Mitigation with aerosol cleanup,2040,27.43,70.0,67.2,-39.77,425.297373,2.410611,0.9375,-0.4375,2.910611,1.701532,0.887363,0.790663,0.0,0.4,11,9,"FAIR-ready input scaffold, not a FAIR run; species-level non-CO2 and aerosol emissions remain missing."
aether_half_2046_zero_2060__mitigation_with_aerosol_cleanup,aether_half_2046_zero_2060,AETHER plus delayed zero,mitigation_with_aerosol_cleanup,Mitigation with aerosol cleanup,2041,26.375,75.0,72.0,-45.625,420.16084,2.341717,0.91875,-0.41875,2.841717,1.688136,0.895098,0.77346,0.0,0.4,11,9,"FAIR-ready input scaffold, not a FAIR run; species-level non-CO2 and aerosol emissions remain missing."
aether_half_2046_zero_2060__mitigation_with_aerosol_cleanup,aether_half_2046_zero_2060,AETHER plus delayed zero,mitigation_with_aerosol_cleanup,Mitigation with aerosol cleanup,2042,25.32,80.0,76.8,-51.48,414.512545,2.26498,0.9,-0.4,2.76498,1.671481,0.902632,0.753386,0.0,0.4,11,9,"FAIR-ready input scaffold, not a FAIR run; species-level non-CO2 and aerosol emissions remain missing."
aether_half_2046_zero_2060__mitigation_with_aerosol_cleanup,aether_half_2046_zero_2060,AETHER plus delayed zero,mitigation_with_aerosol_cleanup,Mitigation with aerosol cleanup,2043,24.265,85.0,81.6,-57.335,408.360728,2.180204,0.88125,-0.38125,2.680204,1.651494,0.909936,0.730407,0.0,0.4,11,9,"FAIR-ready input scaffold, not a FAIR run; species-level non-CO2 and aerosol emissions remain missing."
aether_half_2046_zero_2060__mitigation_with_aerosol_cleanup,aether_half_2046_zero_2060,AETHER plus delayed zero,mitigation_with_aerosol_cleanup,Mitigation with aerosol cleanup,2044,23.21,90.0,86.4,-63.19,401.712822,2.087143,0.8625,-0.3625,2.587143,1.628094,0.916981,0.70448,0.0,0.4,11,9,"FAIR-ready input scaffold, not a FAIR run; species-level non-CO2 and aerosol emissions remain missing."
aether_half_2046_zero_2060__mitigation_with_aerosol_cleanup,aether_half_2046_zero_2060,AETHER plus delayed zero,mitigation_with_aerosol_cleanup,Mitigation with aerosol cleanup,2045,22.155,95.0,91.2,-69.045,394.575601,1.985502,0.84375,-0.34375,2.485502,1.601189,0.923736,0.675558,0.0,0.4,11,9,"FAIR-ready input scaffold, not a FAIR run; species-level non-CO2 and aerosol emissions remain missing."
aether_half_2046_zero_2060__mitigation_with_aerosol_cleanup,aether_half_2046_zero_2060,AETHER plus delayed zero,mitigation_with_aerosol_cleanup,Mitigation with aerosol cleanup,2046,21.1,100.0,96.0,-74.9,386.955293,1.874932,0.825,-0.325,2.374932,1.570672,0.930172,0.643581,0.0,0.4,11,9,"FAIR-ready input scaffold, not a FAIR run; species-level non-CO2 and aerosol emissions remain missing."
aether_half_2046_zero_2060__mitigation_with_aerosol_cleanup,aether_half_2046_zero_2060,AETHER plus delayed zero,mitigation_with_aerosol_cleanup,Mitigation with aerosol cleanup,2047,19.592857,100.0,96.0,-76.407143,379.415093,1.76336,0.80625,-0.30625,2.26336,1.537114,0.936257,0.608475,0.0,0.4,11,9,"FAIR-ready input scaffold, not a FAIR run; species-level non-CO2 and aerosol emissions remain missing."
aether_half_2046_zero_2060__mitigation_with_aerosol_cleanup,aether_half_2046_zero_2060,AETHER plus delayed zero,mitigation_with_aerosol_cleanup,Mitigation with aerosol cleanup,2048,18.085714,100.0,96.0,-77.914286,371.923897,1.650296,0.7875,-0.2875,2.150296,1.500936,0.941965,0.570815,0.0,0.4,11,9,"FAIR-ready input scaffold, not a FAIR run; species-level non-CO2 and aerosol emissions remain missing."
aether_half_2046_zero_2060__mitigation_with_aerosol_cleanup,aether_half_2046_zero_2060,AETHER plus delayed zero,mitigation_with_aerosol_cleanup,Mitigation with aerosol cleanup,2049,16.578571,100.0,96.0,-79.421429,364.45702,1.535309,0.76875,-0.26875,2.035309,1.462441,0.947275,0.531023,0.0,0.4,11,9,"FAIR-ready input scaffold, not a FAIR run; species-level non-CO2 and aerosol emissions remain missing."
aether_half_2046_zero_2060__mitigation_with_aerosol_cleanup,aether_half_2046_zero_2060,AETHER plus delayed zero,mitigation_with_aerosol_cleanup,Mitigation with aerosol cleanup,2050,15.071429,100.0,96.0,-80.928571,356.994861,1.418016,0.75,-0.25,1.918016,1.421842,0.952169,0.489408,0.0,0.4,11,9,"FAIR-ready input scaffold, not a FAIR run; species-level non-CO2 and aerosol emissions remain missing."
aether_half_2046_zero_2060__mitigation_with_aerosol_cleanup,aether_half_2046_zero_2060,AETHER plus delayed zero,mitigation_with_aerosol_cleanup,Mitigation with aerosol cleanup,2051,13.564286,96.115048,92.270446,-78.70616,350.0,1.305821,0.744,-0.246,1.803821,1.37976,0.956631,0.446189,0.0,0.4,11,9,"FAIR-ready input scaffold, not a FAIR run; species-level non-CO2 and aerosol emissions remain missing."
aether_half_2046_zero_2060__mitigation_with_aerosol_cleanup,aether_half_2046_zero_2060,AETHER plus delayed zero,mitigation_with_aerosol_cleanup,Mitigation with aerosol cleanup,2052,12.057143,38.838772,37.285221,-25.228078,350.0,1.305821,0.738,-0.242,1.801821,1.34579,0.960651,0.401973,0.0,0.4,11,9,"FAIR-ready input scaffold, not a FAIR run; species-level non-CO2 and aerosol emissions remain missing."
aether_half_2046_zero_2060__mitigation_with_aerosol_cleanup,aether_half_2046_zero_2060,AETHER plus delayed zero,mitigation_with_aerosol_cleanup,Mitigation with aerosol cleanup,2053,10.55,34.612636,33.22813,-22.67813,350.0,1.305821,0.732,-0.238,1.799821,1.31837,0.96431,0.365883,0.0,0.4,11,9,"FAIR-ready input scaffold, not a FAIR run; species-level non-CO2 and aerosol emissions remain missing."
aether_half_2046_zero_2060__mitigation_with_aerosol_cleanup,aether_half_2046_zero_2060,AETHER plus delayed zero,mitigation_with_aerosol_cleanup,Mitigation with aerosol cleanup,2054,9.042857,30.775705,29.544677,-20.501819,350.0,1.305821,0.726,-0.234,1.797821,1.296237,0.967673,0.336357,0.0,0.4,11,9,"FAIR-ready input scaffold, not a FAIR run; species-level non-CO2 and aerosol emissions remain missing."
aether_half_2046_zero_2060__mitigation_with_aerosol_cleanup,aether_half_2046_zero_2060,AETHER plus delayed zero,mitigation_with_aerosol_cleanup,Mitigation with aerosol cleanup,2055,7.535714,27.268544,26.177803,-18.642088,350.0,1.305821,0.72,-0.23,1.795821,1.278371,0.970795,0.312135,0.0,0.4,11,9,"FAIR-ready input scaffold, not a FAIR run; species-level non-CO2 and aerosol emissions remain missing."
aether_half_2046_zero_2060__mitigation_with_aerosol_cleanup,aether_half_2046_zero_2060,AETHER plus delayed zero,mitigation_with_aerosol_cleanup,Mitigation with aerosol cleanup,2056,6.028571,24.040836,23.079203,-17.050631,350.0,1.305821,0.714,-0.226,1.793821,1.263951,0.973717,0.292198,0.0,0.4,11,9,"FAIR-ready input scaffold, not a FAIR run; species-level non-CO2 and aerosol emissions remain missing."
aether_half_2046_zero_2060__mitigation_with_aerosol_cleanup,aether_half_2046_zero_2060,AETHER plus delayed zero,mitigation_with_aerosol_cleanup,Mitigation with aerosol cleanup,2057,4.521429,21.049981,20.207982,-15.686553,350.0,1.305821,0.708,-0.222,1.791821,1.252311,0.976474,0.275723,0.0,0.4,11,9,"FAIR-ready input scaffold, not a FAIR run; species-level non-CO2 and aerosol emissions remain missing."
aether_half_2046_zero_2060__mitigation_with_aerosol_cleanup,aether_half_2046_zero_2060,AETHER plus delayed zero,mitigation_with_aerosol_cleanup,Mitigation with aerosol cleanup,2058,3.014286,18.259913,17.529517,-14.515231,350.0,1.305821,0.702,-0.218,1.789821,1.242915,0.979094,0.262046,0.0,0.4,11,9,"FAIR-ready input scaffold, not a FAIR run; species-level non-CO2 and aerosol emissions remain missing."
aether_half_2046_zero_2060__mitigation_with_aerosol_cleanup,aether_half_2046_zero_2060,AETHER plus delayed zero,mitigation_with_aerosol_cleanup,Mitigation with aerosol cleanup,2059,1.507143,15.640097,15.014493,-13.507351,350.0,1.305821,0.696,-0.214,1.787821,1.23533,0.981601,0.25063,0.0,0.4,11,9,"FAIR-ready input scaffold, not a FAIR run; species-level non-CO2 and aerosol emissions remain missing."
aether_half_2046_zero_2060__mitigation_with_aerosol_cleanup,aether_half_2046_zero_2060,AETHER plus delayed zero,mitigation_with_aerosol_cleanup,Mitigation with aerosol cleanup,2060,0.0,13.16468,12.638093,-12.638093,350.0,1.305821,0.69,-0.21,1.785821,1.229204,0.984011,0.241043,0.0,0.4,11,9,"FAIR-ready input scaffold, not a FAIR run; species-level non-CO2 and aerosol emissions remain missing."
aether_half_2046_zero_2060__mitigation_with_aerosol_cleanup,aether_half_2046_zero_2060,AETHER plus delayed zero,mitigation_with_aerosol_cleanup,Mitigation with aerosol cleanup,2061,0.0,12.381714,11.886445,-11.886445,350.0,1.305821,0.684,-0.206,1.783821,1.224257,0.98634,0.232934,0.0,0.4,11,9,"FAIR-ready input scaffold, not a FAIR run; species-level non-CO2 and aerosol emissions remain missing."
aether_half_2046_zero_2060__mitigation_with_aerosol_cleanup,aether_half_2046_zero_2060,AETHER plus delayed zero,mitigation_with_aerosol_cleanup,Mitigation with aerosol cleanup,2062,0.0,11.702722,11.234613,-11.234613,350.0,1.305821,0.678,-0.202,1.781821,1.220259,0.988601,0.226021,0.0,0.4,11,9,"FAIR-ready input scaffold, not a FAIR run; species-level non-CO2 and aerosol emissions remain missing."
aether_half_2046_zero_2060__mitigation_with_aerosol_cleanup,aether_half_2046_zero_2060,AETHER plus delayed zero,mitigation_with_aerosol_cleanup,Mitigation with aerosol cleanup,2063,0.0,11.112012,10.667532,-10.667532,350.0,1.305821,0.672,-0.198,1.779821,1.217026,0.990801,0.220075,0.0,0.4,11,9,"FAIR-ready input scaffold, not a FAIR run; species-level non-CO2 and aerosol emissions remain missing."
aether_half_2046_zero_2060__mitigation_with_aerosol_cleanup,aether_half_2046_zero_2060,AETHER plus delayed zero,mitigation_with_aerosol_cleanup,Mitigation with aerosol cleanup,2064,0.0,10.596294,10.172442,-10.172442,350.0,1.305821,0.666,-0.194,1.777821,1.21441,0.99295,0.214914,0.0,0.4,11,9,"FAIR-ready input scaffold, not a FAIR run; species-level non-CO2 and aerosol emissions remain missing."
aether_half_2046_zero_2060__mitigation_with_aerosol_cleanup,aether_half_2046_zero_2060,AETHER plus delayed zero,mitigation_with_aerosol_cleanup,Mitigation with aerosol cleanup,2065,0.0,10.144313,9.73854,-9.73854,350.0,1.305821,0.66,-0.19,1.775821,1.21229,0.995054,0.210386,0.0,0.4,11,9,"FAIR-ready input scaffold, not a FAIR run; species-level non-CO2 and aerosol emissions remain missing."
aether_half_2046_zero_2060__mitigation_with_aerosol_cleanup,aether_half_2046_zero_2060,AETHER plus delayed zero,mitigation_with_aerosol_cleanup,Mitigation with aerosol cleanup,2066,0.0,9.746539,9.356677,-9.356677,350.0,1.305821,0.654,-0.186,1.773821,1.210569,0.997118,0.206373,0.0,0.4,11,9,"FAIR-ready input scaffold, not a FAIR run; species-level non-CO2 and aerosol emissions remain missing."
aether_half_2046_zero_2060__mitigation_with_aerosol_cleanup,aether_half_2046_zero_2060,AETHER plus delayed zero,mitigation_with_aerosol_cleanup,Mitigation with aerosol cleanup,2067,0.0,9.394899,9.019103,-9.019103,350.0,1.305821,0.648,-0.182,1.771821,1.209168,0.999146,0.202778,0.0,0.4,11,9,"FAIR-ready input scaffold, not a FAIR run; species-level non-CO2 and aerosol emissions remain missing."
aether_half_2046_zero_2060__mitigation_with_aerosol_cleanup,aether_half_2046_zero_2060,AETHER plus delayed zero,mitigation_with_aerosol_cleanup,Mitigation with aerosol cleanup,2068,0.0,9.082557,8.719254,-8.719254,350.0,1.305821,0.642,-0.178,1.769821,1.208026,1.001141,0.199521,0.0,0.4,11,9,"FAIR-ready input scaffold, not a FAIR run; species-level non-CO2 and aerosol emissions remain missing."
aether_half_2046_zero_2060__mitigation_with_aerosol_cleanup,aether_half_2046_zero_2060,AETHER plus delayed zero,mitigation_with_aerosol_cleanup,Mitigation with aerosol cleanup,2069,0.0,8.803719,8.45157,-8.45157,350.0,1.305821,0.636,-0.174,1.767821,1.20709,1.003106,0.196541,0.0,0.4,11,9,"FAIR-ready input scaffold, not a FAIR run; species-level non-CO2 and aerosol emissions remain missing."
aether_half_2046_zero_2060__mitigation_with_aerosol_cleanup,aether_half_2046_zero_2060,AETHER plus delayed zero,mitigation_with_aerosol_cleanup,Mitigation with aerosol cleanup,2070,0.0,8.553479,8.21134,-8.21134,350.0,1.305821,0.63,-0.17,1.765821,1.206319,1.005044,0.193784,0.0,0.4,11,9,"FAIR-ready input scaffold, not a FAIR run; species-level non-CO2 and aerosol emissions remain missing."
aether_half_2046_zero_2060__mitigation_with_aerosol_cleanup,aether_half_2046_zero_2060,AETHER plus delayed zero,mitigation_with_aerosol_cleanup,Mitigation with aerosol cleanup,2071,0.0,8.327679,7.994572,-7.994572,350.0,1.305821,0.624,-0.166,1.763821,1.20568,1.006956,0.191211,0.0,0.4,11,9,"FAIR-ready input scaffold, not a FAIR run; species-level non-CO2 and aerosol emissions remain missing."
aether_half_2046_zero_2060__mitigation_with_aerosol_cleanup,aether_half_2046_zero_2060,AETHER plus delayed zero,mitigation_with_aerosol_cleanup,Mitigation with aerosol cleanup,2072,0.0,8.122796,7.797884,-7.797884,350.0,1.305821,0.618,-0.162,1.761821,1.205146,1.008844,0.188787,0.0,0.4,11,9,"FAIR-ready input scaffold, not a FAIR run; species-level non-CO2 and aerosol emissions remain missing."
aether_half_2046_zero_2060__mitigation_with_aerosol_cleanup,aether_half_2046_zero_2060,AETHER plus delayed zero,mitigation_with_aerosol_cleanup,Mitigation with aerosol cleanup,2073,0.0,7.935843,7.61841,-7.61841,350.0,1.305821,0.612,-0.158,1.759821,1.204695,1.010709,0.186487,0.0,0.4,11,9,"FAIR-ready input scaffold, not a FAIR run; species-level non-CO2 and aerosol emissions remain missing."
aether_half_2046_zero_2060__mitigation_with_aerosol_cleanup,aether_half_2046_zero_2060,AETHER plus delayed zero,mitigation_with_aerosol_cleanup,Mitigation with aerosol cleanup,2074,0.0,7.764289,7.453718,-7.453718,350.0,1.305821,0.606,-0.154,1.757821,1.204311,1.012552,0.184287,0.0,0.4,11,9,"FAIR-ready input scaffold, not a FAIR run; species-level non-CO2 and aerosol emissions remain missing."
aether_half_2046_zero_2060__mitigation_with_aerosol_cleanup,aether_half_2046_zero_2060,AETHER plus delayed zero,mitigation_with_aerosol_cleanup,Mitigation with aerosol cleanup,2075,0.0,7.605986,7.301747,-7.301747,350.0,1.305821,0.6,-0.15,1.755821,1.203978,1.014374,0.182171,0.0,0.4,11,9,"FAIR-ready input scaffold, not a FAIR run; species-level non-CO2 and aerosol emissions remain missing."
aether_half_2046_zero_2060__mitigation_with_aerosol_cleanup,aether_half_2046_zero_2060,AETHER plus delayed zero,mitigation_with_aerosol_cleanup,Mitigation with aerosol cleanup,2076,0.0,7.459114,7.16075,-7.16075,350.0,1.305821,0.594,-0.146,1.753821,1.203685,1.016175,0.180124,0.0,0.4,11,9,"FAIR-ready input scaffold, not a FAIR run; species-level non-CO2 and aerosol emissions remain missing."
aether_half_2046_zero_2060__mitigation_with_aerosol_cleanup,aether_half_2046_zero_2060,AETHER plus delayed zero,mitigation_with_aerosol_cleanup,Mitigation with aerosol cleanup,2077,0.0,7.322128,7.029243,-7.029243,350.0,1.305821,0.588,-0.142,1.751821,1.203423,1.017956,0.178134,0.0,0.4,11,9,"FAIR-ready input scaffold, not a FAIR run; species-level non-CO2 and aerosol emissions remain missing."
aether_half_2046_zero_2060__mitigation_with_aerosol_cleanup,aether_half_2046_zero_2060,AETHER plus delayed zero,mitigation_with_aerosol_cleanup,Mitigation with aerosol cleanup,2078,0.0,7.193715,6.905967,-6.905967,350.0,1.305821,0.582,-0.138,1.749821,1.203185,1.019718,0.176194,0.0,0.4,11,9,"FAIR-ready input scaffold, not a FAIR run; species-level non-CO2 and aerosol emissions remain missing."
aether_half_2046_zero_2060__mitigation_with_aerosol_cleanup,aether_half_2046_zero_2060,AETHER plus delayed zero,mitigation_with_aerosol_cleanup,Mitigation with aerosol cleanup,2079,0.0,7.072764,6.789853,-6.789853,350.0,1.305821,0.576,-0.134,1.747821,1.202965,1.021461,0.174294,0.0,0.4,11,9,"FAIR-ready input scaffold, not a FAIR run; species-level non-CO2 and aerosol emissions remain missing."
aether_half_2046_zero_2060__mitigation_with_aerosol_cleanup,aether_half_2046_zero_2060,AETHER plus delayed zero,mitigation_with_aerosol_cleanup,Mitigation with aerosol cleanup,2080,0.0,6.958327,6.679994,-6.679994,350.0,1.305821,0.57,-0.13,1.745821,1.202757,1.023185,0.172428,0.0,0.4,11,9,"FAIR-ready input scaffold, not a FAIR run; species-level non-CO2 and aerosol emissions remain missing."
aether_half_2046_zero_2060__mitigation_with_aerosol_cleanup,aether_half_2046_zero_2060,AETHER plus delayed zero,mitigation_with_aerosol_cleanup,Mitigation with aerosol cleanup,2081,0.0,6.849601,6.575617,-6.575617,350.0,1.305821,0.564,-0.126,1.743821,1.202559,1.024891,0.170593,0.0,0.4,11,9,"FAIR-ready input scaffold, not a FAIR run; species-level non-CO2 and aerosol emissions remain missing."
aether_half_2046_zero_2060__mitigation_with_aerosol_cleanup,aether_half_2046_zero_2060,AETHER plus delayed zero,mitigation_with_aerosol_cleanup,Mitigation with aerosol cleanup,2082,0.0,6.745902,6.476066,-6.476066,350.0,1.305821,0.558,-0.122,1.741821,1.202366,1.026579,0.168784,0.0,0.4,11,9,"FAIR-ready input scaffold, not a FAIR run; species-level non-CO2 and aerosol emissions remain missing."
aether_half_2046_zero_2060__mitigation_with_aerosol_cleanup,aether_half_2046_zero_2060,AETHER plus delayed zero,mitigation_with_aerosol_cleanup,Mitigation with aerosol cleanup,2083,0.0,6.646647,6.380781,-6.380781,350.0,1.305821,0.552,-0.118,1.739821,1.202176,1.028249,0.166997,0.0,0.4,11,9,"FAIR-ready input scaffold, not a FAIR run; species-level non-CO2 and aerosol emissions remain missing."
aether_half_2046_zero_2060__mitigation_with_aerosol_cleanup,aether_half_2046_zero_2060,AETHER plus delayed zero,mitigation_with_aerosol_cleanup,Mitigation with aerosol cleanup,2084,0.0,6.551341,6.289287,-6.289287,350.0,1.305821,0.546,-0.114,1.737821,1.201988,1.029902,0.165231,0.0,0.4,11,9,"FAIR-ready input scaffold, not a FAIR run; species-level non-CO2 and aerosol emissions remain missing."
aether_half_2046_zero_2060__mitigation_with_aerosol_cleanup,aether_half_2046_zero_2060,AETHER plus delayed zero,mitigation_with_aerosol_cleanup,Mitigation with aerosol cleanup,2085,0.0,6.459561,6.201178,-6.201178,350.0,1.305821,0.54,-0.11,1.735821,1.201799,1.031536,0.163482,0.0,0.4,11,9,"FAIR-ready input scaffold, not a FAIR run; species-level non-CO2 and aerosol emissions remain missing."
aether_half_2046_zero_2060__mitigation_with_aerosol_cleanup,aether_half_2046_zero_2060,AETHER plus delayed zero,mitigation_with_aerosol_cleanup,Mitigation with aerosol cleanup,2086,0.0,6.370945,6.116107,-6.116107,350.0,1.305821,0.534,-0.106,1.733821,1.201609,1.033154,0.16175,0.0,0.4,11,9,"FAIR-ready input scaffold, not a FAIR run; species-level non-CO2 and aerosol emissions remain missing."
aether_half_2046_zero_2060__mitigation_with_aerosol_cleanup,aether_half_2046_zero_2060,AETHER plus delayed zero,mitigation_with_aerosol_cleanup,Mitigation with aerosol cleanup,2087,0.0,6.285185,6.033778,-6.033778,350.0,1.305821,0.528,-0.102,1.731821,1.201415,1.034754,0.160032,0.0,0.4,11,9,"FAIR-ready input scaffold, not a FAIR run; species-level non-CO2 and aerosol emissions remain missing."
aether_half_2046_zero_2060__mitigation_with_aerosol_cleanup,aether_half_2046_zero_2060,AETHER plus delayed zero,mitigation_with_aerosol_cleanup,Mitigation with aerosol cleanup,2088,0.0,6.202017,5.953936,-5.953936,350.0,1.305821,0.522,-0.098,1.729821,1.201219,1.036337,0.158328,0.0,0.4,11,9,"FAIR-ready input scaffold, not a FAIR run; species-level non-CO2 and aerosol emissions remain missing."
aether_half_2046_zero_2060__mitigation_with_aerosol_cleanup,aether_half_2046_zero_2060,AETHER plus delayed zero,mitigation_with_aerosol_cleanup,Mitigation with aerosol cleanup,2089,0.0,6.121214,5.876365,-5.876365,350.0,1.305821,0.516,-0.094,1.727821,1.201018,1.037904,0.156637,0.0,0.4,11,9,"FAIR-ready input scaffold, not a FAIR run; species-level non-CO2 and aerosol emissions remain missing."
aether_half_2046_zero_2060__mitigation_with_aerosol_cleanup,aether_half_2046_zero_2060,AETHER plus delayed zero,mitigation_with_aerosol_cleanup,Mitigation with aerosol cleanup,2090,0.0,6.042581,5.800878,-5.800878,350.0,1.305821,0.51,-0.09,1.725821,1.200812,1.039453,0.154958,0.0,0.4,11,9,"FAIR-ready input scaffold, not a FAIR run; species-level non-CO2 and aerosol emissions remain missing."
aether_half_2046_zero_2060__mitigation_with_aerosol_cleanup,aether_half_2046_zero_2060,AETHER plus delayed zero,mitigation_with_aerosol_cleanup,Mitigation with aerosol cleanup,2091,0.0,5.965952,5.727314,-5.727314,350.0,1.305821,0.504,-0.086,1.723821,1.200601,1.040986,0.153291,0.0,0.4,11,9,"FAIR-ready input scaffold, not a FAIR run; species-level non-CO2 and aerosol emissions remain missing."
aether_half_2046_zero_2060__mitigation_with_aerosol_cleanup,aether_half_2046_zero_2060,AETHER plus delayed zero,mitigation_with_aerosol_cleanup,Mitigation with aerosol cleanup,2092,0.0,5.891181,5.655533,-5.655533,350.0,1.305821,0.498,-0.082,1.721821,1.200384,1.042503,0.151634,0.0,0.4,11,9,"FAIR-ready input scaffold, not a FAIR run; species-level non-CO2 and aerosol emissions remain missing."
aether_half_2046_zero_2060__mitigation_with_aerosol_cleanup,aether_half_2046_zero_2060,AETHER plus delayed zero,mitigation_with_aerosol_cleanup,Mitigation with aerosol cleanup,2093,0.0,5.818143,5.585417,-5.585417,350.0,1.305821,0.492,-0.078,1.719821,1.200162,1.044002,0.149987,0.0,0.4,11,9,"FAIR-ready input scaffold, not a FAIR run; species-level non-CO2 and aerosol emissions remain missing."
aether_half_2046_zero_2060__mitigation_with_aerosol_cleanup,aether_half_2046_zero_2060,AETHER plus delayed zero,mitigation_with_aerosol_cleanup,Mitigation with aerosol cleanup,2094,0.0,5.746729,5.51686,-5.51686,350.0,1.305821,0.486,-0.074,1.717821,1.199933,1.045486,0.148351,0.0,0.4,11,9,"FAIR-ready input scaffold, not a FAIR run; species-level non-CO2 and aerosol emissions remain missing."
aether_half_2046_zero_2060__mitigation_with_aerosol_cleanup,aether_half_2046_zero_2060,AETHER plus delayed zero,mitigation_with_aerosol_cleanup,Mitigation with aerosol cleanup,2095,0.0,5.676846,5.449772,-5.449772,350.0,1.305821,0.48,-0.07,1.715821,1.199699,1.046953,0.146725,0.0,0.4,11,9,"FAIR-ready input scaffold, not a FAIR run; species-level non-CO2 and aerosol emissions remain missing."
aether_half_2046_zero_2060__mitigation_with_aerosol_cleanup,aether_half_2046_zero_2060,AETHER plus delayed zero,mitigation_with_aerosol_cleanup,Mitigation with aerosol cleanup,2096,0.0,5.60841,5.384073,-5.384073,350.0,1.305821,0.474,-0.066,1.713821,1.199458,1.048404,0.145108,0.0,0.4,11,9,"FAIR-ready input scaffold, not a FAIR run; species-level non-CO2 and aerosol emissions remain missing."
aether_half_2046_zero_2060__mitigation_with_aerosol_cleanup,aether_half_2046_zero_2060,AETHER plus delayed zero,mitigation_with_aerosol_cleanup,Mitigation with aerosol cleanup,2097,0.0,5.541349,5.319695,-5.319695,350.0,1.305821,0.468,-0.062,1.711821,1.19921,1.049839,0.143501,0.0,0.4,11,9,"FAIR-ready input scaffold, not a FAIR run; species-level non-CO2 and aerosol emissions remain missing."
aether_half_2046_zero_2060__mitigation_with_aerosol_cleanup,aether_half_2046_zero_2060,AETHER plus delayed zero,mitigation_with_aerosol_cleanup,Mitigation with aerosol cleanup,2098,0.0,5.475599,5.256575,-5.256575,350.0,1.305821,0.462,-0.058,1.709821,1.198956,1.051258,0.141902,0.0,0.4,11,9,"FAIR-ready input scaffold, not a FAIR run; species-level non-CO2 and aerosol emissions remain missing."
aether_half_2046_zero_2060__mitigation_with_aerosol_cleanup,aether_half_2046_zero_2060,AETHER plus delayed zero,mitigation_with_aerosol_cleanup,Mitigation with aerosol cleanup,2099,0.0,5.411104,5.19466,-5.19466,350.0,1.305821,0.456,-0.054,1.707821,1.198696,1.052661,0.140313,0.0,0.4,11,9,"FAIR-ready input scaffold, not a FAIR run; species-level non-CO2 and aerosol emissions remain missing."
aether_half_2046_zero_2060__mitigation_with_aerosol_cleanup,aether_half_2046_zero_2060,AETHER plus delayed zero,mitigation_with_aerosol_cleanup,Mitigation with aerosol cleanup,2100,0.0,5.347813,5.133901,-5.133901,350.0,1.305821,0.45,-0.05,1.705821,1.198429,1.054049,0.138733,0.0,0.4,11,9,"FAIR-ready input scaffold, not a FAIR run; species-level non-CO2 and aerosol emissions remain missing."
aether_half_2046_zero_2060__nonco2_delay_aerosol_unmasking,aether_half_2046_zero_2060,AETHER plus delayed zero,nonco2_delay_aerosol_unmasking,Delayed non-CO2 mitigation plus aerosol unmasking,2026,42.2,0.0,0.0,42.2,433.940256,2.524677,1.2,-0.7,3.024677,1.613376,0.772719,0.795947,0.0,0.4,11,9,"FAIR-ready input scaffold, not a FAIR run; species-level non-CO2 and aerosol emissions remain missing."
aether_half_2046_zero_2060__nonco2_delay_aerosol_unmasking,aether_half_2046_zero_2060,AETHER plus delayed zero,nonco2_delay_aerosol_unmasking,Delayed non-CO2 mitigation plus aerosol unmasking,2027,41.145,5.0,4.8,36.345,438.245636,2.580654,1.197917,-0.677083,3.101487,1.629154,0.780705,0.798624,0.0,0.4,11,9,"FAIR-ready input scaffold, not a FAIR run; species-level non-CO2 and aerosol emissions remain missing."
aether_half_2046_zero_2060__nonco2_delay_aerosol_unmasking,aether_half_2046_zero_2060,AETHER plus delayed zero,nonco2_delay_aerosol_unmasking,Delayed non-CO2 mitigation plus aerosol unmasking,2028,40.09,10.0,9.6,30.49,441.560663,2.62338,1.195833,-0.654167,3.165047,1.64789,0.788766,0.806027,0.0,0.4,11,9,"FAIR-ready input scaffold, not a FAIR run; species-level non-CO2 and aerosol emissions remain missing."
aether_half_2046_zero_2060__nonco2_delay_aerosol_unmasking,aether_half_2046_zero_2060,AETHER plus delayed zero,nonco2_delay_aerosol_unmasking,Delayed non-CO2 mitigation plus aerosol unmasking,2029,39.035,15.0,14.4,24.635,443.977438,2.654328,1.19375,-0.63125,3.216828,1.66805,0.796927,0.816168,0.0,0.4,11,9,"FAIR-ready input scaffold, not a FAIR run; species-level non-CO2 and aerosol emissions remain missing."
aether_half_2046_zero_2060__nonco2_delay_aerosol_unmasking,aether_half_2046_zero_2060,AETHER plus delayed zero,nonco2_delay_aerosol_unmasking,Delayed non-CO2 mitigation plus aerosol unmasking,2030,37.98,20.0,19.2,18.78,445.570256,2.674632,1.191667,-0.608333,3.257966,1.688488,0.805203,0.827567,0.0,0.4,11,9,"FAIR-ready input scaffold, not a FAIR run; species-level non-CO2 and aerosol emissions remain missing."
aether_half_2046_zero_2060__nonco2_delay_aerosol_unmasking,aether_half_2046_zero_2060,AETHER plus delayed zero,nonco2_delay_aerosol_unmasking,Delayed non-CO2 mitigation plus aerosol unmasking,2031,36.925,25.0,24.0,12.925,446.399264,2.685172,1.189583,-0.585417,3.289338,1.708346,0.813594,0.839121,0.0,0.4,11,9,"FAIR-ready input scaffold, not a FAIR run; species-level non-CO2 and aerosol emissions remain missing."
aether_half_2046_zero_2060__nonco2_delay_aerosol_unmasking,aether_half_2046_zero_2060,AETHER plus delayed zero,nonco2_delay_aerosol_unmasking,Delayed non-CO2 mitigation plus aerosol unmasking,2032,35.87,30.0,28.8,7.07,446.513363,2.686621,1.1875,-0.5625,3.311621,1.726986,0.822094,0.850015,0.0,0.4,11,9,"FAIR-ready input scaffold, not a FAIR run; species-level non-CO2 and aerosol emissions remain missing."
aether_half_2046_zero_2060__nonco2_delay_aerosol_unmasking,aether_half_2046_zero_2060,AETHER plus delayed zero,nonco2_delay_aerosol_unmasking,Delayed non-CO2 mitigation plus aerosol unmasking,2033,34.815,35.0,33.6,1.215,445.952508,2.679494,1.185417,-0.539583,3.325328,1.74393,0.830691,0.859647,0.0,0.4,11,9,"FAIR-ready input scaffold, not a FAIR run; species-level non-CO2 and aerosol emissions remain missing."
aether_half_2046_zero_2060__nonco2_delay_aerosol_unmasking,aether_half_2046_zero_2060,AETHER plus delayed zero,nonco2_delay_aerosol_unmasking,Delayed non-CO2 mitigation plus aerosol unmasking,2034,33.76,40.0,38.4,-4.64,444.749534,2.664179,1.183333,-0.516667,3.330846,1.758823,0.839367,0.867577,0.0,0.4,11,9,"FAIR-ready input scaffold, not a FAIR run; species-level non-CO2 and aerosol emissions remain missing."
aether_half_2046_zero_2060__nonco2_delay_aerosol_unmasking,aether_half_2046_zero_2060,AETHER plus delayed zero,nonco2_delay_aerosol_unmasking,Delayed non-CO2 mitigation plus aerosol unmasking,2035,32.705,45.0,43.2,-10.495,442.9316,2.640956,1.18125,-0.49375,3.328456,1.771399,0.848101,0.873484,0.0,0.4,11,9,"FAIR-ready input scaffold, not a FAIR run; species-level non-CO2 and aerosol emissions remain missing."
aether_half_2046_zero_2060__nonco2_delay_aerosol_unmasking,aether_half_2046_zero_2060,AETHER plus delayed zero,nonco2_delay_aerosol_unmasking,Delayed non-CO2 mitigation plus aerosol unmasking,2036,31.65,50.0,48.0,-16.35,440.521341,2.610019,1.179167,-0.470833,3.318353,1.781457,0.856873,0.877133,0.0,0.4,11,9,"FAIR-ready input scaffold, not a FAIR run; species-level non-CO2 and aerosol emissions remain missing."
aether_half_2046_zero_2060__nonco2_delay_aerosol_unmasking,aether_half_2046_zero_2060,AETHER plus delayed zero,nonco2_delay_aerosol_unmasking,Delayed non-CO2 mitigation plus aerosol unmasking,2037,30.595,55.0,52.8,-22.205,437.537777,2.571488,1.177083,-0.447917,3.300655,1.788839,0.865656,0.878355,0.0,0.4,11,9,"FAIR-ready input scaffold, not a FAIR run; species-level non-CO2 and aerosol emissions remain missing."
aether_half_2046_zero_2060__nonco2_delay_aerosol_unmasking,aether_half_2046_zero_2060,AETHER plus delayed zero,nonco2_delay_aerosol_unmasking,Delayed non-CO2 mitigation plus aerosol unmasking,2038,29.54,60.0,57.6,-28.06,433.997033,2.525419,1.175,-0.425,3.275419,1.793424,0.874426,0.877024,0.0,0.4,11,9,"FAIR-ready input scaffold, not a FAIR run; species-level non-CO2 and aerosol emissions remain missing."
aether_half_2046_zero_2060__nonco2_delay_aerosol_unmasking,aether_half_2046_zero_2060,AETHER plus delayed zero,nonco2_delay_aerosol_unmasking,Delayed non-CO2 mitigation plus aerosol unmasking,2039,28.485,65.0,62.4,-33.915,429.912917,2.471811,1.172917,-0.402083,3.242644,1.795108,0.883157,0.873048,0.0,0.4,11,9,"FAIR-ready input scaffold, not a FAIR run; species-level non-CO2 and aerosol emissions remain missing."
aether_half_2046_zero_2060__nonco2_delay_aerosol_unmasking,aether_half_2046_zero_2060,AETHER plus delayed zero,nonco2_delay_aerosol_unmasking,Delayed non-CO2 mitigation plus aerosol unmasking,2040,27.43,70.0,67.2,-39.77,425.297373,2.410611,1.170833,-0.379167,3.202278,1.793803,0.89182,0.866354,0.0,0.4,11,9,"FAIR-ready input scaffold, not a FAIR run; species-level non-CO2 and aerosol emissions remain missing."
aether_half_2046_zero_2060__nonco2_delay_aerosol_unmasking,aether_half_2046_zero_2060,AETHER plus delayed zero,nonco2_delay_aerosol_unmasking,Delayed non-CO2 mitigation plus aerosol unmasking,2041,26.375,75.0,72.0,-45.625,420.16084,2.341717,1.16875,-0.35625,3.154217,1.789424,0.900389,0.856883,0.0,0.4,11,9,"FAIR-ready input scaffold, not a FAIR run; species-level non-CO2 and aerosol emissions remain missing."
aether_half_2046_zero_2060__nonco2_delay_aerosol_unmasking,aether_half_2046_zero_2060,AETHER plus delayed zero,nonco2_delay_aerosol_unmasking,Delayed non-CO2 mitigation plus aerosol unmasking,2042,25.32,80.0,76.8,-51.48,414.512545,2.26498,1.166667,-0.333333,3.098314,1.781889,0.908835,0.844583,0.0,0.4,11,9,"FAIR-ready input scaffold, not a FAIR run; species-level non-CO2 and aerosol emissions remain missing."
aether_half_2046_zero_2060__nonco2_delay_aerosol_unmasking,aether_half_2046_zero_2060,AETHER plus delayed zero,nonco2_delay_aerosol_unmasking,Delayed non-CO2 mitigation plus aerosol unmasking,2043,24.265,85.0,81.6,-57.335,408.360728,2.180204,1.164583,-0.310417,3.034371,1.771114,0.917129,0.829401,0.0,0.4,11,9,"FAIR-ready input scaffold, not a FAIR run; species-level non-CO2 and aerosol emissions remain missing."
aether_half_2046_zero_2060__nonco2_delay_aerosol_unmasking,aether_half_2046_zero_2060,AETHER plus delayed zero,nonco2_delay_aerosol_unmasking,Delayed non-CO2 mitigation plus aerosol unmasking,2044,23.21,90.0,86.4,-63.19,401.712822,2.087143,1.1625,-0.2875,2.962143,1.757005,0.925242,0.811285,0.0,0.4,11,9,"FAIR-ready input scaffold, not a FAIR run; species-level non-CO2 and aerosol emissions remain missing."
aether_half_2046_zero_2060__nonco2_delay_aerosol_unmasking,aether_half_2046_zero_2060,AETHER plus delayed zero,nonco2_delay_aerosol_unmasking,Delayed non-CO2 mitigation plus aerosol unmasking,2045,22.155,95.0,91.2,-69.045,394.575601,1.985502,1.160417,-0.264583,2.881336,1.739462,0.933144,0.790175,0.0,0.4,11,9,"FAIR-ready input scaffold, not a FAIR run; species-level non-CO2 and aerosol emissions remain missing."
aether_half_2046_zero_2060__nonco2_delay_aerosol_unmasking,aether_half_2046_zero_2060,AETHER plus delayed zero,nonco2_delay_aerosol_unmasking,Delayed non-CO2 mitigation plus aerosol unmasking,2046,21.1,100.0,96.0,-74.9,386.955293,1.874932,1.158333,-0.241667,2.791599,1.718371,0.940804,0.766003,0.0,0.4,11,9,"FAIR-ready input scaffold, not a FAIR run; species-level non-CO2 and aerosol emissions remain missing."
aether_half_2046_zero_2060__nonco2_delay_aerosol_unmasking,aether_half_2046_zero_2060,AETHER plus delayed zero,nonco2_delay_aerosol_unmasking,Delayed non-CO2 mitigation plus aerosol unmasking,2047,19.592857,100.0,96.0,-76.407143,379.415093,1.76336,1.15625,-0.21875,2.70086,1.694296,0.948191,0.738689,0.0,0.4,11,9,"FAIR-ready input scaffold, not a FAIR run; species-level non-CO2 and aerosol emissions remain missing."
aether_half_2046_zero_2060__nonco2_delay_aerosol_unmasking,aether_half_2046_zero_2060,AETHER plus delayed zero,nonco2_delay_aerosol_unmasking,Delayed non-CO2 mitigation plus aerosol unmasking,2048,18.085714,100.0,96.0,-77.914286,371.923897,1.650296,1.154167,-0.195833,2.608629,1.667655,0.955279,0.7088,0.0,0.4,11,9,"FAIR-ready input scaffold, not a FAIR run; species-level non-CO2 and aerosol emissions remain missing."
aether_half_2046_zero_2060__nonco2_delay_aerosol_unmasking,aether_half_2046_zero_2060,AETHER plus delayed zero,nonco2_delay_aerosol_unmasking,Delayed non-CO2 mitigation plus aerosol unmasking,2049,16.578571,100.0,96.0,-79.421429,364.45702,1.535309,1.152083,-0.172917,2.514475,1.638745,0.962046,0.676757,0.0,0.4,11,9,"FAIR-ready input scaffold, not a FAIR run; species-level non-CO2 and aerosol emissions remain missing."
aether_half_2046_zero_2060__nonco2_delay_aerosol_unmasking,aether_half_2046_zero_2060,AETHER plus delayed zero,nonco2_delay_aerosol_unmasking,Delayed non-CO2 mitigation plus aerosol unmasking,2050,15.071429,100.0,96.0,-80.928571,356.994861,1.418016,1.15,-0.15,2.418016,1.607778,0.968475,0.642864,0.0,0.4,11,9,"FAIR-ready input scaffold, not a FAIR run; species-level non-CO2 and aerosol emissions remain missing."
aether_half_2046_zero_2060__nonco2_delay_aerosol_unmasking,aether_half_2046_zero_2060,AETHER plus delayed zero,nonco2_delay_aerosol_unmasking,Delayed non-CO2 mitigation plus aerosol unmasking,2051,13.564286,96.115048,92.270446,-78.70616,350.0,1.305821,1.148,-0.148,2.305821,1.573803,0.974548,0.607338,0.0,0.4,11,9,"FAIR-ready input scaffold, not a FAIR run; species-level non-CO2 and aerosol emissions remain missing."
aether_half_2046_zero_2060__nonco2_delay_aerosol_unmasking,aether_half_2046_zero_2060,AETHER plus delayed zero,nonco2_delay_aerosol_unmasking,Delayed non-CO2 mitigation plus aerosol unmasking,2052,12.057143,38.838772,37.285221,-25.228078,350.0,1.305821,1.146,-0.146,2.305821,1.546707,0.980241,0.569292,0.0,0.4,11,9,"FAIR-ready input scaffold, not a FAIR run; species-level non-CO2 and aerosol emissions remain missing."
aether_half_2046_zero_2060__nonco2_delay_aerosol_unmasking,aether_half_2046_zero_2060,AETHER plus delayed zero,nonco2_delay_aerosol_unmasking,Delayed non-CO2 mitigation plus aerosol unmasking,2053,10.55,34.612636,33.22813,-22.67813,350.0,1.305821,1.144,-0.144,2.305821,1.525165,0.985623,0.538142,0.0,0.4,11,9,"FAIR-ready input scaffold, not a FAIR run; species-level non-CO2 and aerosol emissions remain missing."
aether_half_2046_zero_2060__nonco2_delay_aerosol_unmasking,aether_half_2046_zero_2060,AETHER plus delayed zero,nonco2_delay_aerosol_unmasking,Delayed non-CO2 mitigation plus aerosol unmasking,2054,9.042857,30.775705,29.544677,-20.501819,350.0,1.305821,1.142,-0.142,2.305821,1.508105,0.990748,0.512565,0.0,0.4,11,9,"FAIR-ready input scaffold, not a FAIR run; species-level non-CO2 and aerosol emissions remain missing."
aether_half_2046_zero_2060__nonco2_delay_aerosol_unmasking,aether_half_2046_zero_2060,AETHER plus delayed zero,nonco2_delay_aerosol_unmasking,Delayed non-CO2 mitigation plus aerosol unmasking,2055,7.535714,27.268544,26.177803,-18.642088,350.0,1.305821,1.14,-0.14,2.305821,1.494665,0.995663,0.491489,0.0,0.4,11,9,"FAIR-ready input scaffold, not a FAIR run; species-level non-CO2 and aerosol emissions remain missing."
aether_half_2046_zero_2060__nonco2_delay_aerosol_unmasking,aether_half_2046_zero_2060,AETHER plus delayed zero,nonco2_delay_aerosol_unmasking,Delayed non-CO2 mitigation plus aerosol unmasking,2056,6.028571,24.040836,23.079203,-17.050631,350.0,1.305821,1.138,-0.138,2.305821,1.484145,1.000404,0.474052,0.0,0.4,11,9,"FAIR-ready input scaffold, not a FAIR run; species-level non-CO2 and aerosol emissions remain missing."
aether_half_2046_zero_2060__nonco2_delay_aerosol_unmasking,aether_half_2046_zero_2060,AETHER plus delayed zero,nonco2_delay_aerosol_unmasking,Delayed non-CO2 mitigation plus aerosol unmasking,2057,4.521429,21.049981,20.207982,-15.686553,350.0,1.305821,1.136,-0.136,2.305821,1.475981,1.004999,0.459554,0.0,0.4,11,9,"FAIR-ready input scaffold, not a FAIR run; species-level non-CO2 and aerosol emissions remain missing."
aether_half_2046_zero_2060__nonco2_delay_aerosol_unmasking,aether_half_2046_zero_2060,AETHER plus delayed zero,nonco2_delay_aerosol_unmasking,Delayed non-CO2 mitigation plus aerosol unmasking,2058,3.014286,18.259913,17.529517,-14.515231,350.0,1.305821,1.134,-0.134,2.305821,1.469719,1.009474,0.447433,0.0,0.4,11,9,"FAIR-ready input scaffold, not a FAIR run; species-level non-CO2 and aerosol emissions remain missing."
aether_half_2046_zero_2060__nonco2_delay_aerosol_unmasking,aether_half_2046_zero_2060,AETHER plus delayed zero,nonco2_delay_aerosol_unmasking,Delayed non-CO2 mitigation plus aerosol unmasking,2059,1.507143,15.640097,15.014493,-13.507351,350.0,1.305821,1.132,-0.132,2.305821,1.46499,1.013846,0.437233,0.0,0.4,11,9,"FAIR-ready input scaffold, not a FAIR run; species-level non-CO2 and aerosol emissions remain missing."
aether_half_2046_zero_2060__nonco2_delay_aerosol_unmasking,aether_half_2046_zero_2060,AETHER plus delayed zero,nonco2_delay_aerosol_unmasking,Delayed non-CO2 mitigation plus aerosol unmasking,2060,0.0,13.16468,12.638093,-12.638093,350.0,1.305821,1.13,-0.13,2.305821,1.461498,1.018132,0.428587,0.0,0.4,11,9,"FAIR-ready input scaffold, not a FAIR run; species-level non-CO2 and aerosol emissions remain missing."
aether_half_2046_zero_2060__nonco2_delay_aerosol_unmasking,aether_half_2046_zero_2060,AETHER plus delayed zero,nonco2_delay_aerosol_unmasking,Delayed non-CO2 mitigation plus aerosol unmasking,2061,0.0,12.381714,11.886445,-11.886445,350.0,1.305821,1.128,-0.128,2.305821,1.459003,1.022344,0.421198,0.0,0.4,11,9,"FAIR-ready input scaffold, not a FAIR run; species-level non-CO2 and aerosol emissions remain missing."
aether_half_2046_zero_2060__nonco2_delay_aerosol_unmasking,aether_half_2046_zero_2060,AETHER plus delayed zero,nonco2_delay_aerosol_unmasking,Delayed non-CO2 mitigation plus aerosol unmasking,2062,0.0,11.702722,11.234613,-11.234613,350.0,1.305821,1.126,-0.126,2.305821,1.457312,1.026492,0.414827,0.0,0.4,11,9,"FAIR-ready input scaffold, not a FAIR run; species-level non-CO2 and aerosol emissions remain missing."
aether_half_2046_zero_2060__nonco2_delay_aerosol_unmasking,aether_half_2046_zero_2060,AETHER plus delayed zero,nonco2_delay_aerosol_unmasking,Delayed non-CO2 mitigation plus aerosol unmasking,2063,0.0,11.112012,10.667532,-10.667532,350.0,1.305821,1.124,-0.124,2.305821,1.456267,1.030585,0.409279,0.0,0.4,11,9,"FAIR-ready input scaffold, not a FAIR run; species-level non-CO2 and aerosol emissions remain missing."
aether_half_2046_zero_2060__nonco2_delay_aerosol_unmasking,aether_half_2046_zero_2060,AETHER plus delayed zero,nonco2_delay_aerosol_unmasking,Delayed non-CO2 mitigation plus aerosol unmasking,2064,0.0,10.596294,10.172442,-10.172442,350.0,1.305821,1.122,-0.122,2.305821,1.455743,1.034629,0.404398,0.0,0.4,11,9,"FAIR-ready input scaffold, not a FAIR run; species-level non-CO2 and aerosol emissions remain missing."
aether_half_2046_zero_2060__nonco2_delay_aerosol_unmasking,aether_half_2046_zero_2060,AETHER plus delayed zero,nonco2_delay_aerosol_unmasking,Delayed non-CO2 mitigation plus aerosol unmasking,2065,0.0,10.144313,9.73854,-9.73854,350.0,1.305821,1.12,-0.12,2.305821,1.455638,1.038629,0.400059,0.0,0.4,11,9,"FAIR-ready input scaffold, not a FAIR run; species-level non-CO2 and aerosol emissions remain missing."
aether_half_2046_zero_2060__nonco2_delay_aerosol_unmasking,aether_half_2046_zero_2060,AETHER plus delayed zero,nonco2_delay_aerosol_unmasking,Delayed non-CO2 mitigation plus aerosol unmasking,2066,0.0,9.746539,9.356677,-9.356677,350.0,1.305821,1.118,-0.118,2.305821,1.45587,1.042591,0.396158,0.0,0.4,11,9,"FAIR-ready input scaffold, not a FAIR run; species-level non-CO2 and aerosol emissions remain missing."
aether_half_2046_zero_2060__nonco2_delay_aerosol_unmasking,aether_half_2046_zero_2060,AETHER plus delayed zero,nonco2_delay_aerosol_unmasking,Delayed non-CO2 mitigation plus aerosol unmasking,2067,0.0,9.394899,9.019103,-9.019103,350.0,1.305821,1.116,-0.116,2.305821,1.456371,1.046517,0.392615,0.0,0.4,11,9,"FAIR-ready input scaffold, not a FAIR run; species-level non-CO2 and aerosol emissions remain missing."
aether_half_2046_zero_2060__nonco2_delay_aerosol_unmasking,aether_half_2046_zero_2060,AETHER plus delayed zero,nonco2_delay_aerosol_unmasking,Delayed non-CO2 mitigation plus aerosol unmasking,2068,0.0,9.082557,8.719254,-8.719254,350.0,1.305821,1.114,-0.114,2.305821,1.457089,1.050411,0.389361,0.0,0.4,11,9,"FAIR-ready input scaffold, not a FAIR run; species-level non-CO2 and aerosol emissions remain missing."
aether_half_2046_zero_2060__nonco2_delay_aerosol_unmasking,aether_half_2046_zero_2060,AETHER plus delayed zero,nonco2_delay_aerosol_unmasking,Delayed non-CO2 mitigation plus aerosol unmasking,2069,0.0,8.803719,8.45157,-8.45157,350.0,1.305821,1.112,-0.112,2.305821,1.45798,1.054274,0.386344,0.0,0.4,11,9,"FAIR-ready input scaffold, not a FAIR run; species-level non-CO2 and aerosol emissions remain missing."
aether_half_2046_zero_2060__nonco2_delay_aerosol_unmasking,aether_half_2046_zero_2060,AETHER plus delayed zero,nonco2_delay_aerosol_unmasking,Delayed non-CO2 mitigation plus aerosol unmasking,2070,0.0,8.553479,8.21134,-8.21134,350.0,1.305821,1.11,-0.11,2.305821,1.459009,1.058109,0.38352,0.0,0.4,11,9,"FAIR-ready input scaffold, not a FAIR run; species-level non-CO2 and aerosol emissions remain missing."
aether_half_2046_zero_2060__nonco2_delay_aerosol_unmasking,aether_half_2046_zero_2060,AETHER plus delayed zero,nonco2_delay_aerosol_unmasking,Delayed non-CO2 mitigation plus aerosol unmasking,2071,0.0,8.327679,7.994572,-7.994572,350.0,1.305821,1.108,-0.108,2.305821,1.460147,1.061918,0.380854,0.0,0.4,11,9,"FAIR-ready input scaffold, not a FAIR run; species-level non-CO2 and aerosol emissions remain missing."
aether_half_2046_zero_2060__nonco2_delay_aerosol_unmasking,aether_half_2046_zero_2060,AETHER plus delayed zero,nonco2_delay_aerosol_unmasking,Delayed non-CO2 mitigation plus aerosol unmasking,2072,0.0,8.122796,7.797884,-7.797884,350.0,1.305821,1.106,-0.106,2.305821,1.461373,1.065701,0.378318,0.0,0.4,11,9,"FAIR-ready input scaffold, not a FAIR run; species-level non-CO2 and aerosol emissions remain missing."
aether_half_2046_zero_2060__nonco2_delay_aerosol_unmasking,aether_half_2046_zero_2060,AETHER plus delayed zero,nonco2_delay_aerosol_unmasking,Delayed non-CO2 mitigation plus aerosol unmasking,2073,0.0,7.935843,7.61841,-7.61841,350.0,1.305821,1.104,-0.104,2.305821,1.462668,1.06946,0.375889,0.0,0.4,11,9,"FAIR-ready input scaffold, not a FAIR run; species-level non-CO2 and aerosol emissions remain missing."
aether_half_2046_zero_2060__nonco2_delay_aerosol_unmasking,aether_half_2046_zero_2060,AETHER plus delayed zero,nonco2_delay_aerosol_unmasking,Delayed non-CO2 mitigation plus aerosol unmasking,2074,0.0,7.764289,7.453718,-7.453718,350.0,1.305821,1.102,-0.102,2.305821,1.464016,1.073195,0.373547,0.0,0.4,11,9,"FAIR-ready input scaffold, not a FAIR run; species-level non-CO2 and aerosol emissions remain missing."
aether_half_2046_zero_2060__nonco2_delay_aerosol_unmasking,aether_half_2046_zero_2060,AETHER plus delayed zero,nonco2_delay_aerosol_unmasking,Delayed non-CO2 mitigation plus aerosol unmasking,2075,0.0,7.605986,7.301747,-7.301747,350.0,1.305821,1.1,-0.1,2.305821,1.465406,1.076908,0.37128,0.0,0.4,11,9,"FAIR-ready input scaffold, not a FAIR run; species-level non-CO2 and aerosol emissions remain missing."
aether_half_2046_zero_2060__nonco2_delay_aerosol_unmasking,aether_half_2046_zero_2060,AETHER plus delayed zero,nonco2_delay_aerosol_unmasking,Delayed non-CO2 mitigation plus aerosol unmasking,2076,0.0,7.459114,7.16075,-7.16075,350.0,1.305821,1.098,-0.098,2.305821,1.466828,1.080599,0.369073,0.0,0.4,11,9,"FAIR-ready input scaffold, not a FAIR run; species-level non-CO2 and aerosol emissions remain missing."
aether_half_2046_zero_2060__nonco2_delay_aerosol_unmasking,aether_half_2046_zero_2060,AETHER plus delayed zero,nonco2_delay_aerosol_unmasking,Delayed non-CO2 mitigation plus aerosol unmasking,2077,0.0,7.322128,7.029243,-7.029243,350.0,1.305821,1.096,-0.096,2.305821,1.468275,1.084268,0.366918,0.0,0.4,11,9,"FAIR-ready input scaffold, not a FAIR run; species-level non-CO2 and aerosol emissions remain missing."
aether_half_2046_zero_2060__nonco2_delay_aerosol_unmasking,aether_half_2046_zero_2060,AETHER plus delayed zero,nonco2_delay_aerosol_unmasking,Delayed non-CO2 mitigation plus aerosol unmasking,2078,0.0,7.193715,6.905967,-6.905967,350.0,1.305821,1.094,-0.094,2.305821,1.469739,1.087916,0.364806,0.0,0.4,11,9,"FAIR-ready input scaffold, not a FAIR run; species-level non-CO2 and aerosol emissions remain missing."
aether_half_2046_zero_2060__nonco2_delay_aerosol_unmasking,aether_half_2046_zero_2060,AETHER plus delayed zero,nonco2_delay_aerosol_unmasking,Delayed non-CO2 mitigation plus aerosol unmasking,2079,0.0,7.072764,6.789853,-6.789853,350.0,1.305821,1.092,-0.092,2.305821,1.471217,1.091544,0.362732,0.0,0.4,11,9,"FAIR-ready input scaffold, not a FAIR run; species-level non-CO2 and aerosol emissions remain missing."
aether_half_2046_zero_2060__nonco2_delay_aerosol_unmasking,aether_half_2046_zero_2060,AETHER plus delayed zero,nonco2_delay_aerosol_unmasking,Delayed non-CO2 mitigation plus aerosol unmasking,2080,0.0,6.958327,6.679994,-6.679994,350.0,1.305821,1.09,-0.09,2.305821,1.472703,1.09515,0.36069,0.0,0.4,11,9,"FAIR-ready input scaffold, not a FAIR run; species-level non-CO2 and aerosol emissions remain missing."
aether_half_2046_zero_2060__nonco2_delay_aerosol_unmasking,aether_half_2046_zero_2060,AETHER plus delayed zero,nonco2_delay_aerosol_unmasking,Delayed non-CO2 mitigation plus aerosol unmasking,2081,0.0,6.849601,6.575617,-6.575617,350.0,1.305821,1.088,-0.088,2.305821,1.474195,1.098737,0.358675,0.0,0.4,11,9,"FAIR-ready input scaffold, not a FAIR run; species-level non-CO2 and aerosol emissions remain missing."
aether_half_2046_zero_2060__nonco2_delay_aerosol_unmasking,aether_half_2046_zero_2060,AETHER plus delayed zero,nonco2_delay_aerosol_unmasking,Delayed non-CO2 mitigation plus aerosol unmasking,2082,0.0,6.745902,6.476066,-6.476066,350.0,1.305821,1.086,-0.086,2.305821,1.47569,1.102304,0.356685,0.0,0.4,11,9,"FAIR-ready input scaffold, not a FAIR run; species-level non-CO2 and aerosol emissions remain missing."
aether_half_2046_zero_2060__nonco2_delay_aerosol_unmasking,aether_half_2046_zero_2060,AETHER plus delayed zero,nonco2_delay_aerosol_unmasking,Delayed non-CO2 mitigation plus aerosol unmasking,2083,0.0,6.646647,6.380781,-6.380781,350.0,1.305821,1.084,-0.084,2.305821,1.477186,1.105851,0.354717,0.0,0.4,11,9,"FAIR-ready input scaffold, not a FAIR run; species-level non-CO2 and aerosol emissions remain missing."
aether_half_2046_zero_2060__nonco2_delay_aerosol_unmasking,aether_half_2046_zero_2060,AETHER plus delayed zero,nonco2_delay_aerosol_unmasking,Delayed non-CO2 mitigation plus aerosol unmasking,2084,0.0,6.551341,6.289287,-6.289287,350.0,1.305821,1.082,-0.082,2.305821,1.478681,1.109379,0.352768,0.0,0.4,11,9,"FAIR-ready input scaffold, not a FAIR run; species-level non-CO2 and aerosol emissions remain missing."
aether_half_2046_zero_2060__nonco2_delay_aerosol_unmasking,aether_half_2046_zero_2060,AETHER plus delayed zero,nonco2_delay_aerosol_unmasking,Delayed non-CO2 mitigation plus aerosol unmasking,2085,0.0,6.459561,6.201178,-6.201178,350.0,1.305821,1.08,-0.08,2.305821,1.480174,1.112887,0.350837,0.0,0.4,11,9,"FAIR-ready input scaffold, not a FAIR run; species-level non-CO2 and aerosol emissions remain missing."
aether_half_2046_zero_2060__nonco2_delay_aerosol_unmasking,aether_half_2046_zero_2060,AETHER plus delayed zero,nonco2_delay_aerosol_unmasking,Delayed non-CO2 mitigation plus aerosol unmasking,2086,0.0,6.370945,6.116107,-6.116107,350.0,1.305821,1.078,-0.078,2.305821,1.481663,1.116376,0.348922,0.0,0.4,11,9,"FAIR-ready input scaffold, not a FAIR run; species-level non-CO2 and aerosol emissions remain missing."
aether_half_2046_zero_2060__nonco2_delay_aerosol_unmasking,aether_half_2046_zero_2060,AETHER plus delayed zero,nonco2_delay_aerosol_unmasking,Delayed non-CO2 mitigation plus aerosol unmasking,2087,0.0,6.285185,6.033778,-6.033778,350.0,1.305821,1.076,-0.076,2.305821,1.483148,1.119847,0.347022,0.0,0.4,11,9,"FAIR-ready input scaffold, not a FAIR run; species-level non-CO2 and aerosol emissions remain missing."
aether_half_2046_zero_2060__nonco2_delay_aerosol_unmasking,aether_half_2046_zero_2060,AETHER plus delayed zero,nonco2_delay_aerosol_unmasking,Delayed non-CO2 mitigation plus aerosol unmasking,2088,0.0,6.202017,5.953936,-5.953936,350.0,1.305821,1.074,-0.074,2.305821,1.484628,1.123298,0.345136,0.0,0.4,11,9,"FAIR-ready input scaffold, not a FAIR run; species-level non-CO2 and aerosol emissions remain missing."
aether_half_2046_zero_2060__nonco2_delay_aerosol_unmasking,aether_half_2046_zero_2060,AETHER plus delayed zero,nonco2_delay_aerosol_unmasking,Delayed non-CO2 mitigation plus aerosol unmasking,2089,0.0,6.121214,5.876365,-5.876365,350.0,1.305821,1.072,-0.072,2.305821,1.486103,1.126731,0.343264,0.0,0.4,11,9,"FAIR-ready input scaffold, not a FAIR run; species-level non-CO2 and aerosol emissions remain missing."
aether_half_2046_zero_2060__nonco2_delay_aerosol_unmasking,aether_half_2046_zero_2060,AETHER plus delayed zero,nonco2_delay_aerosol_unmasking,Delayed non-CO2 mitigation plus aerosol unmasking,2090,0.0,6.042581,5.800878,-5.800878,350.0,1.305821,1.07,-0.07,2.305821,1.487571,1.130145,0.341403,0.0,0.4,11,9,"FAIR-ready input scaffold, not a FAIR run; species-level non-CO2 and aerosol emissions remain missing."
aether_half_2046_zero_2060__nonco2_delay_aerosol_unmasking,aether_half_2046_zero_2060,AETHER plus delayed zero,nonco2_delay_aerosol_unmasking,Delayed non-CO2 mitigation plus aerosol unmasking,2091,0.0,5.965952,5.727314,-5.727314,350.0,1.305821,1.068,-0.068,2.305821,1.489034,1.13354,0.339555,0.0,0.4,11,9,"FAIR-ready input scaffold, not a FAIR run; species-level non-CO2 and aerosol emissions remain missing."
aether_half_2046_zero_2060__nonco2_delay_aerosol_unmasking,aether_half_2046_zero_2060,AETHER plus delayed zero,nonco2_delay_aerosol_unmasking,Delayed non-CO2 mitigation plus aerosol unmasking,2092,0.0,5.891181,5.655533,-5.655533,350.0,1.305821,1.066,-0.066,2.305821,1.490489,1.136917,0.337719,0.0,0.4,11,9,"FAIR-ready input scaffold, not a FAIR run; species-level non-CO2 and aerosol emissions remain missing."
aether_half_2046_zero_2060__nonco2_delay_aerosol_unmasking,aether_half_2046_zero_2060,AETHER plus delayed zero,nonco2_delay_aerosol_unmasking,Delayed non-CO2 mitigation plus aerosol unmasking,2093,0.0,5.818143,5.585417,-5.585417,350.0,1.305821,1.064,-0.064,2.305821,1.491938,1.140276,0.335893,0.0,0.4,11,9,"FAIR-ready input scaffold, not a FAIR run; species-level non-CO2 and aerosol emissions remain missing."
aether_half_2046_zero_2060__nonco2_delay_aerosol_unmasking,aether_half_2046_zero_2060,AETHER plus delayed zero,nonco2_delay_aerosol_unmasking,Delayed non-CO2 mitigation plus aerosol unmasking,2094,0.0,5.746729,5.51686,-5.51686,350.0,1.305821,1.062,-0.062,2.305821,1.49338,1.143617,0.334079,0.0,0.4,11,9,"FAIR-ready input scaffold, not a FAIR run; species-level non-CO2 and aerosol emissions remain missing."
aether_half_2046_zero_2060__nonco2_delay_aerosol_unmasking,aether_half_2046_zero_2060,AETHER plus delayed zero,nonco2_delay_aerosol_unmasking,Delayed non-CO2 mitigation plus aerosol unmasking,2095,0.0,5.676846,5.449772,-5.449772,350.0,1.305821,1.06,-0.06,2.305821,1.494815,1.14694,0.332275,0.0,0.4,11,9,"FAIR-ready input scaffold, not a FAIR run; species-level non-CO2 and aerosol emissions remain missing."
aether_half_2046_zero_2060__nonco2_delay_aerosol_unmasking,aether_half_2046_zero_2060,AETHER plus delayed zero,nonco2_delay_aerosol_unmasking,Delayed non-CO2 mitigation plus aerosol unmasking,2096,0.0,5.60841,5.384073,-5.384073,350.0,1.305821,1.058,-0.058,2.305821,1.496243,1.150245,0.330481,0.0,0.4,11,9,"FAIR-ready input scaffold, not a FAIR run; species-level non-CO2 and aerosol emissions remain missing."
aether_half_2046_zero_2060__nonco2_delay_aerosol_unmasking,aether_half_2046_zero_2060,AETHER plus delayed zero,nonco2_delay_aerosol_unmasking,Delayed non-CO2 mitigation plus aerosol unmasking,2097,0.0,5.541349,5.319695,-5.319695,350.0,1.305821,1.056,-0.056,2.305821,1.497663,1.153532,0.328698,0.0,0.4,11,9,"FAIR-ready input scaffold, not a FAIR run; species-level non-CO2 and aerosol emissions remain missing."
aether_half_2046_zero_2060__nonco2_delay_aerosol_unmasking,aether_half_2046_zero_2060,AETHER plus delayed zero,nonco2_delay_aerosol_unmasking,Delayed non-CO2 mitigation plus aerosol unmasking,2098,0.0,5.475599,5.256575,-5.256575,350.0,1.305821,1.054,-0.054,2.305821,1.499076,1.156801,0.326925,0.0,0.4,11,9,"FAIR-ready input scaffold, not a FAIR run; species-level non-CO2 and aerosol emissions remain missing."
aether_half_2046_zero_2060__nonco2_delay_aerosol_unmasking,aether_half_2046_zero_2060,AETHER plus delayed zero,nonco2_delay_aerosol_unmasking,Delayed non-CO2 mitigation plus aerosol unmasking,2099,0.0,5.411104,5.19466,-5.19466,350.0,1.305821,1.052,-0.052,2.305821,1.500482,1.160053,0.325162,0.0,0.4,11,9,"FAIR-ready input scaffold, not a FAIR run; species-level non-CO2 and aerosol emissions remain missing."
aether_half_2046_zero_2060__nonco2_delay_aerosol_unmasking,aether_half_2046_zero_2060,AETHER plus delayed zero,nonco2_delay_aerosol_unmasking,Delayed non-CO2 mitigation plus aerosol unmasking,2100,0.0,5.347813,5.133901,-5.133901,350.0,1.305821,1.05,-0.05,2.305821,1.501881,1.163287,0.323408,0.0,0.4,11,9,"FAIR-ready input scaffold, not a FAIR run; species-level non-CO2 and aerosol emissions remain missing."
aether_half_2046_zero_2060__active_full_forcing_management,aether_half_2046_zero_2060,AETHER plus delayed zero,active_full_forcing_management,Active full-forcing management,2026,42.2,0.0,0.0,42.2,433.940256,2.524677,1.2,-0.7,3.024677,1.613376,0.772719,0.795947,0.0,0.4,11,9,"FAIR-ready input scaffold, not a FAIR run; species-level non-CO2 and aerosol emissions remain missing."
aether_half_2046_zero_2060__active_full_forcing_management,aether_half_2046_zero_2060,AETHER plus delayed zero,active_full_forcing_management,Active full-forcing management,2027,41.145,5.0,4.8,36.345,438.245636,2.580654,1.172917,-0.677083,3.076487,1.627071,0.780705,0.798624,0.0,0.4,11,9,"FAIR-ready input scaffold, not a FAIR run; species-level non-CO2 and aerosol emissions remain missing."
aether_half_2046_zero_2060__active_full_forcing_management,aether_half_2046_zero_2060,AETHER plus delayed zero,active_full_forcing_management,Active full-forcing management,2028,40.09,10.0,9.6,30.49,441.560663,2.62338,1.145833,-0.654167,3.115047,1.642032,0.788746,0.804047,0.0,0.4,11,9,"FAIR-ready input scaffold, not a FAIR run; species-level non-CO2 and aerosol emissions remain missing."
aether_half_2046_zero_2060__active_full_forcing_management,aether_half_2046_zero_2060,AETHER plus delayed zero,active_full_forcing_management,Active full-forcing management,2029,39.035,15.0,14.4,24.635,443.977438,2.654328,1.11875,-0.63125,3.141828,1.657044,0.796852,0.810622,0.0,0.4,11,9,"FAIR-ready input scaffold, not a FAIR run; species-level non-CO2 and aerosol emissions remain missing."
aether_half_2046_zero_2060__active_full_forcing_management,aether_half_2046_zero_2060,AETHER plus delayed zero,active_full_forcing_management,Active full-forcing management,2030,37.98,20.0,19.2,18.78,445.570256,2.674632,1.091667,-0.608333,3.157966,1.671216,0.805024,0.817183,0.0,0.4,11,9,"FAIR-ready input scaffold, not a FAIR run; species-level non-CO2 and aerosol emissions remain missing."
aether_half_2046_zero_2060__active_full_forcing_management,aether_half_2046_zero_2060,AETHER plus delayed zero,active_full_forcing_management,Active full-forcing management,2031,36.925,25.0,24.0,12.925,446.399264,2.685172,1.064583,-0.585417,3.164338,1.683896,0.813253,0.822882,0.0,0.4,11,9,"FAIR-ready input scaffold, not a FAIR run; species-level non-CO2 and aerosol emissions remain missing."
aether_half_2046_zero_2060__active_full_forcing_management,aether_half_2046_zero_2060,AETHER plus delayed zero,active_full_forcing_management,Active full-forcing management,2032,35.87,30.0,28.8,7.07,446.513363,2.686621,1.0375,-0.5625,3.161621,1.694613,0.821524,0.827111,0.0,0.4,11,9,"FAIR-ready input scaffold, not a FAIR run; species-level non-CO2 and aerosol emissions remain missing."
aether_half_2046_zero_2060__active_full_forcing_management,aether_half_2046_zero_2060,AETHER plus delayed zero,active_full_forcing_management,Active full-forcing management,2033,34.815,35.0,33.6,1.215,445.952508,2.679494,1.010417,-0.539583,3.150328,1.703026,0.829818,0.829435,0.0,0.4,11,9,"FAIR-ready input scaffold, not a FAIR run; species-level non-CO2 and aerosol emissions remain missing."
aether_half_2046_zero_2060__active_full_forcing_management,aether_half_2046_zero_2060,AETHER plus delayed zero,active_full_forcing_management,Active full-forcing management,2034,33.76,40.0,38.4,-4.64,444.749534,2.664179,0.983333,-0.516667,3.130846,1.708887,0.838114,0.829547,0.0,0.4,11,9,"FAIR-ready input scaffold, not a FAIR run; species-level non-CO2 and aerosol emissions remain missing."
aether_half_2046_zero_2060__active_full_forcing_management,aether_half_2046_zero_2060,AETHER plus delayed zero,active_full_forcing_management,Active full-forcing management,2035,32.705,45.0,43.2,-10.495,442.9316,2.640956,0.95625,-0.49375,3.103456,1.712018,0.846386,0.827235,0.0,0.4,11,9,"FAIR-ready input scaffold, not a FAIR run; species-level non-CO2 and aerosol emissions remain missing."
aether_half_2046_zero_2060__active_full_forcing_management,aether_half_2046_zero_2060,AETHER plus delayed zero,active_full_forcing_management,Active full-forcing management,2036,31.65,50.0,48.0,-16.35,440.521341,2.610019,0.929167,-0.470833,3.068353,1.71229,0.854609,0.822351,0.0,0.4,11,9,"FAIR-ready input scaffold, not a FAIR run; species-level non-CO2 and aerosol emissions remain missing."
aether_half_2046_zero_2060__active_full_forcing_management,aether_half_2046_zero_2060,AETHER plus delayed zero,active_full_forcing_management,Active full-forcing management,2037,30.595,55.0,52.8,-22.205,437.537777,2.571488,0.902083,-0.447917,3.025655,1.709603,0.862757,0.814796,0.0,0.4,11,9,"FAIR-ready input scaffold, not a FAIR run; species-level non-CO2 and aerosol emissions remain missing."
aether_half_2046_zero_2060__active_full_forcing_management,aether_half_2046_zero_2060,AETHER plus delayed zero,active_full_forcing_management,Active full-forcing management,2038,29.54,60.0,57.6,-28.06,433.997033,2.525419,0.875,-0.425,2.975419,1.703881,0.870802,0.804503,0.0,0.4,11,9,"FAIR-ready input scaffold, not a FAIR run; species-level non-CO2 and aerosol emissions remain missing."
aether_half_2046_zero_2060__active_full_forcing_management,aether_half_2046_zero_2060,AETHER plus delayed zero,active_full_forcing_management,Active full-forcing management,2039,28.485,65.0,62.4,-33.915,429.912917,2.471811,0.847917,-0.402083,2.917644,1.695059,0.878717,0.791425,0.0,0.4,11,9,"FAIR-ready input scaffold, not a FAIR run; species-level non-CO2 and aerosol emissions remain missing."
aether_half_2046_zero_2060__active_full_forcing_management,aether_half_2046_zero_2060,AETHER plus delayed zero,active_full_forcing_management,Active full-forcing management,2040,27.43,70.0,67.2,-39.77,425.297373,2.410611,0.820833,-0.379167,2.852278,1.683078,0.886472,0.775525,0.0,0.4,11,9,"FAIR-ready input scaffold, not a FAIR run; species-level non-CO2 and aerosol emissions remain missing."
aether_half_2046_zero_2060__active_full_forcing_management,aether_half_2046_zero_2060,AETHER plus delayed zero,active_full_forcing_management,Active full-forcing management,2041,26.375,75.0,72.0,-45.625,420.16084,2.341717,0.79375,-0.35625,2.779217,1.667879,0.89404,0.756776,0.0,0.4,11,9,"FAIR-ready input scaffold, not a FAIR run; species-level non-CO2 and aerosol emissions remain missing."
aether_half_2046_zero_2060__active_full_forcing_management,aether_half_2046_zero_2060,AETHER plus delayed zero,active_full_forcing_management,Active full-forcing management,2042,25.32,80.0,76.8,-51.48,414.512545,2.26498,0.766667,-0.333333,2.698314,1.649399,0.901391,0.735147,0.0,0.4,11,9,"FAIR-ready input scaffold, not a FAIR run; species-level non-CO2 and aerosol emissions remain missing."
aether_half_2046_zero_2060__active_full_forcing_management,aether_half_2046_zero_2060,AETHER plus delayed zero,active_full_forcing_management,Active full-forcing management,2043,24.265,85.0,81.6,-57.335,408.360728,2.180204,0.739583,-0.310417,2.609371,1.62757,0.908497,0.710608,0.0,0.4,11,9,"FAIR-ready input scaffold, not a FAIR run; species-level non-CO2 and aerosol emissions remain missing."
aether_half_2046_zero_2060__active_full_forcing_management,aether_half_2046_zero_2060,AETHER plus delayed zero,active_full_forcing_management,Active full-forcing management,2044,23.21,90.0,86.4,-63.19,401.712822,2.087143,0.7125,-0.2875,2.512143,1.602312,0.915328,0.683119,0.0,0.4,11,9,"FAIR-ready input scaffold, not a FAIR run; species-level non-CO2 and aerosol emissions remain missing."
aether_half_2046_zero_2060__active_full_forcing_management,aether_half_2046_zero_2060,AETHER plus delayed zero,active_full_forcing_management,Active full-forcing management,2045,22.155,95.0,91.2,-69.045,394.575601,1.985502,0.685417,-0.264583,2.406336,1.573535,0.921855,0.652635,0.0,0.4,11,9,"FAIR-ready input scaffold, not a FAIR run; species-level non-CO2 and aerosol emissions remain missing."
aether_half_2046_zero_2060__active_full_forcing_management,aether_half_2046_zero_2060,AETHER plus delayed zero,active_full_forcing_management,Active full-forcing management,2046,21.1,100.0,96.0,-74.9,386.955293,1.874932,0.658333,-0.241667,2.291599,1.541133,0.928046,0.619096,0.0,0.4,11,9,"FAIR-ready input scaffold, not a FAIR run; species-level non-CO2 and aerosol emissions remain missing."
aether_half_2046_zero_2060__active_full_forcing_management,aether_half_2046_zero_2060,AETHER plus delayed zero,active_full_forcing_management,Active full-forcing management,2047,19.592857,100.0,96.0,-76.407143,379.415093,1.76336,0.63125,-0.21875,2.17586,1.505678,0.93387,0.582432,0.0,0.4,11,9,"FAIR-ready input scaffold, not a FAIR run; species-level non-CO2 and aerosol emissions remain missing."
aether_half_2046_zero_2060__active_full_forcing_management,aether_half_2046_zero_2060,AETHER plus delayed zero,active_full_forcing_management,Active full-forcing management,2048,18.085714,100.0,96.0,-77.914286,371.923897,1.650296,0.604167,-0.195833,2.058629,1.467592,0.939302,0.543217,0.0,0.4,11,9,"FAIR-ready input scaffold, not a FAIR run; species-level non-CO2 and aerosol emissions remain missing."
aether_half_2046_zero_2060__active_full_forcing_management,aether_half_2046_zero_2060,AETHER plus delayed zero,active_full_forcing_management,Active full-forcing management,2049,16.578571,100.0,96.0,-79.421429,364.45702,1.535309,0.577083,-0.172917,1.939475,1.42718,0.944321,0.501876,0.0,0.4,11,9,"FAIR-ready input scaffold, not a FAIR run; species-level non-CO2 and aerosol emissions remain missing."
aether_half_2046_zero_2060__active_full_forcing_management,aether_half_2046_zero_2060,AETHER plus delayed zero,active_full_forcing_management,Active full-forcing management,2050,15.071429,100.0,96.0,-80.928571,356.994861,1.418016,0.55,-0.15,1.818016,1.384655,0.948908,0.458716,0.0,0.4,11,9,"FAIR-ready input scaffold, not a FAIR run; species-level non-CO2 and aerosol emissions remain missing."
aether_half_2046_zero_2060__active_full_forcing_management,aether_half_2046_zero_2060,AETHER plus delayed zero,active_full_forcing_management,Active full-forcing management,2051,13.564286,96.115048,92.270446,-78.70616,350.0,1.305821,0.543,-0.147,1.701821,1.340818,0.953048,0.413959,0.0,0.4,11,9,"FAIR-ready input scaffold, not a FAIR run; species-level non-CO2 and aerosol emissions remain missing."
aether_half_2046_zero_2060__active_full_forcing_management,aether_half_2046_zero_2060,AETHER plus delayed zero,active_full_forcing_management,Active full-forcing management,2052,12.057143,38.838772,37.285221,-25.228078,350.0,1.305821,0.536,-0.144,1.697821,1.305232,0.956732,0.368382,0.0,0.4,11,9,"FAIR-ready input scaffold, not a FAIR run; species-level non-CO2 and aerosol emissions remain missing."
aether_half_2046_zero_2060__active_full_forcing_management,aether_half_2046_zero_2060,AETHER plus delayed zero,active_full_forcing_management,Active full-forcing management,2053,10.55,34.612636,33.22813,-22.67813,350.0,1.305821,0.529,-0.141,1.693821,1.276307,0.960042,0.331076,0.0,0.4,11,9,"FAIR-ready input scaffold, not a FAIR run; species-level non-CO2 and aerosol emissions remain missing."
aether_half_2046_zero_2060__active_full_forcing_management,aether_half_2046_zero_2060,AETHER plus delayed zero,active_full_forcing_management,Active full-forcing management,2054,9.042857,30.775705,29.544677,-20.501819,350.0,1.305821,0.522,-0.138,1.689821,1.252757,0.963047,0.300451,0.0,0.4,11,9,"FAIR-ready input scaffold, not a FAIR run; species-level non-CO2 and aerosol emissions remain missing."
aether_half_2046_zero_2060__active_full_forcing_management,aether_half_2046_zero_2060,AETHER plus delayed zero,active_full_forcing_management,Active full-forcing management,2055,7.535714,27.268544,26.177803,-18.642088,350.0,1.305821,0.515,-0.135,1.685821,1.233548,0.965799,0.275225,0.0,0.4,11,9,"FAIR-ready input scaffold, not a FAIR run; species-level non-CO2 and aerosol emissions remain missing."
aether_half_2046_zero_2060__active_full_forcing_management,aether_half_2046_zero_2060,AETHER plus delayed zero,active_full_forcing_management,Active full-forcing management,2056,6.028571,24.040836,23.079203,-17.050631,350.0,1.305821,0.508,-0.132,1.681821,1.21784,0.968343,0.254361,0.0,0.4,11,9,"FAIR-ready input scaffold, not a FAIR run; species-level non-CO2 and aerosol emissions remain missing."
aether_half_2046_zero_2060__active_full_forcing_management,aether_half_2046_zero_2060,AETHER plus delayed zero,active_full_forcing_management,Active full-forcing management,2057,4.521429,21.049981,20.207982,-15.686553,350.0,1.305821,0.501,-0.129,1.677821,1.204959,0.970713,0.237023,0.0,0.4,11,9,"FAIR-ready input scaffold, not a FAIR run; species-level non-CO2 and aerosol emissions remain missing."
aether_half_2046_zero_2060__active_full_forcing_management,aether_half_2046_zero_2060,AETHER plus delayed zero,active_full_forcing_management,Active full-forcing management,2058,3.014286,18.259913,17.529517,-14.515231,350.0,1.305821,0.494,-0.126,1.673821,1.194359,0.972938,0.222534,0.0,0.4,11,9,"FAIR-ready input scaffold, not a FAIR run; species-level non-CO2 and aerosol emissions remain missing."
aether_half_2046_zero_2060__active_full_forcing_management,aether_half_2046_zero_2060,AETHER plus delayed zero,active_full_forcing_management,Active full-forcing management,2059,1.507143,15.640097,15.014493,-13.507351,350.0,1.305821,0.487,-0.123,1.669821,1.185597,0.975042,0.210349,0.0,0.4,11,9,"FAIR-ready input scaffold, not a FAIR run; species-level non-CO2 and aerosol emissions remain missing."
aether_half_2046_zero_2060__active_full_forcing_management,aether_half_2046_zero_2060,AETHER plus delayed zero,active_full_forcing_management,Active full-forcing management,2060,0.0,13.16468,12.638093,-12.638093,350.0,1.305821,0.48,-0.12,1.665821,1.178319,0.977042,0.200028,0.0,0.4,11,9,"FAIR-ready input scaffold, not a FAIR run; species-level non-CO2 and aerosol emissions remain missing."
aether_half_2046_zero_2060__active_full_forcing_management,aether_half_2046_zero_2060,AETHER plus delayed zero,active_full_forcing_management,Active full-forcing management,2061,0.0,12.381714,11.886445,-11.886445,350.0,1.305821,0.473,-0.117,1.661821,1.172236,0.978954,0.191213,0.0,0.4,11,9,"FAIR-ready input scaffold, not a FAIR run; species-level non-CO2 and aerosol emissions remain missing."
aether_half_2046_zero_2060__active_full_forcing_management,aether_half_2046_zero_2060,AETHER plus delayed zero,active_full_forcing_management,Active full-forcing management,2062,0.0,11.702722,11.234613,-11.234613,350.0,1.305821,0.466,-0.114,1.657821,1.167118,0.98079,0.183618,0.0,0.4,11,9,"FAIR-ready input scaffold, not a FAIR run; species-level non-CO2 and aerosol emissions remain missing."
aether_half_2046_zero_2060__active_full_forcing_management,aether_half_2046_zero_2060,AETHER plus delayed zero,active_full_forcing_management,Active full-forcing management,2063,0.0,11.112012,10.667532,-10.667532,350.0,1.305821,0.459,-0.111,1.653821,1.162775,0.98256,0.177011,0.0,0.4,11,9,"FAIR-ready input scaffold, not a FAIR run; species-level non-CO2 and aerosol emissions remain missing."
aether_half_2046_zero_2060__active_full_forcing_management,aether_half_2046_zero_2060,AETHER plus delayed zero,active_full_forcing_management,Active full-forcing management,2064,0.0,10.596294,10.172442,-10.172442,350.0,1.305821,0.452,-0.108,1.649821,1.159057,0.984272,0.171204,0.0,0.4,11,9,"FAIR-ready input scaffold, not a FAIR run; species-level non-CO2 and aerosol emissions remain missing."
aether_half_2046_zero_2060__active_full_forcing_management,aether_half_2046_zero_2060,AETHER plus delayed zero,active_full_forcing_management,Active full-forcing management,2065,0.0,10.144313,9.73854,-9.73854,350.0,1.305821,0.445,-0.105,1.645821,1.155841,0.985933,0.166045,0.0,0.4,11,9,"FAIR-ready input scaffold, not a FAIR run; species-level non-CO2 and aerosol emissions remain missing."
aether_half_2046_zero_2060__active_full_forcing_management,aether_half_2046_zero_2060,AETHER plus delayed zero,active_full_forcing_management,Active full-forcing management,2066,0.0,9.746539,9.356677,-9.356677,350.0,1.305821,0.438,-0.102,1.641821,1.153029,0.987547,0.161413,0.0,0.4,11,9,"FAIR-ready input scaffold, not a FAIR run; species-level non-CO2 and aerosol emissions remain missing."
aether_half_2046_zero_2060__active_full_forcing_management,aether_half_2046_zero_2060,AETHER plus delayed zero,active_full_forcing_management,Active full-forcing management,2067,0.0,9.394899,9.019103,-9.019103,350.0,1.305821,0.431,-0.099,1.637821,1.150541,0.989119,0.157208,0.0,0.4,11,9,"FAIR-ready input scaffold, not a FAIR run; species-level non-CO2 and aerosol emissions remain missing."
aether_half_2046_zero_2060__active_full_forcing_management,aether_half_2046_zero_2060,AETHER plus delayed zero,active_full_forcing_management,Active full-forcing management,2068,0.0,9.082557,8.719254,-8.719254,350.0,1.305821,0.424,-0.096,1.633821,1.148313,0.990653,0.153351,0.0,0.4,11,9,"FAIR-ready input scaffold, not a FAIR run; species-level non-CO2 and aerosol emissions remain missing."
aether_half_2046_zero_2060__active_full_forcing_management,aether_half_2046_zero_2060,AETHER plus delayed zero,active_full_forcing_management,Active full-forcing management,2069,0.0,8.803719,8.45157,-8.45157,350.0,1.305821,0.417,-0.093,1.629821,1.146292,0.99215,0.149777,0.0,0.4,11,9,"FAIR-ready input scaffold, not a FAIR run; species-level non-CO2 and aerosol emissions remain missing."
aether_half_2046_zero_2060__active_full_forcing_management,aether_half_2046_zero_2060,AETHER plus delayed zero,active_full_forcing_management,Active full-forcing management,2070,0.0,8.553479,8.21134,-8.21134,350.0,1.305821,0.41,-0.09,1.625821,1.144438,0.993615,0.146435,0.0,0.4,11,9,"FAIR-ready input scaffold, not a FAIR run; species-level non-CO2 and aerosol emissions remain missing."
aether_half_2046_zero_2060__active_full_forcing_management,aether_half_2046_zero_2060,AETHER plus delayed zero,active_full_forcing_management,Active full-forcing management,2071,0.0,8.327679,7.994572,-7.994572,350.0,1.305821,0.403,-0.087,1.621821,1.142715,0.995048,0.143282,0.0,0.4,11,9,"FAIR-ready input scaffold, not a FAIR run; species-level non-CO2 and aerosol emissions remain missing."
aether_half_2046_zero_2060__active_full_forcing_management,aether_half_2046_zero_2060,AETHER plus delayed zero,active_full_forcing_management,Active full-forcing management,2072,0.0,8.122796,7.797884,-7.797884,350.0,1.305821,0.396,-0.084,1.617821,1.141097,0.99645,0.140284,0.0,0.4,11,9,"FAIR-ready input scaffold, not a FAIR run; species-level non-CO2 and aerosol emissions remain missing."
aether_half_2046_zero_2060__active_full_forcing_management,aether_half_2046_zero_2060,AETHER plus delayed zero,active_full_forcing_management,Active full-forcing management,2073,0.0,7.935843,7.61841,-7.61841,350.0,1.305821,0.389,-0.081,1.613821,1.139561,0.997825,0.137414,0.0,0.4,11,9,"FAIR-ready input scaffold, not a FAIR run; species-level non-CO2 and aerosol emissions remain missing."
aether_half_2046_zero_2060__active_full_forcing_management,aether_half_2046_zero_2060,AETHER plus delayed zero,active_full_forcing_management,Active full-forcing management,2074,0.0,7.764289,7.453718,-7.453718,350.0,1.305821,0.382,-0.078,1.609821,1.13809,0.999171,0.134649,0.0,0.4,11,9,"FAIR-ready input scaffold, not a FAIR run; species-level non-CO2 and aerosol emissions remain missing."
aether_half_2046_zero_2060__active_full_forcing_management,aether_half_2046_zero_2060,AETHER plus delayed zero,active_full_forcing_management,Active full-forcing management,2075,0.0,7.605986,7.301747,-7.301747,350.0,1.305821,0.375,-0.075,1.605821,1.136669,1.000491,0.131973,0.0,0.4,11,9,"FAIR-ready input scaffold, not a FAIR run; species-level non-CO2 and aerosol emissions remain missing."
aether_half_2046_zero_2060__active_full_forcing_management,aether_half_2046_zero_2060,AETHER plus delayed zero,active_full_forcing_management,Active full-forcing management,2076,0.0,7.459114,7.16075,-7.16075,350.0,1.305821,0.368,-0.072,1.601821,1.135287,1.001784,0.129369,0.0,0.4,11,9,"FAIR-ready input scaffold, not a FAIR run; species-level non-CO2 and aerosol emissions remain missing."
aether_half_2046_zero_2060__active_full_forcing_management,aether_half_2046_zero_2060,AETHER plus delayed zero,active_full_forcing_management,Active full-forcing management,2077,0.0,7.322128,7.029243,-7.029243,350.0,1.305821,0.361,-0.069,1.597821,1.133934,1.003053,0.126827,0.0,0.4,11,9,"FAIR-ready input scaffold, not a FAIR run; species-level non-CO2 and aerosol emissions remain missing."
aether_half_2046_zero_2060__active_full_forcing_management,aether_half_2046_zero_2060,AETHER plus delayed zero,active_full_forcing_management,Active full-forcing management,2078,0.0,7.193715,6.905967,-6.905967,350.0,1.305821,0.354,-0.066,1.593821,1.132603,1.004296,0.124337,0.0,0.4,11,9,"FAIR-ready input scaffold, not a FAIR run; species-level non-CO2 and aerosol emissions remain missing."
aether_half_2046_zero_2060__active_full_forcing_management,aether_half_2046_zero_2060,AETHER plus delayed zero,active_full_forcing_management,Active full-forcing management,2079,0.0,7.072764,6.789853,-6.789853,350.0,1.305821,0.347,-0.063,1.589821,1.131288,1.005515,0.121892,0.0,0.4,11,9,"FAIR-ready input scaffold, not a FAIR run; species-level non-CO2 and aerosol emissions remain missing."
aether_half_2046_zero_2060__active_full_forcing_management,aether_half_2046_zero_2060,AETHER plus delayed zero,active_full_forcing_management,Active full-forcing management,2080,0.0,6.958327,6.679994,-6.679994,350.0,1.305821,0.34,-0.06,1.585821,1.129984,1.00671,0.119485,0.0,0.4,11,9,"FAIR-ready input scaffold, not a FAIR run; species-level non-CO2 and aerosol emissions remain missing."
aether_half_2046_zero_2060__active_full_forcing_management,aether_half_2046_zero_2060,AETHER plus delayed zero,active_full_forcing_management,Active full-forcing management,2081,0.0,6.849601,6.575617,-6.575617,350.0,1.305821,0.333,-0.057,1.581821,1.128687,1.007881,0.11711,0.0,0.4,11,9,"FAIR-ready input scaffold, not a FAIR run; species-level non-CO2 and aerosol emissions remain missing."
aether_half_2046_zero_2060__active_full_forcing_management,aether_half_2046_zero_2060,AETHER plus delayed zero,active_full_forcing_management,Active full-forcing management,2082,0.0,6.745902,6.476066,-6.476066,350.0,1.305821,0.326,-0.054,1.577821,1.127393,1.009029,0.114765,0.0,0.4,11,9,"FAIR-ready input scaffold, not a FAIR run; species-level non-CO2 and aerosol emissions remain missing."
aether_half_2046_zero_2060__active_full_forcing_management,aether_half_2046_zero_2060,AETHER plus delayed zero,active_full_forcing_management,Active full-forcing management,2083,0.0,6.646647,6.380781,-6.380781,350.0,1.305821,0.319,-0.051,1.573821,1.126101,1.010153,0.112446,0.0,0.4,11,9,"FAIR-ready input scaffold, not a FAIR run; species-level non-CO2 and aerosol emissions remain missing."
aether_half_2046_zero_2060__active_full_forcing_management,aether_half_2046_zero_2060,AETHER plus delayed zero,active_full_forcing_management,Active full-forcing management,2084,0.0,6.551341,6.289287,-6.289287,350.0,1.305821,0.312,-0.048,1.569821,1.124807,1.011255,0.11015,0.0,0.4,11,9,"FAIR-ready input scaffold, not a FAIR run; species-level non-CO2 and aerosol emissions remain missing."
aether_half_2046_zero_2060__active_full_forcing_management,aether_half_2046_zero_2060,AETHER plus delayed zero,active_full_forcing_management,Active full-forcing management,2085,0.0,6.459561,6.201178,-6.201178,350.0,1.305821,0.305,-0.045,1.565821,1.123511,1.012333,0.107875,0.0,0.4,11,9,"FAIR-ready input scaffold, not a FAIR run; species-level non-CO2 and aerosol emissions remain missing."
aether_half_2046_zero_2060__active_full_forcing_management,aether_half_2046_zero_2060,AETHER plus delayed zero,active_full_forcing_management,Active full-forcing management,2086,0.0,6.370945,6.116107,-6.116107,350.0,1.305821,0.298,-0.042,1.561821,1.122211,1.01339,0.105619,0.0,0.4,11,9,"FAIR-ready input scaffold, not a FAIR run; species-level non-CO2 and aerosol emissions remain missing."
aether_half_2046_zero_2060__active_full_forcing_management,aether_half_2046_zero_2060,AETHER plus delayed zero,active_full_forcing_management,Active full-forcing management,2087,0.0,6.285185,6.033778,-6.033778,350.0,1.305821,0.291,-0.039,1.557821,1.120907,1.014423,0.103381,0.0,0.4,11,9,"FAIR-ready input scaffold, not a FAIR run; species-level non-CO2 and aerosol emissions remain missing."
aether_half_2046_zero_2060__active_full_forcing_management,aether_half_2046_zero_2060,AETHER plus delayed zero,active_full_forcing_management,Active full-forcing management,2088,0.0,6.202017,5.953936,-5.953936,350.0,1.305821,0.284,-0.036,1.553821,1.119596,1.015435,0.101159,0.0,0.4,11,9,"FAIR-ready input scaffold, not a FAIR run; species-level non-CO2 and aerosol emissions remain missing."
aether_half_2046_zero_2060__active_full_forcing_management,aether_half_2046_zero_2060,AETHER plus delayed zero,active_full_forcing_management,Active full-forcing management,2089,0.0,6.121214,5.876365,-5.876365,350.0,1.305821,0.277,-0.033,1.549821,1.118279,1.016424,0.098953,0.0,0.4,11,9,"FAIR-ready input scaffold, not a FAIR run; species-level non-CO2 and aerosol emissions remain missing."
aether_half_2046_zero_2060__active_full_forcing_management,aether_half_2046_zero_2060,AETHER plus delayed zero,active_full_forcing_management,Active full-forcing management,2090,0.0,6.042581,5.800878,-5.800878,350.0,1.305821,0.27,-0.03,1.545821,1.116955,1.017392,0.096762,0.0,0.4,11,9,"FAIR-ready input scaffold, not a FAIR run; species-level non-CO2 and aerosol emissions remain missing."
aether_half_2046_zero_2060__active_full_forcing_management,aether_half_2046_zero_2060,AETHER plus delayed zero,active_full_forcing_management,Active full-forcing management,2091,0.0,5.965952,5.727314,-5.727314,350.0,1.305821,0.263,-0.027,1.541821,1.115624,1.018338,0.094585,0.0,0.4,11,9,"FAIR-ready input scaffold, not a FAIR run; species-level non-CO2 and aerosol emissions remain missing."
aether_half_2046_zero_2060__active_full_forcing_management,aether_half_2046_zero_2060,AETHER plus delayed zero,active_full_forcing_management,Active full-forcing management,2092,0.0,5.891181,5.655533,-5.655533,350.0,1.305821,0.256,-0.024,1.537821,1.114285,1.019262,0.092422,0.0,0.4,11,9,"FAIR-ready input scaffold, not a FAIR run; species-level non-CO2 and aerosol emissions remain missing."
aether_half_2046_zero_2060__active_full_forcing_management,aether_half_2046_zero_2060,AETHER plus delayed zero,active_full_forcing_management,Active full-forcing management,2093,0.0,5.818143,5.585417,-5.585417,350.0,1.305821,0.249,-0.021,1.533821,1.112938,1.020165,0.090272,0.0,0.4,11,9,"FAIR-ready input scaffold, not a FAIR run; species-level non-CO2 and aerosol emissions remain missing."
aether_half_2046_zero_2060__active_full_forcing_management,aether_half_2046_zero_2060,AETHER plus delayed zero,active_full_forcing_management,Active full-forcing management,2094,0.0,5.746729,5.51686,-5.51686,350.0,1.305821,0.242,-0.018,1.529821,1.111583,1.021046,0.088135,0.0,0.4,11,9,"FAIR-ready input scaffold, not a FAIR run; species-level non-CO2 and aerosol emissions remain missing."
aether_half_2046_zero_2060__active_full_forcing_management,aether_half_2046_zero_2060,AETHER plus delayed zero,active_full_forcing_management,Active full-forcing management,2095,0.0,5.676846,5.449772,-5.449772,350.0,1.305821,0.235,-0.015,1.525821,1.110219,1.021906,0.08601,0.0,0.4,11,9,"FAIR-ready input scaffold, not a FAIR run; species-level non-CO2 and aerosol emissions remain missing."
aether_half_2046_zero_2060__active_full_forcing_management,aether_half_2046_zero_2060,AETHER plus delayed zero,active_full_forcing_management,Active full-forcing management,2096,0.0,5.60841,5.384073,-5.384073,350.0,1.305821,0.228,-0.012,1.521821,1.108847,1.022745,0.083897,0.0,0.4,11,9,"FAIR-ready input scaffold, not a FAIR run; species-level non-CO2 and aerosol emissions remain missing."
aether_half_2046_zero_2060__active_full_forcing_management,aether_half_2046_zero_2060,AETHER plus delayed zero,active_full_forcing_management,Active full-forcing management,2097,0.0,5.541349,5.319695,-5.319695,350.0,1.305821,0.221,-0.009,1.517821,1.107467,1.023563,0.081797,0.0,0.4,11,9,"FAIR-ready input scaffold, not a FAIR run; species-level non-CO2 and aerosol emissions remain missing."
aether_half_2046_zero_2060__active_full_forcing_management,aether_half_2046_zero_2060,AETHER plus delayed zero,active_full_forcing_management,Active full-forcing management,2098,0.0,5.475599,5.256575,-5.256575,350.0,1.305821,0.214,-0.006,1.513821,1.106078,1.02436,0.079708,0.0,0.4,11,9,"FAIR-ready input scaffold, not a FAIR run; species-level non-CO2 and aerosol emissions remain missing."
aether_half_2046_zero_2060__active_full_forcing_management,aether_half_2046_zero_2060,AETHER plus delayed zero,active_full_forcing_management,Active full-forcing management,2099,0.0,5.411104,5.19466,-5.19466,350.0,1.305821,0.207,-0.003,1.509821,1.10468,1.025137,0.077632,0.0,0.4,11,9,"FAIR-ready input scaffold, not a FAIR run; species-level non-CO2 and aerosol emissions remain missing."
aether_half_2046_zero_2060__active_full_forcing_management,aether_half_2046_zero_2060,AETHER plus delayed zero,active_full_forcing_management,Active full-forcing management,2100,0.0,5.347813,5.133901,-5.133901,350.0,1.305821,0.2,0.0,1.505821,1.103274,1.025892,0.075566,0.0,0.4,11,9,"FAIR-ready input scaffold, not a FAIR run; species-level non-CO2 and aerosol emissions remain missing."
aether_net_zero_2050__co2_only_screen,aether_net_zero_2050,AETHER plus net-zero 2050,co2_only_screen,CO2-only emulator screen,2026,42.2,0.0,0.0,42.2,433.940256,2.524677,0.0,0.0,2.524677,1.352807,0.6561,0.659913,0.0,0.4,11,9,"FAIR-ready input scaffold, not a FAIR run; species-level non-CO2 and aerosol emissions remain missing."
aether_net_zero_2050__co2_only_screen,aether_net_zero_2050,AETHER plus net-zero 2050,co2_only_screen,CO2-only emulator screen,2027,40.441667,5.0,4.8,35.641667,438.155465,2.579487,0.0,0.0,2.579487,1.364926,0.662718,0.661872,0.0,0.4,11,9,"FAIR-ready input scaffold, not a FAIR run; species-level non-CO2 and aerosol emissions remain missing."
aether_net_zero_2050__co2_only_screen,aether_net_zero_2050,AETHER plus net-zero 2050,co2_only_screen,CO2-only emulator screen,2028,38.683333,10.0,9.6,29.083333,441.296054,2.619982,0.0,0.0,2.619982,1.378662,0.669389,0.667098,0.0,0.4,11,9,"FAIR-ready input scaffold, not a FAIR run; species-level non-CO2 and aerosol emissions remain missing."
aether_net_zero_2050__co2_only_screen,aether_net_zero_2050,AETHER plus net-zero 2050,co2_only_screen,CO2-only emulator screen,2029,36.925,15.0,14.4,22.525,443.458938,2.647702,0.0,0.0,2.647702,1.392649,0.676127,0.673809,0.0,0.4,11,9,"FAIR-ready input scaffold, not a FAIR run; species-level non-CO2 and aerosol emissions remain missing."
aether_net_zero_2050__co2_only_screen,aether_net_zero_2050,AETHER plus net-zero 2050,co2_only_screen,CO2-only emulator screen,2030,35.166667,20.0,19.2,15.966667,444.72236,2.663833,0.0,0.0,2.663833,1.40588,0.682934,0.680696,0.0,0.4,11,9,"FAIR-ready input scaffold, not a FAIR run; species-level non-CO2 and aerosol emissions remain missing."
aether_net_zero_2050__co2_only_screen,aether_net_zero_2050,AETHER plus net-zero 2050,co2_only_screen,CO2-only emulator screen,2031,33.408333,25.0,24.0,9.408333,445.149724,2.669279,0.0,0.0,2.669279,1.417611,0.689802,0.686798,0.0,0.4,11,9,"FAIR-ready input scaffold, not a FAIR run; species-level non-CO2 and aerosol emissions remain missing."
aether_net_zero_2050__co2_only_screen,aether_net_zero_2050,AETHER plus net-zero 2050,co2_only_screen,CO2-only emulator screen,2032,31.65,30.0,28.8,2.85,444.792635,2.664729,0.0,0.0,2.664729,1.427298,0.696716,0.691419,0.0,0.4,11,9,"FAIR-ready input scaffold, not a FAIR run; species-level non-CO2 and aerosol emissions remain missing."
aether_net_zero_2050__co2_only_screen,aether_net_zero_2050,AETHER plus net-zero 2050,co2_only_screen,CO2-only emulator screen,2033,29.891667,35.0,33.6,-3.708333,443.693317,2.650698,0.0,0.0,2.650698,1.434538,0.703657,0.694052,0.0,0.4,11,9,"FAIR-ready input scaffold, not a FAIR run; species-level non-CO2 and aerosol emissions remain missing."
aether_net_zero_2050__co2_only_screen,aether_net_zero_2050,AETHER plus net-zero 2050,co2_only_screen,CO2-only emulator screen,2034,28.133333,40.0,38.4,-10.266667,441.886518,2.627563,0.0,0.0,2.627563,1.439037,0.7106,0.694337,0.0,0.4,11,9,"FAIR-ready input scaffold, not a FAIR run; species-level non-CO2 and aerosol emissions remain missing."
aether_net_zero_2050__co2_only_screen,aether_net_zero_2050,AETHER plus net-zero 2050,co2_only_screen,CO2-only emulator screen,2035,26.375,45.0,43.2,-16.825,439.401032,2.595582,0.0,0.0,2.595582,1.440573,0.71752,0.692015,0.0,0.4,11,9,"FAIR-ready input scaffold, not a FAIR run; species-level non-CO2 and aerosol emissions remain missing."
aether_net_zero_2050__co2_only_screen,aether_net_zero_2050,AETHER plus net-zero 2050,co2_only_screen,CO2-only emulator screen,2036,24.616667,50.0,48.0,-23.383333,436.260901,2.554918,0.0,0.0,2.554918,1.438978,0.724389,0.686899,0.0,0.4,11,9,"FAIR-ready input scaffold, not a FAIR run; species-level non-CO2 and aerosol emissions remain missing."
aether_net_zero_2050__co2_only_screen,aether_net_zero_2050,AETHER plus net-zero 2050,co2_only_screen,CO2-only emulator screen,2037,22.858333,55.0,52.8,-29.941667,432.486371,2.505649,0.0,0.0,2.505649,1.434122,0.731178,0.678859,0.0,0.4,11,9,"FAIR-ready input scaffold, not a FAIR run; species-level non-CO2 and aerosol emissions remain missing."
aether_net_zero_2050__co2_only_screen,aether_net_zero_2050,AETHER plus net-zero 2050,co2_only_screen,CO2-only emulator screen,2038,21.1,60.0,57.6,-36.5,428.094645,2.44778,0.0,0.0,2.44778,1.425896,0.737856,0.667797,0.0,0.4,11,9,"FAIR-ready input scaffold, not a FAIR run; species-level non-CO2 and aerosol emissions remain missing."
aether_net_zero_2050__co2_only_screen,aether_net_zero_2050,AETHER plus net-zero 2050,co2_only_screen,CO2-only emulator screen,2039,19.341667,65.0,62.4,-43.058333,423.10049,2.381248,0.0,0.0,2.381248,1.414203,0.744392,0.653638,0.0,0.4,11,9,"FAIR-ready input scaffold, not a FAIR run; species-level non-CO2 and aerosol emissions remain missing."
aether_net_zero_2050__co2_only_screen,aether_net_zero_2050,AETHER plus net-zero 2050,co2_only_screen,CO2-only emulator screen,2040,17.583333,70.0,67.2,-49.616667,417.516713,2.305924,0.0,0.0,2.305924,1.398953,0.750756,0.63632,0.0,0.4,11,9,"FAIR-ready input scaffold, not a FAIR run; species-level non-CO2 and aerosol emissions remain missing."
aether_net_zero_2050__co2_only_screen,aether_net_zero_2050,AETHER plus net-zero 2050,co2_only_screen,CO2-only emulator screen,2041,15.825,75.0,72.0,-56.175,411.354537,2.221619,0.0,0.0,2.221619,1.380053,0.756914,0.615787,0.0,0.4,11,9,"FAIR-ready input scaffold, not a FAIR run; species-level non-CO2 and aerosol emissions remain missing."
aether_net_zero_2050__co2_only_screen,aether_net_zero_2050,AETHER plus net-zero 2050,co2_only_screen,CO2-only emulator screen,2042,14.066667,80.0,76.8,-62.733333,404.623906,2.128082,0.0,0.0,2.128082,1.357406,0.762833,0.591983,0.0,0.4,11,9,"FAIR-ready input scaffold, not a FAIR run; species-level non-CO2 and aerosol emissions remain missing."
aether_net_zero_2050__co2_only_screen,aether_net_zero_2050,AETHER plus net-zero 2050,co2_only_screen,CO2-only emulator screen,2043,12.308333,85.0,81.6,-69.291667,397.333723,2.024997,0.0,0.0,2.024997,1.330902,0.768482,0.564844,0.0,0.4,11,9,"FAIR-ready input scaffold, not a FAIR run; species-level non-CO2 and aerosol emissions remain missing."
aether_net_zero_2050__co2_only_screen,aether_net_zero_2050,AETHER plus net-zero 2050,co2_only_screen,CO2-only emulator screen,2044,10.55,90.0,86.4,-75.85,389.492039,1.91198,0.0,0.0,1.91198,1.300418,0.773825,0.534299,0.0,0.4,11,9,"FAIR-ready input scaffold, not a FAIR run; species-level non-CO2 and aerosol emissions remain missing."
aether_net_zero_2050__co2_only_screen,aether_net_zero_2050,AETHER plus net-zero 2050,co2_only_screen,CO2-only emulator screen,2045,8.791667,95.0,91.2,-82.408333,381.10621,1.788575,0.0,0.0,1.788575,1.265815,0.778827,0.500264,0.0,0.4,11,9,"FAIR-ready input scaffold, not a FAIR run; species-level non-CO2 and aerosol emissions remain missing."
aether_net_zero_2050__co2_only_screen,aether_net_zero_2050,AETHER plus net-zero 2050,co2_only_screen,CO2-only emulator screen,2046,7.033333,100.0,96.0,-88.966667,372.183011,1.654244,0.0,0.0,1.654244,1.226931,0.783454,0.462638,0.0,0.4,11,9,"FAIR-ready input scaffold, not a FAIR run; species-level non-CO2 and aerosol emissions remain missing."
aether_net_zero_2050__co2_only_screen,aether_net_zero_2050,AETHER plus net-zero 2050,co2_only_screen,CO2-only emulator screen,2047,5.275,100.0,96.0,-90.725,363.344123,1.517969,0.0,0.0,1.517969,1.18438,0.787667,0.421303,0.0,0.4,11,9,"FAIR-ready input scaffold, not a FAIR run; species-level non-CO2 and aerosol emissions remain missing."
aether_net_zero_2050__co2_only_screen,aether_net_zero_2050,AETHER plus net-zero 2050,co2_only_screen,CO2-only emulator screen,2048,3.516667,100.0,96.0,-92.483333,354.555144,1.379136,0.0,0.0,1.379136,1.138607,0.791436,0.376877,0.0,0.4,11,9,"FAIR-ready input scaffold, not a FAIR run; species-level non-CO2 and aerosol emissions remain missing."
aether_net_zero_2050__co2_only_screen,aether_net_zero_2050,AETHER plus net-zero 2050,co2_only_screen,CO2-only emulator screen,2049,1.758333,65.783733,63.152384,-61.39405,350.0,1.305821,0.0,0.0,1.305821,1.095643,0.794734,0.329812,0.0,0.4,11,9,"FAIR-ready input scaffold, not a FAIR run; species-level non-CO2 and aerosol emissions remain missing."
aether_net_zero_2050__co2_only_screen,aether_net_zero_2050,AETHER plus net-zero 2050,co2_only_screen,CO2-only emulator screen,2050,0.0,26.540361,25.478746,-25.478746,350.0,1.305821,0.0,0.0,1.305821,1.061032,0.797592,0.285864,0.0,0.4,11,9,"FAIR-ready input scaffold, not a FAIR run; species-level non-CO2 and aerosol emissions remain missing."
aether_net_zero_2050__co2_only_screen,aether_net_zero_2050,AETHER plus net-zero 2050,co2_only_screen,CO2-only emulator screen,2051,0.0,23.843201,22.889473,-22.889473,350.0,1.305821,0.0,0.0,1.305821,1.033165,0.800095,0.250267,0.0,0.4,11,9,"FAIR-ready input scaffold, not a FAIR run; species-level non-CO2 and aerosol emissions remain missing."
aether_net_zero_2050__co2_only_screen,aether_net_zero_2050,AETHER plus net-zero 2050,co2_only_screen,CO2-only emulator screen,2052,0.0,21.541548,20.679886,-20.679886,350.0,1.305821,0.0,0.0,1.305821,1.010745,0.802309,0.221417,0.0,0.4,11,9,"FAIR-ready input scaffold, not a FAIR run; species-level non-CO2 and aerosol emissions remain missing."
aether_net_zero_2050__co2_only_screen,aether_net_zero_2050,AETHER plus net-zero 2050,co2_only_screen,CO2-only emulator screen,2053,0.0,19.575,18.792,-18.792,350.0,1.305821,0.0,0.0,1.305821,0.992723,0.804289,0.198014,0.0,0.4,11,9,"FAIR-ready input scaffold, not a FAIR run; species-level non-CO2 and aerosol emissions remain missing."
aether_net_zero_2050__co2_only_screen,aether_net_zero_2050,AETHER plus net-zero 2050,co2_only_screen,CO2-only emulator screen,2054,0.0,17.89242,17.176723,-17.176723,350.0,1.305821,0.0,0.0,1.305821,0.978251,0.806079,0.179012,0.0,0.4,11,9,"FAIR-ready input scaffold, not a FAIR run; species-level non-CO2 and aerosol emissions remain missing."
aether_net_zero_2050__co2_only_screen,aether_net_zero_2050,AETHER plus net-zero 2050,co2_only_screen,CO2-only emulator screen,2055,0.0,16.450514,15.792493,-15.792493,350.0,1.305821,0.0,0.0,1.305821,0.966647,0.807715,0.163563,0.0,0.4,11,9,"FAIR-ready input scaffold, not a FAIR run; species-level non-CO2 and aerosol emissions remain missing."
aether_net_zero_2050__co2_only_screen,aether_net_zero_2050,AETHER plus net-zero 2050,co2_only_screen,CO2-only emulator screen,2056,0.0,15.21263,14.604125,-14.604125,350.0,1.305821,0.0,0.0,1.305821,0.957358,0.809225,0.150985,0.0,0.4,11,9,"FAIR-ready input scaffold, not a FAIR run; species-level non-CO2 and aerosol emissions remain missing."
aether_net_zero_2050__co2_only_screen,aether_net_zero_2050,AETHER plus net-zero 2050,co2_only_screen,CO2-only emulator screen,2057,0.0,14.147737,13.581827,-13.581827,350.0,1.305821,0.0,0.0,1.305821,0.949937,0.810632,0.140726,0.0,0.4,11,9,"FAIR-ready input scaffold, not a FAIR run; species-level non-CO2 and aerosol emissions remain missing."
aether_net_zero_2050__co2_only_screen,aether_net_zero_2050,AETHER plus net-zero 2050,co2_only_screen,CO2-only emulator screen,2058,0.0,13.22956,12.700378,-12.700378,350.0,1.305821,0.0,0.0,1.305821,0.944026,0.811956,0.13234,0.0,0.4,11,9,"FAIR-ready input scaffold, not a FAIR run; species-level non-CO2 and aerosol emissions remain missing."
aether_net_zero_2050__co2_only_screen,aether_net_zero_2050,AETHER plus net-zero 2050,co2_only_screen,CO2-only emulator screen,2059,0.0,12.435855,11.938421,-11.938421,350.0,1.305821,0.0,0.0,1.305821,0.939333,0.81321,0.125467,0.0,0.4,11,9,"FAIR-ready input scaffold, not a FAIR run; species-level non-CO2 and aerosol emissions remain missing."
aether_net_zero_2050__co2_only_screen,aether_net_zero_2050,AETHER plus net-zero 2050,co2_only_screen,CO2-only emulator screen,2060,0.0,11.747786,11.277875,-11.277875,350.0,1.305821,0.0,0.0,1.305821,0.935623,0.814408,0.119816,0.0,0.4,11,9,"FAIR-ready input scaffold, not a FAIR run; species-level non-CO2 and aerosol emissions remain missing."
aether_net_zero_2050__co2_only_screen,aether_net_zero_2050,AETHER plus net-zero 2050,co2_only_screen,CO2-only emulator screen,2061,0.0,11.149404,10.703427,-10.703427,350.0,1.305821,0.0,0.0,1.305821,0.932706,0.81556,0.115153,0.0,0.4,11,9,"FAIR-ready input scaffold, not a FAIR run; species-level non-CO2 and aerosol emissions remain missing."
aether_net_zero_2050__co2_only_screen,aether_net_zero_2050,AETHER plus net-zero 2050,co2_only_screen,CO2-only emulator screen,2062,0.0,10.627202,10.202114,-10.202114,350.0,1.305821,0.0,0.0,1.305821,0.93043,0.816673,0.111289,0.0,0.4,11,9,"FAIR-ready input scaffold, not a FAIR run; species-level non-CO2 and aerosol emissions remain missing."
aether_net_zero_2050__co2_only_screen,aether_net_zero_2050,AETHER plus net-zero 2050,co2_only_screen,CO2-only emulator screen,2063,0.0,10.169746,9.762956,-9.762956,350.0,1.305821,0.0,0.0,1.305821,0.928671,0.817754,0.108069,0.0,0.4,11,9,"FAIR-ready input scaffold, not a FAIR run; species-level non-CO2 and aerosol emissions remain missing."
aether_net_zero_2050__co2_only_screen,aether_net_zero_2050,AETHER plus net-zero 2050,co2_only_screen,CO2-only emulator screen,2064,0.0,9.767347,9.376654,-9.376654,350.0,1.305821,0.0,0.0,1.305821,0.927328,0.818807,0.105371,0.0,0.4,11,9,"FAIR-ready input scaffold, not a FAIR run; species-level non-CO2 and aerosol emissions remain missing."
aether_net_zero_2050__co2_only_screen,aether_net_zero_2050,AETHER plus net-zero 2050,co2_only_screen,CO2-only emulator screen,2065,0.0,9.411805,9.035333,-9.035333,350.0,1.305821,0.0,0.0,1.305821,0.926322,0.819838,0.103095,0.0,0.4,11,9,"FAIR-ready input scaffold, not a FAIR run; species-level non-CO2 and aerosol emissions remain missing."
aether_net_zero_2050__co2_only_screen,aether_net_zero_2050,AETHER plus net-zero 2050,co2_only_screen,CO2-only emulator screen,2066,0.0,9.096169,8.732323,-8.732323,350.0,1.305821,0.0,0.0,1.305821,0.925587,0.82085,0.10116,0.0,0.4,11,9,"FAIR-ready input scaffold, not a FAIR run; species-level non-CO2 and aerosol emissions remain missing."
aether_net_zero_2050__co2_only_screen,aether_net_zero_2050,AETHER plus net-zero 2050,co2_only_screen,CO2-only emulator screen,2067,0.0,8.814555,8.461973,-8.461973,350.0,1.305821,0.0,0.0,1.305821,0.925071,0.821845,0.0995,0.0,0.4,11,9,"FAIR-ready input scaffold, not a FAIR run; species-level non-CO2 and aerosol emissions remain missing."
aether_net_zero_2050__co2_only_screen,aether_net_zero_2050,AETHER plus net-zero 2050,co2_only_screen,CO2-only emulator screen,2068,0.0,8.561976,8.219497,-8.219497,350.0,1.305821,0.0,0.0,1.305821,0.92473,0.822825,0.098065,0.0,0.4,11,9,"FAIR-ready input scaffold, not a FAIR run; species-level non-CO2 and aerosol emissions remain missing."
aether_net_zero_2050__co2_only_screen,aether_net_zero_2050,AETHER plus net-zero 2050,co2_only_screen,CO2-only emulator screen,2069,0.0,8.334206,8.000838,-8.000838,350.0,1.305821,0.0,0.0,1.305821,0.924531,0.823794,0.096809,0.0,0.4,11,9,"FAIR-ready input scaffold, not a FAIR run; species-level non-CO2 and aerosol emissions remain missing."
aether_net_zero_2050__co2_only_screen,aether_net_zero_2050,AETHER plus net-zero 2050,co2_only_screen,CO2-only emulator screen,2070,0.0,8.127666,7.802559,-7.802559,350.0,1.305821,0.0,0.0,1.305821,0.924447,0.824751,0.095701,0.0,0.4,11,9,"FAIR-ready input scaffold, not a FAIR run; species-level non-CO2 and aerosol emissions remain missing."
aether_net_zero_2050__co2_only_screen,aether_net_zero_2050,AETHER plus net-zero 2050,co2_only_screen,CO2-only emulator screen,2071,0.0,7.93932,7.621748,-7.621748,350.0,1.305821,0.0,0.0,1.305821,0.924454,0.825698,0.094711,0.0,0.4,11,9,"FAIR-ready input scaffold, not a FAIR run; species-level non-CO2 and aerosol emissions remain missing."
aether_net_zero_2050__co2_only_screen,aether_net_zero_2050,AETHER plus net-zero 2050,co2_only_screen,CO2-only emulator screen,2072,0.0,7.766597,7.455933,-7.455933,350.0,1.305821,0.0,0.0,1.305821,0.924535,0.826636,0.093818,0.0,0.4,11,9,"FAIR-ready input scaffold, not a FAIR run; species-level non-CO2 and aerosol emissions remain missing."
aether_net_zero_2050__co2_only_screen,aether_net_zero_2050,AETHER plus net-zero 2050,co2_only_screen,CO2-only emulator screen,2073,0.0,7.607315,7.303022,-7.303022,350.0,1.305821,0.0,0.0,1.305821,0.924674,0.827566,0.093004,0.0,0.4,11,9,"FAIR-ready input scaffold, not a FAIR run; species-level non-CO2 and aerosol emissions remain missing."
aether_net_zero_2050__co2_only_screen,aether_net_zero_2050,AETHER plus net-zero 2050,co2_only_screen,CO2-only emulator screen,2074,0.0,7.459623,7.161239,-7.161239,350.0,1.305821,0.0,0.0,1.305821,0.924861,0.828488,0.092253,0.0,0.4,11,9,"FAIR-ready input scaffold, not a FAIR run; species-level non-CO2 and aerosol emissions remain missing."
aether_net_zero_2050__co2_only_screen,aether_net_zero_2050,AETHER plus net-zero 2050,co2_only_screen,CO2-only emulator screen,2075,0.0,7.321953,7.029075,-7.029075,350.0,1.305821,0.0,0.0,1.305821,0.925086,0.829404,0.091554,0.0,0.4,11,9,"FAIR-ready input scaffold, not a FAIR run; species-level non-CO2 and aerosol emissions remain missing."
aether_net_zero_2050__co2_only_screen,aether_net_zero_2050,AETHER plus net-zero 2050,co2_only_screen,CO2-only emulator screen,2076,0.0,7.192971,6.905252,-6.905252,350.0,1.305821,0.0,0.0,1.305821,0.925341,0.830313,0.090898,0.0,0.4,11,9,"FAIR-ready input scaffold, not a FAIR run; species-level non-CO2 and aerosol emissions remain missing."
aether_net_zero_2050__co2_only_screen,aether_net_zero_2050,AETHER plus net-zero 2050,co2_only_screen,CO2-only emulator screen,2077,0.0,7.071546,6.788685,-6.788685,350.0,1.305821,0.0,0.0,1.305821,0.92562,0.831216,0.090277,0.0,0.4,11,9,"FAIR-ready input scaffold, not a FAIR run; species-level non-CO2 and aerosol emissions remain missing."
aether_net_zero_2050__co2_only_screen,aether_net_zero_2050,AETHER plus net-zero 2050,co2_only_screen,CO2-only emulator screen,2078,0.0,6.956718,6.67845,-6.67845,350.0,1.305821,0.0,0.0,1.305821,0.925918,0.832113,0.089684,0.0,0.4,11,9,"FAIR-ready input scaffold, not a FAIR run; species-level non-CO2 and aerosol emissions remain missing."
aether_net_zero_2050__co2_only_screen,aether_net_zero_2050,AETHER plus net-zero 2050,co2_only_screen,CO2-only emulator screen,2079,0.0,6.84767,6.573763,-6.573763,350.0,1.305821,0.0,0.0,1.305821,0.926231,0.833004,0.089115,0.0,0.4,11,9,"FAIR-ready input scaffold, not a FAIR run; species-level non-CO2 and aerosol emissions remain missing."
aether_net_zero_2050__co2_only_screen,aether_net_zero_2050,AETHER plus net-zero 2050,co2_only_screen,CO2-only emulator screen,2080,0.0,6.743707,6.473959,-6.473959,350.0,1.305821,0.0,0.0,1.305821,0.926555,0.833889,0.088566,0.0,0.4,11,9,"FAIR-ready input scaffold, not a FAIR run; species-level non-CO2 and aerosol emissions remain missing."
aether_net_zero_2050__co2_only_screen,aether_net_zero_2050,AETHER plus net-zero 2050,co2_only_screen,CO2-only emulator screen,2081,0.0,6.644237,6.378468,-6.378468,350.0,1.305821,0.0,0.0,1.305821,0.926889,0.83477,0.088033,0.0,0.4,11,9,"FAIR-ready input scaffold, not a FAIR run; species-level non-CO2 and aerosol emissions remain missing."
aether_net_zero_2050__co2_only_screen,aether_net_zero_2050,AETHER plus net-zero 2050,co2_only_screen,CO2-only emulator screen,2082,0.0,6.548758,6.286808,-6.286808,350.0,1.305821,0.0,0.0,1.305821,0.927229,0.835645,0.087513,0.0,0.4,11,9,"FAIR-ready input scaffold, not a FAIR run; species-level non-CO2 and aerosol emissions remain missing."
aether_net_zero_2050__co2_only_screen,aether_net_zero_2050,AETHER plus net-zero 2050,co2_only_screen,CO2-only emulator screen,2083,0.0,6.456839,6.198566,-6.198566,350.0,1.305821,0.0,0.0,1.305821,0.927575,0.836515,0.087005,0.0,0.4,11,9,"FAIR-ready input scaffold, not a FAIR run; species-level non-CO2 and aerosol emissions remain missing."
aether_net_zero_2050__co2_only_screen,aether_net_zero_2050,AETHER plus net-zero 2050,co2_only_screen,CO2-only emulator screen,2084,0.0,6.368114,6.11339,-6.11339,350.0,1.305821,0.0,0.0,1.305821,0.927924,0.83738,0.086507,0.0,0.4,11,9,"FAIR-ready input scaffold, not a FAIR run; species-level non-CO2 and aerosol emissions remain missing."
aether_net_zero_2050__co2_only_screen,aether_net_zero_2050,AETHER plus net-zero 2050,co2_only_screen,CO2-only emulator screen,2085,0.0,6.28227,6.03098,-6.03098,350.0,1.305821,0.0,0.0,1.305821,0.928276,0.83824,0.086017,0.0,0.4,11,9,"FAIR-ready input scaffold, not a FAIR run; species-level non-CO2 and aerosol emissions remain missing."
aether_net_zero_2050__co2_only_screen,aether_net_zero_2050,AETHER plus net-zero 2050,co2_only_screen,CO2-only emulator screen,2086,0.0,6.199039,5.951077,-5.951077,350.0,1.305821,0.0,0.0,1.305821,0.92863,0.839095,0.085534,0.0,0.4,11,9,"FAIR-ready input scaffold, not a FAIR run; species-level non-CO2 and aerosol emissions remain missing."
aether_net_zero_2050__co2_only_screen,aether_net_zero_2050,AETHER plus net-zero 2050,co2_only_screen,CO2-only emulator screen,2087,0.0,6.11819,5.873463,-5.873463,350.0,1.305821,0.0,0.0,1.305821,0.928985,0.839946,0.085058,0.0,0.4,11,9,"FAIR-ready input scaffold, not a FAIR run; species-level non-CO2 and aerosol emissions remain missing."
aether_net_zero_2050__co2_only_screen,aether_net_zero_2050,AETHER plus net-zero 2050,co2_only_screen,CO2-only emulator screen,2088,0.0,6.039527,5.797946,-5.797946,350.0,1.305821,0.0,0.0,1.305821,0.92934,0.840792,0.084587,0.0,0.4,11,9,"FAIR-ready input scaffold, not a FAIR run; species-level non-CO2 and aerosol emissions remain missing."
aether_net_zero_2050__co2_only_screen,aether_net_zero_2050,AETHER plus net-zero 2050,co2_only_screen,CO2-only emulator screen,2089,0.0,5.962879,5.724364,-5.724364,350.0,1.305821,0.0,0.0,1.305821,0.929695,0.841633,0.084121,0.0,0.4,11,9,"FAIR-ready input scaffold, not a FAIR run; species-level non-CO2 and aerosol emissions remain missing."
aether_net_zero_2050__co2_only_screen,aether_net_zero_2050,AETHER plus net-zero 2050,co2_only_screen,CO2-only emulator screen,2090,0.0,5.888099,5.652575,-5.652575,350.0,1.305821,0.0,0.0,1.305821,0.930051,0.84247,0.083659,0.0,0.4,11,9,"FAIR-ready input scaffold, not a FAIR run; species-level non-CO2 and aerosol emissions remain missing."
aether_net_zero_2050__co2_only_screen,aether_net_zero_2050,AETHER plus net-zero 2050,co2_only_screen,CO2-only emulator screen,2091,0.0,5.815061,5.582459,-5.582459,350.0,1.305821,0.0,0.0,1.305821,0.930405,0.843302,0.083202,0.0,0.4,11,9,"FAIR-ready input scaffold, not a FAIR run; species-level non-CO2 and aerosol emissions remain missing."
aether_net_zero_2050__co2_only_screen,aether_net_zero_2050,AETHER plus net-zero 2050,co2_only_screen,CO2-only emulator screen,2092,0.0,5.743655,5.513909,-5.513909,350.0,1.305821,0.0,0.0,1.305821,0.930759,0.844129,0.082748,0.0,0.4,11,9,"FAIR-ready input scaffold, not a FAIR run; species-level non-CO2 and aerosol emissions remain missing."
aether_net_zero_2050__co2_only_screen,aether_net_zero_2050,AETHER plus net-zero 2050,co2_only_screen,CO2-only emulator screen,2093,0.0,5.673785,5.446834,-5.446834,350.0,1.305821,0.0,0.0,1.305821,0.931111,0.844952,0.082298,0.0,0.4,11,9,"FAIR-ready input scaffold, not a FAIR run; species-level non-CO2 and aerosol emissions remain missing."
aether_net_zero_2050__co2_only_screen,aether_net_zero_2050,AETHER plus net-zero 2050,co2_only_screen,CO2-only emulator screen,2094,0.0,5.605368,5.381153,-5.381153,350.0,1.305821,0.0,0.0,1.305821,0.931462,0.845771,0.081851,0.0,0.4,11,9,"FAIR-ready input scaffold, not a FAIR run; species-level non-CO2 and aerosol emissions remain missing."
aether_net_zero_2050__co2_only_screen,aether_net_zero_2050,AETHER plus net-zero 2050,co2_only_screen,CO2-only emulator screen,2095,0.0,5.538329,5.316796,-5.316796,350.0,1.305821,0.0,0.0,1.305821,0.931812,0.846585,0.081407,0.0,0.4,11,9,"FAIR-ready input scaffold, not a FAIR run; species-level non-CO2 and aerosol emissions remain missing."
aether_net_zero_2050__co2_only_screen,aether_net_zero_2050,AETHER plus net-zero 2050,co2_only_screen,CO2-only emulator screen,2096,0.0,5.472605,5.253701,-5.253701,350.0,1.305821,0.0,0.0,1.305821,0.932161,0.847394,0.080966,0.0,0.4,11,9,"FAIR-ready input scaffold, not a FAIR run; species-level non-CO2 and aerosol emissions remain missing."
aether_net_zero_2050__co2_only_screen,aether_net_zero_2050,AETHER plus net-zero 2050,co2_only_screen,CO2-only emulator screen,2097,0.0,5.408138,5.191812,-5.191812,350.0,1.305821,0.0,0.0,1.305821,0.932507,0.8482,0.080528,0.0,0.4,11,9,"FAIR-ready input scaffold, not a FAIR run; species-level non-CO2 and aerosol emissions remain missing."
aether_net_zero_2050__co2_only_screen,aether_net_zero_2050,AETHER plus net-zero 2050,co2_only_screen,CO2-only emulator screen,2098,0.0,5.344878,5.131083,-5.131083,350.0,1.305821,0.0,0.0,1.305821,0.932853,0.849001,0.080092,0.0,0.4,11,9,"FAIR-ready input scaffold, not a FAIR run; species-level non-CO2 and aerosol emissions remain missing."
aether_net_zero_2050__co2_only_screen,aether_net_zero_2050,AETHER plus net-zero 2050,co2_only_screen,CO2-only emulator screen,2099,0.0,5.282779,5.071468,-5.071468,350.0,1.305821,0.0,0.0,1.305821,0.933197,0.849797,0.07966,0.0,0.4,11,9,"FAIR-ready input scaffold, not a FAIR run; species-level non-CO2 and aerosol emissions remain missing."
aether_net_zero_2050__co2_only_screen,aether_net_zero_2050,AETHER plus net-zero 2050,co2_only_screen,CO2-only emulator screen,2100,0.0,5.221801,5.012929,-5.012929,350.0,1.305821,0.0,0.0,1.305821,0.933539,0.850589,0.079229,0.0,0.4,11,9,"FAIR-ready input scaffold, not a FAIR run; species-level non-CO2 and aerosol emissions remain missing."
aether_net_zero_2050__mitigation_with_aerosol_cleanup,aether_net_zero_2050,AETHER plus net-zero 2050,mitigation_with_aerosol_cleanup,Mitigation with aerosol cleanup,2026,42.2,0.0,0.0,42.2,433.940256,2.524677,1.2,-0.7,3.024677,1.613376,0.772719,0.795947,0.0,0.4,11,9,"FAIR-ready input scaffold, not a FAIR run; species-level non-CO2 and aerosol emissions remain missing."
aether_net_zero_2050__mitigation_with_aerosol_cleanup,aether_net_zero_2050,AETHER plus net-zero 2050,mitigation_with_aerosol_cleanup,Mitigation with aerosol cleanup,2027,40.441667,5.0,4.8,35.641667,438.155465,2.579487,1.18125,-0.68125,3.079487,1.627321,0.780705,0.798624,0.0,0.4,11,9,"FAIR-ready input scaffold, not a FAIR run; species-level non-CO2 and aerosol emissions remain missing."
aether_net_zero_2050__mitigation_with_aerosol_cleanup,aether_net_zero_2050,AETHER plus net-zero 2050,mitigation_with_aerosol_cleanup,Mitigation with aerosol cleanup,2028,38.683333,10.0,9.6,29.083333,441.296054,2.619982,1.1625,-0.6625,3.119982,1.642647,0.788748,0.804285,0.0,0.4,11,9,"FAIR-ready input scaffold, not a FAIR run; species-level non-CO2 and aerosol emissions remain missing."
aether_net_zero_2050__mitigation_with_aerosol_cleanup,aether_net_zero_2050,AETHER plus net-zero 2050,mitigation_with_aerosol_cleanup,Mitigation with aerosol cleanup,2029,36.925,15.0,14.4,22.525,443.458938,2.647702,1.14375,-0.64375,3.147702,1.658033,0.79686,0.811203,0.0,0.4,11,9,"FAIR-ready input scaffold, not a FAIR run; species-level non-CO2 and aerosol emissions remain missing."
aether_net_zero_2050__mitigation_with_aerosol_cleanup,aether_net_zero_2050,AETHER plus net-zero 2050,mitigation_with_aerosol_cleanup,Mitigation with aerosol cleanup,2030,35.166667,20.0,19.2,15.966667,444.72236,2.663833,1.125,-0.625,3.163833,1.672507,0.805041,0.818114,0.0,0.4,11,9,"FAIR-ready input scaffold, not a FAIR run; species-level non-CO2 and aerosol emissions remain missing."
aether_net_zero_2050__mitigation_with_aerosol_cleanup,aether_net_zero_2050,AETHER plus net-zero 2050,mitigation_with_aerosol_cleanup,Mitigation with aerosol cleanup,2031,33.408333,25.0,24.0,9.408333,445.149724,2.669279,1.10625,-0.60625,3.169279,1.685357,0.813282,0.824093,0.0,0.4,11,9,"FAIR-ready input scaffold, not a FAIR run; species-level non-CO2 and aerosol emissions remain missing."
aether_net_zero_2050__mitigation_with_aerosol_cleanup,aether_net_zero_2050,AETHER plus net-zero 2050,mitigation_with_aerosol_cleanup,Mitigation with aerosol cleanup,2032,31.65,30.0,28.8,2.85,444.792635,2.664729,1.0875,-0.5875,3.164729,1.696061,0.821567,0.828471,0.0,0.4,11,9,"FAIR-ready input scaffold, not a FAIR run; species-level non-CO2 and aerosol emissions remain missing."
aether_net_zero_2050__mitigation_with_aerosol_cleanup,aether_net_zero_2050,AETHER plus net-zero 2050,mitigation_with_aerosol_cleanup,Mitigation with aerosol cleanup,2033,29.891667,35.0,33.6,-3.708333,443.693317,2.650698,1.06875,-0.56875,3.150698,1.704235,0.829875,0.830769,0.0,0.4,11,9,"FAIR-ready input scaffold, not a FAIR run; species-level non-CO2 and aerosol emissions remain missing."
aether_net_zero_2050__mitigation_with_aerosol_cleanup,aether_net_zero_2050,AETHER plus net-zero 2050,mitigation_with_aerosol_cleanup,Mitigation with aerosol cleanup,2034,28.133333,40.0,38.4,-10.266667,441.886518,2.627563,1.05,-0.55,3.127563,1.709599,0.838181,0.830642,0.0,0.4,11,9,"FAIR-ready input scaffold, not a FAIR run; species-level non-CO2 and aerosol emissions remain missing."
aether_net_zero_2050__mitigation_with_aerosol_cleanup,aether_net_zero_2050,AETHER plus net-zero 2050,mitigation_with_aerosol_cleanup,Mitigation with aerosol cleanup,2035,26.375,45.0,43.2,-16.825,439.401032,2.595582,1.03125,-0.53125,3.095582,1.711946,0.84646,0.827847,0.0,0.4,11,9,"FAIR-ready input scaffold, not a FAIR run; species-level non-CO2 and aerosol emissions remain missing."
aether_net_zero_2050__mitigation_with_aerosol_cleanup,aether_net_zero_2050,AETHER plus net-zero 2050,mitigation_with_aerosol_cleanup,Mitigation with aerosol cleanup,2036,24.616667,50.0,48.0,-23.383333,436.260901,2.554918,1.0125,-0.5125,3.054918,1.711117,0.854682,0.822212,0.0,0.4,11,9,"FAIR-ready input scaffold, not a FAIR run; species-level non-CO2 and aerosol emissions remain missing."
aether_net_zero_2050__mitigation_with_aerosol_cleanup,aether_net_zero_2050,AETHER plus net-zero 2050,mitigation_with_aerosol_cleanup,Mitigation with aerosol cleanup,2037,22.858333,55.0,52.8,-29.941667,432.486371,2.505649,0.99375,-0.49375,3.005649,1.70699,0.862818,0.813614,0.0,0.4,11,9,"FAIR-ready input scaffold, not a FAIR run; species-level non-CO2 and aerosol emissions remain missing."
aether_net_zero_2050__mitigation_with_aerosol_cleanup,aether_net_zero_2050,AETHER plus net-zero 2050,mitigation_with_aerosol_cleanup,Mitigation with aerosol cleanup,2038,21.1,60.0,57.6,-36.5,428.094645,2.44778,0.975,-0.475,2.94778,1.699462,0.870837,0.801963,0.0,0.4,11,9,"FAIR-ready input scaffold, not a FAIR run; species-level non-CO2 and aerosol emissions remain missing."
aether_net_zero_2050__mitigation_with_aerosol_cleanup,aether_net_zero_2050,AETHER plus net-zero 2050,mitigation_with_aerosol_cleanup,Mitigation with aerosol cleanup,2039,19.341667,65.0,62.4,-43.058333,423.10049,2.381248,0.95625,-0.45625,2.881248,1.688442,0.878709,0.787193,0.0,0.4,11,9,"FAIR-ready input scaffold, not a FAIR run; species-level non-CO2 and aerosol emissions remain missing."
aether_net_zero_2050__mitigation_with_aerosol_cleanup,aether_net_zero_2050,AETHER plus net-zero 2050,mitigation_with_aerosol_cleanup,Mitigation with aerosol cleanup,2040,17.583333,70.0,67.2,-49.616667,417.516713,2.305924,0.9375,-0.4375,2.805924,1.673843,0.886402,0.769246,0.0,0.4,11,9,"FAIR-ready input scaffold, not a FAIR run; species-level non-CO2 and aerosol emissions remain missing."
aether_net_zero_2050__mitigation_with_aerosol_cleanup,aether_net_zero_2050,AETHER plus net-zero 2050,mitigation_with_aerosol_cleanup,Mitigation with aerosol cleanup,2041,15.825,75.0,72.0,-56.175,411.354537,2.221619,0.91875,-0.41875,2.721619,1.655578,0.893883,0.748069,0.0,0.4,11,9,"FAIR-ready input scaffold, not a FAIR run; species-level non-CO2 and aerosol emissions remain missing."
aether_net_zero_2050__mitigation_with_aerosol_cleanup,aether_net_zero_2050,AETHER plus net-zero 2050,mitigation_with_aerosol_cleanup,Mitigation with aerosol cleanup,2042,14.066667,80.0,76.8,-62.733333,404.623906,2.128082,0.9,-0.4,2.628082,1.63355,0.901119,0.723611,0.0,0.4,11,9,"FAIR-ready input scaffold, not a FAIR run; species-level non-CO2 and aerosol emissions remain missing."
aether_net_zero_2050__mitigation_with_aerosol_cleanup,aether_net_zero_2050,AETHER plus net-zero 2050,mitigation_with_aerosol_cleanup,Mitigation with aerosol cleanup,2043,12.308333,85.0,81.6,-69.291667,397.333723,2.024997,0.88125,-0.38125,2.524997,1.607653,0.908077,0.69581,0.0,0.4,11,9,"FAIR-ready input scaffold, not a FAIR run; species-level non-CO2 and aerosol emissions remain missing."
aether_net_zero_2050__mitigation_with_aerosol_cleanup,aether_net_zero_2050,AETHER plus net-zero 2050,mitigation_with_aerosol_cleanup,Mitigation with aerosol cleanup,2044,10.55,90.0,86.4,-75.85,389.492039,1.91198,0.8625,-0.3625,2.41198,1.577766,0.914723,0.664597,0.0,0.4,11,9,"FAIR-ready input scaffold, not a FAIR run; species-level non-CO2 and aerosol emissions remain missing."
aether_net_zero_2050__mitigation_with_aerosol_cleanup,aether_net_zero_2050,AETHER plus net-zero 2050,mitigation_with_aerosol_cleanup,Mitigation with aerosol cleanup,2045,8.791667,95.0,91.2,-82.408333,381.10621,1.788575,0.84375,-0.34375,2.288575,1.54375,0.921022,0.629891,0.0,0.4,11,9,"FAIR-ready input scaffold, not a FAIR run; species-level non-CO2 and aerosol emissions remain missing."
aether_net_zero_2050__mitigation_with_aerosol_cleanup,aether_net_zero_2050,AETHER plus net-zero 2050,mitigation_with_aerosol_cleanup,Mitigation with aerosol cleanup,2046,7.033333,100.0,96.0,-88.966667,372.183011,1.654244,0.825,-0.325,2.154244,1.505445,0.926938,0.591592,0.0,0.4,11,9,"FAIR-ready input scaffold, not a FAIR run; species-level non-CO2 and aerosol emissions remain missing."
aether_net_zero_2050__mitigation_with_aerosol_cleanup,aether_net_zero_2050,AETHER plus net-zero 2050,mitigation_with_aerosol_cleanup,Mitigation with aerosol cleanup,2047,5.275,100.0,96.0,-90.725,363.344123,1.517969,0.80625,-0.30625,2.017969,1.463466,0.932433,0.549582,0.0,0.4,11,9,"FAIR-ready input scaffold, not a FAIR run; species-level non-CO2 and aerosol emissions remain missing."
aether_net_zero_2050__mitigation_with_aerosol_cleanup,aether_net_zero_2050,AETHER plus net-zero 2050,mitigation_with_aerosol_cleanup,Mitigation with aerosol cleanup,2048,3.516667,100.0,96.0,-92.483333,354.555144,1.379136,0.7875,-0.2875,1.879136,1.418259,0.937478,0.504481,0.0,0.4,11,9,"FAIR-ready input scaffold, not a FAIR run; species-level non-CO2 and aerosol emissions remain missing."
aether_net_zero_2050__mitigation_with_aerosol_cleanup,aether_net_zero_2050,AETHER plus net-zero 2050,mitigation_with_aerosol_cleanup,Mitigation with aerosol cleanup,2049,1.758333,65.783733,63.152384,-61.39405,350.0,1.305821,0.76875,-0.26875,1.805821,1.375856,0.942046,0.456742,0.0,0.4,11,9,"FAIR-ready input scaffold, not a FAIR run; species-level non-CO2 and aerosol emissions remain missing."
aether_net_zero_2050__mitigation_with_aerosol_cleanup,aether_net_zero_2050,AETHER plus net-zero 2050,mitigation_with_aerosol_cleanup,Mitigation with aerosol cleanup,2050,0.0,26.540361,25.478746,-25.478746,350.0,1.305821,0.75,-0.25,1.805821,1.3418,0.946167,0.41212,0.0,0.4,11,9,"FAIR-ready input scaffold, not a FAIR run; species-level non-CO2 and aerosol emissions remain missing."
aether_net_zero_2050__mitigation_with_aerosol_cleanup,aether_net_zero_2050,AETHER plus net-zero 2050,mitigation_with_aerosol_cleanup,Mitigation with aerosol cleanup,2051,0.0,23.843201,22.889473,-22.889473,350.0,1.305821,0.744,-0.246,1.803821,1.314318,0.949925,0.375852,0.0,0.4,11,9,"FAIR-ready input scaffold, not a FAIR run; species-level non-CO2 and aerosol emissions remain missing."
aether_net_zero_2050__mitigation_with_aerosol_cleanup,aether_net_zero_2050,AETHER plus net-zero 2050,mitigation_with_aerosol_cleanup,Mitigation with aerosol cleanup,2052,0.0,21.541548,20.679886,-20.679886,350.0,1.305821,0.738,-0.242,1.801821,1.292142,0.953387,0.346173,0.0,0.4,11,9,"FAIR-ready input scaffold, not a FAIR run; species-level non-CO2 and aerosol emissions remain missing."
aether_net_zero_2050__mitigation_with_aerosol_cleanup,aether_net_zero_2050,AETHER plus net-zero 2050,mitigation_with_aerosol_cleanup,Mitigation with aerosol cleanup,2053,0.0,19.575,18.792,-18.792,350.0,1.305821,0.732,-0.238,1.799821,1.27425,0.956605,0.321817,0.0,0.4,11,9,"FAIR-ready input scaffold, not a FAIR run; species-level non-CO2 and aerosol emissions remain missing."
aether_net_zero_2050__mitigation_with_aerosol_cleanup,aether_net_zero_2050,AETHER plus net-zero 2050,mitigation_with_aerosol_cleanup,Mitigation with aerosol cleanup,2054,0.0,17.89242,17.176723,-17.176723,350.0,1.305821,0.726,-0.234,1.797821,1.259816,0.959623,0.301763,0.0,0.4,11,9,"FAIR-ready input scaffold, not a FAIR run; species-level non-CO2 and aerosol emissions remain missing."
aether_net_zero_2050__mitigation_with_aerosol_cleanup,aether_net_zero_2050,AETHER plus net-zero 2050,mitigation_with_aerosol_cleanup,Mitigation with aerosol cleanup,2055,0.0,16.450514,15.792493,-15.792493,350.0,1.305821,0.72,-0.23,1.795821,1.248173,0.962475,0.285184,0.0,0.4,11,9,"FAIR-ready input scaffold, not a FAIR run; species-level non-CO2 and aerosol emissions remain missing."
aether_net_zero_2050__mitigation_with_aerosol_cleanup,aether_net_zero_2050,AETHER plus net-zero 2050,mitigation_with_aerosol_cleanup,Mitigation with aerosol cleanup,2056,0.0,15.21263,14.604125,-14.604125,350.0,1.305821,0.714,-0.226,1.793821,1.238781,0.965189,0.271413,0.0,0.4,11,9,"FAIR-ready input scaffold, not a FAIR run; species-level non-CO2 and aerosol emissions remain missing."
aether_net_zero_2050__mitigation_with_aerosol_cleanup,aether_net_zero_2050,AETHER plus net-zero 2050,mitigation_with_aerosol_cleanup,Mitigation with aerosol cleanup,2057,0.0,14.147737,13.581827,-13.581827,350.0,1.305821,0.708,-0.222,1.791821,1.231207,0.967788,0.259913,0.0,0.4,11,9,"FAIR-ready input scaffold, not a FAIR run; species-level non-CO2 and aerosol emissions remain missing."
aether_net_zero_2050__mitigation_with_aerosol_cleanup,aether_net_zero_2050,AETHER plus net-zero 2050,mitigation_with_aerosol_cleanup,Mitigation with aerosol cleanup,2058,0.0,13.22956,12.700378,-12.700378,350.0,1.305821,0.702,-0.218,1.789821,1.225098,0.97029,0.250248,0.0,0.4,11,9,"FAIR-ready input scaffold, not a FAIR run; species-level non-CO2 and aerosol emissions remain missing."
aether_net_zero_2050__mitigation_with_aerosol_cleanup,aether_net_zero_2050,AETHER plus net-zero 2050,mitigation_with_aerosol_cleanup,Mitigation with aerosol cleanup,2059,0.0,12.435855,11.938421,-11.938421,350.0,1.305821,0.696,-0.214,1.787821,1.220171,0.972711,0.242067,0.0,0.4,11,9,"FAIR-ready input scaffold, not a FAIR run; species-level non-CO2 and aerosol emissions remain missing."
aether_net_zero_2050__mitigation_with_aerosol_cleanup,aether_net_zero_2050,AETHER plus net-zero 2050,mitigation_with_aerosol_cleanup,Mitigation with aerosol cleanup,2060,0.0,11.747786,11.277875,-11.277875,350.0,1.305821,0.69,-0.21,1.785821,1.216197,0.975062,0.235087,0.0,0.4,11,9,"FAIR-ready input scaffold, not a FAIR run; species-level non-CO2 and aerosol emissions remain missing."
aether_net_zero_2050__mitigation_with_aerosol_cleanup,aether_net_zero_2050,AETHER plus net-zero 2050,mitigation_with_aerosol_cleanup,Mitigation with aerosol cleanup,2061,0.0,11.149404,10.703427,-10.703427,350.0,1.305821,0.684,-0.206,1.783821,1.21299,0.977353,0.229078,0.0,0.4,11,9,"FAIR-ready input scaffold, not a FAIR run; species-level non-CO2 and aerosol emissions remain missing."
aether_net_zero_2050__mitigation_with_aerosol_cleanup,aether_net_zero_2050,AETHER plus net-zero 2050,mitigation_with_aerosol_cleanup,Mitigation with aerosol cleanup,2062,0.0,10.627202,10.202114,-10.202114,350.0,1.305821,0.678,-0.202,1.781821,1.210403,0.979591,0.223856,0.0,0.4,11,9,"FAIR-ready input scaffold, not a FAIR run; species-level non-CO2 and aerosol emissions remain missing."
aether_net_zero_2050__mitigation_with_aerosol_cleanup,aether_net_zero_2050,AETHER plus net-zero 2050,mitigation_with_aerosol_cleanup,Mitigation with aerosol cleanup,2063,0.0,10.169746,9.762956,-9.762956,350.0,1.305821,0.672,-0.198,1.779821,1.208313,0.981784,0.219271,0.0,0.4,11,9,"FAIR-ready input scaffold, not a FAIR run; species-level non-CO2 and aerosol emissions remain missing."
aether_net_zero_2050__mitigation_with_aerosol_cleanup,aether_net_zero_2050,AETHER plus net-zero 2050,mitigation_with_aerosol_cleanup,Mitigation with aerosol cleanup,2064,0.0,9.767347,9.376654,-9.376654,350.0,1.305821,0.666,-0.194,1.777821,1.206624,0.983936,0.215203,0.0,0.4,11,9,"FAIR-ready input scaffold, not a FAIR run; species-level non-CO2 and aerosol emissions remain missing."
aether_net_zero_2050__mitigation_with_aerosol_cleanup,aether_net_zero_2050,AETHER plus net-zero 2050,mitigation_with_aerosol_cleanup,Mitigation with aerosol cleanup,2065,0.0,9.411805,9.035333,-9.035333,350.0,1.305821,0.66,-0.19,1.775821,1.205256,0.986052,0.211553,0.0,0.4,11,9,"FAIR-ready input scaffold, not a FAIR run; species-level non-CO2 and aerosol emissions remain missing."
aether_net_zero_2050__mitigation_with_aerosol_cleanup,aether_net_zero_2050,AETHER plus net-zero 2050,mitigation_with_aerosol_cleanup,Mitigation with aerosol cleanup,2066,0.0,9.096169,8.732323,-8.732323,350.0,1.305821,0.654,-0.186,1.773821,1.204147,0.988134,0.208245,0.0,0.4,11,9,"FAIR-ready input scaffold, not a FAIR run; species-level non-CO2 and aerosol emissions remain missing."
aether_net_zero_2050__mitigation_with_aerosol_cleanup,aether_net_zero_2050,AETHER plus net-zero 2050,mitigation_with_aerosol_cleanup,Mitigation with aerosol cleanup,2067,0.0,8.814555,8.461973,-8.461973,350.0,1.305821,0.648,-0.182,1.771821,1.203245,0.990186,0.205213,0.0,0.4,11,9,"FAIR-ready input scaffold, not a FAIR run; species-level non-CO2 and aerosol emissions remain missing."
aether_net_zero_2050__mitigation_with_aerosol_cleanup,aether_net_zero_2050,AETHER plus net-zero 2050,mitigation_with_aerosol_cleanup,Mitigation with aerosol cleanup,2068,0.0,8.561976,8.219497,-8.219497,350.0,1.305821,0.642,-0.178,1.769821,1.202509,0.99221,0.202406,0.0,0.4,11,9,"FAIR-ready input scaffold, not a FAIR run; species-level non-CO2 and aerosol emissions remain missing."
aether_net_zero_2050__mitigation_with_aerosol_cleanup,aether_net_zero_2050,AETHER plus net-zero 2050,mitigation_with_aerosol_cleanup,Mitigation with aerosol cleanup,2069,0.0,8.334206,8.000838,-8.000838,350.0,1.305821,0.636,-0.174,1.767821,1.201905,0.994208,0.199784,0.0,0.4,11,9,"FAIR-ready input scaffold, not a FAIR run; species-level non-CO2 and aerosol emissions remain missing."
aether_net_zero_2050__mitigation_with_aerosol_cleanup,aether_net_zero_2050,AETHER plus net-zero 2050,mitigation_with_aerosol_cleanup,Mitigation with aerosol cleanup,2070,0.0,8.127666,7.802559,-7.802559,350.0,1.305821,0.63,-0.17,1.765821,1.201406,0.996181,0.197312,0.0,0.4,11,9,"FAIR-ready input scaffold, not a FAIR run; species-level non-CO2 and aerosol emissions remain missing."
aether_net_zero_2050__mitigation_with_aerosol_cleanup,aether_net_zero_2050,AETHER plus net-zero 2050,mitigation_with_aerosol_cleanup,Mitigation with aerosol cleanup,2071,0.0,7.93932,7.621748,-7.621748,350.0,1.305821,0.624,-0.166,1.763821,1.200991,0.998131,0.194964,0.0,0.4,11,9,"FAIR-ready input scaffold, not a FAIR run; species-level non-CO2 and aerosol emissions remain missing."
aether_net_zero_2050__mitigation_with_aerosol_cleanup,aether_net_zero_2050,AETHER plus net-zero 2050,mitigation_with_aerosol_cleanup,Mitigation with aerosol cleanup,2072,0.0,7.766597,7.455933,-7.455933,350.0,1.305821,0.618,-0.162,1.761821,1.200641,1.000058,0.192717,0.0,0.4,11,9,"FAIR-ready input scaffold, not a FAIR run; species-level non-CO2 and aerosol emissions remain missing."
aether_net_zero_2050__mitigation_with_aerosol_cleanup,aether_net_zero_2050,AETHER plus net-zero 2050,mitigation_with_aerosol_cleanup,Mitigation with aerosol cleanup,2073,0.0,7.607315,7.303022,-7.303022,350.0,1.305821,0.612,-0.158,1.759821,1.200343,1.001963,0.190554,0.0,0.4,11,9,"FAIR-ready input scaffold, not a FAIR run; species-level non-CO2 and aerosol emissions remain missing."
aether_net_zero_2050__mitigation_with_aerosol_cleanup,aether_net_zero_2050,AETHER plus net-zero 2050,mitigation_with_aerosol_cleanup,Mitigation with aerosol cleanup,2074,0.0,7.459623,7.161239,-7.161239,350.0,1.305821,0.606,-0.154,1.757821,1.200086,1.003848,0.188461,0.0,0.4,11,9,"FAIR-ready input scaffold, not a FAIR run; species-level non-CO2 and aerosol emissions remain missing."
aether_net_zero_2050__mitigation_with_aerosol_cleanup,aether_net_zero_2050,AETHER plus net-zero 2050,mitigation_with_aerosol_cleanup,Mitigation with aerosol cleanup,2075,0.0,7.321953,7.029075,-7.029075,350.0,1.305821,0.6,-0.15,1.755821,1.19986,1.005712,0.186426,0.0,0.4,11,9,"FAIR-ready input scaffold, not a FAIR run; species-level non-CO2 and aerosol emissions remain missing."
aether_net_zero_2050__mitigation_with_aerosol_cleanup,aether_net_zero_2050,AETHER plus net-zero 2050,mitigation_with_aerosol_cleanup,Mitigation with aerosol cleanup,2076,0.0,7.192971,6.905252,-6.905252,350.0,1.305821,0.594,-0.146,1.753821,1.199657,1.007557,0.18444,0.0,0.4,11,9,"FAIR-ready input scaffold, not a FAIR run; species-level non-CO2 and aerosol emissions remain missing."
aether_net_zero_2050__mitigation_with_aerosol_cleanup,aether_net_zero_2050,AETHER plus net-zero 2050,mitigation_with_aerosol_cleanup,Mitigation with aerosol cleanup,2077,0.0,7.071546,6.788685,-6.788685,350.0,1.305821,0.588,-0.142,1.751821,1.199471,1.009382,0.182495,0.0,0.4,11,9,"FAIR-ready input scaffold, not a FAIR run; species-level non-CO2 and aerosol emissions remain missing."
aether_net_zero_2050__mitigation_with_aerosol_cleanup,aether_net_zero_2050,AETHER plus net-zero 2050,mitigation_with_aerosol_cleanup,Mitigation with aerosol cleanup,2078,0.0,6.956718,6.67845,-6.67845,350.0,1.305821,0.582,-0.138,1.749821,1.199299,1.011188,0.180585,0.0,0.4,11,9,"FAIR-ready input scaffold, not a FAIR run; species-level non-CO2 and aerosol emissions remain missing."
aether_net_zero_2050__mitigation_with_aerosol_cleanup,aether_net_zero_2050,AETHER plus net-zero 2050,mitigation_with_aerosol_cleanup,Mitigation with aerosol cleanup,2079,0.0,6.84767,6.573763,-6.573763,350.0,1.305821,0.576,-0.134,1.747821,1.199135,1.012975,0.178706,0.0,0.4,11,9,"FAIR-ready input scaffold, not a FAIR run; species-level non-CO2 and aerosol emissions remain missing."
aether_net_zero_2050__mitigation_with_aerosol_cleanup,aether_net_zero_2050,AETHER plus net-zero 2050,mitigation_with_aerosol_cleanup,Mitigation with aerosol cleanup,2080,0.0,6.743707,6.473959,-6.473959,350.0,1.305821,0.57,-0.13,1.745821,1.198977,1.014743,0.176852,0.0,0.4,11,9,"FAIR-ready input scaffold, not a FAIR run; species-level non-CO2 and aerosol emissions remain missing."
aether_net_zero_2050__mitigation_with_aerosol_cleanup,aether_net_zero_2050,AETHER plus net-zero 2050,mitigation_with_aerosol_cleanup,Mitigation with aerosol cleanup,2081,0.0,6.644237,6.378468,-6.378468,350.0,1.305821,0.564,-0.126,1.743821,1.198822,1.016493,0.175022,0.0,0.4,11,9,"FAIR-ready input scaffold, not a FAIR run; species-level non-CO2 and aerosol emissions remain missing."
aether_net_zero_2050__mitigation_with_aerosol_cleanup,aether_net_zero_2050,AETHER plus net-zero 2050,mitigation_with_aerosol_cleanup,Mitigation with aerosol cleanup,2082,0.0,6.548758,6.286808,-6.286808,350.0,1.305821,0.558,-0.122,1.741821,1.198668,1.018225,0.173212,0.0,0.4,11,9,"FAIR-ready input scaffold, not a FAIR run; species-level non-CO2 and aerosol emissions remain missing."
aether_net_zero_2050__mitigation_with_aerosol_cleanup,aether_net_zero_2050,AETHER plus net-zero 2050,mitigation_with_aerosol_cleanup,Mitigation with aerosol cleanup,2083,0.0,6.456839,6.198566,-6.198566,350.0,1.305821,0.552,-0.118,1.739821,1.198513,1.01994,0.17142,0.0,0.4,11,9,"FAIR-ready input scaffold, not a FAIR run; species-level non-CO2 and aerosol emissions remain missing."
aether_net_zero_2050__mitigation_with_aerosol_cleanup,aether_net_zero_2050,AETHER plus net-zero 2050,mitigation_with_aerosol_cleanup,Mitigation with aerosol cleanup,2084,0.0,6.368114,6.11339,-6.11339,350.0,1.305821,0.546,-0.114,1.737821,1.198357,1.021636,0.169645,0.0,0.4,11,9,"FAIR-ready input scaffold, not a FAIR run; species-level non-CO2 and aerosol emissions remain missing."
aether_net_zero_2050__mitigation_with_aerosol_cleanup,aether_net_zero_2050,AETHER plus net-zero 2050,mitigation_with_aerosol_cleanup,Mitigation with aerosol cleanup,2085,0.0,6.28227,6.03098,-6.03098,350.0,1.305821,0.54,-0.11,1.735821,1.198198,1.023315,0.167885,0.0,0.4,11,9,"FAIR-ready input scaffold, not a FAIR run; species-level non-CO2 and aerosol emissions remain missing."
aether_net_zero_2050__mitigation_with_aerosol_cleanup,aether_net_zero_2050,AETHER plus net-zero 2050,mitigation_with_aerosol_cleanup,Mitigation with aerosol cleanup,2086,0.0,6.199039,5.951077,-5.951077,350.0,1.305821,0.534,-0.106,1.733821,1.198035,1.024976,0.166139,0.0,0.4,11,9,"FAIR-ready input scaffold, not a FAIR run; species-level non-CO2 and aerosol emissions remain missing."
aether_net_zero_2050__mitigation_with_aerosol_cleanup,aether_net_zero_2050,AETHER plus net-zero 2050,mitigation_with_aerosol_cleanup,Mitigation with aerosol cleanup,2087,0.0,6.11819,5.873463,-5.873463,350.0,1.305821,0.528,-0.102,1.731821,1.197867,1.02662,0.164405,0.0,0.4,11,9,"FAIR-ready input scaffold, not a FAIR run; species-level non-CO2 and aerosol emissions remain missing."
aether_net_zero_2050__mitigation_with_aerosol_cleanup,aether_net_zero_2050,AETHER plus net-zero 2050,mitigation_with_aerosol_cleanup,Mitigation with aerosol cleanup,2088,0.0,6.039527,5.797946,-5.797946,350.0,1.305821,0.522,-0.098,1.729821,1.197695,1.028247,0.162684,0.0,0.4,11,9,"FAIR-ready input scaffold, not a FAIR run; species-level non-CO2 and aerosol emissions remain missing."
aether_net_zero_2050__mitigation_with_aerosol_cleanup,aether_net_zero_2050,AETHER plus net-zero 2050,mitigation_with_aerosol_cleanup,Mitigation with aerosol cleanup,2089,0.0,5.962879,5.724364,-5.724364,350.0,1.305821,0.516,-0.094,1.727821,1.197517,1.029857,0.160975,0.0,0.4,11,9,"FAIR-ready input scaffold, not a FAIR run; species-level non-CO2 and aerosol emissions remain missing."
aether_net_zero_2050__mitigation_with_aerosol_cleanup,aether_net_zero_2050,AETHER plus net-zero 2050,mitigation_with_aerosol_cleanup,Mitigation with aerosol cleanup,2090,0.0,5.888099,5.652575,-5.652575,350.0,1.305821,0.51,-0.09,1.725821,1.197333,1.03145,0.159277,0.0,0.4,11,9,"FAIR-ready input scaffold, not a FAIR run; species-level non-CO2 and aerosol emissions remain missing."
aether_net_zero_2050__mitigation_with_aerosol_cleanup,aether_net_zero_2050,AETHER plus net-zero 2050,mitigation_with_aerosol_cleanup,Mitigation with aerosol cleanup,2091,0.0,5.815061,5.582459,-5.582459,350.0,1.305821,0.504,-0.086,1.723821,1.197144,1.033026,0.157589,0.0,0.4,11,9,"FAIR-ready input scaffold, not a FAIR run; species-level non-CO2 and aerosol emissions remain missing."
aether_net_zero_2050__mitigation_with_aerosol_cleanup,aether_net_zero_2050,AETHER plus net-zero 2050,mitigation_with_aerosol_cleanup,Mitigation with aerosol cleanup,2092,0.0,5.743655,5.513909,-5.513909,350.0,1.305821,0.498,-0.082,1.721821,1.196948,1.034585,0.155912,0.0,0.4,11,9,"FAIR-ready input scaffold, not a FAIR run; species-level non-CO2 and aerosol emissions remain missing."
aether_net_zero_2050__mitigation_with_aerosol_cleanup,aether_net_zero_2050,AETHER plus net-zero 2050,mitigation_with_aerosol_cleanup,Mitigation with aerosol cleanup,2093,0.0,5.673785,5.446834,-5.446834,350.0,1.305821,0.492,-0.078,1.719821,1.196746,1.036127,0.154245,0.0,0.4,11,9,"FAIR-ready input scaffold, not a FAIR run; species-level non-CO2 and aerosol emissions remain missing."
aether_net_zero_2050__mitigation_with_aerosol_cleanup,aether_net_zero_2050,AETHER plus net-zero 2050,mitigation_with_aerosol_cleanup,Mitigation with aerosol cleanup,2094,0.0,5.605368,5.381153,-5.381153,350.0,1.305821,0.486,-0.074,1.717821,1.196537,1.037653,0.152588,0.0,0.4,11,9,"FAIR-ready input scaffold, not a FAIR run; species-level non-CO2 and aerosol emissions remain missing."
aether_net_zero_2050__mitigation_with_aerosol_cleanup,aether_net_zero_2050,AETHER plus net-zero 2050,mitigation_with_aerosol_cleanup,Mitigation with aerosol cleanup,2095,0.0,5.538329,5.316796,-5.316796,350.0,1.305821,0.48,-0.07,1.715821,1.196322,1.039163,0.15094,0.0,0.4,11,9,"FAIR-ready input scaffold, not a FAIR run; species-level non-CO2 and aerosol emissions remain missing."
aether_net_zero_2050__mitigation_with_aerosol_cleanup,aether_net_zero_2050,AETHER plus net-zero 2050,mitigation_with_aerosol_cleanup,Mitigation with aerosol cleanup,2096,0.0,5.472605,5.253701,-5.253701,350.0,1.305821,0.474,-0.066,1.713821,1.1961,1.040656,0.149302,0.0,0.4,11,9,"FAIR-ready input scaffold, not a FAIR run; species-level non-CO2 and aerosol emissions remain missing."
aether_net_zero_2050__mitigation_with_aerosol_cleanup,aether_net_zero_2050,AETHER plus net-zero 2050,mitigation_with_aerosol_cleanup,Mitigation with aerosol cleanup,2097,0.0,5.408138,5.191812,-5.191812,350.0,1.305821,0.468,-0.062,1.711821,1.195872,1.042132,0.147672,0.0,0.4,11,9,"FAIR-ready input scaffold, not a FAIR run; species-level non-CO2 and aerosol emissions remain missing."
aether_net_zero_2050__mitigation_with_aerosol_cleanup,aether_net_zero_2050,AETHER plus net-zero 2050,mitigation_with_aerosol_cleanup,Mitigation with aerosol cleanup,2098,0.0,5.344878,5.131083,-5.131083,350.0,1.305821,0.462,-0.058,1.709821,1.195636,1.043593,0.146052,0.0,0.4,11,9,"FAIR-ready input scaffold, not a FAIR run; species-level non-CO2 and aerosol emissions remain missing."
aether_net_zero_2050__mitigation_with_aerosol_cleanup,aether_net_zero_2050,AETHER plus net-zero 2050,mitigation_with_aerosol_cleanup,Mitigation with aerosol cleanup,2099,0.0,5.282779,5.071468,-5.071468,350.0,1.305821,0.456,-0.054,1.707821,1.195394,1.045037,0.144441,0.0,0.4,11,9,"FAIR-ready input scaffold, not a FAIR run; species-level non-CO2 and aerosol emissions remain missing."
aether_net_zero_2050__mitigation_with_aerosol_cleanup,aether_net_zero_2050,AETHER plus net-zero 2050,mitigation_with_aerosol_cleanup,Mitigation with aerosol cleanup,2100,0.0,5.221801,5.012929,-5.012929,350.0,1.305821,0.45,-0.05,1.705821,1.195146,1.046466,0.142839,0.0,0.4,11,9,"FAIR-ready input scaffold, not a FAIR run; species-level non-CO2 and aerosol emissions remain missing."
aether_net_zero_2050__nonco2_delay_aerosol_unmasking,aether_net_zero_2050,AETHER plus net-zero 2050,nonco2_delay_aerosol_unmasking,Delayed non-CO2 mitigation plus aerosol unmasking,2026,42.2,0.0,0.0,42.2,433.940256,2.524677,1.2,-0.7,3.024677,1.613376,0.772719,0.795947,0.0,0.4,11,9,"FAIR-ready input scaffold, not a FAIR run; species-level non-CO2 and aerosol emissions remain missing."
aether_net_zero_2050__nonco2_delay_aerosol_unmasking,aether_net_zero_2050,AETHER plus net-zero 2050,nonco2_delay_aerosol_unmasking,Delayed non-CO2 mitigation plus aerosol unmasking,2027,40.441667,5.0,4.8,35.641667,438.155465,2.579487,1.197917,-0.677083,3.10032,1.629057,0.780705,0.798624,0.0,0.4,11,9,"FAIR-ready input scaffold, not a FAIR run; species-level non-CO2 and aerosol emissions remain missing."
aether_net_zero_2050__nonco2_delay_aerosol_unmasking,aether_net_zero_2050,AETHER plus net-zero 2050,nonco2_delay_aerosol_unmasking,Delayed non-CO2 mitigation plus aerosol unmasking,2028,38.683333,10.0,9.6,29.083333,441.296054,2.619982,1.195833,-0.654167,3.161648,1.647528,0.788765,0.805934,0.0,0.4,11,9,"FAIR-ready input scaffold, not a FAIR run; species-level non-CO2 and aerosol emissions remain missing."
aether_net_zero_2050__nonco2_delay_aerosol_unmasking,aether_net_zero_2050,AETHER plus net-zero 2050,nonco2_delay_aerosol_unmasking,Delayed non-CO2 mitigation plus aerosol unmasking,2029,36.925,15.0,14.4,22.525,443.458938,2.647702,1.19375,-0.63125,3.210202,1.667204,0.796923,0.815825,0.0,0.4,11,9,"FAIR-ready input scaffold, not a FAIR run; species-level non-CO2 and aerosol emissions remain missing."
aether_net_zero_2050__nonco2_delay_aerosol_unmasking,aether_net_zero_2050,AETHER plus net-zero 2050,nonco2_delay_aerosol_unmasking,Delayed non-CO2 mitigation plus aerosol unmasking,2030,35.166667,20.0,19.2,15.966667,444.72236,2.663833,1.191667,-0.608333,3.247166,1.686901,0.805191,0.826767,0.0,0.4,11,9,"FAIR-ready input scaffold, not a FAIR run; species-level non-CO2 and aerosol emissions remain missing."
aether_net_zero_2050__nonco2_delay_aerosol_unmasking,aether_net_zero_2050,AETHER plus net-zero 2050,nonco2_delay_aerosol_unmasking,Delayed non-CO2 mitigation plus aerosol unmasking,2031,33.408333,25.0,24.0,9.408333,445.149724,2.669279,1.189583,-0.585417,3.273445,1.705733,0.813567,0.837625,0.0,0.4,11,9,"FAIR-ready input scaffold, not a FAIR run; species-level non-CO2 and aerosol emissions remain missing."
aether_net_zero_2050__nonco2_delay_aerosol_unmasking,aether_net_zero_2050,AETHER plus net-zero 2050,nonco2_delay_aerosol_unmasking,Delayed non-CO2 mitigation plus aerosol unmasking,2032,31.65,30.0,28.8,2.85,444.792635,2.664729,1.1875,-0.5625,3.289729,1.723038,0.822042,0.847558,0.0,0.4,11,9,"FAIR-ready input scaffold, not a FAIR run; species-level non-CO2 and aerosol emissions remain missing."
aether_net_zero_2050__nonco2_delay_aerosol_unmasking,aether_net_zero_2050,AETHER plus net-zero 2050,nonco2_delay_aerosol_unmasking,Delayed non-CO2 mitigation plus aerosol unmasking,2033,29.891667,35.0,33.6,-3.708333,443.693317,2.650698,1.185417,-0.539583,3.296532,1.738322,0.830602,0.855946,0.0,0.4,11,9,"FAIR-ready input scaffold, not a FAIR run; species-level non-CO2 and aerosol emissions remain missing."
aether_net_zero_2050__nonco2_delay_aerosol_unmasking,aether_net_zero_2050,AETHER plus net-zero 2050,nonco2_delay_aerosol_unmasking,Delayed non-CO2 mitigation plus aerosol unmasking,2034,28.133333,40.0,38.4,-10.266667,441.886518,2.627563,1.183333,-0.516667,3.294229,1.751213,0.839225,0.862334,0.0,0.4,11,9,"FAIR-ready input scaffold, not a FAIR run; species-level non-CO2 and aerosol emissions remain missing."
aether_net_zero_2050__nonco2_delay_aerosol_unmasking,aether_net_zero_2050,AETHER plus net-zero 2050,nonco2_delay_aerosol_unmasking,Delayed non-CO2 mitigation plus aerosol unmasking,2035,26.375,45.0,43.2,-16.825,439.401032,2.595582,1.18125,-0.49375,3.283082,1.76143,0.847889,0.866388,0.0,0.4,11,9,"FAIR-ready input scaffold, not a FAIR run; species-level non-CO2 and aerosol emissions remain missing."
aether_net_zero_2050__nonco2_delay_aerosol_unmasking,aether_net_zero_2050,AETHER plus net-zero 2050,nonco2_delay_aerosol_unmasking,Delayed non-CO2 mitigation plus aerosol unmasking,2036,24.616667,50.0,48.0,-23.383333,436.260901,2.554918,1.179167,-0.470833,3.263251,1.768756,0.856568,0.867864,0.0,0.4,11,9,"FAIR-ready input scaffold, not a FAIR run; species-level non-CO2 and aerosol emissions remain missing."
aether_net_zero_2050__nonco2_delay_aerosol_unmasking,aether_net_zero_2050,AETHER plus net-zero 2050,nonco2_delay_aerosol_unmasking,Delayed non-CO2 mitigation plus aerosol unmasking,2037,22.858333,55.0,52.8,-29.941667,432.486371,2.505649,1.177083,-0.447917,3.234816,1.77302,0.865234,0.866579,0.0,0.4,11,9,"FAIR-ready input scaffold, not a FAIR run; species-level non-CO2 and aerosol emissions remain missing."
aether_net_zero_2050__nonco2_delay_aerosol_unmasking,aether_net_zero_2050,AETHER plus net-zero 2050,nonco2_delay_aerosol_unmasking,Delayed non-CO2 mitigation plus aerosol unmasking,2038,21.1,60.0,57.6,-36.5,428.094645,2.44778,1.175,-0.425,3.19778,1.774081,0.873857,0.862397,0.0,0.4,11,9,"FAIR-ready input scaffold, not a FAIR run; species-level non-CO2 and aerosol emissions remain missing."
aether_net_zero_2050__nonco2_delay_aerosol_unmasking,aether_net_zero_2050,AETHER plus net-zero 2050,nonco2_delay_aerosol_unmasking,Delayed non-CO2 mitigation plus aerosol unmasking,2039,19.341667,65.0,62.4,-43.058333,423.10049,2.381248,1.172917,-0.402083,3.152081,1.771816,0.88241,0.855212,0.0,0.4,11,9,"FAIR-ready input scaffold, not a FAIR run; species-level non-CO2 and aerosol emissions remain missing."
aether_net_zero_2050__nonco2_delay_aerosol_unmasking,aether_net_zero_2050,AETHER plus net-zero 2050,nonco2_delay_aerosol_unmasking,Delayed non-CO2 mitigation plus aerosol unmasking,2040,17.583333,70.0,67.2,-49.616667,417.516713,2.305924,1.170833,-0.379167,3.09759,1.766114,0.890859,0.844936,0.0,0.4,11,9,"FAIR-ready input scaffold, not a FAIR run; species-level non-CO2 and aerosol emissions remain missing."
aether_net_zero_2050__nonco2_delay_aerosol_unmasking,aether_net_zero_2050,AETHER plus net-zero 2050,nonco2_delay_aerosol_unmasking,Delayed non-CO2 mitigation plus aerosol unmasking,2041,15.825,75.0,72.0,-56.175,411.354537,2.221619,1.16875,-0.35625,3.034119,1.756865,0.899174,0.831492,0.0,0.4,11,9,"FAIR-ready input scaffold, not a FAIR run; species-level non-CO2 and aerosol emissions remain missing."
aether_net_zero_2050__nonco2_delay_aerosol_unmasking,aether_net_zero_2050,AETHER plus net-zero 2050,nonco2_delay_aerosol_unmasking,Delayed non-CO2 mitigation plus aerosol unmasking,2042,14.066667,80.0,76.8,-62.733333,404.623906,2.128082,1.166667,-0.333333,2.961415,1.743958,0.907322,0.814807,0.0,0.4,11,9,"FAIR-ready input scaffold, not a FAIR run; species-level non-CO2 and aerosol emissions remain missing."
aether_net_zero_2050__nonco2_delay_aerosol_unmasking,aether_net_zero_2050,AETHER plus net-zero 2050,nonco2_delay_aerosol_unmasking,Delayed non-CO2 mitigation plus aerosol unmasking,2043,12.308333,85.0,81.6,-69.291667,397.333723,2.024997,1.164583,-0.310417,2.879163,1.727273,0.91527,0.794804,0.0,0.4,11,9,"FAIR-ready input scaffold, not a FAIR run; species-level non-CO2 and aerosol emissions remain missing."
aether_net_zero_2050__nonco2_delay_aerosol_unmasking,aether_net_zero_2050,AETHER plus net-zero 2050,nonco2_delay_aerosol_unmasking,Delayed non-CO2 mitigation plus aerosol unmasking,2044,10.55,90.0,86.4,-75.85,389.492039,1.91198,1.1625,-0.2875,2.78698,1.706677,0.922984,0.771403,0.0,0.4,11,9,"FAIR-ready input scaffold, not a FAIR run; species-level non-CO2 and aerosol emissions remain missing."
aether_net_zero_2050__nonco2_delay_aerosol_unmasking,aether_net_zero_2050,AETHER plus net-zero 2050,nonco2_delay_aerosol_unmasking,Delayed non-CO2 mitigation plus aerosol unmasking,2045,8.791667,95.0,91.2,-82.408333,381.10621,1.788575,1.160417,-0.264583,2.684409,1.682023,0.930429,0.744508,0.0,0.4,11,9,"FAIR-ready input scaffold, not a FAIR run; species-level non-CO2 and aerosol emissions remain missing."
aether_net_zero_2050__nonco2_delay_aerosol_unmasking,aether_net_zero_2050,AETHER plus net-zero 2050,nonco2_delay_aerosol_unmasking,Delayed non-CO2 mitigation plus aerosol unmasking,2046,7.033333,100.0,96.0,-88.966667,372.183011,1.654244,1.158333,-0.241667,2.570911,1.653144,0.937569,0.714014,0.0,0.4,11,9,"FAIR-ready input scaffold, not a FAIR run; species-level non-CO2 and aerosol emissions remain missing."
aether_net_zero_2050__nonco2_delay_aerosol_unmasking,aether_net_zero_2050,AETHER plus net-zero 2050,nonco2_delay_aerosol_unmasking,Delayed non-CO2 mitigation plus aerosol unmasking,2047,5.275,100.0,96.0,-90.725,363.344123,1.517969,1.15625,-0.21875,2.455469,1.620648,0.944367,0.679796,0.0,0.4,11,9,"FAIR-ready input scaffold, not a FAIR run; species-level non-CO2 and aerosol emissions remain missing."
aether_net_zero_2050__nonco2_delay_aerosol_unmasking,aether_net_zero_2050,AETHER plus net-zero 2050,nonco2_delay_aerosol_unmasking,Delayed non-CO2 mitigation plus aerosol unmasking,2048,3.516667,100.0,96.0,-92.483333,354.555144,1.379136,1.154167,-0.195833,2.337469,1.584978,0.950792,0.642467,0.0,0.4,11,9,"FAIR-ready input scaffold, not a FAIR run; species-level non-CO2 and aerosol emissions remain missing."
aether_net_zero_2050__nonco2_delay_aerosol_unmasking,aether_net_zero_2050,AETHER plus net-zero 2050,nonco2_delay_aerosol_unmasking,Delayed non-CO2 mitigation plus aerosol unmasking,2049,1.758333,65.783733,63.152384,-61.39405,350.0,1.305821,1.152083,-0.172917,2.284988,1.55216,0.956817,0.602476,0.0,0.4,11,9,"FAIR-ready input scaffold, not a FAIR run; species-level non-CO2 and aerosol emissions remain missing."
aether_net_zero_2050__nonco2_delay_aerosol_unmasking,aether_net_zero_2050,AETHER plus net-zero 2050,nonco2_delay_aerosol_unmasking,Delayed non-CO2 mitigation plus aerosol unmasking,2050,0.0,26.540361,25.478746,-25.478746,350.0,1.305821,1.15,-0.15,2.305821,1.527736,0.962472,0.565576,0.0,0.4,11,9,"FAIR-ready input scaffold, not a FAIR run; species-level non-CO2 and aerosol emissions remain missing."
aether_net_zero_2050__nonco2_delay_aerosol_unmasking,aether_net_zero_2050,AETHER plus net-zero 2050,nonco2_delay_aerosol_unmasking,Delayed non-CO2 mitigation plus aerosol unmasking,2051,0.0,23.843201,22.889473,-22.889473,350.0,1.305821,1.148,-0.148,2.305821,1.50836,0.967842,0.537001,0.0,0.4,11,9,"FAIR-ready input scaffold, not a FAIR run; species-level non-CO2 and aerosol emissions remain missing."
aether_net_zero_2050__nonco2_delay_aerosol_unmasking,aether_net_zero_2050,AETHER plus net-zero 2050,nonco2_delay_aerosol_unmasking,Delayed non-CO2 mitigation plus aerosol unmasking,2052,0.0,21.541548,20.679886,-20.679886,350.0,1.305821,1.146,-0.146,2.305821,1.493058,0.972977,0.513492,0.0,0.4,11,9,"FAIR-ready input scaffold, not a FAIR run; species-level non-CO2 and aerosol emissions remain missing."
aether_net_zero_2050__nonco2_delay_aerosol_unmasking,aether_net_zero_2050,AETHER plus net-zero 2050,nonco2_delay_aerosol_unmasking,Delayed non-CO2 mitigation plus aerosol unmasking,2053,0.0,19.575,18.792,-18.792,350.0,1.305821,1.144,-0.144,2.305821,1.481045,0.977918,0.494077,0.0,0.4,11,9,"FAIR-ready input scaffold, not a FAIR run; species-level non-CO2 and aerosol emissions remain missing."
aether_net_zero_2050__nonco2_delay_aerosol_unmasking,aether_net_zero_2050,AETHER plus net-zero 2050,nonco2_delay_aerosol_unmasking,Delayed non-CO2 mitigation plus aerosol unmasking,2054,0.0,17.89242,17.176723,-17.176723,350.0,1.305821,1.142,-0.142,2.305821,1.471685,0.982698,0.47797,0.0,0.4,11,9,"FAIR-ready input scaffold, not a FAIR run; species-level non-CO2 and aerosol emissions remain missing."
aether_net_zero_2050__nonco2_delay_aerosol_unmasking,aether_net_zero_2050,AETHER plus net-zero 2050,nonco2_delay_aerosol_unmasking,Delayed non-CO2 mitigation plus aerosol unmasking,2055,0.0,16.450514,15.792493,-15.792493,350.0,1.305821,1.14,-0.14,2.305821,1.464466,0.987343,0.464538,0.0,0.4,11,9,"FAIR-ready input scaffold, not a FAIR run; species-level non-CO2 and aerosol emissions remain missing."
aether_net_zero_2050__nonco2_delay_aerosol_unmasking,aether_net_zero_2050,AETHER plus net-zero 2050,nonco2_delay_aerosol_unmasking,Delayed non-CO2 mitigation plus aerosol unmasking,2056,0.0,15.21263,14.604125,-14.604125,350.0,1.305821,1.138,-0.138,2.305821,1.458975,0.991876,0.453267,0.0,0.4,11,9,"FAIR-ready input scaffold, not a FAIR run; species-level non-CO2 and aerosol emissions remain missing."
aether_net_zero_2050__nonco2_delay_aerosol_unmasking,aether_net_zero_2050,AETHER plus net-zero 2050,nonco2_delay_aerosol_unmasking,Delayed non-CO2 mitigation plus aerosol unmasking,2057,0.0,14.147737,13.581827,-13.581827,350.0,1.305821,1.136,-0.136,2.305821,1.454877,0.996313,0.443744,0.0,0.4,11,9,"FAIR-ready input scaffold, not a FAIR run; species-level non-CO2 and aerosol emissions remain missing."
aether_net_zero_2050__nonco2_delay_aerosol_unmasking,aether_net_zero_2050,AETHER plus net-zero 2050,nonco2_delay_aerosol_unmasking,Delayed non-CO2 mitigation plus aerosol unmasking,2058,0.0,13.22956,12.700378,-12.700378,350.0,1.305821,1.134,-0.134,2.305821,1.451901,1.00067,0.435635,0.0,0.4,11,9,"FAIR-ready input scaffold, not a FAIR run; species-level non-CO2 and aerosol emissions remain missing."
aether_net_zero_2050__nonco2_delay_aerosol_unmasking,aether_net_zero_2050,AETHER plus net-zero 2050,nonco2_delay_aerosol_unmasking,Delayed non-CO2 mitigation plus aerosol unmasking,2059,0.0,12.435855,11.938421,-11.938421,350.0,1.305821,1.132,-0.132,2.305821,1.449831,1.004956,0.42867,0.0,0.4,11,9,"FAIR-ready input scaffold, not a FAIR run; species-level non-CO2 and aerosol emissions remain missing."
aether_net_zero_2050__nonco2_delay_aerosol_unmasking,aether_net_zero_2050,AETHER plus net-zero 2050,nonco2_delay_aerosol_unmasking,Delayed non-CO2 mitigation plus aerosol unmasking,2060,0.0,11.747786,11.277875,-11.277875,350.0,1.305821,1.13,-0.13,2.305821,1.448491,1.009183,0.422631,0.0,0.4,11,9,"FAIR-ready input scaffold, not a FAIR run; species-level non-CO2 and aerosol emissions remain missing."
aether_net_zero_2050__nonco2_delay_aerosol_unmasking,aether_net_zero_2050,AETHER plus net-zero 2050,nonco2_delay_aerosol_unmasking,Delayed non-CO2 mitigation plus aerosol unmasking,2061,0.0,11.149404,10.703427,-10.703427,350.0,1.305821,1.128,-0.128,2.305821,1.447737,1.013356,0.417343,0.0,0.4,11,9,"FAIR-ready input scaffold, not a FAIR run; species-level non-CO2 and aerosol emissions remain missing."
aether_net_zero_2050__nonco2_delay_aerosol_unmasking,aether_net_zero_2050,AETHER plus net-zero 2050,nonco2_delay_aerosol_unmasking,Delayed non-CO2 mitigation plus aerosol unmasking,2062,0.0,10.627202,10.202114,-10.202114,350.0,1.305821,1.126,-0.126,2.305821,1.447456,1.017483,0.412662,0.0,0.4,11,9,"FAIR-ready input scaffold, not a FAIR run; species-level non-CO2 and aerosol emissions remain missing."
aether_net_zero_2050__nonco2_delay_aerosol_unmasking,aether_net_zero_2050,AETHER plus net-zero 2050,nonco2_delay_aerosol_unmasking,Delayed non-CO2 mitigation plus aerosol unmasking,2063,0.0,10.169746,9.762956,-9.762956,350.0,1.305821,1.124,-0.124,2.305821,1.447554,1.021567,0.408474,0.0,0.4,11,9,"FAIR-ready input scaffold, not a FAIR run; species-level non-CO2 and aerosol emissions remain missing."
aether_net_zero_2050__nonco2_delay_aerosol_unmasking,aether_net_zero_2050,AETHER plus net-zero 2050,nonco2_delay_aerosol_unmasking,Delayed non-CO2 mitigation plus aerosol unmasking,2064,0.0,9.767347,9.376654,-9.376654,350.0,1.305821,1.122,-0.122,2.305821,1.447957,1.025614,0.404687,0.0,0.4,11,9,"FAIR-ready input scaffold, not a FAIR run; species-level non-CO2 and aerosol emissions remain missing."
aether_net_zero_2050__nonco2_delay_aerosol_unmasking,aether_net_zero_2050,AETHER plus net-zero 2050,nonco2_delay_aerosol_unmasking,Delayed non-CO2 mitigation plus aerosol unmasking,2065,0.0,9.411805,9.035333,-9.035333,350.0,1.305821,1.12,-0.12,2.305821,1.448605,1.029627,0.401226,0.0,0.4,11,9,"FAIR-ready input scaffold, not a FAIR run; species-level non-CO2 and aerosol emissions remain missing."
aether_net_zero_2050__nonco2_delay_aerosol_unmasking,aether_net_zero_2050,AETHER plus net-zero 2050,nonco2_delay_aerosol_unmasking,Delayed non-CO2 mitigation plus aerosol unmasking,2066,0.0,9.096169,8.732323,-8.732323,350.0,1.305821,1.118,-0.118,2.305821,1.449448,1.033607,0.398029,0.0,0.4,11,9,"FAIR-ready input scaffold, not a FAIR run; species-level non-CO2 and aerosol emissions remain missing."
aether_net_zero_2050__nonco2_delay_aerosol_unmasking,aether_net_zero_2050,AETHER plus net-zero 2050,nonco2_delay_aerosol_unmasking,Delayed non-CO2 mitigation plus aerosol unmasking,2067,0.0,8.814555,8.461973,-8.461973,350.0,1.305821,1.116,-0.116,2.305821,1.450448,1.037557,0.395049,0.0,0.4,11,9,"FAIR-ready input scaffold, not a FAIR run; species-level non-CO2 and aerosol emissions remain missing."
aether_net_zero_2050__nonco2_delay_aerosol_unmasking,aether_net_zero_2050,AETHER plus net-zero 2050,nonco2_delay_aerosol_unmasking,Delayed non-CO2 mitigation plus aerosol unmasking,2068,0.0,8.561976,8.219497,-8.219497,350.0,1.305821,1.114,-0.114,2.305821,1.451572,1.04148,0.392246,0.0,0.4,11,9,"FAIR-ready input scaffold, not a FAIR run; species-level non-CO2 and aerosol emissions remain missing."
aether_net_zero_2050__nonco2_delay_aerosol_unmasking,aether_net_zero_2050,AETHER plus net-zero 2050,nonco2_delay_aerosol_unmasking,Delayed non-CO2 mitigation plus aerosol unmasking,2069,0.0,8.334206,8.000838,-8.000838,350.0,1.305821,1.112,-0.112,2.305821,1.452795,1.045376,0.389587,0.0,0.4,11,9,"FAIR-ready input scaffold, not a FAIR run; species-level non-CO2 and aerosol emissions remain missing."
aether_net_zero_2050__nonco2_delay_aerosol_unmasking,aether_net_zero_2050,AETHER plus net-zero 2050,nonco2_delay_aerosol_unmasking,Delayed non-CO2 mitigation plus aerosol unmasking,2070,0.0,8.127666,7.802559,-7.802559,350.0,1.305821,1.11,-0.11,2.305821,1.454096,1.049246,0.387048,0.0,0.4,11,9,"FAIR-ready input scaffold, not a FAIR run; species-level non-CO2 and aerosol emissions remain missing."
aether_net_zero_2050__nonco2_delay_aerosol_unmasking,aether_net_zero_2050,AETHER plus net-zero 2050,nonco2_delay_aerosol_unmasking,Delayed non-CO2 mitigation plus aerosol unmasking,2071,0.0,7.93932,7.621748,-7.621748,350.0,1.305821,1.108,-0.108,2.305821,1.455458,1.053092,0.384607,0.0,0.4,11,9,"FAIR-ready input scaffold, not a FAIR run; species-level non-CO2 and aerosol emissions remain missing."
aether_net_zero_2050__nonco2_delay_aerosol_unmasking,aether_net_zero_2050,AETHER plus net-zero 2050,nonco2_delay_aerosol_unmasking,Delayed non-CO2 mitigation plus aerosol unmasking,2072,0.0,7.766597,7.455933,-7.455933,350.0,1.305821,1.106,-0.106,2.305821,1.456868,1.056915,0.382248,0.0,0.4,11,9,"FAIR-ready input scaffold, not a FAIR run; species-level non-CO2 and aerosol emissions remain missing."
aether_net_zero_2050__nonco2_delay_aerosol_unmasking,aether_net_zero_2050,AETHER plus net-zero 2050,nonco2_delay_aerosol_unmasking,Delayed non-CO2 mitigation plus aerosol unmasking,2073,0.0,7.607315,7.303022,-7.303022,350.0,1.305821,1.104,-0.104,2.305821,1.458316,1.060714,0.379956,0.0,0.4,11,9,"FAIR-ready input scaffold, not a FAIR run; species-level non-CO2 and aerosol emissions remain missing."
aether_net_zero_2050__nonco2_delay_aerosol_unmasking,aether_net_zero_2050,AETHER plus net-zero 2050,nonco2_delay_aerosol_unmasking,Delayed non-CO2 mitigation plus aerosol unmasking,2074,0.0,7.459623,7.161239,-7.161239,350.0,1.305821,1.102,-0.102,2.305821,1.459791,1.064491,0.377721,0.0,0.4,11,9,"FAIR-ready input scaffold, not a FAIR run; species-level non-CO2 and aerosol emissions remain missing."
aether_net_zero_2050__nonco2_delay_aerosol_unmasking,aether_net_zero_2050,AETHER plus net-zero 2050,nonco2_delay_aerosol_unmasking,Delayed non-CO2 mitigation plus aerosol unmasking,2075,0.0,7.321953,7.029075,-7.029075,350.0,1.305821,1.1,-0.1,2.305821,1.461288,1.068247,0.375535,0.0,0.4,11,9,"FAIR-ready input scaffold, not a FAIR run; species-level non-CO2 and aerosol emissions remain missing."
aether_net_zero_2050__nonco2_delay_aerosol_unmasking,aether_net_zero_2050,AETHER plus net-zero 2050,nonco2_delay_aerosol_unmasking,Delayed non-CO2 mitigation plus aerosol unmasking,2076,0.0,7.192971,6.905252,-6.905252,350.0,1.305821,1.098,-0.098,2.305821,1.4628,1.071981,0.373389,0.0,0.4,11,9,"FAIR-ready input scaffold, not a FAIR run; species-level non-CO2 and aerosol emissions remain missing."
aether_net_zero_2050__nonco2_delay_aerosol_unmasking,aether_net_zero_2050,AETHER plus net-zero 2050,nonco2_delay_aerosol_unmasking,Delayed non-CO2 mitigation plus aerosol unmasking,2077,0.0,7.071546,6.788685,-6.788685,350.0,1.305821,1.096,-0.096,2.305821,1.464323,1.075694,0.371278,0.0,0.4,11,9,"FAIR-ready input scaffold, not a FAIR run; species-level non-CO2 and aerosol emissions remain missing."
aether_net_zero_2050__nonco2_delay_aerosol_unmasking,aether_net_zero_2050,AETHER plus net-zero 2050,nonco2_delay_aerosol_unmasking,Delayed non-CO2 mitigation plus aerosol unmasking,2078,0.0,6.956718,6.67845,-6.67845,350.0,1.305821,1.094,-0.094,2.305821,1.465853,1.079385,0.369198,0.0,0.4,11,9,"FAIR-ready input scaffold, not a FAIR run; species-level non-CO2 and aerosol emissions remain missing."
aether_net_zero_2050__nonco2_delay_aerosol_unmasking,aether_net_zero_2050,AETHER plus net-zero 2050,nonco2_delay_aerosol_unmasking,Delayed non-CO2 mitigation plus aerosol unmasking,2079,0.0,6.84767,6.573763,-6.573763,350.0,1.305821,1.092,-0.092,2.305821,1.467387,1.083057,0.367144,0.0,0.4,11,9,"FAIR-ready input scaffold, not a FAIR run; species-level non-CO2 and aerosol emissions remain missing."
aether_net_zero_2050__nonco2_delay_aerosol_unmasking,aether_net_zero_2050,AETHER plus net-zero 2050,nonco2_delay_aerosol_unmasking,Delayed non-CO2 mitigation plus aerosol unmasking,2080,0.0,6.743707,6.473959,-6.473959,350.0,1.305821,1.09,-0.09,2.305821,1.468923,1.086708,0.365114,0.0,0.4,11,9,"FAIR-ready input scaffold, not a FAIR run; species-level non-CO2 and aerosol emissions remain missing."
aether_net_zero_2050__nonco2_delay_aerosol_unmasking,aether_net_zero_2050,AETHER plus net-zero 2050,nonco2_delay_aerosol_unmasking,Delayed non-CO2 mitigation plus aerosol unmasking,2081,0.0,6.644237,6.378468,-6.378468,350.0,1.305821,1.088,-0.088,2.305821,1.470459,1.090339,0.363104,0.0,0.4,11,9,"FAIR-ready input scaffold, not a FAIR run; species-level non-CO2 and aerosol emissions remain missing."
aether_net_zero_2050__nonco2_delay_aerosol_unmasking,aether_net_zero_2050,AETHER plus net-zero 2050,nonco2_delay_aerosol_unmasking,Delayed non-CO2 mitigation plus aerosol unmasking,2082,0.0,6.548758,6.286808,-6.286808,350.0,1.305821,1.086,-0.086,2.305821,1.471993,1.09395,0.361114,0.0,0.4,11,9,"FAIR-ready input scaffold, not a FAIR run; species-level non-CO2 and aerosol emissions remain missing."
aether_net_zero_2050__nonco2_delay_aerosol_unmasking,aether_net_zero_2050,AETHER plus net-zero 2050,nonco2_delay_aerosol_unmasking,Delayed non-CO2 mitigation plus aerosol unmasking,2083,0.0,6.456839,6.198566,-6.198566,350.0,1.305821,1.084,-0.084,2.305821,1.473523,1.097542,0.35914,0.0,0.4,11,9,"FAIR-ready input scaffold, not a FAIR run; species-level non-CO2 and aerosol emissions remain missing."
aether_net_zero_2050__nonco2_delay_aerosol_unmasking,aether_net_zero_2050,AETHER plus net-zero 2050,nonco2_delay_aerosol_unmasking,Delayed non-CO2 mitigation plus aerosol unmasking,2084,0.0,6.368114,6.11339,-6.11339,350.0,1.305821,1.082,-0.082,2.305821,1.47505,1.101113,0.357183,0.0,0.4,11,9,"FAIR-ready input scaffold, not a FAIR run; species-level non-CO2 and aerosol emissions remain missing."
aether_net_zero_2050__nonco2_delay_aerosol_unmasking,aether_net_zero_2050,AETHER plus net-zero 2050,nonco2_delay_aerosol_unmasking,Delayed non-CO2 mitigation plus aerosol unmasking,2085,0.0,6.28227,6.03098,-6.03098,350.0,1.305821,1.08,-0.08,2.305821,1.476572,1.104666,0.35524,0.0,0.4,11,9,"FAIR-ready input scaffold, not a FAIR run; species-level non-CO2 and aerosol emissions remain missing."
aether_net_zero_2050__nonco2_delay_aerosol_unmasking,aether_net_zero_2050,AETHER plus net-zero 2050,nonco2_delay_aerosol_unmasking,Delayed non-CO2 mitigation plus aerosol unmasking,2086,0.0,6.199039,5.951077,-5.951077,350.0,1.305821,1.078,-0.078,2.305821,1.478089,1.108199,0.353311,0.0,0.4,11,9,"FAIR-ready input scaffold, not a FAIR run; species-level non-CO2 and aerosol emissions remain missing."
aether_net_zero_2050__nonco2_delay_aerosol_unmasking,aether_net_zero_2050,AETHER plus net-zero 2050,nonco2_delay_aerosol_unmasking,Delayed non-CO2 mitigation plus aerosol unmasking,2087,0.0,6.11819,5.873463,-5.873463,350.0,1.305821,1.076,-0.076,2.305821,1.4796,1.111713,0.351396,0.0,0.4,11,9,"FAIR-ready input scaffold, not a FAIR run; species-level non-CO2 and aerosol emissions remain missing."
aether_net_zero_2050__nonco2_delay_aerosol_unmasking,aether_net_zero_2050,AETHER plus net-zero 2050,nonco2_delay_aerosol_unmasking,Delayed non-CO2 mitigation plus aerosol unmasking,2088,0.0,6.039527,5.797946,-5.797946,350.0,1.305821,1.074,-0.074,2.305821,1.481104,1.115208,0.349493,0.0,0.4,11,9,"FAIR-ready input scaffold, not a FAIR run; species-level non-CO2 and aerosol emissions remain missing."
aether_net_zero_2050__nonco2_delay_aerosol_unmasking,aether_net_zero_2050,AETHER plus net-zero 2050,nonco2_delay_aerosol_unmasking,Delayed non-CO2 mitigation plus aerosol unmasking,2089,0.0,5.962879,5.724364,-5.724364,350.0,1.305821,1.072,-0.072,2.305821,1.482602,1.118684,0.347602,0.0,0.4,11,9,"FAIR-ready input scaffold, not a FAIR run; species-level non-CO2 and aerosol emissions remain missing."
aether_net_zero_2050__nonco2_delay_aerosol_unmasking,aether_net_zero_2050,AETHER plus net-zero 2050,nonco2_delay_aerosol_unmasking,Delayed non-CO2 mitigation plus aerosol unmasking,2090,0.0,5.888099,5.652575,-5.652575,350.0,1.305821,1.07,-0.07,2.305821,1.484093,1.122141,0.345722,0.0,0.4,11,9,"FAIR-ready input scaffold, not a FAIR run; species-level non-CO2 and aerosol emissions remain missing."
aether_net_zero_2050__nonco2_delay_aerosol_unmasking,aether_net_zero_2050,AETHER plus net-zero 2050,nonco2_delay_aerosol_unmasking,Delayed non-CO2 mitigation plus aerosol unmasking,2091,0.0,5.815061,5.582459,-5.582459,350.0,1.305821,1.068,-0.068,2.305821,1.485577,1.12558,0.343854,0.0,0.4,11,9,"FAIR-ready input scaffold, not a FAIR run; species-level non-CO2 and aerosol emissions remain missing."
aether_net_zero_2050__nonco2_delay_aerosol_unmasking,aether_net_zero_2050,AETHER plus net-zero 2050,nonco2_delay_aerosol_unmasking,Delayed non-CO2 mitigation plus aerosol unmasking,2092,0.0,5.743655,5.513909,-5.513909,350.0,1.305821,1.066,-0.066,2.305821,1.487053,1.129,0.341997,0.0,0.4,11,9,"FAIR-ready input scaffold, not a FAIR run; species-level non-CO2 and aerosol emissions remain missing."
aether_net_zero_2050__nonco2_delay_aerosol_unmasking,aether_net_zero_2050,AETHER plus net-zero 2050,nonco2_delay_aerosol_unmasking,Delayed non-CO2 mitigation plus aerosol unmasking,2093,0.0,5.673785,5.446834,-5.446834,350.0,1.305821,1.064,-0.064,2.305821,1.488522,1.132401,0.340151,0.0,0.4,11,9,"FAIR-ready input scaffold, not a FAIR run; species-level non-CO2 and aerosol emissions remain missing."
aether_net_zero_2050__nonco2_delay_aerosol_unmasking,aether_net_zero_2050,AETHER plus net-zero 2050,nonco2_delay_aerosol_unmasking,Delayed non-CO2 mitigation plus aerosol unmasking,2094,0.0,5.605368,5.381153,-5.381153,350.0,1.305821,1.062,-0.062,2.305821,1.489984,1.135784,0.338315,0.0,0.4,11,9,"FAIR-ready input scaffold, not a FAIR run; species-level non-CO2 and aerosol emissions remain missing."
aether_net_zero_2050__nonco2_delay_aerosol_unmasking,aether_net_zero_2050,AETHER plus net-zero 2050,nonco2_delay_aerosol_unmasking,Delayed non-CO2 mitigation plus aerosol unmasking,2095,0.0,5.538329,5.316796,-5.316796,350.0,1.305821,1.06,-0.06,2.305821,1.491439,1.139149,0.33649,0.0,0.4,11,9,"FAIR-ready input scaffold, not a FAIR run; species-level non-CO2 and aerosol emissions remain missing."
aether_net_zero_2050__nonco2_delay_aerosol_unmasking,aether_net_zero_2050,AETHER plus net-zero 2050,nonco2_delay_aerosol_unmasking,Delayed non-CO2 mitigation plus aerosol unmasking,2096,0.0,5.472605,5.253701,-5.253701,350.0,1.305821,1.058,-0.058,2.305821,1.492885,1.142496,0.334675,0.0,0.4,11,9,"FAIR-ready input scaffold, not a FAIR run; species-level non-CO2 and aerosol emissions remain missing."
aether_net_zero_2050__nonco2_delay_aerosol_unmasking,aether_net_zero_2050,AETHER plus net-zero 2050,nonco2_delay_aerosol_unmasking,Delayed non-CO2 mitigation plus aerosol unmasking,2097,0.0,5.408138,5.191812,-5.191812,350.0,1.305821,1.056,-0.056,2.305821,1.494325,1.145825,0.33287,0.0,0.4,11,9,"FAIR-ready input scaffold, not a FAIR run; species-level non-CO2 and aerosol emissions remain missing."
aether_net_zero_2050__nonco2_delay_aerosol_unmasking,aether_net_zero_2050,AETHER plus net-zero 2050,nonco2_delay_aerosol_unmasking,Delayed non-CO2 mitigation plus aerosol unmasking,2098,0.0,5.344878,5.131083,-5.131083,350.0,1.305821,1.054,-0.054,2.305821,1.495756,1.149135,0.331075,0.0,0.4,11,9,"FAIR-ready input scaffold, not a FAIR run; species-level non-CO2 and aerosol emissions remain missing."
aether_net_zero_2050__nonco2_delay_aerosol_unmasking,aether_net_zero_2050,AETHER plus net-zero 2050,nonco2_delay_aerosol_unmasking,Delayed non-CO2 mitigation plus aerosol unmasking,2099,0.0,5.282779,5.071468,-5.071468,350.0,1.305821,1.052,-0.052,2.305821,1.497181,1.152428,0.32929,0.0,0.4,11,9,"FAIR-ready input scaffold, not a FAIR run; species-level non-CO2 and aerosol emissions remain missing."
aether_net_zero_2050__nonco2_delay_aerosol_unmasking,aether_net_zero_2050,AETHER plus net-zero 2050,nonco2_delay_aerosol_unmasking,Delayed non-CO2 mitigation plus aerosol unmasking,2100,0.0,5.221801,5.012929,-5.012929,350.0,1.305821,1.05,-0.05,2.305821,1.498597,1.155703,0.327515,0.0,0.4,11,9,"FAIR-ready input scaffold, not a FAIR run; species-level non-CO2 and aerosol emissions remain missing."
aether_net_zero_2050__active_full_forcing_management,aether_net_zero_2050,AETHER plus net-zero 2050,active_full_forcing_management,Active full-forcing management,2026,42.2,0.0,0.0,42.2,433.940256,2.524677,1.2,-0.7,3.024677,1.613376,0.772719,0.795947,0.0,0.4,11,9,"FAIR-ready input scaffold, not a FAIR run; species-level non-CO2 and aerosol emissions remain missing."
aether_net_zero_2050__active_full_forcing_management,aether_net_zero_2050,AETHER plus net-zero 2050,active_full_forcing_management,Active full-forcing management,2027,40.441667,5.0,4.8,35.641667,438.155465,2.579487,1.172917,-0.677083,3.07532,1.626974,0.780705,0.798624,0.0,0.4,11,9,"FAIR-ready input scaffold, not a FAIR run; species-level non-CO2 and aerosol emissions remain missing."
aether_net_zero_2050__active_full_forcing_management,aether_net_zero_2050,AETHER plus net-zero 2050,active_full_forcing_management,Active full-forcing management,2028,38.683333,10.0,9.6,29.083333,441.296054,2.619982,1.145833,-0.654167,3.111648,1.64167,0.788745,0.803955,0.0,0.4,11,9,"FAIR-ready input scaffold, not a FAIR run; species-level non-CO2 and aerosol emissions remain missing."
aether_net_zero_2050__active_full_forcing_management,aether_net_zero_2050,AETHER plus net-zero 2050,active_full_forcing_management,Active full-forcing management,2029,36.925,15.0,14.4,22.525,443.458938,2.647702,1.11875,-0.63125,3.135202,1.656198,0.796848,0.810279,0.0,0.4,11,9,"FAIR-ready input scaffold, not a FAIR run; species-level non-CO2 and aerosol emissions remain missing."
aether_net_zero_2050__active_full_forcing_management,aether_net_zero_2050,AETHER plus net-zero 2050,active_full_forcing_management,Active full-forcing management,2030,35.166667,20.0,19.2,15.966667,444.72236,2.663833,1.091667,-0.608333,3.147166,1.669628,0.805011,0.816383,0.0,0.4,11,9,"FAIR-ready input scaffold, not a FAIR run; species-level non-CO2 and aerosol emissions remain missing."
aether_net_zero_2050__active_full_forcing_management,aether_net_zero_2050,AETHER plus net-zero 2050,active_full_forcing_management,Active full-forcing management,2031,33.408333,25.0,24.0,9.408333,445.149724,2.669279,1.064583,-0.585417,3.148445,1.681282,0.813225,0.821386,0.0,0.4,11,9,"FAIR-ready input scaffold, not a FAIR run; species-level non-CO2 and aerosol emissions remain missing."
aether_net_zero_2050__active_full_forcing_management,aether_net_zero_2050,AETHER plus net-zero 2050,active_full_forcing_management,Active full-forcing management,2032,31.65,30.0,28.8,2.85,444.792635,2.664729,1.0375,-0.5625,3.139729,1.690665,0.821472,0.824654,0.0,0.4,11,9,"FAIR-ready input scaffold, not a FAIR run; species-level non-CO2 and aerosol emissions remain missing."
aether_net_zero_2050__active_full_forcing_management,aether_net_zero_2050,AETHER plus net-zero 2050,active_full_forcing_management,Active full-forcing management,2033,29.891667,35.0,33.6,-3.708333,443.693317,2.650698,1.010417,-0.539583,3.121532,1.697417,0.829729,0.825734,0.0,0.4,11,9,"FAIR-ready input scaffold, not a FAIR run; species-level non-CO2 and aerosol emissions remain missing."
aether_net_zero_2050__active_full_forcing_management,aether_net_zero_2050,AETHER plus net-zero 2050,active_full_forcing_management,Active full-forcing management,2034,28.133333,40.0,38.4,-10.266667,441.886518,2.627563,0.983333,-0.516667,3.094229,1.701276,0.837972,0.824304,0.0,0.4,11,9,"FAIR-ready input scaffold, not a FAIR run; species-level non-CO2 and aerosol emissions remain missing."
aether_net_zero_2050__active_full_forcing_management,aether_net_zero_2050,AETHER plus net-zero 2050,active_full_forcing_management,Active full-forcing management,2035,26.375,45.0,43.2,-16.825,439.401032,2.595582,0.95625,-0.49375,3.058082,1.702049,0.846174,0.820139,0.0,0.4,11,9,"FAIR-ready input scaffold, not a FAIR run; species-level non-CO2 and aerosol emissions remain missing."
aether_net_zero_2050__active_full_forcing_management,aether_net_zero_2050,AETHER plus net-zero 2050,active_full_forcing_management,Active full-forcing management,2036,24.616667,50.0,48.0,-23.383333,436.260901,2.554918,0.929167,-0.470833,3.013251,1.699589,0.854304,0.813082,0.0,0.4,11,9,"FAIR-ready input scaffold, not a FAIR run; species-level non-CO2 and aerosol emissions remain missing."
aether_net_zero_2050__active_full_forcing_management,aether_net_zero_2050,AETHER plus net-zero 2050,active_full_forcing_management,Active full-forcing management,2037,22.858333,55.0,52.8,-29.941667,432.486371,2.505649,0.902083,-0.447917,2.959816,1.693784,0.862335,0.803021,0.0,0.4,11,9,"FAIR-ready input scaffold, not a FAIR run; species-level non-CO2 and aerosol emissions remain missing."
aether_net_zero_2050__active_full_forcing_management,aether_net_zero_2050,AETHER plus net-zero 2050,active_full_forcing_management,Active full-forcing management,2038,21.1,60.0,57.6,-36.5,428.094645,2.44778,0.875,-0.425,2.89778,1.684538,0.870233,0.789877,0.0,0.4,11,9,"FAIR-ready input scaffold, not a FAIR run; species-level non-CO2 and aerosol emissions remain missing."
aether_net_zero_2050__active_full_forcing_management,aether_net_zero_2050,AETHER plus net-zero 2050,active_full_forcing_management,Active full-forcing management,2039,19.341667,65.0,62.4,-43.058333,423.10049,2.381248,0.847917,-0.402083,2.827081,1.671767,0.877969,0.773589,0.0,0.4,11,9,"FAIR-ready input scaffold, not a FAIR run; species-level non-CO2 and aerosol emissions remain missing."
aether_net_zero_2050__active_full_forcing_management,aether_net_zero_2050,AETHER plus net-zero 2050,active_full_forcing_management,Active full-forcing management,2040,17.583333,70.0,67.2,-49.616667,417.516713,2.305924,0.820833,-0.379167,2.74759,1.655389,0.88551,0.754108,0.0,0.4,11,9,"FAIR-ready input scaffold, not a FAIR run; species-level non-CO2 and aerosol emissions remain missing."
aether_net_zero_2050__active_full_forcing_management,aether_net_zero_2050,AETHER plus net-zero 2050,active_full_forcing_management,Active full-forcing management,2041,15.825,75.0,72.0,-56.175,411.354537,2.221619,0.79375,-0.35625,2.659119,1.63532,0.892824,0.731385,0.0,0.4,11,9,"FAIR-ready input scaffold, not a FAIR run; species-level non-CO2 and aerosol emissions remain missing."
aether_net_zero_2050__active_full_forcing_management,aether_net_zero_2050,AETHER plus net-zero 2050,active_full_forcing_management,Active full-forcing management,2042,14.066667,80.0,76.8,-62.733333,404.623906,2.128082,0.766667,-0.333333,2.561415,1.611468,0.899878,0.705371,0.0,0.4,11,9,"FAIR-ready input scaffold, not a FAIR run; species-level non-CO2 and aerosol emissions remain missing."
aether_net_zero_2050__active_full_forcing_management,aether_net_zero_2050,AETHER plus net-zero 2050,active_full_forcing_management,Active full-forcing management,2043,12.308333,85.0,81.6,-69.291667,397.333723,2.024997,0.739583,-0.310417,2.454163,1.583729,0.906638,0.676011,0.0,0.4,11,9,"FAIR-ready input scaffold, not a FAIR run; species-level non-CO2 and aerosol emissions remain missing."
aether_net_zero_2050__active_full_forcing_management,aether_net_zero_2050,AETHER plus net-zero 2050,active_full_forcing_management,Active full-forcing management,2044,10.55,90.0,86.4,-75.85,389.492039,1.91198,0.7125,-0.2875,2.33698,1.551984,0.91307,0.643236,0.0,0.4,11,9,"FAIR-ready input scaffold, not a FAIR run; species-level non-CO2 and aerosol emissions remain missing."
aether_net_zero_2050__active_full_forcing_management,aether_net_zero_2050,AETHER plus net-zero 2050,active_full_forcing_management,Active full-forcing management,2045,8.791667,95.0,91.2,-82.408333,381.10621,1.788575,0.685417,-0.264583,2.209409,1.516096,0.91914,0.606968,0.0,0.4,11,9,"FAIR-ready input scaffold, not a FAIR run; species-level non-CO2 and aerosol emissions remain missing."
aether_net_zero_2050__active_full_forcing_management,aether_net_zero_2050,AETHER plus net-zero 2050,active_full_forcing_management,Active full-forcing management,2046,7.033333,100.0,96.0,-88.966667,372.183011,1.654244,0.658333,-0.241667,2.070911,1.475906,0.924811,0.567108,0.0,0.4,11,9,"FAIR-ready input scaffold, not a FAIR run; species-level non-CO2 and aerosol emissions remain missing."
aether_net_zero_2050__active_full_forcing_management,aether_net_zero_2050,AETHER plus net-zero 2050,active_full_forcing_management,Active full-forcing management,2047,5.275,100.0,96.0,-90.725,363.344123,1.517969,0.63125,-0.21875,1.930469,1.43203,0.930047,0.52354,0.0,0.4,11,9,"FAIR-ready input scaffold, not a FAIR run; species-level non-CO2 and aerosol emissions remain missing."
aether_net_zero_2050__active_full_forcing_management,aether_net_zero_2050,AETHER plus net-zero 2050,active_full_forcing_management,Active full-forcing management,2048,3.516667,100.0,96.0,-92.483333,354.555144,1.379136,0.604167,-0.195833,1.787469,1.384915,0.934815,0.476884,0.0,0.4,11,9,"FAIR-ready input scaffold, not a FAIR run; species-level non-CO2 and aerosol emissions remain missing."
aether_net_zero_2050__active_full_forcing_management,aether_net_zero_2050,AETHER plus net-zero 2050,active_full_forcing_management,Active full-forcing management,2049,1.758333,65.783733,63.152384,-61.39405,350.0,1.305821,0.577083,-0.172917,1.709988,1.340595,0.939091,0.427595,0.0,0.4,11,9,"FAIR-ready input scaffold, not a FAIR run; species-level non-CO2 and aerosol emissions remain missing."
aether_net_zero_2050__active_full_forcing_management,aether_net_zero_2050,AETHER plus net-zero 2050,active_full_forcing_management,Active full-forcing management,2050,0.0,26.540361,25.478746,-25.478746,350.0,1.305821,0.55,-0.15,1.705821,1.304613,0.942906,0.381428,0.0,0.4,11,9,"FAIR-ready input scaffold, not a FAIR run; species-level non-CO2 and aerosol emissions remain missing."
aether_net_zero_2050__active_full_forcing_management,aether_net_zero_2050,AETHER plus net-zero 2050,active_full_forcing_management,Active full-forcing management,2051,0.0,23.843201,22.889473,-22.889473,350.0,1.305821,0.543,-0.147,1.701821,1.275376,0.946342,0.343622,0.0,0.4,11,9,"FAIR-ready input scaffold, not a FAIR run; species-level non-CO2 and aerosol emissions remain missing."
aether_net_zero_2050__active_full_forcing_management,aether_net_zero_2050,AETHER plus net-zero 2050,active_full_forcing_management,Active full-forcing management,2052,0.0,21.541548,20.679886,-20.679886,350.0,1.305821,0.536,-0.144,1.697821,1.251584,0.949468,0.312582,0.0,0.4,11,9,"FAIR-ready input scaffold, not a FAIR run; species-level non-CO2 and aerosol emissions remain missing."
aether_net_zero_2050__active_full_forcing_management,aether_net_zero_2050,AETHER plus net-zero 2050,active_full_forcing_management,Active full-forcing management,2053,0.0,19.575,18.792,-18.792,350.0,1.305821,0.529,-0.141,1.693821,1.232187,0.952338,0.28701,0.0,0.4,11,9,"FAIR-ready input scaffold, not a FAIR run; species-level non-CO2 and aerosol emissions remain missing."
aether_net_zero_2050__active_full_forcing_management,aether_net_zero_2050,AETHER plus net-zero 2050,active_full_forcing_management,Active full-forcing management,2054,0.0,17.89242,17.176723,-17.176723,350.0,1.305821,0.522,-0.138,1.689821,1.216337,0.954996,0.265857,0.0,0.4,11,9,"FAIR-ready input scaffold, not a FAIR run; species-level non-CO2 and aerosol emissions remain missing."
aether_net_zero_2050__active_full_forcing_management,aether_net_zero_2050,AETHER plus net-zero 2050,active_full_forcing_management,Active full-forcing management,2055,0.0,16.450514,15.792493,-15.792493,350.0,1.305821,0.515,-0.135,1.685821,1.203349,0.957479,0.248273,0.0,0.4,11,9,"FAIR-ready input scaffold, not a FAIR run; species-level non-CO2 and aerosol emissions remain missing."
aether_net_zero_2050__active_full_forcing_management,aether_net_zero_2050,AETHER plus net-zero 2050,active_full_forcing_management,Active full-forcing management,2056,0.0,15.21263,14.604125,-14.604125,350.0,1.305821,0.508,-0.132,1.681821,1.192671,0.959815,0.233576,0.0,0.4,11,9,"FAIR-ready input scaffold, not a FAIR run; species-level non-CO2 and aerosol emissions remain missing."
aether_net_zero_2050__active_full_forcing_management,aether_net_zero_2050,AETHER plus net-zero 2050,active_full_forcing_management,Active full-forcing management,2057,0.0,14.147737,13.581827,-13.581827,350.0,1.305821,0.501,-0.129,1.677821,1.183855,0.962027,0.221213,0.0,0.4,11,9,"FAIR-ready input scaffold, not a FAIR run; species-level non-CO2 and aerosol emissions remain missing."
aether_net_zero_2050__active_full_forcing_management,aether_net_zero_2050,AETHER plus net-zero 2050,active_full_forcing_management,Active full-forcing management,2058,0.0,13.22956,12.700378,-12.700378,350.0,1.305821,0.494,-0.126,1.673821,1.176541,0.964134,0.210736,0.0,0.4,11,9,"FAIR-ready input scaffold, not a FAIR run; species-level non-CO2 and aerosol emissions remain missing."
aether_net_zero_2050__active_full_forcing_management,aether_net_zero_2050,AETHER plus net-zero 2050,active_full_forcing_management,Active full-forcing management,2059,0.0,12.435855,11.938421,-11.938421,350.0,1.305821,0.487,-0.123,1.669821,1.170438,0.966152,0.201786,0.0,0.4,11,9,"FAIR-ready input scaffold, not a FAIR run; species-level non-CO2 and aerosol emissions remain missing."
aether_net_zero_2050__active_full_forcing_management,aether_net_zero_2050,AETHER plus net-zero 2050,active_full_forcing_management,Active full-forcing management,2060,0.0,11.747786,11.277875,-11.277875,350.0,1.305821,0.48,-0.12,1.665821,1.165311,0.968093,0.194072,0.0,0.4,11,9,"FAIR-ready input scaffold, not a FAIR run; species-level non-CO2 and aerosol emissions remain missing."
aether_net_zero_2050__active_full_forcing_management,aether_net_zero_2050,AETHER plus net-zero 2050,active_full_forcing_management,Active full-forcing management,2061,0.0,11.149404,10.703427,-10.703427,350.0,1.305821,0.473,-0.117,1.661821,1.16097,0.969967,0.187357,0.0,0.4,11,9,"FAIR-ready input scaffold, not a FAIR run; species-level non-CO2 and aerosol emissions remain missing."
aether_net_zero_2050__active_full_forcing_management,aether_net_zero_2050,AETHER plus net-zero 2050,active_full_forcing_management,Active full-forcing management,2062,0.0,10.627202,10.202114,-10.202114,350.0,1.305821,0.466,-0.114,1.657821,1.157261,0.971781,0.181453,0.0,0.4,11,9,"FAIR-ready input scaffold, not a FAIR run; species-level non-CO2 and aerosol emissions remain missing."
aether_net_zero_2050__active_full_forcing_management,aether_net_zero_2050,AETHER plus net-zero 2050,active_full_forcing_management,Active full-forcing management,2063,0.0,10.169746,9.762956,-9.762956,350.0,1.305821,0.459,-0.111,1.653821,1.154062,0.973543,0.176206,0.0,0.4,11,9,"FAIR-ready input scaffold, not a FAIR run; species-level non-CO2 and aerosol emissions remain missing."
aether_net_zero_2050__active_full_forcing_management,aether_net_zero_2050,AETHER plus net-zero 2050,active_full_forcing_management,Active full-forcing management,2064,0.0,9.767347,9.376654,-9.376654,350.0,1.305821,0.452,-0.108,1.649821,1.151271,0.975258,0.171493,0.0,0.4,11,9,"FAIR-ready input scaffold, not a FAIR run; species-level non-CO2 and aerosol emissions remain missing."
aether_net_zero_2050__active_full_forcing_management,aether_net_zero_2050,AETHER plus net-zero 2050,active_full_forcing_management,Active full-forcing management,2065,0.0,9.411805,9.035333,-9.035333,350.0,1.305821,0.445,-0.105,1.645821,1.148808,0.97693,0.167212,0.0,0.4,11,9,"FAIR-ready input scaffold, not a FAIR run; species-level non-CO2 and aerosol emissions remain missing."
aether_net_zero_2050__active_full_forcing_management,aether_net_zero_2050,AETHER plus net-zero 2050,active_full_forcing_management,Active full-forcing management,2066,0.0,9.096169,8.732323,-8.732323,350.0,1.305821,0.438,-0.102,1.641821,1.146608,0.978563,0.163284,0.0,0.4,11,9,"FAIR-ready input scaffold, not a FAIR run; species-level non-CO2 and aerosol emissions remain missing."
aether_net_zero_2050__active_full_forcing_management,aether_net_zero_2050,AETHER plus net-zero 2050,active_full_forcing_management,Active full-forcing management,2067,0.0,8.814555,8.461973,-8.461973,350.0,1.305821,0.431,-0.099,1.637821,1.144618,0.980159,0.159642,0.0,0.4,11,9,"FAIR-ready input scaffold, not a FAIR run; species-level non-CO2 and aerosol emissions remain missing."
aether_net_zero_2050__active_full_forcing_management,aether_net_zero_2050,AETHER plus net-zero 2050,active_full_forcing_management,Active full-forcing management,2068,0.0,8.561976,8.219497,-8.219497,350.0,1.305821,0.424,-0.096,1.633821,1.142796,0.981722,0.156236,0.0,0.4,11,9,"FAIR-ready input scaffold, not a FAIR run; species-level non-CO2 and aerosol emissions remain missing."
aether_net_zero_2050__active_full_forcing_management,aether_net_zero_2050,AETHER plus net-zero 2050,active_full_forcing_management,Active full-forcing management,2069,0.0,8.334206,8.000838,-8.000838,350.0,1.305821,0.417,-0.093,1.629821,1.141107,0.983252,0.15302,0.0,0.4,11,9,"FAIR-ready input scaffold, not a FAIR run; species-level non-CO2 and aerosol emissions remain missing."
aether_net_zero_2050__active_full_forcing_management,aether_net_zero_2050,AETHER plus net-zero 2050,active_full_forcing_management,Active full-forcing management,2070,0.0,8.127666,7.802559,-7.802559,350.0,1.305821,0.41,-0.09,1.625821,1.139525,0.984752,0.149963,0.0,0.4,11,9,"FAIR-ready input scaffold, not a FAIR run; species-level non-CO2 and aerosol emissions remain missing."
aether_net_zero_2050__active_full_forcing_management,aether_net_zero_2050,AETHER plus net-zero 2050,active_full_forcing_management,Active full-forcing management,2071,0.0,7.93932,7.621748,-7.621748,350.0,1.305821,0.403,-0.087,1.621821,1.138026,0.986222,0.147034,0.0,0.4,11,9,"FAIR-ready input scaffold, not a FAIR run; species-level non-CO2 and aerosol emissions remain missing."
aether_net_zero_2050__active_full_forcing_management,aether_net_zero_2050,AETHER plus net-zero 2050,active_full_forcing_management,Active full-forcing management,2072,0.0,7.766597,7.455933,-7.455933,350.0,1.305821,0.396,-0.084,1.617821,1.136592,0.987664,0.144213,0.0,0.4,11,9,"FAIR-ready input scaffold, not a FAIR run; species-level non-CO2 and aerosol emissions remain missing."
aether_net_zero_2050__active_full_forcing_management,aether_net_zero_2050,AETHER plus net-zero 2050,active_full_forcing_management,Active full-forcing management,2073,0.0,7.607315,7.303022,-7.303022,350.0,1.305821,0.389,-0.081,1.613821,1.135209,0.989079,0.141481,0.0,0.4,11,9,"FAIR-ready input scaffold, not a FAIR run; species-level non-CO2 and aerosol emissions remain missing."
aether_net_zero_2050__active_full_forcing_management,aether_net_zero_2050,AETHER plus net-zero 2050,active_full_forcing_management,Active full-forcing management,2074,0.0,7.459623,7.161239,-7.161239,350.0,1.305821,0.382,-0.078,1.609821,1.133865,0.990467,0.138823,0.0,0.4,11,9,"FAIR-ready input scaffold, not a FAIR run; species-level non-CO2 and aerosol emissions remain missing."
aether_net_zero_2050__active_full_forcing_management,aether_net_zero_2050,AETHER plus net-zero 2050,active_full_forcing_management,Active full-forcing management,2075,0.0,7.321953,7.029075,-7.029075,350.0,1.305821,0.375,-0.075,1.605821,1.132551,0.991829,0.136228,0.0,0.4,11,9,"FAIR-ready input scaffold, not a FAIR run; species-level non-CO2 and aerosol emissions remain missing."
aether_net_zero_2050__active_full_forcing_management,aether_net_zero_2050,AETHER plus net-zero 2050,active_full_forcing_management,Active full-forcing management,2076,0.0,7.192971,6.905252,-6.905252,350.0,1.305821,0.368,-0.072,1.601821,1.131259,0.993166,0.133685,0.0,0.4,11,9,"FAIR-ready input scaffold, not a FAIR run; species-level non-CO2 and aerosol emissions remain missing."
aether_net_zero_2050__active_full_forcing_management,aether_net_zero_2050,AETHER plus net-zero 2050,active_full_forcing_management,Active full-forcing management,2077,0.0,7.071546,6.788685,-6.788685,350.0,1.305821,0.361,-0.069,1.597821,1.129982,0.994478,0.131188,0.0,0.4,11,9,"FAIR-ready input scaffold, not a FAIR run; species-level non-CO2 and aerosol emissions remain missing."
aether_net_zero_2050__active_full_forcing_management,aether_net_zero_2050,AETHER plus net-zero 2050,active_full_forcing_management,Active full-forcing management,2078,0.0,6.956718,6.67845,-6.67845,350.0,1.305821,0.354,-0.066,1.593821,1.128717,0.995765,0.128729,0.0,0.4,11,9,"FAIR-ready input scaffold, not a FAIR run; species-level non-CO2 and aerosol emissions remain missing."
aether_net_zero_2050__active_full_forcing_management,aether_net_zero_2050,AETHER plus net-zero 2050,active_full_forcing_management,Active full-forcing management,2079,0.0,6.84767,6.573763,-6.573763,350.0,1.305821,0.347,-0.063,1.589821,1.127459,0.997028,0.126304,0.0,0.4,11,9,"FAIR-ready input scaffold, not a FAIR run; species-level non-CO2 and aerosol emissions remain missing."
aether_net_zero_2050__active_full_forcing_management,aether_net_zero_2050,AETHER plus net-zero 2050,active_full_forcing_management,Active full-forcing management,2080,0.0,6.743707,6.473959,-6.473959,350.0,1.305821,0.34,-0.06,1.585821,1.126204,0.998268,0.123909,0.0,0.4,11,9,"FAIR-ready input scaffold, not a FAIR run; species-level non-CO2 and aerosol emissions remain missing."
aether_net_zero_2050__active_full_forcing_management,aether_net_zero_2050,AETHER plus net-zero 2050,active_full_forcing_management,Active full-forcing management,2081,0.0,6.644237,6.378468,-6.378468,350.0,1.305821,0.333,-0.057,1.581821,1.12495,0.999483,0.121539,0.0,0.4,11,9,"FAIR-ready input scaffold, not a FAIR run; species-level non-CO2 and aerosol emissions remain missing."
aether_net_zero_2050__active_full_forcing_management,aether_net_zero_2050,AETHER plus net-zero 2050,active_full_forcing_management,Active full-forcing management,2082,0.0,6.548758,6.286808,-6.286808,350.0,1.305821,0.326,-0.054,1.577821,1.123695,1.000675,0.119194,0.0,0.4,11,9,"FAIR-ready input scaffold, not a FAIR run; species-level non-CO2 and aerosol emissions remain missing."
aether_net_zero_2050__active_full_forcing_management,aether_net_zero_2050,AETHER plus net-zero 2050,active_full_forcing_management,Active full-forcing management,2083,0.0,6.456839,6.198566,-6.198566,350.0,1.305821,0.319,-0.051,1.573821,1.122438,1.001844,0.116869,0.0,0.4,11,9,"FAIR-ready input scaffold, not a FAIR run; species-level non-CO2 and aerosol emissions remain missing."
aether_net_zero_2050__active_full_forcing_management,aether_net_zero_2050,AETHER plus net-zero 2050,active_full_forcing_management,Active full-forcing management,2084,0.0,6.368114,6.11339,-6.11339,350.0,1.305821,0.312,-0.048,1.569821,1.121176,1.002989,0.114565,0.0,0.4,11,9,"FAIR-ready input scaffold, not a FAIR run; species-level non-CO2 and aerosol emissions remain missing."
aether_net_zero_2050__active_full_forcing_management,aether_net_zero_2050,AETHER plus net-zero 2050,active_full_forcing_management,Active full-forcing management,2085,0.0,6.28227,6.03098,-6.03098,350.0,1.305821,0.305,-0.045,1.565821,1.11991,1.004112,0.112278,0.0,0.4,11,9,"FAIR-ready input scaffold, not a FAIR run; species-level non-CO2 and aerosol emissions remain missing."
aether_net_zero_2050__active_full_forcing_management,aether_net_zero_2050,AETHER plus net-zero 2050,active_full_forcing_management,Active full-forcing management,2086,0.0,6.199039,5.951077,-5.951077,350.0,1.305821,0.298,-0.042,1.561821,1.118638,1.005212,0.110008,0.0,0.4,11,9,"FAIR-ready input scaffold, not a FAIR run; species-level non-CO2 and aerosol emissions remain missing."
aether_net_zero_2050__active_full_forcing_management,aether_net_zero_2050,AETHER plus net-zero 2050,active_full_forcing_management,Active full-forcing management,2087,0.0,6.11819,5.873463,-5.873463,350.0,1.305821,0.291,-0.039,1.557821,1.117359,1.00629,0.107754,0.0,0.4,11,9,"FAIR-ready input scaffold, not a FAIR run; species-level non-CO2 and aerosol emissions remain missing."
aether_net_zero_2050__active_full_forcing_management,aether_net_zero_2050,AETHER plus net-zero 2050,active_full_forcing_management,Active full-forcing management,2088,0.0,6.039527,5.797946,-5.797946,350.0,1.305821,0.284,-0.036,1.553821,1.116072,1.007345,0.105515,0.0,0.4,11,9,"FAIR-ready input scaffold, not a FAIR run; species-level non-CO2 and aerosol emissions remain missing."
aether_net_zero_2050__active_full_forcing_management,aether_net_zero_2050,AETHER plus net-zero 2050,active_full_forcing_management,Active full-forcing management,2089,0.0,5.962879,5.724364,-5.724364,350.0,1.305821,0.277,-0.033,1.549821,1.114779,1.008378,0.103291,0.0,0.4,11,9,"FAIR-ready input scaffold, not a FAIR run; species-level non-CO2 and aerosol emissions remain missing."
aether_net_zero_2050__active_full_forcing_management,aether_net_zero_2050,AETHER plus net-zero 2050,active_full_forcing_management,Active full-forcing management,2090,0.0,5.888099,5.652575,-5.652575,350.0,1.305821,0.27,-0.03,1.545821,1.113477,1.009389,0.101081,0.0,0.4,11,9,"FAIR-ready input scaffold, not a FAIR run; species-level non-CO2 and aerosol emissions remain missing."
aether_net_zero_2050__active_full_forcing_management,aether_net_zero_2050,AETHER plus net-zero 2050,active_full_forcing_management,Active full-forcing management,2091,0.0,5.815061,5.582459,-5.582459,350.0,1.305821,0.263,-0.027,1.541821,1.112167,1.010377,0.098884,0.0,0.4,11,9,"FAIR-ready input scaffold, not a FAIR run; species-level non-CO2 and aerosol emissions remain missing."
aether_net_zero_2050__active_full_forcing_management,aether_net_zero_2050,AETHER plus net-zero 2050,active_full_forcing_management,Active full-forcing management,2092,0.0,5.743655,5.513909,-5.513909,350.0,1.305821,0.256,-0.024,1.537821,1.110849,1.011344,0.0967,0.0,0.4,11,9,"FAIR-ready input scaffold, not a FAIR run; species-level non-CO2 and aerosol emissions remain missing."
aether_net_zero_2050__active_full_forcing_management,aether_net_zero_2050,AETHER plus net-zero 2050,active_full_forcing_management,Active full-forcing management,2093,0.0,5.673785,5.446834,-5.446834,350.0,1.305821,0.249,-0.021,1.533821,1.109522,1.01229,0.094529,0.0,0.4,11,9,"FAIR-ready input scaffold, not a FAIR run; species-level non-CO2 and aerosol emissions remain missing."
aether_net_zero_2050__active_full_forcing_management,aether_net_zero_2050,AETHER plus net-zero 2050,active_full_forcing_management,Active full-forcing management,2094,0.0,5.605368,5.381153,-5.381153,350.0,1.305821,0.242,-0.018,1.529821,1.108187,1.013213,0.092371,0.0,0.4,11,9,"FAIR-ready input scaffold, not a FAIR run; species-level non-CO2 and aerosol emissions remain missing."
aether_net_zero_2050__active_full_forcing_management,aether_net_zero_2050,AETHER plus net-zero 2050,active_full_forcing_management,Active full-forcing management,2095,0.0,5.538329,5.316796,-5.316796,350.0,1.305821,0.235,-0.015,1.525821,1.106843,1.014116,0.090225,0.0,0.4,11,9,"FAIR-ready input scaffold, not a FAIR run; species-level non-CO2 and aerosol emissions remain missing."
aether_net_zero_2050__active_full_forcing_management,aether_net_zero_2050,AETHER plus net-zero 2050,active_full_forcing_management,Active full-forcing management,2096,0.0,5.472605,5.253701,-5.253701,350.0,1.305821,0.228,-0.012,1.521821,1.10549,1.014997,0.088091,0.0,0.4,11,9,"FAIR-ready input scaffold, not a FAIR run; species-level non-CO2 and aerosol emissions remain missing."
aether_net_zero_2050__active_full_forcing_management,aether_net_zero_2050,AETHER plus net-zero 2050,active_full_forcing_management,Active full-forcing management,2097,0.0,5.408138,5.191812,-5.191812,350.0,1.305821,0.221,-0.009,1.517821,1.104128,1.015856,0.085969,0.0,0.4,11,9,"FAIR-ready input scaffold, not a FAIR run; species-level non-CO2 and aerosol emissions remain missing."
aether_net_zero_2050__active_full_forcing_management,aether_net_zero_2050,AETHER plus net-zero 2050,active_full_forcing_management,Active full-forcing management,2098,0.0,5.344878,5.131083,-5.131083,350.0,1.305821,0.214,-0.006,1.513821,1.102758,1.016695,0.083859,0.0,0.4,11,9,"FAIR-ready input scaffold, not a FAIR run; species-level non-CO2 and aerosol emissions remain missing."
aether_net_zero_2050__active_full_forcing_management,aether_net_zero_2050,AETHER plus net-zero 2050,active_full_forcing_management,Active full-forcing management,2099,0.0,5.282779,5.071468,-5.071468,350.0,1.305821,0.207,-0.003,1.509821,1.101379,1.017512,0.08176,0.0,0.4,11,9,"FAIR-ready input scaffold, not a FAIR run; species-level non-CO2 and aerosol emissions remain missing."
aether_net_zero_2050__active_full_forcing_management,aether_net_zero_2050,AETHER plus net-zero 2050,active_full_forcing_management,Active full-forcing management,2100,0.0,5.221801,5.012929,-5.012929,350.0,1.305821,0.2,0.0,1.505821,1.099991,1.018309,0.079673,0.0,0.4,11,9,"FAIR-ready input scaffold, not a FAIR run; species-level non-CO2 and aerosol emissions remain missing."
aether_net_zero_2050_25pct_rebound__co2_only_screen,aether_net_zero_2050_25pct_rebound,"AETHER, net-zero 2050, 25% rebound",co2_only_screen,CO2-only emulator screen,2026,42.2,0.0,0.0,42.2,433.940256,2.524677,0.0,0.0,2.524677,1.352807,0.6561,0.659913,0.0,0.4,11,9,"FAIR-ready input scaffold, not a FAIR run; species-level non-CO2 and aerosol emissions remain missing."
aether_net_zero_2050_25pct_rebound__co2_only_screen,aether_net_zero_2050_25pct_rebound,"AETHER, net-zero 2050, 25% rebound",co2_only_screen,CO2-only emulator screen,2027,41.691667,5.0,4.8,36.891667,438.315722,2.58156,0.0,0.0,2.58156,1.365099,0.662718,0.661872,0.0,0.4,11,9,"FAIR-ready input scaffold, not a FAIR run; species-level non-CO2 and aerosol emissions remain missing."
aether_net_zero_2050_25pct_rebound__co2_only_screen,aether_net_zero_2050_25pct_rebound,"AETHER, net-zero 2050, 25% rebound",co2_only_screen,CO2-only emulator screen,2028,41.183333,10.0,9.6,31.583333,441.76633,2.62602,0.0,0.0,2.62602,1.379306,0.669391,0.667262,0.0,0.4,11,9,"FAIR-ready input scaffold, not a FAIR run; species-level non-CO2 and aerosol emissions remain missing."
aether_net_zero_2050_25pct_rebound__co2_only_screen,aether_net_zero_2050_25pct_rebound,"AETHER, net-zero 2050, 25% rebound",co2_only_screen,CO2-only emulator screen,2029,40.675,15.0,14.4,26.275,444.380442,2.659472,0.0,0.0,2.659472,1.394153,0.676135,0.674419,0.0,0.4,11,9,"FAIR-ready input scaffold, not a FAIR run; species-level non-CO2 and aerosol emissions remain missing."
aether_net_zero_2050_25pct_rebound__co2_only_screen,aether_net_zero_2050_25pct_rebound,"AETHER, net-zero 2050, 25% rebound",co2_only_screen,CO2-only emulator screen,2030,40.166667,20.0,19.2,20.966667,446.229284,2.683012,0.0,0.0,2.683012,1.408699,0.682956,0.682117,0.0,0.4,11,9,"FAIR-ready input scaffold, not a FAIR run; species-level non-CO2 and aerosol emissions remain missing."
aether_net_zero_2050_25pct_rebound__co2_only_screen,aether_net_zero_2050_25pct_rebound,"AETHER, net-zero 2050, 25% rebound",co2_only_screen,CO2-only emulator screen,2031,39.658333,25.0,24.0,15.658333,447.370471,2.697494,0.0,0.0,2.697494,1.422252,0.689851,0.689456,0.0,0.4,11,9,"FAIR-ready input scaffold, not a FAIR run; species-level non-CO2 and aerosol emissions remain missing."
aether_net_zero_2050_25pct_rebound__co2_only_screen,aether_net_zero_2050_25pct_rebound,"AETHER, net-zero 2050, 25% rebound",co2_only_screen,CO2-only emulator screen,2032,39.15,30.0,28.8,10.35,447.850801,2.703578,0.0,0.0,2.703578,1.434306,0.696809,0.695782,0.0,0.4,11,9,"FAIR-ready input scaffold, not a FAIR run; species-level non-CO2 and aerosol emissions remain missing."
aether_net_zero_2050_25pct_rebound__co2_only_screen,aether_net_zero_2050_25pct_rebound,"AETHER, net-zero 2050, 25% rebound",co2_only_screen,CO2-only emulator screen,2033,38.641667,35.0,33.6,5.041667,447.708467,2.701776,0.0,0.0,2.701776,1.444491,0.703815,0.700623,0.0,0.4,11,9,"FAIR-ready input scaffold, not a FAIR run; species-level non-CO2 and aerosol emissions remain missing."
aether_net_zero_2050_25pct_rebound__co2_only_screen,aether_net_zero_2050_25pct_rebound,"AETHER, net-zero 2050, 25% rebound",co2_only_screen,CO2-only emulator screen,2034,38.133333,40.0,38.4,-0.266667,446.974816,2.692477,0.0,0.0,2.692477,1.452537,0.710851,0.703642,0.0,0.4,11,9,"FAIR-ready input scaffold, not a FAIR run; species-level non-CO2 and aerosol emissions remain missing."
aether_net_zero_2050_25pct_rebound__co2_only_screen,aether_net_zero_2050_25pct_rebound,"AETHER, net-zero 2050, 25% rebound",co2_only_screen,CO2-only emulator screen,2035,37.625,45.0,43.2,-5.575,445.675738,2.675974,0.0,0.0,2.675974,1.458249,0.717897,0.704601,0.0,0.4,11,9,"FAIR-ready input scaffold, not a FAIR run; species-level non-CO2 and aerosol emissions remain missing."
aether_net_zero_2050_25pct_rebound__co2_only_screen,aether_net_zero_2050_25pct_rebound,"AETHER, net-zero 2050, 25% rebound",co2_only_screen,CO2-only emulator screen,2036,37.116667,50.0,48.0,-10.883333,443.832773,2.65248,0.0,0.0,2.65248,1.461486,0.724931,0.703334,0.0,0.4,11,9,"FAIR-ready input scaffold, not a FAIR run; species-level non-CO2 and aerosol emissions remain missing."
aether_net_zero_2050_25pct_rebound__co2_only_screen,aether_net_zero_2050_25pct_rebound,"AETHER, net-zero 2050, 25% rebound",co2_only_screen,CO2-only emulator screen,2037,36.608333,55.0,52.8,-16.191667,441.463988,2.622139,0.0,0.0,2.622139,1.462141,0.731928,0.699727,0.0,0.4,11,9,"FAIR-ready input scaffold, not a FAIR run; species-level non-CO2 and aerosol emissions remain missing."
aether_net_zero_2050_25pct_rebound__co2_only_screen,aether_net_zero_2050_25pct_rebound,"AETHER, net-zero 2050, 25% rebound",co2_only_screen,CO2-only emulator screen,2038,36.1,60.0,57.6,-21.5,438.584671,2.585038,0.0,0.0,2.585038,1.460135,0.738865,0.693703,0.0,0.4,11,9,"FAIR-ready input scaffold, not a FAIR run; species-level non-CO2 and aerosol emissions remain missing."
aether_net_zero_2050_25pct_rebound__co2_only_screen,aether_net_zero_2050_25pct_rebound,"AETHER, net-zero 2050, 25% rebound",co2_only_screen,CO2-only emulator screen,2039,35.591667,65.0,62.4,-26.808333,435.207884,2.541216,0.0,0.0,2.541216,1.455405,0.745717,0.685207,0.0,0.4,11,9,"FAIR-ready input scaffold, not a FAIR run; species-level non-CO2 and aerosol emissions remain missing."
aether_net_zero_2050_25pct_rebound__co2_only_screen,aether_net_zero_2050_25pct_rebound,"AETHER, net-zero 2050, 25% rebound",co2_only_screen,CO2-only emulator screen,2040,35.083333,70.0,67.2,-32.116667,431.3449,2.490665,0.0,0.0,2.490665,1.447895,0.752459,0.674203,0.0,0.4,11,9,"FAIR-ready input scaffold, not a FAIR run; species-level non-CO2 and aerosol emissions remain missing."
aether_net_zero_2050_25pct_rebound__co2_only_screen,aether_net_zero_2050_25pct_rebound,"AETHER, net-zero 2050, 25% rebound",co2_only_screen,CO2-only emulator screen,2041,34.575,75.0,72.0,-37.425,427.005549,2.433338,0.0,0.0,2.433338,1.437556,0.759066,0.660664,0.0,0.4,11,9,"FAIR-ready input scaffold, not a FAIR run; species-level non-CO2 and aerosol emissions remain missing."
aether_net_zero_2050_25pct_rebound__co2_only_screen,aether_net_zero_2050_25pct_rebound,"AETHER, net-zero 2050, 25% rebound",co2_only_screen,CO2-only emulator screen,2042,34.066667,80.0,76.8,-42.733333,422.198502,2.369148,0.0,0.0,2.369148,1.424338,0.765511,0.644566,0.0,0.4,11,9,"FAIR-ready input scaffold, not a FAIR run; species-level non-CO2 and aerosol emissions remain missing."
aether_net_zero_2050_25pct_rebound__co2_only_screen,aether_net_zero_2050_25pct_rebound,"AETHER, net-zero 2050, 25% rebound",co2_only_screen,CO2-only emulator screen,2043,33.558333,85.0,81.6,-48.041667,416.931481,2.297971,0.0,0.0,2.297971,1.408188,0.77177,0.625885,0.0,0.4,11,9,"FAIR-ready input scaffold, not a FAIR run; species-level non-CO2 and aerosol emissions remain missing."
aether_net_zero_2050_25pct_rebound__co2_only_screen,aether_net_zero_2050_25pct_rebound,"AETHER, net-zero 2050, 25% rebound",co2_only_screen,CO2-only emulator screen,2044,33.05,90.0,86.4,-53.35,411.211439,2.219646,0.0,0.0,2.219646,1.389048,0.777816,0.604597,0.0,0.4,11,9,"FAIR-ready input scaffold, not a FAIR run; species-level non-CO2 and aerosol emissions remain missing."
aether_net_zero_2050_25pct_rebound__co2_only_screen,aether_net_zero_2050_25pct_rebound,"AETHER, net-zero 2050, 25% rebound",co2_only_screen,CO2-only emulator screen,2045,32.541667,95.0,91.2,-58.658333,405.0447,2.133975,0.0,0.0,2.133975,1.366853,0.783623,0.580671,0.0,0.4,11,9,"FAIR-ready input scaffold, not a FAIR run; species-level non-CO2 and aerosol emissions remain missing."
aether_net_zero_2050_25pct_rebound__co2_only_screen,aether_net_zero_2050_25pct_rebound,"AETHER, net-zero 2050, 25% rebound",co2_only_screen,CO2-only emulator screen,2046,32.033333,100.0,96.0,-63.966667,398.437067,2.040719,0.0,0.0,2.040719,1.341525,0.789164,0.554068,0.0,0.4,11,9,"FAIR-ready input scaffold, not a FAIR run; species-level non-CO2 and aerosol emissions remain missing."
aether_net_zero_2050_25pct_rebound__co2_only_screen,aether_net_zero_2050_25pct_rebound,"AETHER, net-zero 2050, 25% rebound",co2_only_screen,CO2-only emulator screen,2047,30.275,100.0,96.0,-65.725,391.849038,1.946187,0.0,0.0,1.946187,1.313529,0.794411,0.524744,0.0,0.4,11,9,"FAIR-ready input scaffold, not a FAIR run; species-level non-CO2 and aerosol emissions remain missing."
aether_net_zero_2050_25pct_rebound__co2_only_screen,aether_net_zero_2050_25pct_rebound,"AETHER, net-zero 2050, 25% rebound",co2_only_screen,CO2-only emulator screen,2048,28.516667,100.0,96.0,-67.483333,385.255826,1.849976,0.0,0.0,1.849976,1.283203,0.799343,0.493162,0.0,0.4,11,9,"FAIR-ready input scaffold, not a FAIR run; species-level non-CO2 and aerosol emissions remain missing."
aether_net_zero_2050_25pct_rebound__co2_only_screen,aether_net_zero_2050_25pct_rebound,"AETHER, net-zero 2050, 25% rebound",co2_only_screen,CO2-only emulator screen,2049,26.758333,100.0,96.0,-69.241667,378.637834,1.751733,0.0,0.0,1.751733,1.250793,0.803939,0.459668,0.0,0.4,11,9,"FAIR-ready input scaffold, not a FAIR run; species-level non-CO2 and aerosol emissions remain missing."
aether_net_zero_2050_25pct_rebound__co2_only_screen,aether_net_zero_2050_25pct_rebound,"AETHER, net-zero 2050, 25% rebound",co2_only_screen,CO2-only emulator screen,2050,25.0,100.0,96.0,-71.0,371.979586,1.651145,0.0,0.0,1.651145,1.216467,0.808184,0.424511,0.0,0.4,11,9,"FAIR-ready input scaffold, not a FAIR run; species-level non-CO2 and aerosol emissions remain missing."
aether_net_zero_2050_25pct_rebound__co2_only_screen,aether_net_zero_2050_25pct_rebound,"AETHER, net-zero 2050, 25% rebound",co2_only_screen,CO2-only emulator screen,2051,25.0,100.0,96.0,-71.0,365.494294,1.551423,0.0,0.0,1.551423,1.180632,0.812063,0.387869,0.0,0.4,11,9,"FAIR-ready input scaffold, not a FAIR run; species-level non-CO2 and aerosol emissions remain missing."
aether_net_zero_2050_25pct_rebound__co2_only_screen,aether_net_zero_2050_25pct_rebound,"AETHER, net-zero 2050, 25% rebound",co2_only_screen,CO2-only emulator screen,2052,25.0,100.0,96.0,-71.0,359.157569,1.452261,0.0,0.0,1.452261,1.14359,0.815564,0.350141,0.0,0.4,11,9,"FAIR-ready input scaffold, not a FAIR run; species-level non-CO2 and aerosol emissions remain missing."
aether_net_zero_2050_25pct_rebound__co2_only_screen,aether_net_zero_2050_25pct_rebound,"AETHER, net-zero 2050, 25% rebound",co2_only_screen,CO2-only emulator screen,2053,25.0,100.0,96.0,-71.0,352.949793,1.353406,0.0,0.0,1.353406,1.105563,0.818681,0.311624,0.0,0.4,11,9,"FAIR-ready input scaffold, not a FAIR run; species-level non-CO2 and aerosol emissions remain missing."
aether_net_zero_2050_25pct_rebound__co2_only_screen,aether_net_zero_2050_25pct_rebound,"AETHER, net-zero 2050, 25% rebound",co2_only_screen,CO2-only emulator screen,2054,16.36271,65.450841,62.832807,-46.470097,350.0,1.305821,0.0,0.0,1.305821,1.070979,0.821406,0.272538,0.0,0.4,11,9,"FAIR-ready input scaffold, not a FAIR run; species-level non-CO2 and aerosol emissions remain missing."
aether_net_zero_2050_25pct_rebound__co2_only_screen,aether_net_zero_2050_25pct_rebound,"AETHER, net-zero 2050, 25% rebound",co2_only_screen,CO2-only emulator screen,2055,7.971137,31.884546,30.609164,-22.638028,350.0,1.305821,0.0,0.0,1.305821,1.043125,0.823777,0.237095,0.0,0.4,11,9,"FAIR-ready input scaffold, not a FAIR run; species-level non-CO2 and aerosol emissions remain missing."
aether_net_zero_2050_25pct_rebound__co2_only_screen,aether_net_zero_2050_25pct_rebound,"AETHER, net-zero 2050, 25% rebound",co2_only_screen,CO2-only emulator screen,2056,7.207423,28.829691,27.676503,-20.469081,350.0,1.305821,0.0,0.0,1.305821,1.020704,0.825861,0.20838,0.0,0.4,11,9,"FAIR-ready input scaffold, not a FAIR run; species-level non-CO2 and aerosol emissions remain missing."
aether_net_zero_2050_25pct_rebound__co2_only_screen,aether_net_zero_2050_25pct_rebound,"AETHER, net-zero 2050, 25% rebound",co2_only_screen,CO2-only emulator screen,2057,6.554776,26.219103,25.170339,-18.615563,350.0,1.305821,0.0,0.0,1.305821,1.00267,0.827712,0.185101,0.0,0.4,11,9,"FAIR-ready input scaffold, not a FAIR run; species-level non-CO2 and aerosol emissions remain missing."
aether_net_zero_2050_25pct_rebound__co2_only_screen,aether_net_zero_2050_25pct_rebound,"AETHER, net-zero 2050, 25% rebound",co2_only_screen,CO2-only emulator screen,2058,5.996249,23.984997,23.025597,-17.029348,350.0,1.305821,0.0,0.0,1.305821,0.98818,0.829374,0.166211,0.0,0.4,11,9,"FAIR-ready input scaffold, not a FAIR run; species-level non-CO2 and aerosol emissions remain missing."
aether_net_zero_2050_25pct_rebound__co2_only_screen,aether_net_zero_2050_25pct_rebound,"AETHER, net-zero 2050, 25% rebound",co2_only_screen,CO2-only emulator screen,2059,5.517496,22.069982,21.187183,-15.669688,350.0,1.305821,0.0,0.0,1.305821,0.97655,0.830883,0.150865,0.0,0.4,11,9,"FAIR-ready input scaffold, not a FAIR run; species-level non-CO2 and aerosol emissions remain missing."
aether_net_zero_2050_25pct_rebound__co2_only_screen,aether_net_zero_2050_25pct_rebound,"AETHER, net-zero 2050, 25% rebound",co2_only_screen,CO2-only emulator screen,2060,5.106369,20.425474,19.608455,-14.502087,350.0,1.305821,0.0,0.0,1.305821,0.967229,0.832266,0.138384,0.0,0.4,11,9,"FAIR-ready input scaffold, not a FAIR run; species-level non-CO2 and aerosol emissions remain missing."
aether_net_zero_2050_25pct_rebound__co2_only_screen,aether_net_zero_2050_25pct_rebound,"AETHER, net-zero 2050, 25% rebound",co2_only_screen,CO2-only emulator screen,2061,4.752584,19.010336,18.249922,-13.497338,350.0,1.305821,0.0,0.0,1.305821,0.959774,0.833549,0.128215,0.0,0.4,11,9,"FAIR-ready input scaffold, not a FAIR run; species-level non-CO2 and aerosol emissions remain missing."
aether_net_zero_2050_25pct_rebound__co2_only_screen,aether_net_zero_2050_25pct_rebound,"AETHER, net-zero 2050, 25% rebound",co2_only_screen,CO2-only emulator screen,2062,4.447435,17.789739,17.07815,-12.630715,350.0,1.305821,0.0,0.0,1.305821,0.953824,0.834748,0.119914,0.0,0.4,11,9,"FAIR-ready input scaffold, not a FAIR run; species-level non-CO2 and aerosol emissions remain missing."
aether_net_zero_2050_25pct_rebound__co2_only_screen,aether_net_zero_2050_25pct_rebound,"AETHER, net-zero 2050, 25% rebound",co2_only_screen,CO2-only emulator screen,2063,4.183549,16.734195,16.064828,-11.881279,350.0,1.305821,0.0,0.0,1.305821,0.94909,0.835879,0.113123,0.0,0.4,11,9,"FAIR-ready input scaffold, not a FAIR run; species-level non-CO2 and aerosol emissions remain missing."
aether_net_zero_2050_25pct_rebound__co2_only_screen,aether_net_zero_2050_25pct_rebound,"AETHER, net-zero 2050, 25% rebound",co2_only_screen,CO2-only emulator screen,2064,3.954684,15.818736,15.185986,-11.231302,350.0,1.305821,0.0,0.0,1.305821,0.945337,0.836954,0.107551,0.0,0.4,11,9,"FAIR-ready input scaffold, not a FAIR run; species-level non-CO2 and aerosol emissions remain missing."
aether_net_zero_2050_25pct_rebound__co2_only_screen,aether_net_zero_2050_25pct_rebound,"AETHER, net-zero 2050, 25% rebound",co2_only_screen,CO2-only emulator screen,2065,3.755554,15.022217,14.421329,-10.665774,350.0,1.305821,0.0,0.0,1.305821,0.942376,0.837984,0.102963,0.0,0.4,11,9,"FAIR-ready input scaffold, not a FAIR run; species-level non-CO2 and aerosol emissions remain missing."
aether_net_zero_2050_25pct_rebound__co2_only_screen,aether_net_zero_2050_25pct_rebound,"AETHER, net-zero 2050, 25% rebound",co2_only_screen,CO2-only emulator screen,2066,3.581684,14.326737,13.753667,-10.171983,350.0,1.305821,0.0,0.0,1.305821,0.940054,0.838976,0.099172,0.0,0.4,11,9,"FAIR-ready input scaffold, not a FAIR run; species-level non-CO2 and aerosol emissions remain missing."
aether_net_zero_2050_25pct_rebound__co2_only_screen,aether_net_zero_2050_25pct_rebound,"AETHER, net-zero 2050, 25% rebound",co2_only_screen,CO2-only emulator screen,2067,3.429283,13.717133,13.168448,-9.739165,350.0,1.305821,0.0,0.0,1.305821,0.938248,0.839936,0.096024,0.0,0.4,11,9,"FAIR-ready input scaffold, not a FAIR run; species-level non-CO2 and aerosol emissions remain missing."
aether_net_zero_2050_25pct_rebound__co2_only_screen,aether_net_zero_2050_25pct_rebound,"AETHER, net-zero 2050, 25% rebound",co2_only_screen,CO2-only emulator screen,2068,3.295142,13.180567,12.653344,-9.358202,350.0,1.305821,0.0,0.0,1.305821,0.936858,0.84087,0.093396,0.0,0.4,11,9,"FAIR-ready input scaffold, not a FAIR run; species-level non-CO2 and aerosol emissions remain missing."
aether_net_zero_2050_25pct_rebound__co2_only_screen,aether_net_zero_2050_25pct_rebound,"AETHER, net-zero 2050, 25% rebound",co2_only_screen,CO2-only emulator screen,2069,3.17654,12.706162,12.197915,-9.021375,350.0,1.305821,0.0,0.0,1.305821,0.935804,0.841782,0.091188,0.0,0.4,11,9,"FAIR-ready input scaffold, not a FAIR run; species-level non-CO2 and aerosol emissions remain missing."
aether_net_zero_2050_25pct_rebound__co2_only_screen,aether_net_zero_2050_25pct_rebound,"AETHER, net-zero 2050, 25% rebound",co2_only_screen,CO2-only emulator screen,2070,3.071177,12.284708,11.793319,-8.722142,350.0,1.305821,0.0,0.0,1.305821,0.93502,0.842675,0.089321,0.0,0.4,11,9,"FAIR-ready input scaffold, not a FAIR run; species-level non-CO2 and aerosol emissions remain missing."
aether_net_zero_2050_25pct_rebound__co2_only_screen,aether_net_zero_2050_25pct_rebound,"AETHER, net-zero 2050, 25% rebound",co2_only_screen,CO2-only emulator screen,2071,2.9771,11.908401,11.432065,-8.454965,350.0,1.305821,0.0,0.0,1.305821,0.934455,0.843552,0.087728,0.0,0.4,11,9,"FAIR-ready input scaffold, not a FAIR run; species-level non-CO2 and aerosol emissions remain missing."
aether_net_zero_2050_25pct_rebound__co2_only_screen,aether_net_zero_2050_25pct_rebound,"AETHER, net-zero 2050, 25% rebound",co2_only_screen,CO2-only emulator screen,2072,2.892658,11.570631,11.107806,-8.215148,350.0,1.305821,0.0,0.0,1.305821,0.934066,0.844416,0.086357,0.0,0.4,11,9,"FAIR-ready input scaffold, not a FAIR run; species-level non-CO2 and aerosol emissions remain missing."
aether_net_zero_2050_25pct_rebound__co2_only_screen,aether_net_zero_2050_25pct_rebound,"AETHER, net-zero 2050, 25% rebound",co2_only_screen,CO2-only emulator screen,2073,2.816449,11.265797,10.815165,-7.998716,350.0,1.305821,0.0,0.0,1.305821,0.933818,0.845268,0.085167,0.0,0.4,11,9,"FAIR-ready input scaffold, not a FAIR run; species-level non-CO2 and aerosol emissions remain missing."
aether_net_zero_2050_25pct_rebound__co2_only_screen,aether_net_zero_2050_25pct_rebound,"AETHER, net-zero 2050, 25% rebound",co2_only_screen,CO2-only emulator screen,2074,2.747288,10.989152,10.549586,-7.802298,350.0,1.305821,0.0,0.0,1.305821,0.933684,0.846109,0.084123,0.0,0.4,11,9,"FAIR-ready input scaffold, not a FAIR run; species-level non-CO2 and aerosol emissions remain missing."
aether_net_zero_2050_25pct_rebound__co2_only_screen,aether_net_zero_2050_25pct_rebound,"AETHER, net-zero 2050, 25% rebound",co2_only_screen,CO2-only emulator screen,2075,2.684168,10.736672,10.307205,-7.623037,350.0,1.305821,0.0,0.0,1.305821,0.933642,0.846941,0.083197,0.0,0.4,11,9,"FAIR-ready input scaffold, not a FAIR run; species-level non-CO2 and aerosol emissions remain missing."
aether_net_zero_2050_25pct_rebound__co2_only_screen,aether_net_zero_2050_25pct_rebound,"AETHER, net-zero 2050, 25% rebound",co2_only_screen,CO2-only emulator screen,2076,2.626237,10.504946,10.084748,-7.458512,350.0,1.305821,0.0,0.0,1.305821,0.933674,0.847764,0.082367,0.0,0.4,11,9,"FAIR-ready input scaffold, not a FAIR run; species-level non-CO2 and aerosol emissions remain missing."
aether_net_zero_2050_25pct_rebound__co2_only_screen,aether_net_zero_2050_25pct_rebound,"AETHER, net-zero 2050, 25% rebound",co2_only_screen,CO2-only emulator screen,2077,2.572771,10.291083,9.879439,-7.306669,350.0,1.305821,0.0,0.0,1.305821,0.933766,0.848581,0.081614,0.0,0.4,11,9,"FAIR-ready input scaffold, not a FAIR run; species-level non-CO2 and aerosol emissions remain missing."
aether_net_zero_2050_25pct_rebound__co2_only_screen,aether_net_zero_2050_25pct_rebound,"AETHER, net-zero 2050, 25% rebound",co2_only_screen,CO2-only emulator screen,2078,2.523157,10.092628,9.688923,-7.165766,350.0,1.305821,0.0,0.0,1.305821,0.933904,0.84939,0.080926,0.0,0.4,11,9,"FAIR-ready input scaffold, not a FAIR run; species-level non-CO2 and aerosol emissions remain missing."
aether_net_zero_2050_25pct_rebound__co2_only_screen,aether_net_zero_2050_25pct_rebound,"AETHER, net-zero 2050, 25% rebound",co2_only_screen,CO2-only emulator screen,2079,2.476875,9.9075,9.5112,-7.034325,350.0,1.305821,0.0,0.0,1.305821,0.934081,0.850193,0.080288,0.0,0.4,11,9,"FAIR-ready input scaffold, not a FAIR run; species-level non-CO2 and aerosol emissions remain missing."
aether_net_zero_2050_25pct_rebound__co2_only_screen,aether_net_zero_2050_25pct_rebound,"AETHER, net-zero 2050, 25% rebound",co2_only_screen,CO2-only emulator screen,2080,2.433483,9.733933,9.344576,-6.911093,350.0,1.305821,0.0,0.0,1.305821,0.934287,0.85099,0.079693,0.0,0.4,11,9,"FAIR-ready input scaffold, not a FAIR run; species-level non-CO2 and aerosol emissions remain missing."
aether_net_zero_2050_25pct_rebound__co2_only_screen,aether_net_zero_2050_25pct_rebound,"AETHER, net-zero 2050, 25% rebound",co2_only_screen,CO2-only emulator screen,2081,2.392607,9.570427,9.18761,-6.795003,350.0,1.305821,0.0,0.0,1.305821,0.934518,0.851781,0.079133,0.0,0.4,11,9,"FAIR-ready input scaffold, not a FAIR run; species-level non-CO2 and aerosol emissions remain missing."
aether_net_zero_2050_25pct_rebound__co2_only_screen,aether_net_zero_2050_25pct_rebound,"AETHER, net-zero 2050, 25% rebound",co2_only_screen,CO2-only emulator screen,2082,2.353926,9.415706,9.039077,-6.685151,350.0,1.305821,0.0,0.0,1.305821,0.934769,0.852567,0.078601,0.0,0.4,11,9,"FAIR-ready input scaffold, not a FAIR run; species-level non-CO2 and aerosol emissions remain missing."
aether_net_zero_2050_25pct_rebound__co2_only_screen,aether_net_zero_2050_25pct_rebound,"AETHER, net-zero 2050, 25% rebound",co2_only_screen,CO2-only emulator screen,2083,2.317172,9.268687,8.897939,-6.580768,350.0,1.305821,0.0,0.0,1.305821,0.935034,0.853348,0.078091,0.0,0.4,11,9,"FAIR-ready input scaffold, not a FAIR run; species-level non-CO2 and aerosol emissions remain missing."
aether_net_zero_2050_25pct_rebound__co2_only_screen,aether_net_zero_2050_25pct_rebound,"AETHER, net-zero 2050, 25% rebound",co2_only_screen,CO2-only emulator screen,2084,2.282112,9.128449,8.763311,-6.481199,350.0,1.305821,0.0,0.0,1.305821,0.935311,0.854124,0.077602,0.0,0.4,11,9,"FAIR-ready input scaffold, not a FAIR run; species-level non-CO2 and aerosol emissions remain missing."
aether_net_zero_2050_25pct_rebound__co2_only_screen,aether_net_zero_2050_25pct_rebound,"AETHER, net-zero 2050, 25% rebound",co2_only_screen,CO2-only emulator screen,2085,2.248552,8.994207,8.634439,-6.385887,350.0,1.305821,0.0,0.0,1.305821,0.935597,0.854895,0.077128,0.0,0.4,11,9,"FAIR-ready input scaffold, not a FAIR run; species-level non-CO2 and aerosol emissions remain missing."
aether_net_zero_2050_25pct_rebound__co2_only_screen,aether_net_zero_2050_25pct_rebound,"AETHER, net-zero 2050, 25% rebound",co2_only_screen,CO2-only emulator screen,2086,2.216324,8.865294,8.510682,-6.294359,350.0,1.305821,0.0,0.0,1.305821,0.935891,0.855662,0.076667,0.0,0.4,11,9,"FAIR-ready input scaffold, not a FAIR run; species-level non-CO2 and aerosol emissions remain missing."
aether_net_zero_2050_25pct_rebound__co2_only_screen,aether_net_zero_2050_25pct_rebound,"AETHER, net-zero 2050, 25% rebound",co2_only_screen,CO2-only emulator screen,2087,2.185285,8.741139,8.391493,-6.206209,350.0,1.305821,0.0,0.0,1.305821,0.93619,0.856424,0.076217,0.0,0.4,11,9,"FAIR-ready input scaffold, not a FAIR run; species-level non-CO2 and aerosol emissions remain missing."
aether_net_zero_2050_25pct_rebound__co2_only_screen,aether_net_zero_2050_25pct_rebound,"AETHER, net-zero 2050, 25% rebound",co2_only_screen,CO2-only emulator screen,2088,2.155314,8.621255,8.276405,-6.121091,350.0,1.305821,0.0,0.0,1.305821,0.936493,0.857182,0.075777,0.0,0.4,11,9,"FAIR-ready input scaffold, not a FAIR run; species-level non-CO2 and aerosol emissions remain missing."
aether_net_zero_2050_25pct_rebound__co2_only_screen,aether_net_zero_2050_25pct_rebound,"AETHER, net-zero 2050, 25% rebound",co2_only_screen,CO2-only emulator screen,2089,2.126307,8.505227,8.165018,-6.038711,350.0,1.305821,0.0,0.0,1.305821,0.936799,0.857935,0.075345,0.0,0.4,11,9,"FAIR-ready input scaffold, not a FAIR run; species-level non-CO2 and aerosol emissions remain missing."
aether_net_zero_2050_25pct_rebound__co2_only_screen,aether_net_zero_2050_25pct_rebound,"AETHER, net-zero 2050, 25% rebound",co2_only_screen,CO2-only emulator screen,2090,2.098175,8.392699,8.056991,-5.958816,350.0,1.305821,0.0,0.0,1.305821,0.937106,0.858685,0.07492,0.0,0.4,11,9,"FAIR-ready input scaffold, not a FAIR run; species-level non-CO2 and aerosol emissions remain missing."
aether_net_zero_2050_25pct_rebound__co2_only_screen,aether_net_zero_2050_25pct_rebound,"AETHER, net-zero 2050, 25% rebound",co2_only_screen,CO2-only emulator screen,2091,2.070841,8.283364,7.95203,-5.881189,350.0,1.305821,0.0,0.0,1.305821,0.937416,0.85943,0.074501,0.0,0.4,11,9,"FAIR-ready input scaffold, not a FAIR run; species-level non-CO2 and aerosol emissions remain missing."
aether_net_zero_2050_25pct_rebound__co2_only_screen,aether_net_zero_2050_25pct_rebound,"AETHER, net-zero 2050, 25% rebound",co2_only_screen,CO2-only emulator screen,2092,2.04424,8.176962,7.849883,-5.805643,350.0,1.305821,0.0,0.0,1.305821,0.937726,0.86017,0.074087,0.0,0.4,11,9,"FAIR-ready input scaffold, not a FAIR run; species-level non-CO2 and aerosol emissions remain missing."
aether_net_zero_2050_25pct_rebound__co2_only_screen,aether_net_zero_2050_25pct_rebound,"AETHER, net-zero 2050, 25% rebound",co2_only_screen,CO2-only emulator screen,2093,2.018316,8.073265,7.750335,-5.732018,350.0,1.305821,0.0,0.0,1.305821,0.938036,0.860907,0.073678,0.0,0.4,11,9,"FAIR-ready input scaffold, not a FAIR run; species-level non-CO2 and aerosol emissions remain missing."
aether_net_zero_2050_25pct_rebound__co2_only_screen,aether_net_zero_2050_25pct_rebound,"AETHER, net-zero 2050, 25% rebound",co2_only_screen,CO2-only emulator screen,2094,1.99302,7.97208,7.653197,-5.660177,350.0,1.305821,0.0,0.0,1.305821,0.938346,0.86164,0.073272,0.0,0.4,11,9,"FAIR-ready input scaffold, not a FAIR run; species-level non-CO2 and aerosol emissions remain missing."
aether_net_zero_2050_25pct_rebound__co2_only_screen,aether_net_zero_2050_25pct_rebound,"AETHER, net-zero 2050, 25% rebound",co2_only_screen,CO2-only emulator screen,2095,1.968309,7.873237,7.558307,-5.589998,350.0,1.305821,0.0,0.0,1.305821,0.938656,0.862369,0.072871,0.0,0.4,11,9,"FAIR-ready input scaffold, not a FAIR run; species-level non-CO2 and aerosol emissions remain missing."
aether_net_zero_2050_25pct_rebound__co2_only_screen,aether_net_zero_2050_25pct_rebound,"AETHER, net-zero 2050, 25% rebound",co2_only_screen,CO2-only emulator screen,2096,1.944147,7.776589,7.465526,-5.521378,350.0,1.305821,0.0,0.0,1.305821,0.938965,0.863093,0.072473,0.0,0.4,11,9,"FAIR-ready input scaffold, not a FAIR run; species-level non-CO2 and aerosol emissions remain missing."
aether_net_zero_2050_25pct_rebound__co2_only_screen,aether_net_zero_2050_25pct_rebound,"AETHER, net-zero 2050, 25% rebound",co2_only_screen,CO2-only emulator screen,2097,1.920503,7.682011,7.37473,-5.454228,350.0,1.305821,0.0,0.0,1.305821,0.939273,0.863814,0.072078,0.0,0.4,11,9,"FAIR-ready input scaffold, not a FAIR run; species-level non-CO2 and aerosol emissions remain missing."
aether_net_zero_2050_25pct_rebound__co2_only_screen,aether_net_zero_2050_25pct_rebound,"AETHER, net-zero 2050, 25% rebound",co2_only_screen,CO2-only emulator screen,2098,1.897347,7.589389,7.285813,-5.388466,350.0,1.305821,0.0,0.0,1.305821,0.93958,0.864531,0.071686,0.0,0.4,11,9,"FAIR-ready input scaffold, not a FAIR run; species-level non-CO2 and aerosol emissions remain missing."
aether_net_zero_2050_25pct_rebound__co2_only_screen,aether_net_zero_2050_25pct_rebound,"AETHER, net-zero 2050, 25% rebound",co2_only_screen,CO2-only emulator screen,2099,1.874657,7.498626,7.198681,-5.324025,350.0,1.305821,0.0,0.0,1.305821,0.939887,0.865244,0.071297,0.0,0.4,11,9,"FAIR-ready input scaffold, not a FAIR run; species-level non-CO2 and aerosol emissions remain missing."
aether_net_zero_2050_25pct_rebound__co2_only_screen,aether_net_zero_2050_25pct_rebound,"AETHER, net-zero 2050, 25% rebound",co2_only_screen,CO2-only emulator screen,2100,1.852409,7.409637,7.113252,-5.260842,350.0,1.305821,0.0,0.0,1.305821,0.940192,0.865953,0.070911,0.0,0.4,11,9,"FAIR-ready input scaffold, not a FAIR run; species-level non-CO2 and aerosol emissions remain missing."
aether_net_zero_2050_25pct_rebound__mitigation_with_aerosol_cleanup,aether_net_zero_2050_25pct_rebound,"AETHER, net-zero 2050, 25% rebound",mitigation_with_aerosol_cleanup,Mitigation with aerosol cleanup,2026,42.2,0.0,0.0,42.2,433.940256,2.524677,1.2,-0.7,3.024677,1.613376,0.772719,0.795947,0.0,0.4,11,9,"FAIR-ready input scaffold, not a FAIR run; species-level non-CO2 and aerosol emissions remain missing."
aether_net_zero_2050_25pct_rebound__mitigation_with_aerosol_cleanup,aether_net_zero_2050_25pct_rebound,"AETHER, net-zero 2050, 25% rebound",mitigation_with_aerosol_cleanup,Mitigation with aerosol cleanup,2027,41.691667,5.0,4.8,36.891667,438.315722,2.58156,1.18125,-0.68125,3.08156,1.627494,0.780705,0.798624,0.0,0.4,11,9,"FAIR-ready input scaffold, not a FAIR run; species-level non-CO2 and aerosol emissions remain missing."
aether_net_zero_2050_25pct_rebound__mitigation_with_aerosol_cleanup,aether_net_zero_2050_25pct_rebound,"AETHER, net-zero 2050, 25% rebound",mitigation_with_aerosol_cleanup,Mitigation with aerosol cleanup,2028,41.183333,10.0,9.6,31.583333,441.76633,2.62602,1.1625,-0.6625,3.12602,1.64329,0.78875,0.804449,0.0,0.4,11,9,"FAIR-ready input scaffold, not a FAIR run; species-level non-CO2 and aerosol emissions remain missing."
aether_net_zero_2050_25pct_rebound__mitigation_with_aerosol_cleanup,aether_net_zero_2050_25pct_rebound,"AETHER, net-zero 2050, 25% rebound",mitigation_with_aerosol_cleanup,Mitigation with aerosol cleanup,2029,40.675,15.0,14.4,26.275,444.380442,2.659472,1.14375,-0.64375,3.159472,1.659536,0.796868,0.811813,0.0,0.4,11,9,"FAIR-ready input scaffold, not a FAIR run; species-level non-CO2 and aerosol emissions remain missing."
aether_net_zero_2050_25pct_rebound__mitigation_with_aerosol_cleanup,aether_net_zero_2050_25pct_rebound,"AETHER, net-zero 2050, 25% rebound",mitigation_with_aerosol_cleanup,Mitigation with aerosol cleanup,2030,40.166667,20.0,19.2,20.966667,446.229284,2.683012,1.125,-0.625,3.183012,1.675326,0.805063,0.819534,0.0,0.4,11,9,"FAIR-ready input scaffold, not a FAIR run; species-level non-CO2 and aerosol emissions remain missing."
aether_net_zero_2050_25pct_rebound__mitigation_with_aerosol_cleanup,aether_net_zero_2050_25pct_rebound,"AETHER, net-zero 2050, 25% rebound",mitigation_with_aerosol_cleanup,Mitigation with aerosol cleanup,2031,39.658333,25.0,24.0,15.658333,447.370471,2.697494,1.10625,-0.60625,3.197494,1.689998,0.813331,0.82675,0.0,0.4,11,9,"FAIR-ready input scaffold, not a FAIR run; species-level non-CO2 and aerosol emissions remain missing."
aether_net_zero_2050_25pct_rebound__mitigation_with_aerosol_cleanup,aether_net_zero_2050_25pct_rebound,"AETHER, net-zero 2050, 25% rebound",mitigation_with_aerosol_cleanup,Mitigation with aerosol cleanup,2032,39.15,30.0,28.8,10.35,447.850801,2.703578,1.0875,-0.5875,3.203578,1.703069,0.821659,0.832834,0.0,0.4,11,9,"FAIR-ready input scaffold, not a FAIR run; species-level non-CO2 and aerosol emissions remain missing."
aether_net_zero_2050_25pct_rebound__mitigation_with_aerosol_cleanup,aether_net_zero_2050_25pct_rebound,"AETHER, net-zero 2050, 25% rebound",mitigation_with_aerosol_cleanup,Mitigation with aerosol cleanup,2033,38.641667,35.0,33.6,5.041667,447.708467,2.701776,1.06875,-0.56875,3.201776,1.714187,0.830033,0.837339,0.0,0.4,11,9,"FAIR-ready input scaffold, not a FAIR run; species-level non-CO2 and aerosol emissions remain missing."
aether_net_zero_2050_25pct_rebound__mitigation_with_aerosol_cleanup,aether_net_zero_2050_25pct_rebound,"AETHER, net-zero 2050, 25% rebound",mitigation_with_aerosol_cleanup,Mitigation with aerosol cleanup,2034,38.133333,40.0,38.4,-0.266667,446.974816,2.692477,1.05,-0.55,3.192477,1.723099,0.838432,0.839947,0.0,0.4,11,9,"FAIR-ready input scaffold, not a FAIR run; species-level non-CO2 and aerosol emissions remain missing."
aether_net_zero_2050_25pct_rebound__mitigation_with_aerosol_cleanup,aether_net_zero_2050_25pct_rebound,"AETHER, net-zero 2050, 25% rebound",mitigation_with_aerosol_cleanup,Mitigation with aerosol cleanup,2035,37.625,45.0,43.2,-5.575,445.675738,2.675974,1.03125,-0.53125,3.175974,1.729622,0.846836,0.840434,0.0,0.4,11,9,"FAIR-ready input scaffold, not a FAIR run; species-level non-CO2 and aerosol emissions remain missing."
aether_net_zero_2050_25pct_rebound__mitigation_with_aerosol_cleanup,aether_net_zero_2050_25pct_rebound,"AETHER, net-zero 2050, 25% rebound",mitigation_with_aerosol_cleanup,Mitigation with aerosol cleanup,2036,37.116667,50.0,48.0,-10.883333,443.832773,2.65248,1.0125,-0.5125,3.15248,1.733625,0.855223,0.838647,0.0,0.4,11,9,"FAIR-ready input scaffold, not a FAIR run; species-level non-CO2 and aerosol emissions remain missing."
aether_net_zero_2050_25pct_rebound__mitigation_with_aerosol_cleanup,aether_net_zero_2050_25pct_rebound,"AETHER, net-zero 2050, 25% rebound",mitigation_with_aerosol_cleanup,Mitigation with aerosol cleanup,2037,36.608333,55.0,52.8,-16.191667,441.463988,2.622139,0.99375,-0.49375,3.122139,1.735009,0.863568,0.834482,0.0,0.4,11,9,"FAIR-ready input scaffold, not a FAIR run; species-level non-CO2 and aerosol emissions remain missing."
aether_net_zero_2050_25pct_rebound__mitigation_with_aerosol_cleanup,aether_net_zero_2050_25pct_rebound,"AETHER, net-zero 2050, 25% rebound",mitigation_with_aerosol_cleanup,Mitigation with aerosol cleanup,2038,36.1,60.0,57.6,-21.5,438.584671,2.585038,0.975,-0.475,3.085038,1.733701,0.871846,0.827869,0.0,0.4,11,9,"FAIR-ready input scaffold, not a FAIR run; species-level non-CO2 and aerosol emissions remain missing."
aether_net_zero_2050_25pct_rebound__mitigation_with_aerosol_cleanup,aether_net_zero_2050_25pct_rebound,"AETHER, net-zero 2050, 25% rebound",mitigation_with_aerosol_cleanup,Mitigation with aerosol cleanup,2039,35.591667,65.0,62.4,-26.808333,435.207884,2.541216,0.95625,-0.45625,3.041216,1.729643,0.880034,0.818762,0.0,0.4,11,9,"FAIR-ready input scaffold, not a FAIR run; species-level non-CO2 and aerosol emissions remain missing."
aether_net_zero_2050_25pct_rebound__mitigation_with_aerosol_cleanup,aether_net_zero_2050_25pct_rebound,"AETHER, net-zero 2050, 25% rebound",mitigation_with_aerosol_cleanup,Mitigation with aerosol cleanup,2040,35.083333,70.0,67.2,-32.116667,431.3449,2.490665,0.9375,-0.4375,2.990665,1.722785,0.888105,0.807129,0.0,0.4,11,9,"FAIR-ready input scaffold, not a FAIR run; species-level non-CO2 and aerosol emissions remain missing."
aether_net_zero_2050_25pct_rebound__mitigation_with_aerosol_cleanup,aether_net_zero_2050_25pct_rebound,"AETHER, net-zero 2050, 25% rebound",mitigation_with_aerosol_cleanup,Mitigation with aerosol cleanup,2041,34.575,75.0,72.0,-37.425,427.005549,2.433338,0.91875,-0.41875,2.933338,1.71308,0.896035,0.792946,0.0,0.4,11,9,"FAIR-ready input scaffold, not a FAIR run; species-level non-CO2 and aerosol emissions remain missing."
aether_net_zero_2050_25pct_rebound__mitigation_with_aerosol_cleanup,aether_net_zero_2050_25pct_rebound,"AETHER, net-zero 2050, 25% rebound",mitigation_with_aerosol_cleanup,Mitigation with aerosol cleanup,2042,34.066667,80.0,76.8,-42.733333,422.198502,2.369148,0.9,-0.4,2.869148,1.700482,0.903797,0.776194,0.0,0.4,11,9,"FAIR-ready input scaffold, not a FAIR run; species-level non-CO2 and aerosol emissions remain missing."
aether_net_zero_2050_25pct_rebound__mitigation_with_aerosol_cleanup,aether_net_zero_2050_25pct_rebound,"AETHER, net-zero 2050, 25% rebound",mitigation_with_aerosol_cleanup,Mitigation with aerosol cleanup,2043,33.558333,85.0,81.6,-48.041667,416.931481,2.297971,0.88125,-0.38125,2.797971,1.684939,0.911365,0.756851,0.0,0.4,11,9,"FAIR-ready input scaffold, not a FAIR run; species-level non-CO2 and aerosol emissions remain missing."
aether_net_zero_2050_25pct_rebound__mitigation_with_aerosol_cleanup,aether_net_zero_2050_25pct_rebound,"AETHER, net-zero 2050, 25% rebound",mitigation_with_aerosol_cleanup,Mitigation with aerosol cleanup,2044,33.05,90.0,86.4,-53.35,411.211439,2.219646,0.8625,-0.3625,2.719646,1.666396,0.918714,0.734896,0.0,0.4,11,9,"FAIR-ready input scaffold, not a FAIR run; species-level non-CO2 and aerosol emissions remain missing."
aether_net_zero_2050_25pct_rebound__mitigation_with_aerosol_cleanup,aether_net_zero_2050_25pct_rebound,"AETHER, net-zero 2050, 25% rebound",mitigation_with_aerosol_cleanup,Mitigation with aerosol cleanup,2045,32.541667,95.0,91.2,-58.658333,405.0447,2.133975,0.84375,-0.34375,2.633975,1.644788,0.925817,0.710298,0.0,0.4,11,9,"FAIR-ready input scaffold, not a FAIR run; species-level non-CO2 and aerosol emissions remain missing."
aether_net_zero_2050_25pct_rebound__mitigation_with_aerosol_cleanup,aether_net_zero_2050_25pct_rebound,"AETHER, net-zero 2050, 25% rebound",mitigation_with_aerosol_cleanup,Mitigation with aerosol cleanup,2046,32.033333,100.0,96.0,-63.966667,398.437067,2.040719,0.825,-0.325,2.540719,1.62004,0.932647,0.683022,0.0,0.4,11,9,"FAIR-ready input scaffold, not a FAIR run; species-level non-CO2 and aerosol emissions remain missing."
aether_net_zero_2050_25pct_rebound__mitigation_with_aerosol_cleanup,aether_net_zero_2050_25pct_rebound,"AETHER, net-zero 2050, 25% rebound",mitigation_with_aerosol_cleanup,Mitigation with aerosol cleanup,2047,30.275,100.0,96.0,-65.725,391.849038,1.946187,0.80625,-0.30625,2.446187,1.592616,0.939177,0.653023,0.0,0.4,11,9,"FAIR-ready input scaffold, not a FAIR run; species-level non-CO2 and aerosol emissions remain missing."
aether_net_zero_2050_25pct_rebound__mitigation_with_aerosol_cleanup,aether_net_zero_2050_25pct_rebound,"AETHER, net-zero 2050, 25% rebound",mitigation_with_aerosol_cleanup,Mitigation with aerosol cleanup,2048,28.516667,100.0,96.0,-67.483333,385.255826,1.849976,0.7875,-0.2875,2.349976,1.562856,0.945385,0.620766,0.0,0.4,11,9,"FAIR-ready input scaffold, not a FAIR run; species-level non-CO2 and aerosol emissions remain missing."
aether_net_zero_2050_25pct_rebound__mitigation_with_aerosol_cleanup,aether_net_zero_2050_25pct_rebound,"AETHER, net-zero 2050, 25% rebound",mitigation_with_aerosol_cleanup,Mitigation with aerosol cleanup,2049,26.758333,100.0,96.0,-69.241667,378.637834,1.751733,0.76875,-0.26875,2.251733,1.531006,0.951251,0.586597,0.0,0.4,11,9,"FAIR-ready input scaffold, not a FAIR run; species-level non-CO2 and aerosol emissions remain missing."
aether_net_zero_2050_25pct_rebound__mitigation_with_aerosol_cleanup,aether_net_zero_2050_25pct_rebound,"AETHER, net-zero 2050, 25% rebound",mitigation_with_aerosol_cleanup,Mitigation with aerosol cleanup,2050,25.0,100.0,96.0,-71.0,371.979586,1.651145,0.75,-0.25,2.151145,1.497236,0.956759,0.550767,0.0,0.4,11,9,"FAIR-ready input scaffold, not a FAIR run; species-level non-CO2 and aerosol emissions remain missing."
aether_net_zero_2050_25pct_rebound__mitigation_with_aerosol_cleanup,aether_net_zero_2050_25pct_rebound,"AETHER, net-zero 2050, 25% rebound",mitigation_with_aerosol_cleanup,Mitigation with aerosol cleanup,2051,25.0,100.0,96.0,-71.0,365.494294,1.551423,0.744,-0.246,2.049423,1.461785,0.961893,0.513453,0.0,0.4,11,9,"FAIR-ready input scaffold, not a FAIR run; species-level non-CO2 and aerosol emissions remain missing."
aether_net_zero_2050_25pct_rebound__mitigation_with_aerosol_cleanup,aether_net_zero_2050_25pct_rebound,"AETHER, net-zero 2050, 25% rebound",mitigation_with_aerosol_cleanup,Mitigation with aerosol cleanup,2052,25.0,100.0,96.0,-71.0,359.157569,1.452261,0.738,-0.242,1.948261,1.424987,0.966642,0.474897,0.0,0.4,11,9,"FAIR-ready input scaffold, not a FAIR run; species-level non-CO2 and aerosol emissions remain missing."
aether_net_zero_2050_25pct_rebound__mitigation_with_aerosol_cleanup,aether_net_zero_2050_25pct_rebound,"AETHER, net-zero 2050, 25% rebound",mitigation_with_aerosol_cleanup,Mitigation with aerosol cleanup,2053,25.0,100.0,96.0,-71.0,352.949793,1.353406,0.732,-0.238,1.847406,1.387091,0.970997,0.435427,0.0,0.4,11,9,"FAIR-ready input scaffold, not a FAIR run; species-level non-CO2 and aerosol emissions remain missing."
aether_net_zero_2050_25pct_rebound__mitigation_with_aerosol_cleanup,aether_net_zero_2050_25pct_rebound,"AETHER, net-zero 2050, 25% rebound",mitigation_with_aerosol_cleanup,Mitigation with aerosol cleanup,2054,16.36271,65.450841,62.832807,-46.470097,350.0,1.305821,0.726,-0.234,1.797821,1.352544,0.974949,0.39529,0.0,0.4,11,9,"FAIR-ready input scaffold, not a FAIR run; species-level non-CO2 and aerosol emissions remain missing."
aether_net_zero_2050_25pct_rebound__mitigation_with_aerosol_cleanup,aether_net_zero_2050_25pct_rebound,"AETHER, net-zero 2050, 25% rebound",mitigation_with_aerosol_cleanup,Mitigation with aerosol cleanup,2055,7.971137,31.884546,30.609164,-22.638028,350.0,1.305821,0.72,-0.23,1.795821,1.32465,0.978537,0.358715,0.0,0.4,11,9,"FAIR-ready input scaffold, not a FAIR run; species-level non-CO2 and aerosol emissions remain missing."
aether_net_zero_2050_25pct_rebound__mitigation_with_aerosol_cleanup,aether_net_zero_2050_25pct_rebound,"AETHER, net-zero 2050, 25% rebound",mitigation_with_aerosol_cleanup,Mitigation with aerosol cleanup,2056,7.207423,28.829691,27.676503,-20.469081,350.0,1.305821,0.714,-0.226,1.793821,1.302127,0.981825,0.328808,0.0,0.4,11,9,"FAIR-ready input scaffold, not a FAIR run; species-level non-CO2 and aerosol emissions remain missing."
aether_net_zero_2050_25pct_rebound__mitigation_with_aerosol_cleanup,aether_net_zero_2050_25pct_rebound,"AETHER, net-zero 2050, 25% rebound",mitigation_with_aerosol_cleanup,Mitigation with aerosol cleanup,2057,6.554776,26.219103,25.170339,-18.615563,350.0,1.305821,0.708,-0.222,1.791821,1.283939,0.984868,0.304287,0.0,0.4,11,9,"FAIR-ready input scaffold, not a FAIR run; species-level non-CO2 and aerosol emissions remain missing."
aether_net_zero_2050_25pct_rebound__mitigation_with_aerosol_cleanup,aether_net_zero_2050_25pct_rebound,"AETHER, net-zero 2050, 25% rebound",mitigation_with_aerosol_cleanup,Mitigation with aerosol cleanup,2058,5.996249,23.984997,23.025597,-17.029348,350.0,1.305821,0.702,-0.218,1.789821,1.269251,0.987709,0.284118,0.0,0.4,11,9,"FAIR-ready input scaffold, not a FAIR run; species-level non-CO2 and aerosol emissions remain missing."
aether_net_zero_2050_25pct_rebound__mitigation_with_aerosol_cleanup,aether_net_zero_2050_25pct_rebound,"AETHER, net-zero 2050, 25% rebound",mitigation_with_aerosol_cleanup,Mitigation with aerosol cleanup,2059,5.517496,22.069982,21.187183,-15.669688,350.0,1.305821,0.696,-0.214,1.787821,1.257388,0.990383,0.267465,0.0,0.4,11,9,"FAIR-ready input scaffold, not a FAIR run; species-level non-CO2 and aerosol emissions remain missing."
aether_net_zero_2050_25pct_rebound__mitigation_with_aerosol_cleanup,aether_net_zero_2050_25pct_rebound,"AETHER, net-zero 2050, 25% rebound",mitigation_with_aerosol_cleanup,Mitigation with aerosol cleanup,2060,5.106369,20.425474,19.608455,-14.502087,350.0,1.305821,0.69,-0.21,1.785821,1.247803,0.99292,0.253654,0.0,0.4,11,9,"FAIR-ready input scaffold, not a FAIR run; species-level non-CO2 and aerosol emissions remain missing."
aether_net_zero_2050_25pct_rebound__mitigation_with_aerosol_cleanup,aether_net_zero_2050_25pct_rebound,"AETHER, net-zero 2050, 25% rebound",mitigation_with_aerosol_cleanup,Mitigation with aerosol cleanup,2061,4.752584,19.010336,18.249922,-13.497338,350.0,1.305821,0.684,-0.206,1.783821,1.240058,0.995341,0.242139,0.0,0.4,11,9,"FAIR-ready input scaffold, not a FAIR run; species-level non-CO2 and aerosol emissions remain missing."
aether_net_zero_2050_25pct_rebound__mitigation_with_aerosol_cleanup,aether_net_zero_2050_25pct_rebound,"AETHER, net-zero 2050, 25% rebound",mitigation_with_aerosol_cleanup,Mitigation with aerosol cleanup,2062,4.447435,17.789739,17.07815,-12.630715,350.0,1.305821,0.678,-0.202,1.781821,1.233797,0.997666,0.232481,0.0,0.4,11,9,"FAIR-ready input scaffold, not a FAIR run; species-level non-CO2 and aerosol emissions remain missing."
aether_net_zero_2050_25pct_rebound__mitigation_with_aerosol_cleanup,aether_net_zero_2050_25pct_rebound,"AETHER, net-zero 2050, 25% rebound",mitigation_with_aerosol_cleanup,Mitigation with aerosol cleanup,2063,4.183549,16.734195,16.064828,-11.881279,350.0,1.305821,0.672,-0.198,1.779821,1.228732,0.999909,0.224324,0.0,0.4,11,9,"FAIR-ready input scaffold, not a FAIR run; species-level non-CO2 and aerosol emissions remain missing."
aether_net_zero_2050_25pct_rebound__mitigation_with_aerosol_cleanup,aether_net_zero_2050_25pct_rebound,"AETHER, net-zero 2050, 25% rebound",mitigation_with_aerosol_cleanup,Mitigation with aerosol cleanup,2064,3.954684,15.818736,15.185986,-11.231302,350.0,1.305821,0.666,-0.194,1.777821,1.224632,1.002083,0.217382,0.0,0.4,11,9,"FAIR-ready input scaffold, not a FAIR run; species-level non-CO2 and aerosol emissions remain missing."
aether_net_zero_2050_25pct_rebound__mitigation_with_aerosol_cleanup,aether_net_zero_2050_25pct_rebound,"AETHER, net-zero 2050, 25% rebound",mitigation_with_aerosol_cleanup,Mitigation with aerosol cleanup,2065,3.755554,15.022217,14.421329,-10.665774,350.0,1.305821,0.66,-0.19,1.775821,1.22131,1.004197,0.211422,0.0,0.4,11,9,"FAIR-ready input scaffold, not a FAIR run; species-level non-CO2 and aerosol emissions remain missing."
aether_net_zero_2050_25pct_rebound__mitigation_with_aerosol_cleanup,aether_net_zero_2050_25pct_rebound,"AETHER, net-zero 2050, 25% rebound",mitigation_with_aerosol_cleanup,Mitigation with aerosol cleanup,2066,3.581684,14.326737,13.753667,-10.171983,350.0,1.305821,0.654,-0.186,1.773821,1.218614,1.00626,0.206257,0.0,0.4,11,9,"FAIR-ready input scaffold, not a FAIR run; species-level non-CO2 and aerosol emissions remain missing."
aether_net_zero_2050_25pct_rebound__mitigation_with_aerosol_cleanup,aether_net_zero_2050_25pct_rebound,"AETHER, net-zero 2050, 25% rebound",mitigation_with_aerosol_cleanup,Mitigation with aerosol cleanup,2067,3.429283,13.717133,13.168448,-9.739165,350.0,1.305821,0.648,-0.182,1.771821,1.216422,1.008277,0.201736,0.0,0.4,11,9,"FAIR-ready input scaffold, not a FAIR run; species-level non-CO2 and aerosol emissions remain missing."
aether_net_zero_2050_25pct_rebound__mitigation_with_aerosol_cleanup,aether_net_zero_2050_25pct_rebound,"AETHER, net-zero 2050, 25% rebound",mitigation_with_aerosol_cleanup,Mitigation with aerosol cleanup,2068,3.295142,13.180567,12.653344,-9.358202,350.0,1.305821,0.642,-0.178,1.769821,1.214637,1.010255,0.197738,0.0,0.4,11,9,"FAIR-ready input scaffold, not a FAIR run; species-level non-CO2 and aerosol emissions remain missing."
aether_net_zero_2050_25pct_rebound__mitigation_with_aerosol_cleanup,aether_net_zero_2050_25pct_rebound,"AETHER, net-zero 2050, 25% rebound",mitigation_with_aerosol_cleanup,Mitigation with aerosol cleanup,2069,3.17654,12.706162,12.197915,-9.021375,350.0,1.305821,0.636,-0.174,1.767821,1.213177,1.012196,0.194163,0.0,0.4,11,9,"FAIR-ready input scaffold, not a FAIR run; species-level non-CO2 and aerosol emissions remain missing."
aether_net_zero_2050_25pct_rebound__mitigation_with_aerosol_cleanup,aether_net_zero_2050_25pct_rebound,"AETHER, net-zero 2050, 25% rebound",mitigation_with_aerosol_cleanup,Mitigation with aerosol cleanup,2070,3.071177,12.284708,11.793319,-8.722142,350.0,1.305821,0.63,-0.17,1.765821,1.211979,1.014106,0.190932,0.0,0.4,11,9,"FAIR-ready input scaffold, not a FAIR run; species-level non-CO2 and aerosol emissions remain missing."
aether_net_zero_2050_25pct_rebound__mitigation_with_aerosol_cleanup,aether_net_zero_2050_25pct_rebound,"AETHER, net-zero 2050, 25% rebound",mitigation_with_aerosol_cleanup,Mitigation with aerosol cleanup,2071,2.9771,11.908401,11.432065,-8.454965,350.0,1.305821,0.624,-0.166,1.763821,1.210992,1.015985,0.18798,0.0,0.4,11,9,"FAIR-ready input scaffold, not a FAIR run; species-level non-CO2 and aerosol emissions remain missing."
aether_net_zero_2050_25pct_rebound__mitigation_with_aerosol_cleanup,aether_net_zero_2050_25pct_rebound,"AETHER, net-zero 2050, 25% rebound",mitigation_with_aerosol_cleanup,Mitigation with aerosol cleanup,2072,2.892658,11.570631,11.107806,-8.215148,350.0,1.305821,0.618,-0.162,1.761821,1.210172,1.017838,0.185256,0.0,0.4,11,9,"FAIR-ready input scaffold, not a FAIR run; species-level non-CO2 and aerosol emissions remain missing."
aether_net_zero_2050_25pct_rebound__mitigation_with_aerosol_cleanup,aether_net_zero_2050_25pct_rebound,"AETHER, net-zero 2050, 25% rebound",mitigation_with_aerosol_cleanup,Mitigation with aerosol cleanup,2073,2.816449,11.265797,10.815165,-7.998716,350.0,1.305821,0.612,-0.158,1.759821,1.209487,1.019665,0.182717,0.0,0.4,11,9,"FAIR-ready input scaffold, not a FAIR run; species-level non-CO2 and aerosol emissions remain missing."
aether_net_zero_2050_25pct_rebound__mitigation_with_aerosol_cleanup,aether_net_zero_2050_25pct_rebound,"AETHER, net-zero 2050, 25% rebound",mitigation_with_aerosol_cleanup,Mitigation with aerosol cleanup,2074,2.747288,10.989152,10.549586,-7.802298,350.0,1.305821,0.606,-0.154,1.757821,1.208909,1.021469,0.180331,0.0,0.4,11,9,"FAIR-ready input scaffold, not a FAIR run; species-level non-CO2 and aerosol emissions remain missing."
aether_net_zero_2050_25pct_rebound__mitigation_with_aerosol_cleanup,aether_net_zero_2050_25pct_rebound,"AETHER, net-zero 2050, 25% rebound",mitigation_with_aerosol_cleanup,Mitigation with aerosol cleanup,2075,2.684168,10.736672,10.307205,-7.623037,350.0,1.305821,0.6,-0.15,1.755821,1.208416,1.023249,0.178068,0.0,0.4,11,9,"FAIR-ready input scaffold, not a FAIR run; species-level non-CO2 and aerosol emissions remain missing."
aether_net_zero_2050_25pct_rebound__mitigation_with_aerosol_cleanup,aether_net_zero_2050_25pct_rebound,"AETHER, net-zero 2050, 25% rebound",mitigation_with_aerosol_cleanup,Mitigation with aerosol cleanup,2076,2.626237,10.504946,10.084748,-7.458512,350.0,1.305821,0.594,-0.146,1.753821,1.20799,1.025008,0.175908,0.0,0.4,11,9,"FAIR-ready input scaffold, not a FAIR run; species-level non-CO2 and aerosol emissions remain missing."
aether_net_zero_2050_25pct_rebound__mitigation_with_aerosol_cleanup,aether_net_zero_2050_25pct_rebound,"AETHER, net-zero 2050, 25% rebound",mitigation_with_aerosol_cleanup,Mitigation with aerosol cleanup,2077,2.572771,10.291083,9.879439,-7.306669,350.0,1.305821,0.588,-0.142,1.751821,1.207617,1.026747,0.173832,0.0,0.4,11,9,"FAIR-ready input scaffold, not a FAIR run; species-level non-CO2 and aerosol emissions remain missing."
aether_net_zero_2050_25pct_rebound__mitigation_with_aerosol_cleanup,aether_net_zero_2050_25pct_rebound,"AETHER, net-zero 2050, 25% rebound",mitigation_with_aerosol_cleanup,Mitigation with aerosol cleanup,2078,2.523157,10.092628,9.688923,-7.165766,350.0,1.305821,0.582,-0.138,1.749821,1.207285,1.028465,0.171827,0.0,0.4,11,9,"FAIR-ready input scaffold, not a FAIR run; species-level non-CO2 and aerosol emissions remain missing."
aether_net_zero_2050_25pct_rebound__mitigation_with_aerosol_cleanup,aether_net_zero_2050_25pct_rebound,"AETHER, net-zero 2050, 25% rebound",mitigation_with_aerosol_cleanup,Mitigation with aerosol cleanup,2079,2.476875,9.9075,9.5112,-7.034325,350.0,1.305821,0.576,-0.134,1.747821,1.206985,1.030164,0.169879,0.0,0.4,11,9,"FAIR-ready input scaffold, not a FAIR run; species-level non-CO2 and aerosol emissions remain missing."
aether_net_zero_2050_25pct_rebound__mitigation_with_aerosol_cleanup,aether_net_zero_2050_25pct_rebound,"AETHER, net-zero 2050, 25% rebound",mitigation_with_aerosol_cleanup,Mitigation with aerosol cleanup,2080,2.433483,9.733933,9.344576,-6.911093,350.0,1.305821,0.57,-0.13,1.745821,1.206709,1.031843,0.16798,0.0,0.4,11,9,"FAIR-ready input scaffold, not a FAIR run; species-level non-CO2 and aerosol emissions remain missing."
aether_net_zero_2050_25pct_rebound__mitigation_with_aerosol_cleanup,aether_net_zero_2050_25pct_rebound,"AETHER, net-zero 2050, 25% rebound",mitigation_with_aerosol_cleanup,Mitigation with aerosol cleanup,2081,2.392607,9.570427,9.18761,-6.795003,350.0,1.305821,0.564,-0.126,1.743821,1.206451,1.033505,0.166122,0.0,0.4,11,9,"FAIR-ready input scaffold, not a FAIR run; species-level non-CO2 and aerosol emissions remain missing."
aether_net_zero_2050_25pct_rebound__mitigation_with_aerosol_cleanup,aether_net_zero_2050_25pct_rebound,"AETHER, net-zero 2050, 25% rebound",mitigation_with_aerosol_cleanup,Mitigation with aerosol cleanup,2082,2.353926,9.415706,9.039077,-6.685151,350.0,1.305821,0.558,-0.122,1.741821,1.206207,1.035148,0.164299,0.0,0.4,11,9,"FAIR-ready input scaffold, not a FAIR run; species-level non-CO2 and aerosol emissions remain missing."
aether_net_zero_2050_25pct_rebound__mitigation_with_aerosol_cleanup,aether_net_zero_2050_25pct_rebound,"AETHER, net-zero 2050, 25% rebound",mitigation_with_aerosol_cleanup,Mitigation with aerosol cleanup,2083,2.317172,9.268687,8.897939,-6.580768,350.0,1.305821,0.552,-0.118,1.739821,1.205973,1.036773,0.162507,0.0,0.4,11,9,"FAIR-ready input scaffold, not a FAIR run; species-level non-CO2 and aerosol emissions remain missing."
aether_net_zero_2050_25pct_rebound__mitigation_with_aerosol_cleanup,aether_net_zero_2050_25pct_rebound,"AETHER, net-zero 2050, 25% rebound",mitigation_with_aerosol_cleanup,Mitigation with aerosol cleanup,2084,2.282112,9.128449,8.763311,-6.481199,350.0,1.305821,0.546,-0.114,1.737821,1.205744,1.03838,0.16074,0.0,0.4,11,9,"FAIR-ready input scaffold, not a FAIR run; species-level non-CO2 and aerosol emissions remain missing."
aether_net_zero_2050_25pct_rebound__mitigation_with_aerosol_cleanup,aether_net_zero_2050_25pct_rebound,"AETHER, net-zero 2050, 25% rebound",mitigation_with_aerosol_cleanup,Mitigation with aerosol cleanup,2085,2.248552,8.994207,8.634439,-6.385887,350.0,1.305821,0.54,-0.11,1.735821,1.205519,1.03997,0.158996,0.0,0.4,11,9,"FAIR-ready input scaffold, not a FAIR run; species-level non-CO2 and aerosol emissions remain missing."
aether_net_zero_2050_25pct_rebound__mitigation_with_aerosol_cleanup,aether_net_zero_2050_25pct_rebound,"AETHER, net-zero 2050, 25% rebound",mitigation_with_aerosol_cleanup,Mitigation with aerosol cleanup,2086,2.216324,8.865294,8.510682,-6.294359,350.0,1.305821,0.534,-0.106,1.733821,1.205296,1.041543,0.157272,0.0,0.4,11,9,"FAIR-ready input scaffold, not a FAIR run; species-level non-CO2 and aerosol emissions remain missing."
aether_net_zero_2050_25pct_rebound__mitigation_with_aerosol_cleanup,aether_net_zero_2050_25pct_rebound,"AETHER, net-zero 2050, 25% rebound",mitigation_with_aerosol_cleanup,Mitigation with aerosol cleanup,2087,2.185285,8.741139,8.391493,-6.206209,350.0,1.305821,0.528,-0.102,1.731821,1.205072,1.043098,0.155565,0.0,0.4,11,9,"FAIR-ready input scaffold, not a FAIR run; species-level non-CO2 and aerosol emissions remain missing."
aether_net_zero_2050_25pct_rebound__mitigation_with_aerosol_cleanup,aether_net_zero_2050_25pct_rebound,"AETHER, net-zero 2050, 25% rebound",mitigation_with_aerosol_cleanup,Mitigation with aerosol cleanup,2088,2.155314,8.621255,8.276405,-6.121091,350.0,1.305821,0.522,-0.098,1.729821,1.204847,1.044637,0.153875,0.0,0.4,11,9,"FAIR-ready input scaffold, not a FAIR run; species-level non-CO2 and aerosol emissions remain missing."
aether_net_zero_2050_25pct_rebound__mitigation_with_aerosol_cleanup,aether_net_zero_2050_25pct_rebound,"AETHER, net-zero 2050, 25% rebound",mitigation_with_aerosol_cleanup,Mitigation with aerosol cleanup,2089,2.126307,8.505227,8.165018,-6.038711,350.0,1.305821,0.516,-0.094,1.727821,1.20462,1.046159,0.1522,0.0,0.4,11,9,"FAIR-ready input scaffold, not a FAIR run; species-level non-CO2 and aerosol emissions remain missing."
aether_net_zero_2050_25pct_rebound__mitigation_with_aerosol_cleanup,aether_net_zero_2050_25pct_rebound,"AETHER, net-zero 2050, 25% rebound",mitigation_with_aerosol_cleanup,Mitigation with aerosol cleanup,2090,2.098175,8.392699,8.056991,-5.958816,350.0,1.305821,0.51,-0.09,1.725821,1.204389,1.047665,0.150538,0.0,0.4,11,9,"FAIR-ready input scaffold, not a FAIR run; species-level non-CO2 and aerosol emissions remain missing."
aether_net_zero_2050_25pct_rebound__mitigation_with_aerosol_cleanup,aether_net_zero_2050_25pct_rebound,"AETHER, net-zero 2050, 25% rebound",mitigation_with_aerosol_cleanup,Mitigation with aerosol cleanup,2091,2.070841,8.283364,7.95203,-5.881189,350.0,1.305821,0.504,-0.086,1.723821,1.204155,1.049153,0.148888,0.0,0.4,11,9,"FAIR-ready input scaffold, not a FAIR run; species-level non-CO2 and aerosol emissions remain missing."
aether_net_zero_2050_25pct_rebound__mitigation_with_aerosol_cleanup,aether_net_zero_2050_25pct_rebound,"AETHER, net-zero 2050, 25% rebound",mitigation_with_aerosol_cleanup,Mitigation with aerosol cleanup,2092,2.04424,8.176962,7.849883,-5.805643,350.0,1.305821,0.498,-0.082,1.721821,1.203915,1.050626,0.147251,0.0,0.4,11,9,"FAIR-ready input scaffold, not a FAIR run; species-level non-CO2 and aerosol emissions remain missing."
aether_net_zero_2050_25pct_rebound__mitigation_with_aerosol_cleanup,aether_net_zero_2050_25pct_rebound,"AETHER, net-zero 2050, 25% rebound",mitigation_with_aerosol_cleanup,Mitigation with aerosol cleanup,2093,2.018316,8.073265,7.750335,-5.732018,350.0,1.305821,0.492,-0.078,1.719821,1.203671,1.052082,0.145625,0.0,0.4,11,9,"FAIR-ready input scaffold, not a FAIR run; species-level non-CO2 and aerosol emissions remain missing."
aether_net_zero_2050_25pct_rebound__mitigation_with_aerosol_cleanup,aether_net_zero_2050_25pct_rebound,"AETHER, net-zero 2050, 25% rebound",mitigation_with_aerosol_cleanup,Mitigation with aerosol cleanup,2094,1.99302,7.97208,7.653197,-5.660177,350.0,1.305821,0.486,-0.074,1.717821,1.203421,1.053522,0.144009,0.0,0.4,11,9,"FAIR-ready input scaffold, not a FAIR run; species-level non-CO2 and aerosol emissions remain missing."
aether_net_zero_2050_25pct_rebound__mitigation_with_aerosol_cleanup,aether_net_zero_2050_25pct_rebound,"AETHER, net-zero 2050, 25% rebound",mitigation_with_aerosol_cleanup,Mitigation with aerosol cleanup,2095,1.968309,7.873237,7.558307,-5.589998,350.0,1.305821,0.48,-0.07,1.715821,1.203166,1.054946,0.142404,0.0,0.4,11,9,"FAIR-ready input scaffold, not a FAIR run; species-level non-CO2 and aerosol emissions remain missing."
aether_net_zero_2050_25pct_rebound__mitigation_with_aerosol_cleanup,aether_net_zero_2050_25pct_rebound,"AETHER, net-zero 2050, 25% rebound",mitigation_with_aerosol_cleanup,Mitigation with aerosol cleanup,2096,1.944147,7.776589,7.465526,-5.521378,350.0,1.305821,0.474,-0.066,1.713821,1.202905,1.056354,0.140808,0.0,0.4,11,9,"FAIR-ready input scaffold, not a FAIR run; species-level non-CO2 and aerosol emissions remain missing."
aether_net_zero_2050_25pct_rebound__mitigation_with_aerosol_cleanup,aether_net_zero_2050_25pct_rebound,"AETHER, net-zero 2050, 25% rebound",mitigation_with_aerosol_cleanup,Mitigation with aerosol cleanup,2097,1.920503,7.682011,7.37473,-5.454228,350.0,1.305821,0.468,-0.062,1.711821,1.202637,1.057747,0.139223,0.0,0.4,11,9,"FAIR-ready input scaffold, not a FAIR run; species-level non-CO2 and aerosol emissions remain missing."
aether_net_zero_2050_25pct_rebound__mitigation_with_aerosol_cleanup,aether_net_zero_2050_25pct_rebound,"AETHER, net-zero 2050, 25% rebound",mitigation_with_aerosol_cleanup,Mitigation with aerosol cleanup,2098,1.897347,7.589389,7.285813,-5.388466,350.0,1.305821,0.462,-0.058,1.709821,1.202364,1.059123,0.137646,0.0,0.4,11,9,"FAIR-ready input scaffold, not a FAIR run; species-level non-CO2 and aerosol emissions remain missing."
aether_net_zero_2050_25pct_rebound__mitigation_with_aerosol_cleanup,aether_net_zero_2050_25pct_rebound,"AETHER, net-zero 2050, 25% rebound",mitigation_with_aerosol_cleanup,Mitigation with aerosol cleanup,2099,1.874657,7.498626,7.198681,-5.324025,350.0,1.305821,0.456,-0.054,1.707821,1.202085,1.060484,0.136079,0.0,0.4,11,9,"FAIR-ready input scaffold, not a FAIR run; species-level non-CO2 and aerosol emissions remain missing."
aether_net_zero_2050_25pct_rebound__mitigation_with_aerosol_cleanup,aether_net_zero_2050_25pct_rebound,"AETHER, net-zero 2050, 25% rebound",mitigation_with_aerosol_cleanup,Mitigation with aerosol cleanup,2100,1.852409,7.409637,7.113252,-5.260842,350.0,1.305821,0.45,-0.05,1.705821,1.201799,1.061829,0.134521,0.0,0.4,11,9,"FAIR-ready input scaffold, not a FAIR run; species-level non-CO2 and aerosol emissions remain missing."
aether_net_zero_2050_25pct_rebound__nonco2_delay_aerosol_unmasking,aether_net_zero_2050_25pct_rebound,"AETHER, net-zero 2050, 25% rebound",nonco2_delay_aerosol_unmasking,Delayed non-CO2 mitigation plus aerosol unmasking,2026,42.2,0.0,0.0,42.2,433.940256,2.524677,1.2,-0.7,3.024677,1.613376,0.772719,0.795947,0.0,0.4,11,9,"FAIR-ready input scaffold, not a FAIR run; species-level non-CO2 and aerosol emissions remain missing."
aether_net_zero_2050_25pct_rebound__nonco2_delay_aerosol_unmasking,aether_net_zero_2050_25pct_rebound,"AETHER, net-zero 2050, 25% rebound",nonco2_delay_aerosol_unmasking,Delayed non-CO2 mitigation plus aerosol unmasking,2027,41.691667,5.0,4.8,36.891667,438.315722,2.58156,1.197917,-0.677083,3.102394,1.62923,0.780705,0.798624,0.0,0.4,11,9,"FAIR-ready input scaffold, not a FAIR run; species-level non-CO2 and aerosol emissions remain missing."
aether_net_zero_2050_25pct_rebound__nonco2_delay_aerosol_unmasking,aether_net_zero_2050_25pct_rebound,"AETHER, net-zero 2050, 25% rebound",nonco2_delay_aerosol_unmasking,Delayed non-CO2 mitigation plus aerosol unmasking,2028,41.183333,10.0,9.6,31.583333,441.76633,2.62602,1.195833,-0.654167,3.167687,1.648171,0.788766,0.806098,0.0,0.4,11,9,"FAIR-ready input scaffold, not a FAIR run; species-level non-CO2 and aerosol emissions remain missing."
aether_net_zero_2050_25pct_rebound__nonco2_delay_aerosol_unmasking,aether_net_zero_2050_25pct_rebound,"AETHER, net-zero 2050, 25% rebound",nonco2_delay_aerosol_unmasking,Delayed non-CO2 mitigation plus aerosol unmasking,2029,40.675,15.0,14.4,26.275,444.380442,2.659472,1.19375,-0.63125,3.221972,1.668707,0.796931,0.816435,0.0,0.4,11,9,"FAIR-ready input scaffold, not a FAIR run; species-level non-CO2 and aerosol emissions remain missing."
aether_net_zero_2050_25pct_rebound__nonco2_delay_aerosol_unmasking,aether_net_zero_2050_25pct_rebound,"AETHER, net-zero 2050, 25% rebound",nonco2_delay_aerosol_unmasking,Delayed non-CO2 mitigation plus aerosol unmasking,2030,40.166667,20.0,19.2,20.966667,446.229284,2.683012,1.191667,-0.608333,3.266346,1.68972,0.805213,0.828188,0.0,0.4,11,9,"FAIR-ready input scaffold, not a FAIR run; species-level non-CO2 and aerosol emissions remain missing."
aether_net_zero_2050_25pct_rebound__nonco2_delay_aerosol_unmasking,aether_net_zero_2050_25pct_rebound,"AETHER, net-zero 2050, 25% rebound",nonco2_delay_aerosol_unmasking,Delayed non-CO2 mitigation plus aerosol unmasking,2031,39.658333,25.0,24.0,15.658333,447.370471,2.697494,1.189583,-0.585417,3.30166,1.710374,0.813615,0.840282,0.0,0.4,11,9,"FAIR-ready input scaffold, not a FAIR run; species-level non-CO2 and aerosol emissions remain missing."
aether_net_zero_2050_25pct_rebound__nonco2_delay_aerosol_unmasking,aether_net_zero_2050_25pct_rebound,"AETHER, net-zero 2050, 25% rebound",nonco2_delay_aerosol_unmasking,Delayed non-CO2 mitigation plus aerosol unmasking,2032,39.15,30.0,28.8,10.35,447.850801,2.703578,1.1875,-0.5625,3.328578,1.730046,0.822135,0.85192,0.0,0.4,11,9,"FAIR-ready input scaffold, not a FAIR run; species-level non-CO2 and aerosol emissions remain missing."
aether_net_zero_2050_25pct_rebound__nonco2_delay_aerosol_unmasking,aether_net_zero_2050_25pct_rebound,"AETHER, net-zero 2050, 25% rebound",nonco2_delay_aerosol_unmasking,Delayed non-CO2 mitigation plus aerosol unmasking,2033,38.641667,35.0,33.6,5.041667,447.708467,2.701776,1.185417,-0.539583,3.347609,1.748274,0.83076,0.862516,0.0,0.4,11,9,"FAIR-ready input scaffold, not a FAIR run; species-level non-CO2 and aerosol emissions remain missing."
aether_net_zero_2050_25pct_rebound__nonco2_delay_aerosol_unmasking,aether_net_zero_2050_25pct_rebound,"AETHER, net-zero 2050, 25% rebound",nonco2_delay_aerosol_unmasking,Delayed non-CO2 mitigation plus aerosol unmasking,2034,38.133333,40.0,38.4,-0.266667,446.974816,2.692477,1.183333,-0.516667,3.359144,1.764713,0.839476,0.871638,0.0,0.4,11,9,"FAIR-ready input scaffold, not a FAIR run; species-level non-CO2 and aerosol emissions remain missing."
aether_net_zero_2050_25pct_rebound__nonco2_delay_aerosol_unmasking,aether_net_zero_2050_25pct_rebound,"AETHER, net-zero 2050, 25% rebound",nonco2_delay_aerosol_unmasking,Delayed non-CO2 mitigation plus aerosol unmasking,2035,37.625,45.0,43.2,-5.575,445.675738,2.675974,1.18125,-0.49375,3.363474,1.779107,0.848266,0.878975,0.0,0.4,11,9,"FAIR-ready input scaffold, not a FAIR run; species-level non-CO2 and aerosol emissions remain missing."
aether_net_zero_2050_25pct_rebound__nonco2_delay_aerosol_unmasking,aether_net_zero_2050_25pct_rebound,"AETHER, net-zero 2050, 25% rebound",nonco2_delay_aerosol_unmasking,Delayed non-CO2 mitigation plus aerosol unmasking,2036,37.116667,50.0,48.0,-10.883333,443.832773,2.65248,1.179167,-0.470833,3.360813,1.791264,0.857109,0.884299,0.0,0.4,11,9,"FAIR-ready input scaffold, not a FAIR run; species-level non-CO2 and aerosol emissions remain missing."
aether_net_zero_2050_25pct_rebound__nonco2_delay_aerosol_unmasking,aether_net_zero_2050_25pct_rebound,"AETHER, net-zero 2050, 25% rebound",nonco2_delay_aerosol_unmasking,Delayed non-CO2 mitigation plus aerosol unmasking,2037,36.608333,55.0,52.8,-16.191667,441.463988,2.622139,1.177083,-0.447917,3.351305,1.801039,0.865983,0.887447,0.0,0.4,11,9,"FAIR-ready input scaffold, not a FAIR run; species-level non-CO2 and aerosol emissions remain missing."
aether_net_zero_2050_25pct_rebound__nonco2_delay_aerosol_unmasking,aether_net_zero_2050_25pct_rebound,"AETHER, net-zero 2050, 25% rebound",nonco2_delay_aerosol_unmasking,Delayed non-CO2 mitigation plus aerosol unmasking,2038,36.1,60.0,57.6,-21.5,438.584671,2.585038,1.175,-0.425,3.335038,1.80832,0.874866,0.888303,0.0,0.4,11,9,"FAIR-ready input scaffold, not a FAIR run; species-level non-CO2 and aerosol emissions remain missing."
aether_net_zero_2050_25pct_rebound__nonco2_delay_aerosol_unmasking,aether_net_zero_2050_25pct_rebound,"AETHER, net-zero 2050, 25% rebound",nonco2_delay_aerosol_unmasking,Delayed non-CO2 mitigation plus aerosol unmasking,2039,35.591667,65.0,62.4,-26.808333,435.207884,2.541216,1.172917,-0.402083,3.312049,1.813017,0.883734,0.886781,0.0,0.4,11,9,"FAIR-ready input scaffold, not a FAIR run; species-level non-CO2 and aerosol emissions remain missing."
aether_net_zero_2050_25pct_rebound__nonco2_delay_aerosol_unmasking,aether_net_zero_2050_25pct_rebound,"AETHER, net-zero 2050, 25% rebound",nonco2_delay_aerosol_unmasking,Delayed non-CO2 mitigation plus aerosol unmasking,2040,35.083333,70.0,67.2,-32.116667,431.3449,2.490665,1.170833,-0.379167,3.282332,1.815056,0.892562,0.882819,0.0,0.4,11,9,"FAIR-ready input scaffold, not a FAIR run; species-level non-CO2 and aerosol emissions remain missing."
aether_net_zero_2050_25pct_rebound__nonco2_delay_aerosol_unmasking,aether_net_zero_2050_25pct_rebound,"AETHER, net-zero 2050, 25% rebound",nonco2_delay_aerosol_unmasking,Delayed non-CO2 mitigation plus aerosol unmasking,2041,34.575,75.0,72.0,-37.425,427.005549,2.433338,1.16875,-0.35625,3.245838,1.814368,0.901326,0.876369,0.0,0.4,11,9,"FAIR-ready input scaffold, not a FAIR run; species-level non-CO2 and aerosol emissions remain missing."
aether_net_zero_2050_25pct_rebound__nonco2_delay_aerosol_unmasking,aether_net_zero_2050_25pct_rebound,"AETHER, net-zero 2050, 25% rebound",nonco2_delay_aerosol_unmasking,Delayed non-CO2 mitigation plus aerosol unmasking,2042,34.066667,80.0,76.8,-42.733333,422.198502,2.369148,1.166667,-0.333333,3.202481,1.81089,0.91,0.86739,0.0,0.4,11,9,"FAIR-ready input scaffold, not a FAIR run; species-level non-CO2 and aerosol emissions remain missing."
aether_net_zero_2050_25pct_rebound__nonco2_delay_aerosol_unmasking,aether_net_zero_2050_25pct_rebound,"AETHER, net-zero 2050, 25% rebound",nonco2_delay_aerosol_unmasking,Delayed non-CO2 mitigation plus aerosol unmasking,2043,33.558333,85.0,81.6,-48.041667,416.931481,2.297971,1.164583,-0.310417,3.152138,1.804559,0.918558,0.855846,0.0,0.4,11,9,"FAIR-ready input scaffold, not a FAIR run; species-level non-CO2 and aerosol emissions remain missing."
aether_net_zero_2050_25pct_rebound__nonco2_delay_aerosol_unmasking,aether_net_zero_2050_25pct_rebound,"AETHER, net-zero 2050, 25% rebound",nonco2_delay_aerosol_unmasking,Delayed non-CO2 mitigation plus aerosol unmasking,2044,33.05,90.0,86.4,-53.35,411.211439,2.219646,1.1625,-0.2875,3.094646,1.795307,0.926975,0.841701,0.0,0.4,11,9,"FAIR-ready input scaffold, not a FAIR run; species-level non-CO2 and aerosol emissions remain missing."
aether_net_zero_2050_25pct_rebound__nonco2_delay_aerosol_unmasking,aether_net_zero_2050_25pct_rebound,"AETHER, net-zero 2050, 25% rebound",nonco2_delay_aerosol_unmasking,Delayed non-CO2 mitigation plus aerosol unmasking,2045,32.541667,95.0,91.2,-58.658333,405.0447,2.133975,1.160417,-0.264583,3.029809,1.78306,0.935225,0.824915,0.0,0.4,11,9,"FAIR-ready input scaffold, not a FAIR run; species-level non-CO2 and aerosol emissions remain missing."
aether_net_zero_2050_25pct_rebound__nonco2_delay_aerosol_unmasking,aether_net_zero_2050_25pct_rebound,"AETHER, net-zero 2050, 25% rebound",nonco2_delay_aerosol_unmasking,Delayed non-CO2 mitigation plus aerosol unmasking,2046,32.033333,100.0,96.0,-63.966667,398.437067,2.040719,1.158333,-0.241667,2.957386,1.767738,0.943279,0.805444,0.0,0.4,11,9,"FAIR-ready input scaffold, not a FAIR run; species-level non-CO2 and aerosol emissions remain missing."
aether_net_zero_2050_25pct_rebound__nonco2_delay_aerosol_unmasking,aether_net_zero_2050_25pct_rebound,"AETHER, net-zero 2050, 25% rebound",nonco2_delay_aerosol_unmasking,Delayed non-CO2 mitigation plus aerosol unmasking,2047,30.275,100.0,96.0,-65.725,391.849038,1.946187,1.15625,-0.21875,2.883687,1.749798,0.951111,0.783236,0.0,0.4,11,9,"FAIR-ready input scaffold, not a FAIR run; species-level non-CO2 and aerosol emissions remain missing."
aether_net_zero_2050_25pct_rebound__nonco2_delay_aerosol_unmasking,aether_net_zero_2050_25pct_rebound,"AETHER, net-zero 2050, 25% rebound",nonco2_delay_aerosol_unmasking,Delayed non-CO2 mitigation plus aerosol unmasking,2048,28.516667,100.0,96.0,-67.483333,385.255826,1.849976,1.154167,-0.195833,2.80831,1.729575,0.958699,0.758752,0.0,0.4,11,9,"FAIR-ready input scaffold, not a FAIR run; species-level non-CO2 and aerosol emissions remain missing."
aether_net_zero_2050_25pct_rebound__nonco2_delay_aerosol_unmasking,aether_net_zero_2050_25pct_rebound,"AETHER, net-zero 2050, 25% rebound",nonco2_delay_aerosol_unmasking,Delayed non-CO2 mitigation plus aerosol unmasking,2049,26.758333,100.0,96.0,-69.241667,378.637834,1.751733,1.152083,-0.172917,2.7309,1.70731,0.966022,0.732332,0.0,0.4,11,9,"FAIR-ready input scaffold, not a FAIR run; species-level non-CO2 and aerosol emissions remain missing."
aether_net_zero_2050_25pct_rebound__nonco2_delay_aerosol_unmasking,aether_net_zero_2050_25pct_rebound,"AETHER, net-zero 2050, 25% rebound",nonco2_delay_aerosol_unmasking,Delayed non-CO2 mitigation plus aerosol unmasking,2050,25.0,100.0,96.0,-71.0,371.979586,1.651145,1.15,-0.15,2.651145,1.683172,0.973064,0.704223,0.0,0.4,11,9,"FAIR-ready input scaffold, not a FAIR run; species-level non-CO2 and aerosol emissions remain missing."
aether_net_zero_2050_25pct_rebound__nonco2_delay_aerosol_unmasking,aether_net_zero_2050_25pct_rebound,"AETHER, net-zero 2050, 25% rebound",nonco2_delay_aerosol_unmasking,Delayed non-CO2 mitigation plus aerosol unmasking,2051,25.0,100.0,96.0,-71.0,365.494294,1.551423,1.148,-0.148,2.551423,1.655827,0.97981,0.674602,0.0,0.4,11,9,"FAIR-ready input scaffold, not a FAIR run; species-level non-CO2 and aerosol emissions remain missing."
aether_net_zero_2050_25pct_rebound__nonco2_delay_aerosol_unmasking,aether_net_zero_2050_25pct_rebound,"AETHER, net-zero 2050, 25% rebound",nonco2_delay_aerosol_unmasking,Delayed non-CO2 mitigation plus aerosol unmasking,2052,25.0,100.0,96.0,-71.0,359.157569,1.452261,1.146,-0.146,2.452261,1.625903,0.986233,0.642216,0.0,0.4,11,9,"FAIR-ready input scaffold, not a FAIR run; species-level non-CO2 and aerosol emissions remain missing."
aether_net_zero_2050_25pct_rebound__nonco2_delay_aerosol_unmasking,aether_net_zero_2050_25pct_rebound,"AETHER, net-zero 2050, 25% rebound",nonco2_delay_aerosol_unmasking,Delayed non-CO2 mitigation plus aerosol unmasking,2053,25.0,100.0,96.0,-71.0,352.949793,1.353406,1.144,-0.144,2.353406,1.593885,0.992309,0.607687,0.0,0.4,11,9,"FAIR-ready input scaffold, not a FAIR run; species-level non-CO2 and aerosol emissions remain missing."
aether_net_zero_2050_25pct_rebound__nonco2_delay_aerosol_unmasking,aether_net_zero_2050_25pct_rebound,"AETHER, net-zero 2050, 25% rebound",nonco2_delay_aerosol_unmasking,Delayed non-CO2 mitigation plus aerosol unmasking,2054,16.36271,65.450841,62.832807,-46.470097,350.0,1.305821,1.142,-0.142,2.305821,1.564413,0.998024,0.571497,0.0,0.4,11,9,"FAIR-ready input scaffold, not a FAIR run; species-level non-CO2 and aerosol emissions remain missing."
aether_net_zero_2050_25pct_rebound__nonco2_delay_aerosol_unmasking,aether_net_zero_2050_25pct_rebound,"AETHER, net-zero 2050, 25% rebound",nonco2_delay_aerosol_unmasking,Delayed non-CO2 mitigation plus aerosol unmasking,2055,7.971137,31.884546,30.609164,-22.638028,350.0,1.305821,1.14,-0.14,2.305821,1.540944,1.003405,0.538069,0.0,0.4,11,9,"FAIR-ready input scaffold, not a FAIR run; species-level non-CO2 and aerosol emissions remain missing."
aether_net_zero_2050_25pct_rebound__nonco2_delay_aerosol_unmasking,aether_net_zero_2050_25pct_rebound,"AETHER, net-zero 2050, 25% rebound",nonco2_delay_aerosol_unmasking,Delayed non-CO2 mitigation plus aerosol unmasking,2056,7.207423,28.829691,27.676503,-20.469081,350.0,1.305821,1.138,-0.138,2.305821,1.522321,1.008512,0.510662,0.0,0.4,11,9,"FAIR-ready input scaffold, not a FAIR run; species-level non-CO2 and aerosol emissions remain missing."
aether_net_zero_2050_25pct_rebound__nonco2_delay_aerosol_unmasking,aether_net_zero_2050_25pct_rebound,"AETHER, net-zero 2050, 25% rebound",nonco2_delay_aerosol_unmasking,Delayed non-CO2 mitigation plus aerosol unmasking,2057,6.554776,26.219103,25.170339,-18.615563,350.0,1.305821,1.136,-0.136,2.305821,1.50761,1.013393,0.488119,0.0,0.4,11,9,"FAIR-ready input scaffold, not a FAIR run; species-level non-CO2 and aerosol emissions remain missing."
aether_net_zero_2050_25pct_rebound__nonco2_delay_aerosol_unmasking,aether_net_zero_2050_25pct_rebound,"AETHER, net-zero 2050, 25% rebound",nonco2_delay_aerosol_unmasking,Delayed non-CO2 mitigation plus aerosol unmasking,2058,5.996249,23.984997,23.025597,-17.029348,350.0,1.305821,1.134,-0.134,2.305821,1.496055,1.018088,0.469506,0.0,0.4,11,9,"FAIR-ready input scaffold, not a FAIR run; species-level non-CO2 and aerosol emissions remain missing."
aether_net_zero_2050_25pct_rebound__nonco2_delay_aerosol_unmasking,aether_net_zero_2050_25pct_rebound,"AETHER, net-zero 2050, 25% rebound",nonco2_delay_aerosol_unmasking,Delayed non-CO2 mitigation plus aerosol unmasking,2059,5.517496,22.069982,21.187183,-15.669688,350.0,1.305821,1.132,-0.132,2.305821,1.487048,1.022629,0.454069,0.0,0.4,11,9,"FAIR-ready input scaffold, not a FAIR run; species-level non-CO2 and aerosol emissions remain missing."
aether_net_zero_2050_25pct_rebound__nonco2_delay_aerosol_unmasking,aether_net_zero_2050_25pct_rebound,"AETHER, net-zero 2050, 25% rebound",nonco2_delay_aerosol_unmasking,Delayed non-CO2 mitigation plus aerosol unmasking,2060,5.106369,20.425474,19.608455,-14.502087,350.0,1.305821,1.13,-0.13,2.305821,1.480098,1.027041,0.441199,0.0,0.4,11,9,"FAIR-ready input scaffold, not a FAIR run; species-level non-CO2 and aerosol emissions remain missing."
aether_net_zero_2050_25pct_rebound__nonco2_delay_aerosol_unmasking,aether_net_zero_2050_25pct_rebound,"AETHER, net-zero 2050, 25% rebound",nonco2_delay_aerosol_unmasking,Delayed non-CO2 mitigation plus aerosol unmasking,2061,4.752584,19.010336,18.249922,-13.497338,350.0,1.305821,1.128,-0.128,2.305821,1.474805,1.031345,0.430404,0.0,0.4,11,9,"FAIR-ready input scaffold, not a FAIR run; species-level non-CO2 and aerosol emissions remain missing."
aether_net_zero_2050_25pct_rebound__nonco2_delay_aerosol_unmasking,aether_net_zero_2050_25pct_rebound,"AETHER, net-zero 2050, 25% rebound",nonco2_delay_aerosol_unmasking,Delayed non-CO2 mitigation plus aerosol unmasking,2062,4.447435,17.789739,17.07815,-12.630715,350.0,1.305821,1.126,-0.126,2.305821,1.47085,1.035558,0.421287,0.0,0.4,11,9,"FAIR-ready input scaffold, not a FAIR run; species-level non-CO2 and aerosol emissions remain missing."
aether_net_zero_2050_25pct_rebound__nonco2_delay_aerosol_unmasking,aether_net_zero_2050_25pct_rebound,"AETHER, net-zero 2050, 25% rebound",nonco2_delay_aerosol_unmasking,Delayed non-CO2 mitigation plus aerosol unmasking,2063,4.183549,16.734195,16.064828,-11.881279,350.0,1.305821,1.124,-0.124,2.305821,1.467973,1.039693,0.413528,0.0,0.4,11,9,"FAIR-ready input scaffold, not a FAIR run; species-level non-CO2 and aerosol emissions remain missing."
aether_net_zero_2050_25pct_rebound__nonco2_delay_aerosol_unmasking,aether_net_zero_2050_25pct_rebound,"AETHER, net-zero 2050, 25% rebound",nonco2_delay_aerosol_unmasking,Delayed non-CO2 mitigation plus aerosol unmasking,2064,3.954684,15.818736,15.185986,-11.231302,350.0,1.305821,1.122,-0.122,2.305821,1.465966,1.043762,0.406866,0.0,0.4,11,9,"FAIR-ready input scaffold, not a FAIR run; species-level non-CO2 and aerosol emissions remain missing."
aether_net_zero_2050_25pct_rebound__nonco2_delay_aerosol_unmasking,aether_net_zero_2050_25pct_rebound,"AETHER, net-zero 2050, 25% rebound",nonco2_delay_aerosol_unmasking,Delayed non-CO2 mitigation plus aerosol unmasking,2065,3.755554,15.022217,14.421329,-10.665774,350.0,1.305821,1.12,-0.12,2.305821,1.464658,1.047772,0.401094,0.0,0.4,11,9,"FAIR-ready input scaffold, not a FAIR run; species-level non-CO2 and aerosol emissions remain missing."
aether_net_zero_2050_25pct_rebound__nonco2_delay_aerosol_unmasking,aether_net_zero_2050_25pct_rebound,"AETHER, net-zero 2050, 25% rebound",nonco2_delay_aerosol_unmasking,Delayed non-CO2 mitigation plus aerosol unmasking,2066,3.581684,14.326737,13.753667,-10.171983,350.0,1.305821,1.118,-0.118,2.305821,1.463915,1.051733,0.396042,0.0,0.4,11,9,"FAIR-ready input scaffold, not a FAIR run; species-level non-CO2 and aerosol emissions remain missing."
aether_net_zero_2050_25pct_rebound__nonco2_delay_aerosol_unmasking,aether_net_zero_2050_25pct_rebound,"AETHER, net-zero 2050, 25% rebound",nonco2_delay_aerosol_unmasking,Delayed non-CO2 mitigation plus aerosol unmasking,2067,3.429283,13.717133,13.168448,-9.739165,350.0,1.305821,1.116,-0.116,2.305821,1.463625,1.055649,0.391573,0.0,0.4,11,9,"FAIR-ready input scaffold, not a FAIR run; species-level non-CO2 and aerosol emissions remain missing."
aether_net_zero_2050_25pct_rebound__nonco2_delay_aerosol_unmasking,aether_net_zero_2050_25pct_rebound,"AETHER, net-zero 2050, 25% rebound",nonco2_delay_aerosol_unmasking,Delayed non-CO2 mitigation plus aerosol unmasking,2068,3.295142,13.180567,12.653344,-9.358202,350.0,1.305821,1.114,-0.114,2.305821,1.463699,1.059524,0.387577,0.0,0.4,11,9,"FAIR-ready input scaffold, not a FAIR run; species-level non-CO2 and aerosol emissions remain missing."
aether_net_zero_2050_25pct_rebound__nonco2_delay_aerosol_unmasking,aether_net_zero_2050_25pct_rebound,"AETHER, net-zero 2050, 25% rebound",nonco2_delay_aerosol_unmasking,Delayed non-CO2 mitigation plus aerosol unmasking,2069,3.17654,12.706162,12.197915,-9.021375,350.0,1.305821,1.112,-0.112,2.305821,1.464067,1.063364,0.383966,0.0,0.4,11,9,"FAIR-ready input scaffold, not a FAIR run; species-level non-CO2 and aerosol emissions remain missing."
aether_net_zero_2050_25pct_rebound__nonco2_delay_aerosol_unmasking,aether_net_zero_2050_25pct_rebound,"AETHER, net-zero 2050, 25% rebound",nonco2_delay_aerosol_unmasking,Delayed non-CO2 mitigation plus aerosol unmasking,2070,3.071177,12.284708,11.793319,-8.722142,350.0,1.305821,1.11,-0.11,2.305821,1.464669,1.067171,0.380668,0.0,0.4,11,9,"FAIR-ready input scaffold, not a FAIR run; species-level non-CO2 and aerosol emissions remain missing."
aether_net_zero_2050_25pct_rebound__nonco2_delay_aerosol_unmasking,aether_net_zero_2050_25pct_rebound,"AETHER, net-zero 2050, 25% rebound",nonco2_delay_aerosol_unmasking,Delayed non-CO2 mitigation plus aerosol unmasking,2071,2.9771,11.908401,11.432065,-8.454965,350.0,1.305821,1.108,-0.108,2.305821,1.465459,1.070947,0.377623,0.0,0.4,11,9,"FAIR-ready input scaffold, not a FAIR run; species-level non-CO2 and aerosol emissions remain missing."
aether_net_zero_2050_25pct_rebound__nonco2_delay_aerosol_unmasking,aether_net_zero_2050_25pct_rebound,"AETHER, net-zero 2050, 25% rebound",nonco2_delay_aerosol_unmasking,Delayed non-CO2 mitigation plus aerosol unmasking,2072,2.892658,11.570631,11.107806,-8.215148,350.0,1.305821,1.106,-0.106,2.305821,1.466399,1.074695,0.374787,0.0,0.4,11,9,"FAIR-ready input scaffold, not a FAIR run; species-level non-CO2 and aerosol emissions remain missing."
aether_net_zero_2050_25pct_rebound__nonco2_delay_aerosol_unmasking,aether_net_zero_2050_25pct_rebound,"AETHER, net-zero 2050, 25% rebound",nonco2_delay_aerosol_unmasking,Delayed non-CO2 mitigation plus aerosol unmasking,2073,2.816449,11.265797,10.815165,-7.998716,350.0,1.305821,1.104,-0.104,2.305821,1.467459,1.078416,0.372119,0.0,0.4,11,9,"FAIR-ready input scaffold, not a FAIR run; species-level non-CO2 and aerosol emissions remain missing."
aether_net_zero_2050_25pct_rebound__nonco2_delay_aerosol_unmasking,aether_net_zero_2050_25pct_rebound,"AETHER, net-zero 2050, 25% rebound",nonco2_delay_aerosol_unmasking,Delayed non-CO2 mitigation plus aerosol unmasking,2074,2.747288,10.989152,10.549586,-7.802298,350.0,1.305821,1.102,-0.102,2.305821,1.468614,1.082112,0.369591,0.0,0.4,11,9,"FAIR-ready input scaffold, not a FAIR run; species-level non-CO2 and aerosol emissions remain missing."
aether_net_zero_2050_25pct_rebound__nonco2_delay_aerosol_unmasking,aether_net_zero_2050_25pct_rebound,"AETHER, net-zero 2050, 25% rebound",nonco2_delay_aerosol_unmasking,Delayed non-CO2 mitigation plus aerosol unmasking,2075,2.684168,10.736672,10.307205,-7.623037,350.0,1.305821,1.1,-0.1,2.305821,1.469844,1.085784,0.367177,0.0,0.4,11,9,"FAIR-ready input scaffold, not a FAIR run; species-level non-CO2 and aerosol emissions remain missing."
aether_net_zero_2050_25pct_rebound__nonco2_delay_aerosol_unmasking,aether_net_zero_2050_25pct_rebound,"AETHER, net-zero 2050, 25% rebound",nonco2_delay_aerosol_unmasking,Delayed non-CO2 mitigation plus aerosol unmasking,2076,2.626237,10.504946,10.084748,-7.458512,350.0,1.305821,1.098,-0.098,2.305821,1.471133,1.089432,0.364857,0.0,0.4,11,9,"FAIR-ready input scaffold, not a FAIR run; species-level non-CO2 and aerosol emissions remain missing."
aether_net_zero_2050_25pct_rebound__nonco2_delay_aerosol_unmasking,aether_net_zero_2050_25pct_rebound,"AETHER, net-zero 2050, 25% rebound",nonco2_delay_aerosol_unmasking,Delayed non-CO2 mitigation plus aerosol unmasking,2077,2.572771,10.291083,9.879439,-7.306669,350.0,1.305821,1.096,-0.096,2.305821,1.472468,1.093058,0.362616,0.0,0.4,11,9,"FAIR-ready input scaffold, not a FAIR run; species-level non-CO2 and aerosol emissions remain missing."
aether_net_zero_2050_25pct_rebound__nonco2_delay_aerosol_unmasking,aether_net_zero_2050_25pct_rebound,"AETHER, net-zero 2050, 25% rebound",nonco2_delay_aerosol_unmasking,Delayed non-CO2 mitigation plus aerosol unmasking,2078,2.523157,10.092628,9.688923,-7.165766,350.0,1.305821,1.094,-0.094,2.305821,1.473839,1.096663,0.360439,0.0,0.4,11,9,"FAIR-ready input scaffold, not a FAIR run; species-level non-CO2 and aerosol emissions remain missing."
aether_net_zero_2050_25pct_rebound__nonco2_delay_aerosol_unmasking,aether_net_zero_2050_25pct_rebound,"AETHER, net-zero 2050, 25% rebound",nonco2_delay_aerosol_unmasking,Delayed non-CO2 mitigation plus aerosol unmasking,2079,2.476875,9.9075,9.5112,-7.034325,350.0,1.305821,1.092,-0.092,2.305821,1.475237,1.100246,0.358317,0.0,0.4,11,9,"FAIR-ready input scaffold, not a FAIR run; species-level non-CO2 and aerosol emissions remain missing."
aether_net_zero_2050_25pct_rebound__nonco2_delay_aerosol_unmasking,aether_net_zero_2050_25pct_rebound,"AETHER, net-zero 2050, 25% rebound",nonco2_delay_aerosol_unmasking,Delayed non-CO2 mitigation plus aerosol unmasking,2080,2.433483,9.733933,9.344576,-6.911093,350.0,1.305821,1.09,-0.09,2.305821,1.476655,1.103808,0.356241,0.0,0.4,11,9,"FAIR-ready input scaffold, not a FAIR run; species-level non-CO2 and aerosol emissions remain missing."
aether_net_zero_2050_25pct_rebound__nonco2_delay_aerosol_unmasking,aether_net_zero_2050_25pct_rebound,"AETHER, net-zero 2050, 25% rebound",nonco2_delay_aerosol_unmasking,Delayed non-CO2 mitigation plus aerosol unmasking,2081,2.392607,9.570427,9.18761,-6.795003,350.0,1.305821,1.088,-0.088,2.305821,1.478088,1.10735,0.354204,0.0,0.4,11,9,"FAIR-ready input scaffold, not a FAIR run; species-level non-CO2 and aerosol emissions remain missing."
aether_net_zero_2050_25pct_rebound__nonco2_delay_aerosol_unmasking,aether_net_zero_2050_25pct_rebound,"AETHER, net-zero 2050, 25% rebound",nonco2_delay_aerosol_unmasking,Delayed non-CO2 mitigation plus aerosol unmasking,2082,2.353926,9.415706,9.039077,-6.685151,350.0,1.305821,1.086,-0.086,2.305821,1.479532,1.110872,0.352201,0.0,0.4,11,9,"FAIR-ready input scaffold, not a FAIR run; species-level non-CO2 and aerosol emissions remain missing."
aether_net_zero_2050_25pct_rebound__nonco2_delay_aerosol_unmasking,aether_net_zero_2050_25pct_rebound,"AETHER, net-zero 2050, 25% rebound",nonco2_delay_aerosol_unmasking,Delayed non-CO2 mitigation plus aerosol unmasking,2083,2.317172,9.268687,8.897939,-6.580768,350.0,1.305821,1.084,-0.084,2.305821,1.480983,1.114375,0.350227,0.0,0.4,11,9,"FAIR-ready input scaffold, not a FAIR run; species-level non-CO2 and aerosol emissions remain missing."
aether_net_zero_2050_25pct_rebound__nonco2_delay_aerosol_unmasking,aether_net_zero_2050_25pct_rebound,"AETHER, net-zero 2050, 25% rebound",nonco2_delay_aerosol_unmasking,Delayed non-CO2 mitigation plus aerosol unmasking,2084,2.282112,9.128449,8.763311,-6.481199,350.0,1.305821,1.082,-0.082,2.305821,1.482437,1.117858,0.348278,0.0,0.4,11,9,"FAIR-ready input scaffold, not a FAIR run; species-level non-CO2 and aerosol emissions remain missing."
aether_net_zero_2050_25pct_rebound__nonco2_delay_aerosol_unmasking,aether_net_zero_2050_25pct_rebound,"AETHER, net-zero 2050, 25% rebound",nonco2_delay_aerosol_unmasking,Delayed non-CO2 mitigation plus aerosol unmasking,2085,2.248552,8.994207,8.634439,-6.385887,350.0,1.305821,1.08,-0.08,2.305821,1.483894,1.121321,0.346351,0.0,0.4,11,9,"FAIR-ready input scaffold, not a FAIR run; species-level non-CO2 and aerosol emissions remain missing."
aether_net_zero_2050_25pct_rebound__nonco2_delay_aerosol_unmasking,aether_net_zero_2050_25pct_rebound,"AETHER, net-zero 2050, 25% rebound",nonco2_delay_aerosol_unmasking,Delayed non-CO2 mitigation plus aerosol unmasking,2086,2.216324,8.865294,8.510682,-6.294359,350.0,1.305821,1.078,-0.078,2.305821,1.48535,1.124765,0.344444,0.0,0.4,11,9,"FAIR-ready input scaffold, not a FAIR run; species-level non-CO2 and aerosol emissions remain missing."
aether_net_zero_2050_25pct_rebound__nonco2_delay_aerosol_unmasking,aether_net_zero_2050_25pct_rebound,"AETHER, net-zero 2050, 25% rebound",nonco2_delay_aerosol_unmasking,Delayed non-CO2 mitigation plus aerosol unmasking,2087,2.185285,8.741139,8.391493,-6.206209,350.0,1.305821,1.076,-0.076,2.305821,1.486805,1.128191,0.342555,0.0,0.4,11,9,"FAIR-ready input scaffold, not a FAIR run; species-level non-CO2 and aerosol emissions remain missing."
aether_net_zero_2050_25pct_rebound__nonco2_delay_aerosol_unmasking,aether_net_zero_2050_25pct_rebound,"AETHER, net-zero 2050, 25% rebound",nonco2_delay_aerosol_unmasking,Delayed non-CO2 mitigation plus aerosol unmasking,2088,2.155314,8.621255,8.276405,-6.121091,350.0,1.305821,1.074,-0.074,2.305821,1.488257,1.131598,0.340683,0.0,0.4,11,9,"FAIR-ready input scaffold, not a FAIR run; species-level non-CO2 and aerosol emissions remain missing."
aether_net_zero_2050_25pct_rebound__nonco2_delay_aerosol_unmasking,aether_net_zero_2050_25pct_rebound,"AETHER, net-zero 2050, 25% rebound",nonco2_delay_aerosol_unmasking,Delayed non-CO2 mitigation plus aerosol unmasking,2089,2.126307,8.505227,8.165018,-6.038711,350.0,1.305821,1.072,-0.072,2.305821,1.489705,1.134986,0.338826,0.0,0.4,11,9,"FAIR-ready input scaffold, not a FAIR run; species-level non-CO2 and aerosol emissions remain missing."
aether_net_zero_2050_25pct_rebound__nonco2_delay_aerosol_unmasking,aether_net_zero_2050_25pct_rebound,"AETHER, net-zero 2050, 25% rebound",nonco2_delay_aerosol_unmasking,Delayed non-CO2 mitigation plus aerosol unmasking,2090,2.098175,8.392699,8.056991,-5.958816,350.0,1.305821,1.07,-0.07,2.305821,1.491149,1.138356,0.336983,0.0,0.4,11,9,"FAIR-ready input scaffold, not a FAIR run; species-level non-CO2 and aerosol emissions remain missing."
aether_net_zero_2050_25pct_rebound__nonco2_delay_aerosol_unmasking,aether_net_zero_2050_25pct_rebound,"AETHER, net-zero 2050, 25% rebound",nonco2_delay_aerosol_unmasking,Delayed non-CO2 mitigation plus aerosol unmasking,2091,2.070841,8.283364,7.95203,-5.881189,350.0,1.305821,1.068,-0.068,2.305821,1.492587,1.141707,0.335153,0.0,0.4,11,9,"FAIR-ready input scaffold, not a FAIR run; species-level non-CO2 and aerosol emissions remain missing."
aether_net_zero_2050_25pct_rebound__nonco2_delay_aerosol_unmasking,aether_net_zero_2050_25pct_rebound,"AETHER, net-zero 2050, 25% rebound",nonco2_delay_aerosol_unmasking,Delayed non-CO2 mitigation plus aerosol unmasking,2092,2.04424,8.176962,7.849883,-5.805643,350.0,1.305821,1.066,-0.066,2.305821,1.49402,1.145041,0.333336,0.0,0.4,11,9,"FAIR-ready input scaffold, not a FAIR run; species-level non-CO2 and aerosol emissions remain missing."
aether_net_zero_2050_25pct_rebound__nonco2_delay_aerosol_unmasking,aether_net_zero_2050_25pct_rebound,"AETHER, net-zero 2050, 25% rebound",nonco2_delay_aerosol_unmasking,Delayed non-CO2 mitigation plus aerosol unmasking,2093,2.018316,8.073265,7.750335,-5.732018,350.0,1.305821,1.064,-0.064,2.305821,1.495447,1.148356,0.331531,0.0,0.4,11,9,"FAIR-ready input scaffold, not a FAIR run; species-level non-CO2 and aerosol emissions remain missing."
aether_net_zero_2050_25pct_rebound__nonco2_delay_aerosol_unmasking,aether_net_zero_2050_25pct_rebound,"AETHER, net-zero 2050, 25% rebound",nonco2_delay_aerosol_unmasking,Delayed non-CO2 mitigation plus aerosol unmasking,2094,1.99302,7.97208,7.653197,-5.660177,350.0,1.305821,1.062,-0.062,2.305821,1.496868,1.151654,0.329737,0.0,0.4,11,9,"FAIR-ready input scaffold, not a FAIR run; species-level non-CO2 and aerosol emissions remain missing."
aether_net_zero_2050_25pct_rebound__nonco2_delay_aerosol_unmasking,aether_net_zero_2050_25pct_rebound,"AETHER, net-zero 2050, 25% rebound",nonco2_delay_aerosol_unmasking,Delayed non-CO2 mitigation plus aerosol unmasking,2095,1.968309,7.873237,7.558307,-5.589998,350.0,1.305821,1.06,-0.06,2.305821,1.498282,1.154933,0.327954,0.0,0.4,11,9,"FAIR-ready input scaffold, not a FAIR run; species-level non-CO2 and aerosol emissions remain missing."
aether_net_zero_2050_25pct_rebound__nonco2_delay_aerosol_unmasking,aether_net_zero_2050_25pct_rebound,"AETHER, net-zero 2050, 25% rebound",nonco2_delay_aerosol_unmasking,Delayed non-CO2 mitigation plus aerosol unmasking,2096,1.944147,7.776589,7.465526,-5.521378,350.0,1.305821,1.058,-0.058,2.305821,1.49969,1.158195,0.326182,0.0,0.4,11,9,"FAIR-ready input scaffold, not a FAIR run; species-level non-CO2 and aerosol emissions remain missing."
aether_net_zero_2050_25pct_rebound__nonco2_delay_aerosol_unmasking,aether_net_zero_2050_25pct_rebound,"AETHER, net-zero 2050, 25% rebound",nonco2_delay_aerosol_unmasking,Delayed non-CO2 mitigation plus aerosol unmasking,2097,1.920503,7.682011,7.37473,-5.454228,350.0,1.305821,1.056,-0.056,2.305821,1.50109,1.161439,0.32442,0.0,0.4,11,9,"FAIR-ready input scaffold, not a FAIR run; species-level non-CO2 and aerosol emissions remain missing."
aether_net_zero_2050_25pct_rebound__nonco2_delay_aerosol_unmasking,aether_net_zero_2050_25pct_rebound,"AETHER, net-zero 2050, 25% rebound",nonco2_delay_aerosol_unmasking,Delayed non-CO2 mitigation plus aerosol unmasking,2098,1.897347,7.589389,7.285813,-5.388466,350.0,1.305821,1.054,-0.054,2.305821,1.502484,1.164666,0.322669,0.0,0.4,11,9,"FAIR-ready input scaffold, not a FAIR run; species-level non-CO2 and aerosol emissions remain missing."
aether_net_zero_2050_25pct_rebound__nonco2_delay_aerosol_unmasking,aether_net_zero_2050_25pct_rebound,"AETHER, net-zero 2050, 25% rebound",nonco2_delay_aerosol_unmasking,Delayed non-CO2 mitigation plus aerosol unmasking,2099,1.874657,7.498626,7.198681,-5.324025,350.0,1.305821,1.052,-0.052,2.305821,1.503871,1.167875,0.320927,0.0,0.4,11,9,"FAIR-ready input scaffold, not a FAIR run; species-level non-CO2 and aerosol emissions remain missing."
aether_net_zero_2050_25pct_rebound__nonco2_delay_aerosol_unmasking,aether_net_zero_2050_25pct_rebound,"AETHER, net-zero 2050, 25% rebound",nonco2_delay_aerosol_unmasking,Delayed non-CO2 mitigation plus aerosol unmasking,2100,1.852409,7.409637,7.113252,-5.260842,350.0,1.305821,1.05,-0.05,2.305821,1.50525,1.171067,0.319196,0.0,0.4,11,9,"FAIR-ready input scaffold, not a FAIR run; species-level non-CO2 and aerosol emissions remain missing."
aether_net_zero_2050_25pct_rebound__active_full_forcing_management,aether_net_zero_2050_25pct_rebound,"AETHER, net-zero 2050, 25% rebound",active_full_forcing_management,Active full-forcing management,2026,42.2,0.0,0.0,42.2,433.940256,2.524677,1.2,-0.7,3.024677,1.613376,0.772719,0.795947,0.0,0.4,11,9,"FAIR-ready input scaffold, not a FAIR run; species-level non-CO2 and aerosol emissions remain missing."
aether_net_zero_2050_25pct_rebound__active_full_forcing_management,aether_net_zero_2050_25pct_rebound,"AETHER, net-zero 2050, 25% rebound",active_full_forcing_management,Active full-forcing management,2027,41.691667,5.0,4.8,36.891667,438.315722,2.58156,1.172917,-0.677083,3.077394,1.627147,0.780705,0.798624,0.0,0.4,11,9,"FAIR-ready input scaffold, not a FAIR run; species-level non-CO2 and aerosol emissions remain missing."
aether_net_zero_2050_25pct_rebound__active_full_forcing_management,aether_net_zero_2050_25pct_rebound,"AETHER, net-zero 2050, 25% rebound",active_full_forcing_management,Active full-forcing management,2028,41.183333,10.0,9.6,31.583333,441.76633,2.62602,1.145833,-0.654167,3.117687,1.642314,0.788747,0.804119,0.0,0.4,11,9,"FAIR-ready input scaffold, not a FAIR run; species-level non-CO2 and aerosol emissions remain missing."
aether_net_zero_2050_25pct_rebound__active_full_forcing_management,aether_net_zero_2050_25pct_rebound,"AETHER, net-zero 2050, 25% rebound",active_full_forcing_management,Active full-forcing management,2029,40.675,15.0,14.4,26.275,444.380442,2.659472,1.11875,-0.63125,3.146972,1.657701,0.796855,0.810889,0.0,0.4,11,9,"FAIR-ready input scaffold, not a FAIR run; species-level non-CO2 and aerosol emissions remain missing."
aether_net_zero_2050_25pct_rebound__active_full_forcing_management,aether_net_zero_2050_25pct_rebound,"AETHER, net-zero 2050, 25% rebound",active_full_forcing_management,Active full-forcing management,2030,40.166667,20.0,19.2,20.966667,446.229284,2.683012,1.091667,-0.608333,3.166346,1.672448,0.805033,0.817804,0.0,0.4,11,9,"FAIR-ready input scaffold, not a FAIR run; species-level non-CO2 and aerosol emissions remain missing."
aether_net_zero_2050_25pct_rebound__active_full_forcing_management,aether_net_zero_2050_25pct_rebound,"AETHER, net-zero 2050, 25% rebound",active_full_forcing_management,Active full-forcing management,2031,39.658333,25.0,24.0,15.658333,447.370471,2.697494,1.064583,-0.585417,3.17666,1.685923,0.813274,0.824043,0.0,0.4,11,9,"FAIR-ready input scaffold, not a FAIR run; species-level non-CO2 and aerosol emissions remain missing."
aether_net_zero_2050_25pct_rebound__active_full_forcing_management,aether_net_zero_2050_25pct_rebound,"AETHER, net-zero 2050, 25% rebound",active_full_forcing_management,Active full-forcing management,2032,39.15,30.0,28.8,10.35,447.850801,2.703578,1.0375,-0.5625,3.178578,1.697673,0.821564,0.829017,0.0,0.4,11,9,"FAIR-ready input scaffold, not a FAIR run; species-level non-CO2 and aerosol emissions remain missing."
aether_net_zero_2050_25pct_rebound__active_full_forcing_management,aether_net_zero_2050_25pct_rebound,"AETHER, net-zero 2050, 25% rebound",active_full_forcing_management,Active full-forcing management,2033,38.641667,35.0,33.6,5.041667,447.708467,2.701776,1.010417,-0.539583,3.172609,1.70737,0.829887,0.832304,0.0,0.4,11,9,"FAIR-ready input scaffold, not a FAIR run; species-level non-CO2 and aerosol emissions remain missing."
aether_net_zero_2050_25pct_rebound__active_full_forcing_management,aether_net_zero_2050_25pct_rebound,"AETHER, net-zero 2050, 25% rebound",active_full_forcing_management,Active full-forcing management,2034,38.133333,40.0,38.4,-0.266667,446.974816,2.692477,0.983333,-0.516667,3.159144,1.714776,0.838223,0.833608,0.0,0.4,11,9,"FAIR-ready input scaffold, not a FAIR run; species-level non-CO2 and aerosol emissions remain missing."
aether_net_zero_2050_25pct_rebound__active_full_forcing_management,aether_net_zero_2050_25pct_rebound,"AETHER, net-zero 2050, 25% rebound",active_full_forcing_management,Active full-forcing management,2035,37.625,45.0,43.2,-5.575,445.675738,2.675974,0.95625,-0.49375,3.138474,1.719726,0.84655,0.832726,0.0,0.4,11,9,"FAIR-ready input scaffold, not a FAIR run; species-level non-CO2 and aerosol emissions remain missing."
aether_net_zero_2050_25pct_rebound__active_full_forcing_management,aether_net_zero_2050_25pct_rebound,"AETHER, net-zero 2050, 25% rebound",active_full_forcing_management,Active full-forcing management,2036,37.116667,50.0,48.0,-10.883333,443.832773,2.65248,0.929167,-0.470833,3.110813,1.722097,0.854846,0.829516,0.0,0.4,11,9,"FAIR-ready input scaffold, not a FAIR run; species-level non-CO2 and aerosol emissions remain missing."
aether_net_zero_2050_25pct_rebound__active_full_forcing_management,aether_net_zero_2050_25pct_rebound,"AETHER, net-zero 2050, 25% rebound",active_full_forcing_management,Active full-forcing management,2037,36.608333,55.0,52.8,-16.191667,441.463988,2.622139,0.902083,-0.447917,3.076305,1.721803,0.863084,0.823889,0.0,0.4,11,9,"FAIR-ready input scaffold, not a FAIR run; species-level non-CO2 and aerosol emissions remain missing."
aether_net_zero_2050_25pct_rebound__active_full_forcing_management,aether_net_zero_2050_25pct_rebound,"AETHER, net-zero 2050, 25% rebound",active_full_forcing_management,Active full-forcing management,2038,36.1,60.0,57.6,-21.5,438.584671,2.585038,0.875,-0.425,3.035038,1.718777,0.871242,0.815782,0.0,0.4,11,9,"FAIR-ready input scaffold, not a FAIR run; species-level non-CO2 and aerosol emissions remain missing."
aether_net_zero_2050_25pct_rebound__active_full_forcing_management,aether_net_zero_2050_25pct_rebound,"AETHER, net-zero 2050, 25% rebound",active_full_forcing_management,Active full-forcing management,2039,35.591667,65.0,62.4,-26.808333,435.207884,2.541216,0.847917,-0.402083,2.987049,1.712968,0.879294,0.805158,0.0,0.4,11,9,"FAIR-ready input scaffold, not a FAIR run; species-level non-CO2 and aerosol emissions remain missing."
aether_net_zero_2050_25pct_rebound__active_full_forcing_management,aether_net_zero_2050_25pct_rebound,"AETHER, net-zero 2050, 25% rebound",active_full_forcing_management,Active full-forcing management,2040,35.083333,70.0,67.2,-32.116667,431.3449,2.490665,0.820833,-0.379167,2.932332,1.704331,0.887214,0.791991,0.0,0.4,11,9,"FAIR-ready input scaffold, not a FAIR run; species-level non-CO2 and aerosol emissions remain missing."
aether_net_zero_2050_25pct_rebound__active_full_forcing_management,aether_net_zero_2050_25pct_rebound,"AETHER, net-zero 2050, 25% rebound",active_full_forcing_management,Active full-forcing management,2041,34.575,75.0,72.0,-37.425,427.005549,2.433338,0.79375,-0.35625,2.870838,1.692823,0.894976,0.776261,0.0,0.4,11,9,"FAIR-ready input scaffold, not a FAIR run; species-level non-CO2 and aerosol emissions remain missing."
aether_net_zero_2050_25pct_rebound__active_full_forcing_management,aether_net_zero_2050_25pct_rebound,"AETHER, net-zero 2050, 25% rebound",active_full_forcing_management,Active full-forcing management,2042,34.066667,80.0,76.8,-42.733333,422.198502,2.369148,0.766667,-0.333333,2.802481,1.6784,0.902556,0.757954,0.0,0.4,11,9,"FAIR-ready input scaffold, not a FAIR run; species-level non-CO2 and aerosol emissions remain missing."
aether_net_zero_2050_25pct_rebound__active_full_forcing_management,aether_net_zero_2050_25pct_rebound,"AETHER, net-zero 2050, 25% rebound",active_full_forcing_management,Active full-forcing management,2043,33.558333,85.0,81.6,-48.041667,416.931481,2.297971,0.739583,-0.310417,2.727138,1.661015,0.909926,0.737052,0.0,0.4,11,9,"FAIR-ready input scaffold, not a FAIR run; species-level non-CO2 and aerosol emissions remain missing."
aether_net_zero_2050_25pct_rebound__active_full_forcing_management,aether_net_zero_2050_25pct_rebound,"AETHER, net-zero 2050, 25% rebound",active_full_forcing_management,Active full-forcing management,2044,33.05,90.0,86.4,-53.35,411.211439,2.219646,0.7125,-0.2875,2.644646,1.640614,0.917062,0.713535,0.0,0.4,11,9,"FAIR-ready input scaffold, not a FAIR run; species-level non-CO2 and aerosol emissions remain missing."
aether_net_zero_2050_25pct_rebound__active_full_forcing_management,aether_net_zero_2050_25pct_rebound,"AETHER, net-zero 2050, 25% rebound",active_full_forcing_management,Active full-forcing management,2045,32.541667,95.0,91.2,-58.658333,405.0447,2.133975,0.685417,-0.264583,2.554809,1.617133,0.923936,0.687374,0.0,0.4,11,9,"FAIR-ready input scaffold, not a FAIR run; species-level non-CO2 and aerosol emissions remain missing."
aether_net_zero_2050_25pct_rebound__active_full_forcing_management,aether_net_zero_2050_25pct_rebound,"AETHER, net-zero 2050, 25% rebound",active_full_forcing_management,Active full-forcing management,2046,32.033333,100.0,96.0,-63.966667,398.437067,2.040719,0.658333,-0.241667,2.457386,1.5905,0.930521,0.658538,0.0,0.4,11,9,"FAIR-ready input scaffold, not a FAIR run; species-level non-CO2 and aerosol emissions remain missing."
aether_net_zero_2050_25pct_rebound__active_full_forcing_management,aether_net_zero_2050_25pct_rebound,"AETHER, net-zero 2050, 25% rebound",active_full_forcing_management,Active full-forcing management,2047,30.275,100.0,96.0,-65.725,391.849038,1.946187,0.63125,-0.21875,2.358687,1.561179,0.936791,0.62698,0.0,0.4,11,9,"FAIR-ready input scaffold, not a FAIR run; species-level non-CO2 and aerosol emissions remain missing."
aether_net_zero_2050_25pct_rebound__active_full_forcing_management,aether_net_zero_2050_25pct_rebound,"AETHER, net-zero 2050, 25% rebound",active_full_forcing_management,Active full-forcing management,2048,28.516667,100.0,96.0,-67.483333,385.255826,1.849976,0.604167,-0.195833,2.25831,1.529512,0.942722,0.593169,0.0,0.4,11,9,"FAIR-ready input scaffold, not a FAIR run; species-level non-CO2 and aerosol emissions remain missing."
aether_net_zero_2050_25pct_rebound__active_full_forcing_management,aether_net_zero_2050_25pct_rebound,"AETHER, net-zero 2050, 25% rebound",active_full_forcing_management,Active full-forcing management,2049,26.758333,100.0,96.0,-69.241667,378.637834,1.751733,0.577083,-0.172917,2.1559,1.495745,0.948297,0.55745,0.0,0.4,11,9,"FAIR-ready input scaffold, not a FAIR run; species-level non-CO2 and aerosol emissions remain missing."
aether_net_zero_2050_25pct_rebound__active_full_forcing_management,aether_net_zero_2050_25pct_rebound,"AETHER, net-zero 2050, 25% rebound",active_full_forcing_management,Active full-forcing management,2050,25.0,100.0,96.0,-71.0,371.979586,1.651145,0.55,-0.15,2.051145,1.460048,0.953498,0.520075,0.0,0.4,11,9,"FAIR-ready input scaffold, not a FAIR run; species-level non-CO2 and aerosol emissions remain missing."
aether_net_zero_2050_25pct_rebound__active_full_forcing_management,aether_net_zero_2050_25pct_rebound,"AETHER, net-zero 2050, 25% rebound",active_full_forcing_management,Active full-forcing management,2051,25.0,100.0,96.0,-71.0,365.494294,1.551423,0.543,-0.147,1.947423,1.422843,0.95831,0.481223,0.0,0.4,11,9,"FAIR-ready input scaffold, not a FAIR run; species-level non-CO2 and aerosol emissions remain missing."
aether_net_zero_2050_25pct_rebound__active_full_forcing_management,aether_net_zero_2050_25pct_rebound,"AETHER, net-zero 2050, 25% rebound",active_full_forcing_management,Active full-forcing management,2052,25.0,100.0,96.0,-71.0,359.157569,1.452261,0.536,-0.144,1.844261,1.384429,0.962723,0.441306,0.0,0.4,11,9,"FAIR-ready input scaffold, not a FAIR run; species-level non-CO2 and aerosol emissions remain missing."
aether_net_zero_2050_25pct_rebound__active_full_forcing_management,aether_net_zero_2050_25pct_rebound,"AETHER, net-zero 2050, 25% rebound",active_full_forcing_management,Active full-forcing management,2053,25.0,100.0,96.0,-71.0,352.949793,1.353406,0.529,-0.141,1.741406,1.345027,0.966729,0.400621,0.0,0.4,11,9,"FAIR-ready input scaffold, not a FAIR run; species-level non-CO2 and aerosol emissions remain missing."
aether_net_zero_2050_25pct_rebound__active_full_forcing_management,aether_net_zero_2050_25pct_rebound,"AETHER, net-zero 2050, 25% rebound",active_full_forcing_management,Active full-forcing management,2054,16.36271,65.450841,62.832807,-46.470097,350.0,1.305821,0.522,-0.138,1.689821,1.309065,0.970323,0.359383,0.0,0.4,11,9,"FAIR-ready input scaffold, not a FAIR run; species-level non-CO2 and aerosol emissions remain missing."
aether_net_zero_2050_25pct_rebound__active_full_forcing_management,aether_net_zero_2050_25pct_rebound,"AETHER, net-zero 2050, 25% rebound",active_full_forcing_management,Active full-forcing management,2055,7.971137,31.884546,30.609164,-22.638028,350.0,1.305821,0.515,-0.135,1.685821,1.279827,0.973541,0.321805,0.0,0.4,11,9,"FAIR-ready input scaffold, not a FAIR run; species-level non-CO2 and aerosol emissions remain missing."
aether_net_zero_2050_25pct_rebound__active_full_forcing_management,aether_net_zero_2050_25pct_rebound,"AETHER, net-zero 2050, 25% rebound",active_full_forcing_management,Active full-forcing management,2056,7.207423,28.829691,27.676503,-20.469081,350.0,1.305821,0.508,-0.132,1.681821,1.256017,0.976451,0.290972,0.0,0.4,11,9,"FAIR-ready input scaffold, not a FAIR run; species-level non-CO2 and aerosol emissions remain missing."
aether_net_zero_2050_25pct_rebound__active_full_forcing_management,aether_net_zero_2050_25pct_rebound,"AETHER, net-zero 2050, 25% rebound",active_full_forcing_management,Active full-forcing management,2057,6.554776,26.219103,25.170339,-18.615563,350.0,1.305821,0.501,-0.129,1.677821,1.236588,0.979107,0.265588,0.0,0.4,11,9,"FAIR-ready input scaffold, not a FAIR run; species-level non-CO2 and aerosol emissions remain missing."
aether_net_zero_2050_25pct_rebound__active_full_forcing_management,aether_net_zero_2050_25pct_rebound,"AETHER, net-zero 2050, 25% rebound",active_full_forcing_management,Active full-forcing management,2058,5.996249,23.984997,23.025597,-17.029348,350.0,1.305821,0.494,-0.126,1.673821,1.220695,0.981553,0.244607,0.0,0.4,11,9,"FAIR-ready input scaffold, not a FAIR run; species-level non-CO2 and aerosol emissions remain missing."
aether_net_zero_2050_25pct_rebound__active_full_forcing_management,aether_net_zero_2050_25pct_rebound,"AETHER, net-zero 2050, 25% rebound",active_full_forcing_management,Active full-forcing management,2059,5.517496,22.069982,21.187183,-15.669688,350.0,1.305821,0.487,-0.123,1.669821,1.207655,0.983825,0.227185,0.0,0.4,11,9,"FAIR-ready input scaffold, not a FAIR run; species-level non-CO2 and aerosol emissions remain missing."
aether_net_zero_2050_25pct_rebound__active_full_forcing_management,aether_net_zero_2050_25pct_rebound,"AETHER, net-zero 2050, 25% rebound",active_full_forcing_management,Active full-forcing management,2060,5.106369,20.425474,19.608455,-14.502087,350.0,1.305821,0.48,-0.12,1.665821,1.196918,0.985951,0.212639,0.0,0.4,11,9,"FAIR-ready input scaffold, not a FAIR run; species-level non-CO2 and aerosol emissions remain missing."
aether_net_zero_2050_25pct_rebound__active_full_forcing_management,aether_net_zero_2050_25pct_rebound,"AETHER, net-zero 2050, 25% rebound",active_full_forcing_management,Active full-forcing management,2061,4.752584,19.010336,18.249922,-13.497338,350.0,1.305821,0.473,-0.117,1.661821,1.188038,0.987955,0.200419,0.0,0.4,11,9,"FAIR-ready input scaffold, not a FAIR run; species-level non-CO2 and aerosol emissions remain missing."
aether_net_zero_2050_25pct_rebound__active_full_forcing_management,aether_net_zero_2050_25pct_rebound,"AETHER, net-zero 2050, 25% rebound",active_full_forcing_management,Active full-forcing management,2062,4.447435,17.789739,17.07815,-12.630715,350.0,1.305821,0.466,-0.114,1.657821,1.180656,0.989856,0.190079,0.0,0.4,11,9,"FAIR-ready input scaffold, not a FAIR run; species-level non-CO2 and aerosol emissions remain missing."
aether_net_zero_2050_25pct_rebound__active_full_forcing_management,aether_net_zero_2050_25pct_rebound,"AETHER, net-zero 2050, 25% rebound",active_full_forcing_management,Active full-forcing management,2063,4.183549,16.734195,16.064828,-11.881279,350.0,1.305821,0.459,-0.111,1.653821,1.174481,0.991669,0.18126,0.0,0.4,11,9,"FAIR-ready input scaffold, not a FAIR run; species-level non-CO2 and aerosol emissions remain missing."
aether_net_zero_2050_25pct_rebound__active_full_forcing_management,aether_net_zero_2050_25pct_rebound,"AETHER, net-zero 2050, 25% rebound",active_full_forcing_management,Active full-forcing management,2064,3.954684,15.818736,15.185986,-11.231302,350.0,1.305821,0.452,-0.108,1.649821,1.169279,0.993405,0.173672,0.0,0.4,11,9,"FAIR-ready input scaffold, not a FAIR run; species-level non-CO2 and aerosol emissions remain missing."
aether_net_zero_2050_25pct_rebound__active_full_forcing_management,aether_net_zero_2050_25pct_rebound,"AETHER, net-zero 2050, 25% rebound",active_full_forcing_management,Active full-forcing management,2065,3.755554,15.022217,14.421329,-10.665774,350.0,1.305821,0.445,-0.105,1.645821,1.164861,0.995076,0.16708,0.0,0.4,11,9,"FAIR-ready input scaffold, not a FAIR run; species-level non-CO2 and aerosol emissions remain missing."
aether_net_zero_2050_25pct_rebound__active_full_forcing_management,aether_net_zero_2050_25pct_rebound,"AETHER, net-zero 2050, 25% rebound",active_full_forcing_management,Active full-forcing management,2066,3.581684,14.326737,13.753667,-10.171983,350.0,1.305821,0.438,-0.102,1.641821,1.161074,0.996689,0.161296,0.0,0.4,11,9,"FAIR-ready input scaffold, not a FAIR run; species-level non-CO2 and aerosol emissions remain missing."
aether_net_zero_2050_25pct_rebound__active_full_forcing_management,aether_net_zero_2050_25pct_rebound,"AETHER, net-zero 2050, 25% rebound",active_full_forcing_management,Active full-forcing management,2067,3.429283,13.717133,13.168448,-9.739165,350.0,1.305821,0.431,-0.099,1.637821,1.157795,0.998251,0.156166,0.0,0.4,11,9,"FAIR-ready input scaffold, not a FAIR run; species-level non-CO2 and aerosol emissions remain missing."
aether_net_zero_2050_25pct_rebound__active_full_forcing_management,aether_net_zero_2050_25pct_rebound,"AETHER, net-zero 2050, 25% rebound",active_full_forcing_management,Active full-forcing management,2068,3.295142,13.180567,12.653344,-9.358202,350.0,1.305821,0.424,-0.096,1.633821,1.154924,0.999766,0.151567,0.0,0.4,11,9,"FAIR-ready input scaffold, not a FAIR run; species-level non-CO2 and aerosol emissions remain missing."
aether_net_zero_2050_25pct_rebound__active_full_forcing_management,aether_net_zero_2050_25pct_rebound,"AETHER, net-zero 2050, 25% rebound",active_full_forcing_management,Active full-forcing management,2069,3.17654,12.706162,12.197915,-9.021375,350.0,1.305821,0.417,-0.093,1.629821,1.15238,1.00124,0.147399,0.0,0.4,11,9,"FAIR-ready input scaffold, not a FAIR run; species-level non-CO2 and aerosol emissions remain missing."
aether_net_zero_2050_25pct_rebound__active_full_forcing_management,aether_net_zero_2050_25pct_rebound,"AETHER, net-zero 2050, 25% rebound",active_full_forcing_management,Active full-forcing management,2070,3.071177,12.284708,11.793319,-8.722142,350.0,1.305821,0.41,-0.09,1.625821,1.150098,1.002676,0.143582,0.0,0.4,11,9,"FAIR-ready input scaffold, not a FAIR run; species-level non-CO2 and aerosol emissions remain missing."
aether_net_zero_2050_25pct_rebound__active_full_forcing_management,aether_net_zero_2050_25pct_rebound,"AETHER, net-zero 2050, 25% rebound",active_full_forcing_management,Active full-forcing management,2071,2.9771,11.908401,11.432065,-8.454965,350.0,1.305821,0.403,-0.087,1.621821,1.148027,1.004077,0.140051,0.0,0.4,11,9,"FAIR-ready input scaffold, not a FAIR run; species-level non-CO2 and aerosol emissions remain missing."
aether_net_zero_2050_25pct_rebound__active_full_forcing_management,aether_net_zero_2050_25pct_rebound,"AETHER, net-zero 2050, 25% rebound",active_full_forcing_management,Active full-forcing management,2072,2.892658,11.570631,11.107806,-8.215148,350.0,1.305821,0.396,-0.084,1.617821,1.146123,1.005444,0.136752,0.0,0.4,11,9,"FAIR-ready input scaffold, not a FAIR run; species-level non-CO2 and aerosol emissions remain missing."
aether_net_zero_2050_25pct_rebound__active_full_forcing_management,aether_net_zero_2050_25pct_rebound,"AETHER, net-zero 2050, 25% rebound",active_full_forcing_management,Active full-forcing management,2073,2.816449,11.265797,10.815165,-7.998716,350.0,1.305821,0.389,-0.081,1.613821,1.144352,1.006781,0.133645,0.0,0.4,11,9,"FAIR-ready input scaffold, not a FAIR run; species-level non-CO2 and aerosol emissions remain missing."
aether_net_zero_2050_25pct_rebound__active_full_forcing_management,aether_net_zero_2050_25pct_rebound,"AETHER, net-zero 2050, 25% rebound",active_full_forcing_management,Active full-forcing management,2074,2.747288,10.989152,10.549586,-7.802298,350.0,1.305821,0.382,-0.078,1.609821,1.142688,1.008088,0.130693,0.0,0.4,11,9,"FAIR-ready input scaffold, not a FAIR run; species-level non-CO2 and aerosol emissions remain missing."
aether_net_zero_2050_25pct_rebound__active_full_forcing_management,aether_net_zero_2050_25pct_rebound,"AETHER, net-zero 2050, 25% rebound",active_full_forcing_management,Active full-forcing management,2075,2.684168,10.736672,10.307205,-7.623037,350.0,1.305821,0.375,-0.075,1.605821,1.141107,1.009366,0.12787,0.0,0.4,11,9,"FAIR-ready input scaffold, not a FAIR run; species-level non-CO2 and aerosol emissions remain missing."
aether_net_zero_2050_25pct_rebound__active_full_forcing_management,aether_net_zero_2050_25pct_rebound,"AETHER, net-zero 2050, 25% rebound",active_full_forcing_management,Active full-forcing management,2076,2.626237,10.504946,10.084748,-7.458512,350.0,1.305821,0.368,-0.072,1.601821,1.139592,1.010618,0.125154,0.0,0.4,11,9,"FAIR-ready input scaffold, not a FAIR run; species-level non-CO2 and aerosol emissions remain missing."
aether_net_zero_2050_25pct_rebound__active_full_forcing_management,aether_net_zero_2050_25pct_rebound,"AETHER, net-zero 2050, 25% rebound",active_full_forcing_management,Active full-forcing management,2077,2.572771,10.291083,9.879439,-7.306669,350.0,1.305821,0.361,-0.069,1.597821,1.138128,1.011843,0.122525,0.0,0.4,11,9,"FAIR-ready input scaffold, not a FAIR run; species-level non-CO2 and aerosol emissions remain missing."
aether_net_zero_2050_25pct_rebound__active_full_forcing_management,aether_net_zero_2050_25pct_rebound,"AETHER, net-zero 2050, 25% rebound",active_full_forcing_management,Active full-forcing management,2078,2.523157,10.092628,9.688923,-7.165766,350.0,1.305821,0.354,-0.066,1.593821,1.136703,1.013043,0.11997,0.0,0.4,11,9,"FAIR-ready input scaffold, not a FAIR run; species-level non-CO2 and aerosol emissions remain missing."
aether_net_zero_2050_25pct_rebound__active_full_forcing_management,aether_net_zero_2050_25pct_rebound,"AETHER, net-zero 2050, 25% rebound",active_full_forcing_management,Active full-forcing management,2079,2.476875,9.9075,9.5112,-7.034325,350.0,1.305821,0.347,-0.063,1.589821,1.135308,1.014218,0.117477,0.0,0.4,11,9,"FAIR-ready input scaffold, not a FAIR run; species-level non-CO2 and aerosol emissions remain missing."
aether_net_zero_2050_25pct_rebound__active_full_forcing_management,aether_net_zero_2050_25pct_rebound,"AETHER, net-zero 2050, 25% rebound",active_full_forcing_management,Active full-forcing management,2080,2.433483,9.733933,9.344576,-6.911093,350.0,1.305821,0.34,-0.06,1.585821,1.133936,1.015368,0.115036,0.0,0.4,11,9,"FAIR-ready input scaffold, not a FAIR run; species-level non-CO2 and aerosol emissions remain missing."
aether_net_zero_2050_25pct_rebound__active_full_forcing_management,aether_net_zero_2050_25pct_rebound,"AETHER, net-zero 2050, 25% rebound",active_full_forcing_management,Active full-forcing management,2081,2.392607,9.570427,9.18761,-6.795003,350.0,1.305821,0.333,-0.057,1.581821,1.13258,1.016494,0.11264,0.0,0.4,11,9,"FAIR-ready input scaffold, not a FAIR run; species-level non-CO2 and aerosol emissions remain missing."
aether_net_zero_2050_25pct_rebound__active_full_forcing_management,aether_net_zero_2050_25pct_rebound,"AETHER, net-zero 2050, 25% rebound",active_full_forcing_management,Active full-forcing management,2082,2.353926,9.415706,9.039077,-6.685151,350.0,1.305821,0.326,-0.054,1.577821,1.131235,1.017597,0.110281,0.0,0.4,11,9,"FAIR-ready input scaffold, not a FAIR run; species-level non-CO2 and aerosol emissions remain missing."
aether_net_zero_2050_25pct_rebound__active_full_forcing_management,aether_net_zero_2050_25pct_rebound,"AETHER, net-zero 2050, 25% rebound",active_full_forcing_management,Active full-forcing management,2083,2.317172,9.268687,8.897939,-6.580768,350.0,1.305821,0.319,-0.051,1.573821,1.129897,1.018677,0.107956,0.0,0.4,11,9,"FAIR-ready input scaffold, not a FAIR run; species-level non-CO2 and aerosol emissions remain missing."
aether_net_zero_2050_25pct_rebound__active_full_forcing_management,aether_net_zero_2050_25pct_rebound,"AETHER, net-zero 2050, 25% rebound",active_full_forcing_management,Active full-forcing management,2084,2.282112,9.128449,8.763311,-6.481199,350.0,1.305821,0.312,-0.048,1.569821,1.128563,1.019733,0.105659,0.0,0.4,11,9,"FAIR-ready input scaffold, not a FAIR run; species-level non-CO2 and aerosol emissions remain missing."
aether_net_zero_2050_25pct_rebound__active_full_forcing_management,aether_net_zero_2050_25pct_rebound,"AETHER, net-zero 2050, 25% rebound",active_full_forcing_management,Active full-forcing management,2085,2.248552,8.994207,8.634439,-6.385887,350.0,1.305821,0.305,-0.045,1.565821,1.127231,1.020767,0.103389,0.0,0.4,11,9,"FAIR-ready input scaffold, not a FAIR run; species-level non-CO2 and aerosol emissions remain missing."
aether_net_zero_2050_25pct_rebound__active_full_forcing_management,aether_net_zero_2050_25pct_rebound,"AETHER, net-zero 2050, 25% rebound",active_full_forcing_management,Active full-forcing management,2086,2.216324,8.865294,8.510682,-6.294359,350.0,1.305821,0.298,-0.042,1.561821,1.125899,1.021779,0.101141,0.0,0.4,11,9,"FAIR-ready input scaffold, not a FAIR run; species-level non-CO2 and aerosol emissions remain missing."
aether_net_zero_2050_25pct_rebound__active_full_forcing_management,aether_net_zero_2050_25pct_rebound,"AETHER, net-zero 2050, 25% rebound",active_full_forcing_management,Active full-forcing management,2087,2.185285,8.741139,8.391493,-6.206209,350.0,1.305821,0.291,-0.039,1.557821,1.124564,1.022768,0.098914,0.0,0.4,11,9,"FAIR-ready input scaffold, not a FAIR run; species-level non-CO2 and aerosol emissions remain missing."
aether_net_zero_2050_25pct_rebound__active_full_forcing_management,aether_net_zero_2050_25pct_rebound,"AETHER, net-zero 2050, 25% rebound",active_full_forcing_management,Active full-forcing management,2088,2.155314,8.621255,8.276405,-6.121091,350.0,1.305821,0.284,-0.036,1.553821,1.123225,1.023735,0.096706,0.0,0.4,11,9,"FAIR-ready input scaffold, not a FAIR run; species-level non-CO2 and aerosol emissions remain missing."
aether_net_zero_2050_25pct_rebound__active_full_forcing_management,aether_net_zero_2050_25pct_rebound,"AETHER, net-zero 2050, 25% rebound",active_full_forcing_management,Active full-forcing management,2089,2.126307,8.505227,8.165018,-6.038711,350.0,1.305821,0.277,-0.033,1.549821,1.121882,1.02468,0.094516,0.0,0.4,11,9,"FAIR-ready input scaffold, not a FAIR run; species-level non-CO2 and aerosol emissions remain missing."
aether_net_zero_2050_25pct_rebound__active_full_forcing_management,aether_net_zero_2050_25pct_rebound,"AETHER, net-zero 2050, 25% rebound",active_full_forcing_management,Active full-forcing management,2090,2.098175,8.392699,8.056991,-5.958816,350.0,1.305821,0.27,-0.03,1.545821,1.120533,1.025603,0.092342,0.0,0.4,11,9,"FAIR-ready input scaffold, not a FAIR run; species-level non-CO2 and aerosol emissions remain missing."
aether_net_zero_2050_25pct_rebound__active_full_forcing_management,aether_net_zero_2050_25pct_rebound,"AETHER, net-zero 2050, 25% rebound",active_full_forcing_management,Active full-forcing management,2091,2.070841,8.283364,7.95203,-5.881189,350.0,1.305821,0.263,-0.027,1.541821,1.119178,1.026505,0.090183,0.0,0.4,11,9,"FAIR-ready input scaffold, not a FAIR run; species-level non-CO2 and aerosol emissions remain missing."
aether_net_zero_2050_25pct_rebound__active_full_forcing_management,aether_net_zero_2050_25pct_rebound,"AETHER, net-zero 2050, 25% rebound",active_full_forcing_management,Active full-forcing management,2092,2.04424,8.176962,7.849883,-5.805643,350.0,1.305821,0.256,-0.024,1.537821,1.117816,1.027386,0.088039,0.0,0.4,11,9,"FAIR-ready input scaffold, not a FAIR run; species-level non-CO2 and aerosol emissions remain missing."
aether_net_zero_2050_25pct_rebound__active_full_forcing_management,aether_net_zero_2050_25pct_rebound,"AETHER, net-zero 2050, 25% rebound",active_full_forcing_management,Active full-forcing management,2093,2.018316,8.073265,7.750335,-5.732018,350.0,1.305821,0.249,-0.021,1.533821,1.116447,1.028245,0.085909,0.0,0.4,11,9,"FAIR-ready input scaffold, not a FAIR run; species-level non-CO2 and aerosol emissions remain missing."
aether_net_zero_2050_25pct_rebound__active_full_forcing_management,aether_net_zero_2050_25pct_rebound,"AETHER, net-zero 2050, 25% rebound",active_full_forcing_management,Active full-forcing management,2094,1.99302,7.97208,7.653197,-5.660177,350.0,1.305821,0.242,-0.018,1.529821,1.115071,1.029083,0.083792,0.0,0.4,11,9,"FAIR-ready input scaffold, not a FAIR run; species-level non-CO2 and aerosol emissions remain missing."
aether_net_zero_2050_25pct_rebound__active_full_forcing_management,aether_net_zero_2050_25pct_rebound,"AETHER, net-zero 2050, 25% rebound",active_full_forcing_management,Active full-forcing management,2095,1.968309,7.873237,7.558307,-5.589998,350.0,1.305821,0.235,-0.015,1.525821,1.113687,1.029899,0.081689,0.0,0.4,11,9,"FAIR-ready input scaffold, not a FAIR run; species-level non-CO2 and aerosol emissions remain missing."
aether_net_zero_2050_25pct_rebound__active_full_forcing_management,aether_net_zero_2050_25pct_rebound,"AETHER, net-zero 2050, 25% rebound",active_full_forcing_management,Active full-forcing management,2096,1.944147,7.776589,7.465526,-5.521378,350.0,1.305821,0.228,-0.012,1.521821,1.112294,1.030695,0.079598,0.0,0.4,11,9,"FAIR-ready input scaffold, not a FAIR run; species-level non-CO2 and aerosol emissions remain missing."
aether_net_zero_2050_25pct_rebound__active_full_forcing_management,aether_net_zero_2050_25pct_rebound,"AETHER, net-zero 2050, 25% rebound",active_full_forcing_management,Active full-forcing management,2097,1.920503,7.682011,7.37473,-5.454228,350.0,1.305821,0.221,-0.009,1.517821,1.110894,1.031471,0.077519,0.0,0.4,11,9,"FAIR-ready input scaffold, not a FAIR run; species-level non-CO2 and aerosol emissions remain missing."
aether_net_zero_2050_25pct_rebound__active_full_forcing_management,aether_net_zero_2050_25pct_rebound,"AETHER, net-zero 2050, 25% rebound",active_full_forcing_management,Active full-forcing management,2098,1.897347,7.589389,7.285813,-5.388466,350.0,1.305821,0.214,-0.006,1.513821,1.109486,1.032225,0.075452,0.0,0.4,11,9,"FAIR-ready input scaffold, not a FAIR run; species-level non-CO2 and aerosol emissions remain missing."
aether_net_zero_2050_25pct_rebound__active_full_forcing_management,aether_net_zero_2050_25pct_rebound,"AETHER, net-zero 2050, 25% rebound",active_full_forcing_management,Active full-forcing management,2099,1.874657,7.498626,7.198681,-5.324025,350.0,1.305821,0.207,-0.003,1.509821,1.108069,1.032959,0.073397,0.0,0.4,11,9,"FAIR-ready input scaffold, not a FAIR run; species-level non-CO2 and aerosol emissions remain missing."
aether_net_zero_2050_25pct_rebound__active_full_forcing_management,aether_net_zero_2050_25pct_rebound,"AETHER, net-zero 2050, 25% rebound",active_full_forcing_management,Active full-forcing management,2100,1.852409,7.409637,7.113252,-5.260842,350.0,1.305821,0.2,0.0,1.505821,1.106644,1.033673,0.071354,0.0,0.4,11,9,"FAIR-ready input scaffold, not a FAIR run; species-level non-CO2 and aerosol emissions remain missing."
