case,region,hour,load_gwh,effective_generation_gwh,served_gwh,unserved_gwh,curtailed_gwh,storage_charge_input_gwh,storage_discharge_delivered_gwh,storage_conversion_loss_gwh,storage_state_start_gwh,storage_state_end_gwh
market_regional_reference,texas_gulf_storage_corridor,0,659.247,151.383,151.383,507.864,0.0,0.0,0.0,0.0,0.0,0.0
market_regional_reference,texas_gulf_storage_corridor,1,659.247,146.985,146.985,512.261,0.0,0.0,0.0,0.0,0.0,0.0
market_regional_reference,texas_gulf_storage_corridor,2,659.247,141.903,141.903,517.343,0.0,0.0,0.0,0.0,0.0,0.0
market_regional_reference,texas_gulf_storage_corridor,3,659.247,137.003,137.003,522.244,0.0,0.0,0.0,0.0,0.0,0.0
market_regional_reference,texas_gulf_storage_corridor,4,659.247,132.807,132.807,526.44,0.0,0.0,0.0,0.0,0.0,0.0
market_regional_reference,texas_gulf_storage_corridor,5,659.247,129.412,129.412,529.835,0.0,0.0,0.0,0.0,0.0,0.0
market_regional_reference,texas_gulf_storage_corridor,6,659.247,126.53,126.53,532.717,0.0,0.0,0.0,0.0,0.0,0.0
market_regional_reference,texas_gulf_storage_corridor,7,659.247,151.565,151.565,507.682,0.0,0.0,0.0,0.0,0.0,0.0
market_regional_reference,texas_gulf_storage_corridor,8,659.247,197.721,197.721,461.525,0.0,0.0,0.0,0.0,0.0,0.0
market_regional_reference,texas_gulf_storage_corridor,9,659.247,248.62,248.62,410.626,0.0,0.0,0.0,0.0,0.0,0.0
market_regional_reference,texas_gulf_storage_corridor,10,659.247,292.663,292.663,366.583,0.0,0.0,0.0,0.0,0.0,0.0
market_regional_reference,texas_gulf_storage_corridor,11,659.247,321.047,321.047,338.199,0.0,0.0,0.0,0.0,0.0,0.0
market_regional_reference,texas_gulf_storage_corridor,12,659.247,328.518,328.518,330.729,0.0,0.0,0.0,0.0,0.0,0.0
market_regional_reference,texas_gulf_storage_corridor,13,659.247,313.946,313.946,345.3,0.0,0.0,0.0,0.0,0.0,0.0
market_regional_reference,texas_gulf_storage_corridor,14,659.247,280.364,280.364,378.882,0.0,0.0,0.0,0.0,0.0,0.0
market_regional_reference,texas_gulf_storage_corridor,15,659.247,234.419,234.419,424.828,0.0,0.0,0.0,0.0,0.0,0.0
market_regional_reference,texas_gulf_storage_corridor,16,659.247,185.422,185.422,473.824,0.0,0.0,0.0,0.0,0.0,0.0
market_regional_reference,texas_gulf_storage_corridor,17,659.247,144.464,144.464,514.783,0.0,0.0,0.0,0.0,0.0,0.0
market_regional_reference,texas_gulf_storage_corridor,18,659.247,126.53,126.53,532.717,0.0,0.0,0.0,0.0,0.0,0.0
market_regional_reference,texas_gulf_storage_corridor,19,659.247,136.513,136.513,522.734,0.0,0.0,0.0,0.0,0.0,0.0
market_regional_reference,texas_gulf_storage_corridor,20,659.247,145.106,145.106,514.141,0.0,0.0,0.0,0.0,0.0,0.0
market_regional_reference,texas_gulf_storage_corridor,21,659.247,151.204,151.204,508.042,0.0,0.0,0.0,0.0,0.0,0.0
market_regional_reference,texas_gulf_storage_corridor,22,659.247,154.202,154.202,505.044,0.0,0.0,0.0,0.0,0.0,0.0
market_regional_reference,texas_gulf_storage_corridor,23,659.247,154.086,154.086,505.16,0.0,0.0,0.0,0.0,0.0,0.0
market_regional_reference,california_west_desert,0,476.123,68.462,68.462,407.661,0.0,0.0,0.0,0.0,0.0,0.0
market_regional_reference,california_west_desert,1,476.123,68.175,68.175,407.948,0.0,0.0,0.0,0.0,0.0,0.0
market_regional_reference,california_west_desert,2,476.123,67.315,67.315,408.808,0.0,0.0,0.0,0.0,0.0,0.0
market_regional_reference,california_west_desert,3,476.123,66.143,66.143,409.98,0.0,0.0,0.0,0.0,0.0,0.0
market_regional_reference,california_west_desert,4,476.123,64.943,64.943,411.18,0.0,0.0,0.0,0.0,0.0,0.0
market_regional_reference,california_west_desert,5,476.123,63.944,63.944,412.179,0.0,0.0,0.0,0.0,0.0,0.0
market_regional_reference,california_west_desert,6,476.123,63.269,63.269,412.853,0.0,0.0,0.0,0.0,0.0,0.0
market_regional_reference,california_west_desert,7,476.123,76.325,76.325,399.798,0.0,0.0,0.0,0.0,0.0,0.0
market_regional_reference,california_west_desert,8,476.123,133.805,133.805,342.317,0.0,0.0,0.0,0.0,0.0,0.0
market_regional_reference,california_west_desert,9,476.123,208.501,208.501,267.622,0.0,0.0,0.0,0.0,0.0,0.0
market_regional_reference,california_west_desert,10,476.123,282.21,282.21,193.913,0.0,0.0,0.0,0.0,0.0,0.0
market_regional_reference,california_west_desert,11,476.123,340.116,340.116,136.007,0.0,0.0,0.0,0.0,0.0,0.0
market_regional_reference,california_west_desert,12,476.123,371.323,371.323,104.8,0.0,0.0,0.0,0.0,0.0,0.0
market_regional_reference,california_west_desert,13,476.123,370.123,370.123,106.0,0.0,0.0,0.0,0.0,0.0,0.0
market_regional_reference,california_west_desert,14,476.123,336.745,336.745,139.378,0.0,0.0,0.0,0.0,0.0,0.0
market_regional_reference,california_west_desert,15,476.123,277.305,277.305,198.818,0.0,0.0,0.0,0.0,0.0,0.0
market_regional_reference,california_west_desert,16,476.123,202.949,202.949,273.173,0.0,0.0,0.0,0.0,0.0,0.0
market_regional_reference,california_west_desert,17,476.123,128.541,128.541,347.581,0.0,0.0,0.0,0.0,0.0,0.0
market_regional_reference,california_west_desert,18,476.123,72.112,72.112,404.01,0.0,0.0,0.0,0.0,0.0,0.0
market_regional_reference,california_west_desert,19,476.123,60.544,60.544,415.578,0.0,0.0,0.0,0.0,0.0,0.0
market_regional_reference,california_west_desert,20,476.123,62.743,62.743,413.379,0.0,0.0,0.0,0.0,0.0,0.0
market_regional_reference,california_west_desert,21,476.123,64.942,64.942,411.18,0.0,0.0,0.0,0.0,0.0,0.0
market_regional_reference,california_west_desert,22,476.123,66.788,66.788,409.334,0.0,0.0,0.0,0.0,0.0,0.0
market_regional_reference,california_west_desert,23,476.123,68.007,68.007,408.115,0.0,0.0,0.0,0.0,0.0,0.0
market_regional_reference,interior_wind_geothermal,0,512.747,122.943,122.943,389.804,0.0,0.0,0.0,0.0,0.0,0.0
market_regional_reference,interior_wind_geothermal,1,512.747,118.64,118.64,394.107,0.0,0.0,0.0,0.0,0.0,0.0
market_regional_reference,interior_wind_geothermal,2,512.747,114.275,114.275,398.472,0.0,0.0,0.0,0.0,0.0,0.0
market_regional_reference,interior_wind_geothermal,3,512.747,110.292,110.292,402.455,0.0,0.0,0.0,0.0,0.0,0.0
market_regional_reference,interior_wind_geothermal,4,512.747,106.815,106.815,405.933,0.0,0.0,0.0,0.0,0.0,0.0
market_regional_reference,interior_wind_geothermal,5,512.747,103.676,103.676,409.071,0.0,0.0,0.0,0.0,0.0,0.0
market_regional_reference,interior_wind_geothermal,6,512.747,105.888,105.888,406.86,0.0,0.0,0.0,0.0,0.0,0.0
market_regional_reference,interior_wind_geothermal,7,512.747,125.403,125.403,387.344,0.0,0.0,0.0,0.0,0.0,0.0
market_regional_reference,interior_wind_geothermal,8,512.747,151.28,151.28,361.468,0.0,0.0,0.0,0.0,0.0,0.0
market_regional_reference,interior_wind_geothermal,9,512.747,176.456,176.456,336.291,0.0,0.0,0.0,0.0,0.0,0.0
market_regional_reference,interior_wind_geothermal,10,512.747,195.519,195.519,317.229,0.0,0.0,0.0,0.0,0.0,0.0
market_regional_reference,interior_wind_geothermal,11,512.747,204.822,204.822,307.925,0.0,0.0,0.0,0.0,0.0,0.0
market_regional_reference,interior_wind_geothermal,12,512.747,202.835,202.835,309.913,0.0,0.0,0.0,0.0,0.0,0.0
market_regional_reference,interior_wind_geothermal,13,512.747,190.244,190.244,322.503,0.0,0.0,0.0,0.0,0.0,0.0
market_regional_reference,interior_wind_geothermal,14,512.747,169.763,169.763,342.984,0.0,0.0,0.0,0.0,0.0,0.0
market_regional_reference,interior_wind_geothermal,15,512.747,145.685,145.685,367.062,0.0,0.0,0.0,0.0,0.0,0.0
market_regional_reference,interior_wind_geothermal,16,512.747,123.351,123.351,389.396,0.0,0.0,0.0,0.0,0.0,0.0
market_regional_reference,interior_wind_geothermal,17,512.747,109.026,109.026,403.721,0.0,0.0,0.0,0.0,0.0,0.0
market_regional_reference,interior_wind_geothermal,18,512.747,112.344,112.344,400.403,0.0,0.0,0.0,0.0,0.0,0.0
market_regional_reference,interior_wind_geothermal,19,512.747,119.869,119.869,392.878,0.0,0.0,0.0,0.0,0.0,0.0
market_regional_reference,interior_wind_geothermal,20,512.747,125.334,125.334,387.414,0.0,0.0,0.0,0.0,0.0,0.0
market_regional_reference,interior_wind_geothermal,21,512.747,128.218,128.218,384.53,0.0,0.0,0.0,0.0,0.0,0.0
market_regional_reference,interior_wind_geothermal,22,512.747,128.472,128.472,384.275,0.0,0.0,0.0,0.0,0.0,0.0
market_regional_reference,interior_wind_geothermal,23,512.747,126.485,126.485,386.263,0.0,0.0,0.0,0.0,0.0,0.0
market_regional_reference,north_africa_middle_east_solar,0,622.622,63.941,63.941,558.681,0.0,0.0,0.0,0.0,0.0,0.0
market_regional_reference,north_africa_middle_east_solar,1,622.622,63.169,63.169,559.453,0.0,0.0,0.0,0.0,0.0,0.0
market_regional_reference,north_africa_middle_east_solar,2,622.622,62.153,62.153,560.469,0.0,0.0,0.0,0.0,0.0,0.0
market_regional_reference,north_africa_middle_east_solar,3,622.622,61.142,61.142,561.48,0.0,0.0,0.0,0.0,0.0,0.0
market_regional_reference,north_africa_middle_east_solar,4,622.622,60.334,60.334,562.288,0.0,0.0,0.0,0.0,0.0,0.0
market_regional_reference,north_africa_middle_east_solar,5,622.622,59.833,59.833,562.789,0.0,0.0,0.0,0.0,0.0,0.0
market_regional_reference,north_africa_middle_east_solar,6,622.622,59.625,59.625,562.997,0.0,0.0,0.0,0.0,0.0,0.0
market_regional_reference,north_africa_middle_east_solar,7,622.622,116.32,116.32,506.301,0.0,0.0,0.0,0.0,0.0,0.0
market_regional_reference,north_africa_middle_east_solar,8,622.622,216.978,216.978,405.644,0.0,0.0,0.0,0.0,0.0,0.0
market_regional_reference,north_africa_middle_east_solar,9,622.622,328.723,328.723,293.899,0.0,0.0,0.0,0.0,0.0,0.0
market_regional_reference,north_africa_middle_east_solar,10,622.622,427.676,427.676,194.946,0.0,0.0,0.0,0.0,0.0,0.0
market_regional_reference,north_africa_middle_east_solar,11,622.622,494.871,494.871,127.751,0.0,0.0,0.0,0.0,0.0,0.0
market_regional_reference,north_africa_middle_east_solar,12,622.622,517.975,517.975,104.647,0.0,0.0,0.0,0.0,0.0,0.0
market_regional_reference,north_africa_middle_east_solar,13,622.622,492.844,492.844,129.778,0.0,0.0,0.0,0.0,0.0,0.0
market_regional_reference,north_africa_middle_east_solar,14,622.622,424.069,424.069,198.553,0.0,0.0,0.0,0.0,0.0,0.0
market_regional_reference,north_africa_middle_east_solar,15,622.622,324.317,324.317,298.304,0.0,0.0,0.0,0.0,0.0,0.0
market_regional_reference,north_africa_middle_east_solar,16,622.622,212.693,212.693,409.928,0.0,0.0,0.0,0.0,0.0,0.0
market_regional_reference,north_africa_middle_east_solar,17,622.622,112.984,112.984,509.637,0.0,0.0,0.0,0.0,0.0,0.0
market_regional_reference,north_africa_middle_east_solar,18,622.622,57.774,57.774,564.848,0.0,0.0,0.0,0.0,0.0,0.0
market_regional_reference,north_africa_middle_east_solar,19,622.622,59.593,59.593,563.028,0.0,0.0,0.0,0.0,0.0,0.0
market_regional_reference,north_africa_middle_east_solar,20,622.622,61.413,61.413,561.209,0.0,0.0,0.0,0.0,0.0,0.0
market_regional_reference,north_africa_middle_east_solar,21,622.622,62.929,62.929,559.692,0.0,0.0,0.0,0.0,0.0,0.0
market_regional_reference,north_africa_middle_east_solar,22,622.622,63.91,63.91,558.712,0.0,0.0,0.0,0.0,0.0,0.0
market_regional_reference,north_africa_middle_east_solar,23,622.622,64.238,64.238,558.384,0.0,0.0,0.0,0.0,0.0,0.0
market_regional_reference,australia_pacific_mineral_corridor,0,512.747,88.588,88.588,424.159,0.0,0.0,0.0,0.0,0.0,0.0
market_regional_reference,australia_pacific_mineral_corridor,1,512.747,86.663,86.663,426.084,0.0,0.0,0.0,0.0,0.0,0.0
market_regional_reference,australia_pacific_mineral_corridor,2,512.747,84.305,84.305,428.443,0.0,0.0,0.0,0.0,0.0,0.0
market_regional_reference,australia_pacific_mineral_corridor,3,512.747,82.007,82.007,430.74,0.0,0.0,0.0,0.0,0.0,0.0
market_regional_reference,australia_pacific_mineral_corridor,4,512.747,80.119,80.119,432.628,0.0,0.0,0.0,0.0,0.0,0.0
market_regional_reference,australia_pacific_mineral_corridor,5,512.747,78.769,78.769,433.978,0.0,0.0,0.0,0.0,0.0,0.0
market_regional_reference,australia_pacific_mineral_corridor,6,512.747,83.309,83.309,429.438,0.0,0.0,0.0,0.0,0.0,0.0
market_regional_reference,australia_pacific_mineral_corridor,7,512.747,128.547,128.547,384.2,0.0,0.0,0.0,0.0,0.0,0.0
market_regional_reference,australia_pacific_mineral_corridor,8,512.747,192.932,192.932,319.816,0.0,0.0,0.0,0.0,0.0,0.0
market_regional_reference,australia_pacific_mineral_corridor,9,512.747,259.122,259.122,253.625,0.0,0.0,0.0,0.0,0.0,0.0
market_regional_reference,australia_pacific_mineral_corridor,10,512.747,313.313,313.313,199.434,0.0,0.0,0.0,0.0,0.0,0.0
market_regional_reference,australia_pacific_mineral_corridor,11,512.747,345.119,345.119,167.628,0.0,0.0,0.0,0.0,0.0,0.0
market_regional_reference,australia_pacific_mineral_corridor,12,512.747,348.695,348.695,164.053,0.0,0.0,0.0,0.0,0.0,0.0
market_regional_reference,australia_pacific_mineral_corridor,13,512.747,323.465,323.465,189.282,0.0,0.0,0.0,0.0,0.0,0.0
market_regional_reference,australia_pacific_mineral_corridor,14,512.747,274.156,274.156,238.591,0.0,0.0,0.0,0.0,0.0,0.0
market_regional_reference,australia_pacific_mineral_corridor,15,512.747,210.083,210.083,302.664,0.0,0.0,0.0,0.0,0.0,0.0
market_regional_reference,australia_pacific_mineral_corridor,16,512.747,143.964,143.964,368.783,0.0,0.0,0.0,0.0,0.0,0.0
market_regional_reference,australia_pacific_mineral_corridor,17,512.747,91.07,91.07,421.677,0.0,0.0,0.0,0.0,0.0,0.0
market_regional_reference,australia_pacific_mineral_corridor,18,512.747,75.188,75.188,437.56,0.0,0.0,0.0,0.0,0.0,0.0
market_regional_reference,australia_pacific_mineral_corridor,19,512.747,79.783,79.783,432.965,0.0,0.0,0.0,0.0,0.0,0.0
market_regional_reference,australia_pacific_mineral_corridor,20,512.747,84.029,84.029,428.718,0.0,0.0,0.0,0.0,0.0,0.0
market_regional_reference,australia_pacific_mineral_corridor,21,512.747,87.304,87.304,425.443,0.0,0.0,0.0,0.0,0.0,0.0
market_regional_reference,australia_pacific_mineral_corridor,22,512.747,89.192,89.192,423.555,0.0,0.0,0.0,0.0,0.0,0.0
market_regional_reference,australia_pacific_mineral_corridor,23,512.747,89.565,89.565,423.183,0.0,0.0,0.0,0.0,0.0,0.0
market_regional_reference,north_sea_europe_firm_wind,0,439.498,133.144,133.144,306.354,0.0,0.0,0.0,0.0,0.0,0.0
market_regional_reference,north_sea_europe_firm_wind,1,439.498,128.1,128.1,311.398,0.0,0.0,0.0,0.0,0.0,0.0
market_regional_reference,north_sea_europe_firm_wind,2,439.498,123.403,123.403,316.095,0.0,0.0,0.0,0.0,0.0,0.0
market_regional_reference,north_sea_europe_firm_wind,3,439.498,119.211,119.211,320.287,0.0,0.0,0.0,0.0,0.0,0.0
market_regional_reference,north_sea_europe_firm_wind,4,439.498,115.365,115.365,324.133,0.0,0.0,0.0,0.0,0.0,0.0
market_regional_reference,north_sea_europe_firm_wind,5,439.498,111.518,111.518,327.979,0.0,0.0,0.0,0.0,0.0,0.0
market_regional_reference,north_sea_europe_firm_wind,6,439.498,107.326,107.326,332.171,0.0,0.0,0.0,0.0,0.0,0.0
market_regional_reference,north_sea_europe_firm_wind,7,439.498,109.677,109.677,329.821,0.0,0.0,0.0,0.0,0.0,0.0
market_regional_reference,north_sea_europe_firm_wind,8,439.498,117.141,117.141,322.357,0.0,0.0,0.0,0.0,0.0,0.0
market_regional_reference,north_sea_europe_firm_wind,9,439.498,126.163,126.163,313.335,0.0,0.0,0.0,0.0,0.0,0.0
market_regional_reference,north_sea_europe_firm_wind,10,439.498,134.57,134.57,304.928,0.0,0.0,0.0,0.0,0.0,0.0
market_regional_reference,north_sea_europe_firm_wind,11,439.498,140.883,140.883,298.615,0.0,0.0,0.0,0.0,0.0,0.0
market_regional_reference,north_sea_europe_firm_wind,12,439.498,144.311,144.311,295.187,0.0,0.0,0.0,0.0,0.0,0.0
market_regional_reference,north_sea_europe_firm_wind,13,439.498,144.729,144.729,294.768,0.0,0.0,0.0,0.0,0.0,0.0
market_regional_reference,north_sea_europe_firm_wind,14,439.498,142.608,142.608,296.89,0.0,0.0,0.0,0.0,0.0,0.0
market_regional_reference,north_sea_europe_firm_wind,15,439.498,138.898,138.898,300.6,0.0,0.0,0.0,0.0,0.0,0.0
market_regional_reference,north_sea_europe_firm_wind,16,439.498,134.92,134.92,304.578,0.0,0.0,0.0,0.0,0.0,0.0
market_regional_reference,north_sea_europe_firm_wind,17,439.498,132.341,132.341,307.157,0.0,0.0,0.0,0.0,0.0,0.0
market_regional_reference,north_sea_europe_firm_wind,18,439.498,133.939,133.939,305.559,0.0,0.0,0.0,0.0,0.0,0.0
market_regional_reference,north_sea_europe_firm_wind,19,439.498,140.265,140.265,299.232,0.0,0.0,0.0,0.0,0.0,0.0
market_regional_reference,north_sea_europe_firm_wind,20,439.498,143.68,143.68,295.818,0.0,0.0,0.0,0.0,0.0,0.0
market_regional_reference,north_sea_europe_firm_wind,21,439.498,144.112,144.112,295.386,0.0,0.0,0.0,0.0,0.0,0.0
market_regional_reference,north_sea_europe_firm_wind,22,439.498,141.977,141.977,297.521,0.0,0.0,0.0,0.0,0.0,0.0
market_regional_reference,north_sea_europe_firm_wind,23,439.498,138.029,138.029,301.469,0.0,0.0,0.0,0.0,0.0,0.0
market_regional_reference,south_america_hydro_biomass,0,439.498,64.423,64.423,375.074,0.0,0.0,0.0,0.0,0.0,0.0
market_regional_reference,south_america_hydro_biomass,1,439.498,63.555,63.555,375.943,0.0,0.0,0.0,0.0,0.0,0.0
market_regional_reference,south_america_hydro_biomass,2,439.498,62.641,62.641,376.857,0.0,0.0,0.0,0.0,0.0,0.0
market_regional_reference,south_america_hydro_biomass,3,439.498,61.853,61.853,377.645,0.0,0.0,0.0,0.0,0.0,0.0
market_regional_reference,south_america_hydro_biomass,4,439.498,61.283,61.283,378.215,0.0,0.0,0.0,0.0,0.0,0.0
market_regional_reference,south_america_hydro_biomass,5,439.498,60.931,60.931,378.566,0.0,0.0,0.0,0.0,0.0,0.0
market_regional_reference,south_america_hydro_biomass,6,439.498,60.713,60.713,378.784,0.0,0.0,0.0,0.0,0.0,0.0
market_regional_reference,south_america_hydro_biomass,7,439.498,68.021,68.021,371.476,0.0,0.0,0.0,0.0,0.0,0.0
market_regional_reference,south_america_hydro_biomass,8,439.498,85.396,85.396,354.102,0.0,0.0,0.0,0.0,0.0,0.0
market_regional_reference,south_america_hydro_biomass,9,439.498,105.644,105.644,333.854,0.0,0.0,0.0,0.0,0.0,0.0
market_regional_reference,south_america_hydro_biomass,10,439.498,124.165,124.165,315.333,0.0,0.0,0.0,0.0,0.0,0.0
market_regional_reference,south_america_hydro_biomass,11,439.498,137.322,137.322,302.176,0.0,0.0,0.0,0.0,0.0,0.0
market_regional_reference,south_america_hydro_biomass,12,439.498,142.697,142.697,296.8,0.0,0.0,0.0,0.0,0.0,0.0
market_regional_reference,south_america_hydro_biomass,13,439.498,139.373,139.373,300.125,0.0,0.0,0.0,0.0,0.0,0.0
market_regional_reference,south_america_hydro_biomass,14,439.498,128.026,128.026,311.472,0.0,0.0,0.0,0.0,0.0,0.0
market_regional_reference,south_america_hydro_biomass,15,439.498,110.811,110.811,328.687,0.0,0.0,0.0,0.0,0.0,0.0
market_regional_reference,south_america_hydro_biomass,16,439.498,91.057,91.057,348.44,0.0,0.0,0.0,0.0,0.0,0.0
market_regional_reference,south_america_hydro_biomass,17,439.498,72.922,72.922,366.576,0.0,0.0,0.0,0.0,0.0,0.0
market_regional_reference,south_america_hydro_biomass,18,439.498,61.6,61.6,377.897,0.0,0.0,0.0,0.0,0.0,0.0
market_regional_reference,south_america_hydro_biomass,19,439.498,62.416,62.416,377.082,0.0,0.0,0.0,0.0,0.0,0.0
market_regional_reference,south_america_hydro_biomass,20,439.498,63.854,63.854,375.644,0.0,0.0,0.0,0.0,0.0,0.0
market_regional_reference,south_america_hydro_biomass,21,439.498,64.821,64.821,374.677,0.0,0.0,0.0,0.0,0.0,0.0
market_regional_reference,south_america_hydro_biomass,22,439.498,65.212,65.212,374.286,0.0,0.0,0.0,0.0,0.0,0.0
market_regional_reference,south_america_hydro_biomass,23,439.498,65.039,65.039,374.459,0.0,0.0,0.0,0.0,0.0,0.0
dedicated_aether_corridors_dispatch,texas_gulf_storage_corridor,0,1318.493,519.268,519.268,799.225,0.0,0.0,0.0,0.0,0.0,0.0
dedicated_aether_corridors_dispatch,texas_gulf_storage_corridor,1,1318.493,504.652,504.652,813.841,0.0,0.0,0.0,0.0,0.0,0.0
dedicated_aether_corridors_dispatch,texas_gulf_storage_corridor,2,1318.493,487.761,487.761,830.732,0.0,0.0,0.0,0.0,0.0,0.0
dedicated_aether_corridors_dispatch,texas_gulf_storage_corridor,3,1318.493,471.471,471.471,847.022,0.0,0.0,0.0,0.0,0.0,0.0
dedicated_aether_corridors_dispatch,texas_gulf_storage_corridor,4,1318.493,457.525,457.525,860.968,0.0,0.0,0.0,0.0,0.0,0.0
dedicated_aether_corridors_dispatch,texas_gulf_storage_corridor,5,1318.493,446.241,446.241,872.253,0.0,0.0,0.0,0.0,0.0,0.0
dedicated_aether_corridors_dispatch,texas_gulf_storage_corridor,6,1318.493,436.661,436.661,881.832,0.0,0.0,0.0,0.0,0.0,0.0
dedicated_aether_corridors_dispatch,texas_gulf_storage_corridor,7,1318.493,519.873,519.873,798.62,0.0,0.0,0.0,0.0,0.0,0.0
dedicated_aether_corridors_dispatch,texas_gulf_storage_corridor,8,1318.493,673.291,673.291,645.202,0.0,0.0,0.0,0.0,0.0,0.0
dedicated_aether_corridors_dispatch,texas_gulf_storage_corridor,9,1318.493,842.471,842.471,476.022,0.0,0.0,0.0,0.0,0.0,0.0
dedicated_aether_corridors_dispatch,texas_gulf_storage_corridor,10,1318.493,988.863,988.863,329.63,0.0,0.0,0.0,0.0,0.0,0.0
dedicated_aether_corridors_dispatch,texas_gulf_storage_corridor,11,1318.493,1083.208,1083.208,235.286,0.0,0.0,0.0,0.0,0.0,0.0
dedicated_aether_corridors_dispatch,texas_gulf_storage_corridor,12,1318.493,1108.038,1108.038,210.455,0.0,0.0,0.0,0.0,0.0,0.0
dedicated_aether_corridors_dispatch,texas_gulf_storage_corridor,13,1318.493,1059.606,1059.606,258.888,0.0,0.0,0.0,0.0,0.0,0.0
dedicated_aether_corridors_dispatch,texas_gulf_storage_corridor,14,1318.493,947.984,947.984,370.51,0.0,0.0,0.0,0.0,0.0,0.0
dedicated_aether_corridors_dispatch,texas_gulf_storage_corridor,15,1318.493,795.267,795.267,523.226,0.0,0.0,0.0,0.0,0.0,0.0
dedicated_aether_corridors_dispatch,texas_gulf_storage_corridor,16,1318.493,632.411,632.411,686.082,0.0,0.0,0.0,0.0,0.0,0.0
dedicated_aether_corridors_dispatch,texas_gulf_storage_corridor,17,1318.493,496.271,496.271,822.222,0.0,0.0,0.0,0.0,0.0,0.0
dedicated_aether_corridors_dispatch,texas_gulf_storage_corridor,18,1318.493,436.661,436.661,881.832,0.0,0.0,0.0,0.0,0.0,0.0
dedicated_aether_corridors_dispatch,texas_gulf_storage_corridor,19,1318.493,469.842,469.842,848.651,0.0,0.0,0.0,0.0,0.0,0.0
dedicated_aether_corridors_dispatch,texas_gulf_storage_corridor,20,1318.493,498.405,498.405,820.089,0.0,0.0,0.0,0.0,0.0,0.0
dedicated_aether_corridors_dispatch,texas_gulf_storage_corridor,21,1318.493,518.675,518.675,799.818,0.0,0.0,0.0,0.0,0.0,0.0
dedicated_aether_corridors_dispatch,texas_gulf_storage_corridor,22,1318.493,528.641,528.641,789.852,0.0,0.0,0.0,0.0,0.0,0.0
dedicated_aether_corridors_dispatch,texas_gulf_storage_corridor,23,1318.493,528.254,528.254,790.239,0.0,0.0,0.0,0.0,0.0,0.0
dedicated_aether_corridors_dispatch,california_west_desert,0,952.245,240.748,240.748,711.497,0.0,0.0,0.0,0.0,0.0,0.0
dedicated_aether_corridors_dispatch,california_west_desert,1,952.245,239.796,239.796,712.449,0.0,0.0,0.0,0.0,0.0,0.0
dedicated_aether_corridors_dispatch,california_west_desert,2,952.245,236.942,236.942,715.303,0.0,0.0,0.0,0.0,0.0,0.0
dedicated_aether_corridors_dispatch,california_west_desert,3,952.245,233.054,233.054,719.191,0.0,0.0,0.0,0.0,0.0,0.0
dedicated_aether_corridors_dispatch,california_west_desert,4,952.245,229.071,229.071,723.174,0.0,0.0,0.0,0.0,0.0,0.0
dedicated_aether_corridors_dispatch,california_west_desert,5,952.245,225.758,225.758,726.487,0.0,0.0,0.0,0.0,0.0,0.0
dedicated_aether_corridors_dispatch,california_west_desert,6,952.245,223.519,223.519,728.726,0.0,0.0,0.0,0.0,0.0,0.0
dedicated_aether_corridors_dispatch,california_west_desert,7,952.245,266.839,266.839,685.406,0.0,0.0,0.0,0.0,0.0,0.0
dedicated_aether_corridors_dispatch,california_west_desert,8,952.245,457.569,457.569,494.676,0.0,0.0,0.0,0.0,0.0,0.0
dedicated_aether_corridors_dispatch,california_west_desert,9,952.245,705.42,705.42,246.825,0.0,0.0,0.0,0.0,0.0,0.0
dedicated_aether_corridors_dispatch,california_west_desert,10,952.245,950.001,950.001,2.244,0.0,0.0,0.0,0.0,0.0,0.0
dedicated_aether_corridors_dispatch,california_west_desert,11,952.245,1142.141,952.245,0.0,0.0,189.896,0.0,13.794,0.0,176.103
dedicated_aether_corridors_dispatch,california_west_desert,12,952.245,1245.692,952.245,0.0,0.0,293.447,0.0,21.315,176.103,448.234
dedicated_aether_corridors_dispatch,california_west_desert,13,952.245,1241.709,952.245,0.0,0.0,289.464,0.0,21.026,448.234,716.672
dedicated_aether_corridors_dispatch,california_west_desert,14,952.245,1130.957,952.245,0.0,0.0,178.712,0.0,12.981,716.672,882.403
dedicated_aether_corridors_dispatch,california_west_desert,15,952.245,933.724,952.245,0.0,0.0,0.0,18.521,1.451,882.403,862.432
dedicated_aether_corridors_dispatch,california_west_desert,16,952.245,687.001,952.245,0.0,0.0,0.0,265.244,20.776,862.432,576.412
dedicated_aether_corridors_dispatch,california_west_desert,17,952.245,440.102,952.245,0.0,0.0,0.0,512.143,40.115,576.412,24.154
dedicated_aether_corridors_dispatch,california_west_desert,18,952.245,252.862,275.261,676.984,0.0,0.0,22.399,1.754,24.154,0.0
dedicated_aether_corridors_dispatch,california_west_desert,19,952.245,214.477,214.477,737.768,0.0,0.0,0.0,0.0,0.0,0.0
dedicated_aether_corridors_dispatch,california_west_desert,20,952.245,221.773,221.773,730.472,0.0,0.0,0.0,0.0,0.0,0.0
dedicated_aether_corridors_dispatch,california_west_desert,21,952.245,229.07,229.07,723.175,0.0,0.0,0.0,0.0,0.0,0.0
dedicated_aether_corridors_dispatch,california_west_desert,22,952.245,235.196,235.196,717.049,0.0,0.0,0.0,0.0,0.0,0.0
dedicated_aether_corridors_dispatch,california_west_desert,23,952.245,239.241,239.241,713.005,0.0,0.0,0.0,0.0,0.0,0.0
dedicated_aether_corridors_dispatch,interior_wind_geothermal,0,1025.495,420.512,420.512,604.983,0.0,0.0,0.0,0.0,0.0,0.0
dedicated_aether_corridors_dispatch,interior_wind_geothermal,1,1025.495,406.236,406.236,619.259,0.0,0.0,0.0,0.0,0.0,0.0
dedicated_aether_corridors_dispatch,interior_wind_geothermal,2,1025.495,391.75,391.75,633.745,0.0,0.0,0.0,0.0,0.0,0.0
dedicated_aether_corridors_dispatch,interior_wind_geothermal,3,1025.495,378.534,378.534,646.961,0.0,0.0,0.0,0.0,0.0,0.0
dedicated_aether_corridors_dispatch,interior_wind_geothermal,4,1025.495,366.996,366.996,658.499,0.0,0.0,0.0,0.0,0.0,0.0
dedicated_aether_corridors_dispatch,interior_wind_geothermal,5,1025.495,356.581,356.581,668.913,0.0,0.0,0.0,0.0,0.0,0.0
dedicated_aether_corridors_dispatch,interior_wind_geothermal,6,1025.495,363.92,363.92,661.575,0.0,0.0,0.0,0.0,0.0,0.0
dedicated_aether_corridors_dispatch,interior_wind_geothermal,7,1025.495,428.676,428.676,596.818,0.0,0.0,0.0,0.0,0.0,0.0
dedicated_aether_corridors_dispatch,interior_wind_geothermal,8,1025.495,514.538,514.538,510.957,0.0,0.0,0.0,0.0,0.0,0.0
dedicated_aether_corridors_dispatch,interior_wind_geothermal,9,1025.495,598.078,598.078,427.416,0.0,0.0,0.0,0.0,0.0,0.0
dedicated_aether_corridors_dispatch,interior_wind_geothermal,10,1025.495,661.33,661.33,364.165,0.0,0.0,0.0,0.0,0.0,0.0
dedicated_aether_corridors_dispatch,interior_wind_geothermal,11,1025.495,692.201,692.201,333.294,0.0,0.0,0.0,0.0,0.0,0.0
dedicated_aether_corridors_dispatch,interior_wind_geothermal,12,1025.495,685.606,685.606,339.889,0.0,0.0,0.0,0.0,0.0,0.0
dedicated_aether_corridors_dispatch,interior_wind_geothermal,13,1025.495,643.828,643.828,381.667,0.0,0.0,0.0,0.0,0.0,0.0
dedicated_aether_corridors_dispatch,interior_wind_geothermal,14,1025.495,575.869,575.869,449.626,0.0,0.0,0.0,0.0,0.0,0.0
dedicated_aether_corridors_dispatch,interior_wind_geothermal,15,1025.495,495.975,495.975,529.519,0.0,0.0,0.0,0.0,0.0,0.0
dedicated_aether_corridors_dispatch,interior_wind_geothermal,16,1025.495,421.867,421.867,603.628,0.0,0.0,0.0,0.0,0.0,0.0
dedicated_aether_corridors_dispatch,interior_wind_geothermal,17,1025.495,374.335,374.335,651.16,0.0,0.0,0.0,0.0,0.0,0.0
dedicated_aether_corridors_dispatch,interior_wind_geothermal,18,1025.495,385.343,385.343,640.151,0.0,0.0,0.0,0.0,0.0,0.0
dedicated_aether_corridors_dispatch,interior_wind_geothermal,19,1025.495,410.312,410.312,615.182,0.0,0.0,0.0,0.0,0.0,0.0
dedicated_aether_corridors_dispatch,interior_wind_geothermal,20,1025.495,428.445,428.445,597.05,0.0,0.0,0.0,0.0,0.0,0.0
dedicated_aether_corridors_dispatch,interior_wind_geothermal,21,1025.495,438.014,438.014,587.48,0.0,0.0,0.0,0.0,0.0,0.0
dedicated_aether_corridors_dispatch,interior_wind_geothermal,22,1025.495,438.859,438.859,586.635,0.0,0.0,0.0,0.0,0.0,0.0
dedicated_aether_corridors_dispatch,interior_wind_geothermal,23,1025.495,432.265,432.265,593.23,0.0,0.0,0.0,0.0,0.0,0.0
dedicated_aether_corridors_dispatch,north_africa_middle_east_solar,0,1245.244,228.402,228.402,1016.841,0.0,0.0,0.0,0.0,0.0,0.0
dedicated_aether_corridors_dispatch,north_africa_middle_east_solar,1,1245.244,225.836,225.836,1019.408,0.0,0.0,0.0,0.0,0.0,0.0
dedicated_aether_corridors_dispatch,north_africa_middle_east_solar,2,1245.244,222.46,222.46,1022.784,0.0,0.0,0.0,0.0,0.0,0.0
dedicated_aether_corridors_dispatch,north_africa_middle_east_solar,3,1245.244,219.097,219.097,1026.146,0.0,0.0,0.0,0.0,0.0,0.0
dedicated_aether_corridors_dispatch,north_africa_middle_east_solar,4,1245.244,216.413,216.413,1028.831,0.0,0.0,0.0,0.0,0.0,0.0
dedicated_aether_corridors_dispatch,north_africa_middle_east_solar,5,1245.244,214.747,214.747,1030.496,0.0,0.0,0.0,0.0,0.0,0.0
dedicated_aether_corridors_dispatch,north_africa_middle_east_solar,6,1245.244,214.056,214.056,1031.188,0.0,0.0,0.0,0.0,0.0,0.0
dedicated_aether_corridors_dispatch,north_africa_middle_east_solar,7,1245.244,402.503,402.503,842.74,0.0,0.0,0.0,0.0,0.0,0.0
dedicated_aether_corridors_dispatch,north_africa_middle_east_solar,8,1245.244,737.074,737.074,508.17,0.0,0.0,0.0,0.0,0.0,0.0
dedicated_aether_corridors_dispatch,north_africa_middle_east_solar,9,1245.244,1108.496,1108.496,136.747,0.0,0.0,0.0,0.0,0.0,0.0
dedicated_aether_corridors_dispatch,north_africa_middle_east_solar,10,1245.244,1437.402,1245.244,0.0,0.0,192.158,0.0,16.042,0.0,176.116
dedicated_aether_corridors_dispatch,north_africa_middle_east_solar,11,1245.244,1660.749,1245.244,0.0,0.0,415.505,0.0,34.688,176.116,556.933
dedicated_aether_corridors_dispatch,north_africa_middle_east_solar,12,1245.244,1737.542,1245.244,0.0,0.0,492.298,0.0,41.099,556.933,1008.132
dedicated_aether_corridors_dispatch,north_africa_middle_east_solar,13,1245.244,1654.01,1245.244,0.0,0.0,408.767,0.0,34.126,1008.132,1382.772
dedicated_aether_corridors_dispatch,north_africa_middle_east_solar,14,1245.244,1425.412,1245.244,0.0,0.0,180.169,0.0,15.041,1382.772,1547.9
dedicated_aether_corridors_dispatch,north_africa_middle_east_solar,15,1245.244,1093.854,1245.244,0.0,0.0,0.0,151.39,13.79,1547.9,1382.72
dedicated_aether_corridors_dispatch,north_africa_middle_east_solar,16,1245.244,722.832,1245.244,0.0,0.0,0.0,522.411,47.586,1382.72,812.723
dedicated_aether_corridors_dispatch,north_africa_middle_east_solar,17,1245.244,391.415,1136.287,108.956,0.0,0.0,744.873,67.85,812.723,0.0
dedicated_aether_corridors_dispatch,north_africa_middle_east_solar,18,1245.244,207.904,207.904,1037.34,0.0,0.0,0.0,0.0,0.0,0.0
dedicated_aether_corridors_dispatch,north_africa_middle_east_solar,19,1245.244,213.951,213.951,1031.292,0.0,0.0,0.0,0.0,0.0,0.0
dedicated_aether_corridors_dispatch,north_africa_middle_east_solar,20,1245.244,219.998,219.998,1025.245,0.0,0.0,0.0,0.0,0.0,0.0
dedicated_aether_corridors_dispatch,north_africa_middle_east_solar,21,1245.244,225.04,225.04,1020.204,0.0,0.0,0.0,0.0,0.0,0.0
dedicated_aether_corridors_dispatch,north_africa_middle_east_solar,22,1245.244,228.297,228.297,1016.946,0.0,0.0,0.0,0.0,0.0,0.0
dedicated_aether_corridors_dispatch,north_africa_middle_east_solar,23,1245.244,229.39,229.39,1015.854,0.0,0.0,0.0,0.0,0.0,0.0
dedicated_aether_corridors_dispatch,australia_pacific_mineral_corridor,0,1025.495,307.662,307.662,717.833,0.0,0.0,0.0,0.0,0.0,0.0
dedicated_aether_corridors_dispatch,australia_pacific_mineral_corridor,1,1025.495,301.263,301.263,724.232,0.0,0.0,0.0,0.0,0.0,0.0
dedicated_aether_corridors_dispatch,australia_pacific_mineral_corridor,2,1025.495,293.424,293.424,732.071,0.0,0.0,0.0,0.0,0.0,0.0
dedicated_aether_corridors_dispatch,australia_pacific_mineral_corridor,3,1025.495,285.787,285.787,739.708,0.0,0.0,0.0,0.0,0.0,0.0
dedicated_aether_corridors_dispatch,australia_pacific_mineral_corridor,4,1025.495,279.511,279.511,745.983,0.0,0.0,0.0,0.0,0.0,0.0
dedicated_aether_corridors_dispatch,australia_pacific_mineral_corridor,5,1025.495,275.025,275.025,750.47,0.0,0.0,0.0,0.0,0.0,0.0
dedicated_aether_corridors_dispatch,australia_pacific_mineral_corridor,6,1025.495,290.115,290.115,735.379,0.0,0.0,0.0,0.0,0.0,0.0
dedicated_aether_corridors_dispatch,australia_pacific_mineral_corridor,7,1025.495,440.479,440.479,585.015,0.0,0.0,0.0,0.0,0.0,0.0
dedicated_aether_corridors_dispatch,australia_pacific_mineral_corridor,8,1025.495,654.484,654.484,371.011,0.0,0.0,0.0,0.0,0.0,0.0
dedicated_aether_corridors_dispatch,australia_pacific_mineral_corridor,9,1025.495,874.492,874.492,151.003,0.0,0.0,0.0,0.0,0.0,0.0
dedicated_aether_corridors_dispatch,australia_pacific_mineral_corridor,10,1025.495,1054.613,1025.495,0.0,0.0,29.118,0.0,2.273,0.0,26.846
dedicated_aether_corridors_dispatch,australia_pacific_mineral_corridor,11,1025.495,1160.333,1025.495,0.0,0.0,134.838,0.0,10.524,26.846,151.16
dedicated_aether_corridors_dispatch,australia_pacific_mineral_corridor,12,1025.495,1172.216,1025.495,0.0,0.0,146.722,0.0,11.451,151.16,286.431
dedicated_aether_corridors_dispatch,australia_pacific_mineral_corridor,13,1025.495,1088.358,1025.495,0.0,0.0,62.863,0.0,4.906,286.431,344.388
dedicated_aether_corridors_dispatch,australia_pacific_mineral_corridor,14,1025.495,924.461,1025.495,0.0,0.0,0.0,101.034,8.553,344.388,234.802
dedicated_aether_corridors_dispatch,australia_pacific_mineral_corridor,15,1025.495,711.492,927.968,97.526,0.0,0.0,216.477,18.325,234.802,0.0
dedicated_aether_corridors_dispatch,australia_pacific_mineral_corridor,16,1025.495,491.723,491.723,533.772,0.0,0.0,0.0,0.0,0.0,0.0
dedicated_aether_corridors_dispatch,australia_pacific_mineral_corridor,17,1025.495,315.91,315.91,709.584,0.0,0.0,0.0,0.0,0.0,0.0
dedicated_aether_corridors_dispatch,australia_pacific_mineral_corridor,18,1025.495,263.12,263.12,762.375,0.0,0.0,0.0,0.0,0.0,0.0
dedicated_aether_corridors_dispatch,australia_pacific_mineral_corridor,19,1025.495,278.394,278.394,747.101,0.0,0.0,0.0,0.0,0.0,0.0
dedicated_aether_corridors_dispatch,australia_pacific_mineral_corridor,20,1025.495,292.508,292.508,732.987,0.0,0.0,0.0,0.0,0.0,0.0
dedicated_aether_corridors_dispatch,australia_pacific_mineral_corridor,21,1025.495,303.394,303.394,722.101,0.0,0.0,0.0,0.0,0.0,0.0
dedicated_aether_corridors_dispatch,australia_pacific_mineral_corridor,22,1025.495,309.669,309.669,715.826,0.0,0.0,0.0,0.0,0.0,0.0
dedicated_aether_corridors_dispatch,australia_pacific_mineral_corridor,23,1025.495,310.907,310.907,714.588,0.0,0.0,0.0,0.0,0.0,0.0
dedicated_aether_corridors_dispatch,north_sea_europe_firm_wind,0,878.995,453.698,453.698,425.297,0.0,0.0,0.0,0.0,0.0,0.0
dedicated_aether_corridors_dispatch,north_sea_europe_firm_wind,1,878.995,436.994,436.994,442.002,0.0,0.0,0.0,0.0,0.0,0.0
dedicated_aether_corridors_dispatch,north_sea_europe_firm_wind,2,878.995,421.44,421.44,457.556,0.0,0.0,0.0,0.0,0.0,0.0
dedicated_aether_corridors_dispatch,north_sea_europe_firm_wind,3,878.995,407.557,407.557,471.438,0.0,0.0,0.0,0.0,0.0,0.0
dedicated_aether_corridors_dispatch,north_sea_europe_firm_wind,4,878.995,394.819,394.819,484.176,0.0,0.0,0.0,0.0,0.0,0.0
dedicated_aether_corridors_dispatch,north_sea_europe_firm_wind,5,878.995,382.081,382.081,496.914,0.0,0.0,0.0,0.0,0.0,0.0
dedicated_aether_corridors_dispatch,north_sea_europe_firm_wind,6,878.995,368.199,368.199,510.797,0.0,0.0,0.0,0.0,0.0,0.0
dedicated_aether_corridors_dispatch,north_sea_europe_firm_wind,7,878.995,375.982,375.982,503.013,0.0,0.0,0.0,0.0,0.0,0.0
dedicated_aether_corridors_dispatch,north_sea_europe_firm_wind,8,878.995,400.701,400.701,478.294,0.0,0.0,0.0,0.0,0.0,0.0
dedicated_aether_corridors_dispatch,north_sea_europe_firm_wind,9,878.995,430.58,430.58,448.415,0.0,0.0,0.0,0.0,0.0,0.0
dedicated_aether_corridors_dispatch,north_sea_europe_firm_wind,10,878.995,458.42,458.42,420.575,0.0,0.0,0.0,0.0,0.0,0.0
dedicated_aether_corridors_dispatch,north_sea_europe_firm_wind,11,878.995,479.327,479.327,399.668,0.0,0.0,0.0,0.0,0.0,0.0
dedicated_aether_corridors_dispatch,north_sea_europe_firm_wind,12,878.995,490.679,490.679,388.316,0.0,0.0,0.0,0.0,0.0,0.0
dedicated_aether_corridors_dispatch,north_sea_europe_firm_wind,13,878.995,492.065,492.065,386.93,0.0,0.0,0.0,0.0,0.0,0.0
dedicated_aether_corridors_dispatch,north_sea_europe_firm_wind,14,878.995,485.041,485.041,393.955,0.0,0.0,0.0,0.0,0.0,0.0
dedicated_aether_corridors_dispatch,north_sea_europe_firm_wind,15,878.995,472.755,472.755,406.241,0.0,0.0,0.0,0.0,0.0,0.0
dedicated_aether_corridors_dispatch,north_sea_europe_firm_wind,16,878.995,459.58,459.58,419.415,0.0,0.0,0.0,0.0,0.0,0.0
dedicated_aether_corridors_dispatch,north_sea_europe_firm_wind,17,878.995,451.039,451.039,427.956,0.0,0.0,0.0,0.0,0.0,0.0
dedicated_aether_corridors_dispatch,north_sea_europe_firm_wind,18,878.995,456.331,456.331,422.664,0.0,0.0,0.0,0.0,0.0,0.0
dedicated_aether_corridors_dispatch,north_sea_europe_firm_wind,19,878.995,477.283,477.283,401.713,0.0,0.0,0.0,0.0,0.0,0.0
dedicated_aether_corridors_dispatch,north_sea_europe_firm_wind,20,878.995,488.59,488.59,390.406,0.0,0.0,0.0,0.0,0.0,0.0
dedicated_aether_corridors_dispatch,north_sea_europe_firm_wind,21,878.995,490.021,490.021,388.975,0.0,0.0,0.0,0.0,0.0,0.0
dedicated_aether_corridors_dispatch,north_sea_europe_firm_wind,22,878.995,482.951,482.951,396.044,0.0,0.0,0.0,0.0,0.0,0.0
dedicated_aether_corridors_dispatch,north_sea_europe_firm_wind,23,878.995,469.876,469.876,409.119,0.0,0.0,0.0,0.0,0.0,0.0
dedicated_aether_corridors_dispatch,south_america_hydro_biomass,0,878.995,222.338,222.338,656.657,0.0,0.0,0.0,0.0,0.0,0.0
dedicated_aether_corridors_dispatch,south_america_hydro_biomass,1,878.995,219.496,219.496,659.499,0.0,0.0,0.0,0.0,0.0,0.0
dedicated_aether_corridors_dispatch,south_america_hydro_biomass,2,878.995,216.505,216.505,662.49,0.0,0.0,0.0,0.0,0.0,0.0
dedicated_aether_corridors_dispatch,south_america_hydro_biomass,3,878.995,213.925,213.925,665.071,0.0,0.0,0.0,0.0,0.0,0.0
dedicated_aether_corridors_dispatch,south_america_hydro_biomass,4,878.995,212.061,212.061,666.935,0.0,0.0,0.0,0.0,0.0,0.0
dedicated_aether_corridors_dispatch,south_america_hydro_biomass,5,878.995,210.91,210.91,668.085,0.0,0.0,0.0,0.0,0.0,0.0
dedicated_aether_corridors_dispatch,south_america_hydro_biomass,6,878.995,210.196,210.196,668.8,0.0,0.0,0.0,0.0,0.0,0.0
dedicated_aether_corridors_dispatch,south_america_hydro_biomass,7,878.995,234.113,234.113,644.882,0.0,0.0,0.0,0.0,0.0,0.0
dedicated_aether_corridors_dispatch,south_america_hydro_biomass,8,878.995,290.974,290.974,588.022,0.0,0.0,0.0,0.0,0.0,0.0
dedicated_aether_corridors_dispatch,south_america_hydro_biomass,9,878.995,357.24,357.24,521.755,0.0,0.0,0.0,0.0,0.0,0.0
dedicated_aether_corridors_dispatch,south_america_hydro_biomass,10,878.995,417.855,417.855,461.14,0.0,0.0,0.0,0.0,0.0,0.0
dedicated_aether_corridors_dispatch,south_america_hydro_biomass,11,878.995,460.913,460.913,418.082,0.0,0.0,0.0,0.0,0.0,0.0
dedicated_aether_corridors_dispatch,south_america_hydro_biomass,12,878.995,478.506,478.506,400.489,0.0,0.0,0.0,0.0,0.0,0.0
dedicated_aether_corridors_dispatch,south_america_hydro_biomass,13,878.995,467.626,467.626,411.369,0.0,0.0,0.0,0.0,0.0,0.0
dedicated_aether_corridors_dispatch,south_america_hydro_biomass,14,878.995,430.491,430.491,448.505,0.0,0.0,0.0,0.0,0.0,0.0
dedicated_aether_corridors_dispatch,south_america_hydro_biomass,15,878.995,374.15,374.15,504.845,0.0,0.0,0.0,0.0,0.0,0.0
dedicated_aether_corridors_dispatch,south_america_hydro_biomass,16,878.995,309.503,309.503,569.492,0.0,0.0,0.0,0.0,0.0,0.0
dedicated_aether_corridors_dispatch,south_america_hydro_biomass,17,878.995,250.15,250.15,628.845,0.0,0.0,0.0,0.0,0.0,0.0
dedicated_aether_corridors_dispatch,south_america_hydro_biomass,18,878.995,213.099,213.099,665.896,0.0,0.0,0.0,0.0,0.0,0.0
dedicated_aether_corridors_dispatch,south_america_hydro_biomass,19,878.995,215.767,215.767,663.228,0.0,0.0,0.0,0.0,0.0,0.0
dedicated_aether_corridors_dispatch,south_america_hydro_biomass,20,878.995,220.473,220.473,658.522,0.0,0.0,0.0,0.0,0.0,0.0
dedicated_aether_corridors_dispatch,south_america_hydro_biomass,21,878.995,223.639,223.639,655.357,0.0,0.0,0.0,0.0,0.0,0.0
dedicated_aether_corridors_dispatch,south_america_hydro_biomass,22,878.995,224.918,224.918,654.078,0.0,0.0,0.0,0.0,0.0,0.0
dedicated_aether_corridors_dispatch,south_america_hydro_biomass,23,878.995,224.353,224.353,654.642,0.0,0.0,0.0,0.0,0.0,0.0
firm_colocated_backbone_dispatch,texas_gulf_storage_corridor,0,1601.027,676.693,676.693,924.335,0.0,0.0,0.0,0.0,0.0,0.0
firm_colocated_backbone_dispatch,texas_gulf_storage_corridor,1,1601.027,659.72,659.72,941.307,0.0,0.0,0.0,0.0,0.0,0.0
firm_colocated_backbone_dispatch,texas_gulf_storage_corridor,2,1601.027,640.106,640.106,960.922,0.0,0.0,0.0,0.0,0.0,0.0
firm_colocated_backbone_dispatch,texas_gulf_storage_corridor,3,1601.027,621.19,621.19,979.838,0.0,0.0,0.0,0.0,0.0,0.0
firm_colocated_backbone_dispatch,texas_gulf_storage_corridor,4,1601.027,604.995,604.995,996.032,0.0,0.0,0.0,0.0,0.0,0.0
firm_colocated_backbone_dispatch,texas_gulf_storage_corridor,5,1601.027,591.891,591.891,1009.136,0.0,0.0,0.0,0.0,0.0,0.0
firm_colocated_backbone_dispatch,texas_gulf_storage_corridor,6,1601.027,580.768,580.768,1020.26,0.0,0.0,0.0,0.0,0.0,0.0
firm_colocated_backbone_dispatch,texas_gulf_storage_corridor,7,1601.027,677.395,677.395,923.632,0.0,0.0,0.0,0.0,0.0,0.0
firm_colocated_backbone_dispatch,texas_gulf_storage_corridor,8,1601.027,855.547,855.547,745.48,0.0,0.0,0.0,0.0,0.0,0.0
firm_colocated_backbone_dispatch,texas_gulf_storage_corridor,9,1601.027,1052.003,1052.003,549.025,0.0,0.0,0.0,0.0,0.0,0.0
firm_colocated_backbone_dispatch,texas_gulf_storage_corridor,10,1601.027,1221.997,1221.997,379.031,0.0,0.0,0.0,0.0,0.0,0.0
firm_colocated_backbone_dispatch,texas_gulf_storage_corridor,11,1601.027,1331.551,1331.551,269.476,0.0,0.0,0.0,0.0,0.0,0.0
firm_colocated_backbone_dispatch,texas_gulf_storage_corridor,12,1601.027,1360.386,1360.386,240.642,0.0,0.0,0.0,0.0,0.0,0.0
firm_colocated_backbone_dispatch,texas_gulf_storage_corridor,13,1601.027,1304.144,1304.144,296.883,0.0,0.0,0.0,0.0,0.0,0.0
firm_colocated_backbone_dispatch,texas_gulf_storage_corridor,14,1601.027,1174.526,1174.526,426.501,0.0,0.0,0.0,0.0,0.0,0.0
firm_colocated_backbone_dispatch,texas_gulf_storage_corridor,15,1601.027,997.189,997.189,603.839,0.0,0.0,0.0,0.0,0.0,0.0
firm_colocated_backbone_dispatch,texas_gulf_storage_corridor,16,1601.027,808.077,808.077,792.951,0.0,0.0,0.0,0.0,0.0,0.0
firm_colocated_backbone_dispatch,texas_gulf_storage_corridor,17,1601.027,649.988,649.988,951.039,0.0,0.0,0.0,0.0,0.0,0.0
firm_colocated_backbone_dispatch,texas_gulf_storage_corridor,18,1601.027,580.768,580.768,1020.26,0.0,0.0,0.0,0.0,0.0,0.0
firm_colocated_backbone_dispatch,texas_gulf_storage_corridor,19,1601.027,619.299,619.299,981.729,0.0,0.0,0.0,0.0,0.0,0.0
firm_colocated_backbone_dispatch,texas_gulf_storage_corridor,20,1601.027,652.465,652.465,948.562,0.0,0.0,0.0,0.0,0.0,0.0
firm_colocated_backbone_dispatch,texas_gulf_storage_corridor,21,1601.027,676.004,676.004,925.023,0.0,0.0,0.0,0.0,0.0,0.0
firm_colocated_backbone_dispatch,texas_gulf_storage_corridor,22,1601.027,687.576,687.576,913.451,0.0,0.0,0.0,0.0,0.0,0.0
firm_colocated_backbone_dispatch,texas_gulf_storage_corridor,23,1601.027,687.128,687.128,913.9,0.0,0.0,0.0,0.0,0.0,0.0
firm_colocated_backbone_dispatch,california_west_desert,0,1156.298,339.973,339.973,816.325,0.0,0.0,0.0,0.0,0.0,0.0
firm_colocated_backbone_dispatch,california_west_desert,1,1156.298,338.875,338.875,817.423,0.0,0.0,0.0,0.0,0.0,0.0
firm_colocated_backbone_dispatch,california_west_desert,2,1156.298,335.583,335.583,820.715,0.0,0.0,0.0,0.0,0.0,0.0
firm_colocated_backbone_dispatch,california_west_desert,3,1156.298,331.099,331.099,825.198,0.0,0.0,0.0,0.0,0.0,0.0
firm_colocated_backbone_dispatch,california_west_desert,4,1156.298,326.505,326.505,829.792,0.0,0.0,0.0,0.0,0.0,0.0
firm_colocated_backbone_dispatch,california_west_desert,5,1156.298,322.683,322.683,833.614,0.0,0.0,0.0,0.0,0.0,0.0
firm_colocated_backbone_dispatch,california_west_desert,6,1156.298,320.102,320.102,836.196,0.0,0.0,0.0,0.0,0.0,0.0
firm_colocated_backbone_dispatch,california_west_desert,7,1156.298,370.066,370.066,786.231,0.0,0.0,0.0,0.0,0.0,0.0
firm_colocated_backbone_dispatch,california_west_desert,8,1156.298,590.05,590.05,566.248,0.0,0.0,0.0,0.0,0.0,0.0
firm_colocated_backbone_dispatch,california_west_desert,9,1156.298,875.917,875.917,280.381,0.0,0.0,0.0,0.0,0.0,0.0
firm_colocated_backbone_dispatch,california_west_desert,10,1156.298,1158.011,1156.298,0.0,0.0,1.714,0.0,0.124,0.0,1.589
firm_colocated_backbone_dispatch,california_west_desert,11,1156.298,1379.622,1156.298,0.0,0.0,223.325,0.0,16.222,1.589,208.692
firm_colocated_backbone_dispatch,california_west_desert,12,1156.298,1499.056,1156.298,0.0,0.0,342.758,0.0,24.897,208.692,526.553
firm_colocated_backbone_dispatch,california_west_desert,13,1156.298,1494.462,1156.298,0.0,0.0,338.164,0.0,24.564,526.553,840.154
firm_colocated_backbone_dispatch,california_west_desert,14,1156.298,1366.723,1156.298,0.0,0.0,210.425,0.0,15.285,840.154,1035.294
firm_colocated_backbone_dispatch,california_west_desert,15,1156.298,1139.238,1156.298,0.0,0.0,0.0,17.059,1.336,1035.294,1016.899
firm_colocated_backbone_dispatch,california_west_desert,16,1156.298,854.673,1156.298,0.0,0.0,0.0,301.625,23.626,1016.899,691.648
firm_colocated_backbone_dispatch,california_west_desert,17,1156.298,569.904,1156.298,0.0,0.0,0.0,586.394,45.931,691.648,59.323
firm_colocated_backbone_dispatch,california_west_desert,18,1156.298,353.945,408.959,747.339,0.0,0.0,55.014,4.309,59.323,0.0
firm_colocated_backbone_dispatch,california_west_desert,19,1156.298,309.672,309.672,846.625,0.0,0.0,0.0,0.0,0.0,0.0
firm_colocated_backbone_dispatch,california_west_desert,20,1156.298,318.088,318.088,838.209,0.0,0.0,0.0,0.0,0.0,0.0
firm_colocated_backbone_dispatch,california_west_desert,21,1156.298,326.504,326.504,829.794,0.0,0.0,0.0,0.0,0.0,0.0
firm_colocated_backbone_dispatch,california_west_desert,22,1156.298,333.569,333.569,822.728,0.0,0.0,0.0,0.0,0.0,0.0
firm_colocated_backbone_dispatch,california_west_desert,23,1156.298,338.234,338.234,818.063,0.0,0.0,0.0,0.0,0.0,0.0
firm_colocated_backbone_dispatch,interior_wind_geothermal,0,1245.244,542.658,542.658,702.586,0.0,0.0,0.0,0.0,0.0,0.0
firm_colocated_backbone_dispatch,interior_wind_geothermal,1,1245.244,526.192,526.192,719.052,0.0,0.0,0.0,0.0,0.0,0.0
firm_colocated_backbone_dispatch,interior_wind_geothermal,2,1245.244,509.484,509.484,735.759,0.0,0.0,0.0,0.0,0.0,0.0
firm_colocated_backbone_dispatch,interior_wind_geothermal,3,1245.244,494.241,494.241,751.003,0.0,0.0,0.0,0.0,0.0,0.0
firm_colocated_backbone_dispatch,interior_wind_geothermal,4,1245.244,480.933,480.933,764.31,0.0,0.0,0.0,0.0,0.0,0.0
firm_colocated_backbone_dispatch,interior_wind_geothermal,5,1245.244,468.921,468.921,776.322,0.0,0.0,0.0,0.0,0.0,0.0
firm_colocated_backbone_dispatch,interior_wind_geothermal,6,1245.244,477.386,477.386,767.858,0.0,0.0,0.0,0.0,0.0,0.0
firm_colocated_backbone_dispatch,interior_wind_geothermal,7,1245.244,552.074,552.074,693.169,0.0,0.0,0.0,0.0,0.0,0.0
firm_colocated_backbone_dispatch,interior_wind_geothermal,8,1245.244,651.105,651.105,594.139,0.0,0.0,0.0,0.0,0.0,0.0
firm_colocated_backbone_dispatch,interior_wind_geothermal,9,1245.244,747.459,747.459,497.784,0.0,0.0,0.0,0.0,0.0,0.0
firm_colocated_backbone_dispatch,interior_wind_geothermal,10,1245.244,820.413,820.413,424.831,0.0,0.0,0.0,0.0,0.0,0.0
firm_colocated_backbone_dispatch,interior_wind_geothermal,11,1245.244,856.018,856.018,389.225,0.0,0.0,0.0,0.0,0.0,0.0
firm_colocated_backbone_dispatch,interior_wind_geothermal,12,1245.244,848.412,848.412,396.832,0.0,0.0,0.0,0.0,0.0,0.0
firm_colocated_backbone_dispatch,interior_wind_geothermal,13,1245.244,800.226,800.226,445.018,0.0,0.0,0.0,0.0,0.0,0.0
firm_colocated_backbone_dispatch,interior_wind_geothermal,14,1245.244,721.843,721.843,523.4,0.0,0.0,0.0,0.0,0.0,0.0
firm_colocated_backbone_dispatch,interior_wind_geothermal,15,1245.244,629.696,629.696,615.548,0.0,0.0,0.0,0.0,0.0,0.0
firm_colocated_backbone_dispatch,interior_wind_geothermal,16,1245.244,544.22,544.22,701.023,0.0,0.0,0.0,0.0,0.0,0.0
firm_colocated_backbone_dispatch,interior_wind_geothermal,17,1245.244,489.398,489.398,755.846,0.0,0.0,0.0,0.0,0.0,0.0
firm_colocated_backbone_dispatch,interior_wind_geothermal,18,1245.244,502.095,502.095,743.149,0.0,0.0,0.0,0.0,0.0,0.0
firm_colocated_backbone_dispatch,interior_wind_geothermal,19,1245.244,530.894,530.894,714.35,0.0,0.0,0.0,0.0,0.0,0.0
firm_colocated_backbone_dispatch,interior_wind_geothermal,20,1245.244,551.807,551.807,693.436,0.0,0.0,0.0,0.0,0.0,0.0
firm_colocated_backbone_dispatch,interior_wind_geothermal,21,1245.244,562.845,562.845,682.399,0.0,0.0,0.0,0.0,0.0,0.0
firm_colocated_backbone_dispatch,interior_wind_geothermal,22,1245.244,563.819,563.819,681.424,0.0,0.0,0.0,0.0,0.0,0.0
firm_colocated_backbone_dispatch,interior_wind_geothermal,23,1245.244,556.213,556.213,689.031,0.0,0.0,0.0,0.0,0.0,0.0
firm_colocated_backbone_dispatch,north_africa_middle_east_solar,0,1512.081,337.91,337.91,1174.172,0.0,0.0,0.0,0.0,0.0,0.0
firm_colocated_backbone_dispatch,north_africa_middle_east_solar,1,1512.081,334.93,334.93,1177.152,0.0,0.0,0.0,0.0,0.0,0.0
firm_colocated_backbone_dispatch,north_africa_middle_east_solar,2,1512.081,331.009,331.009,1181.072,0.0,0.0,0.0,0.0,0.0,0.0
firm_colocated_backbone_dispatch,north_africa_middle_east_solar,3,1512.081,327.105,327.105,1184.977,0.0,0.0,0.0,0.0,0.0,0.0
firm_colocated_backbone_dispatch,north_africa_middle_east_solar,4,1512.081,323.987,323.987,1188.094,0.0,0.0,0.0,0.0,0.0,0.0
firm_colocated_backbone_dispatch,north_africa_middle_east_solar,5,1512.081,322.053,322.053,1190.028,0.0,0.0,0.0,0.0,0.0,0.0
firm_colocated_backbone_dispatch,north_africa_middle_east_solar,6,1512.081,321.251,321.251,1190.831,0.0,0.0,0.0,0.0,0.0,0.0
firm_colocated_backbone_dispatch,north_africa_middle_east_solar,7,1512.081,540.08,540.08,972.002,0.0,0.0,0.0,0.0,0.0,0.0
firm_colocated_backbone_dispatch,north_africa_middle_east_solar,8,1512.081,928.59,928.59,583.491,0.0,0.0,0.0,0.0,0.0,0.0
firm_colocated_backbone_dispatch,north_africa_middle_east_solar,9,1512.081,1359.894,1359.894,152.187,0.0,0.0,0.0,0.0,0.0,0.0
firm_colocated_backbone_dispatch,north_africa_middle_east_solar,10,1512.081,1741.827,1512.081,0.0,0.0,229.745,0.0,19.18,0.0,210.565
firm_colocated_backbone_dispatch,north_africa_middle_east_solar,11,1512.081,2001.182,1512.081,0.0,0.0,489.1,0.0,40.832,210.565,658.833
firm_colocated_backbone_dispatch,north_africa_middle_east_solar,12,1512.081,2090.356,1512.081,0.0,0.0,578.274,0.0,48.277,658.833,1188.83
firm_colocated_backbone_dispatch,north_africa_middle_east_solar,13,1512.081,1993.357,1512.081,0.0,0.0,481.275,0.0,40.179,1188.83,1629.926
firm_colocated_backbone_dispatch,north_africa_middle_east_solar,14,1512.081,1727.904,1512.081,0.0,0.0,215.823,0.0,18.018,1629.926,1827.731
firm_colocated_backbone_dispatch,north_africa_middle_east_solar,15,1512.081,1342.891,1512.081,0.0,0.0,0.0,169.19,15.411,1827.731,1643.129
firm_colocated_backbone_dispatch,north_africa_middle_east_solar,16,1512.081,912.053,1512.081,0.0,0.0,0.0,600.029,54.656,1643.129,988.444
firm_colocated_backbone_dispatch,north_africa_middle_east_solar,17,1512.081,527.203,1433.127,78.954,0.0,0.0,905.924,82.52,988.444,0.0
firm_colocated_backbone_dispatch,north_africa_middle_east_solar,18,1512.081,314.107,314.107,1197.975,0.0,0.0,0.0,0.0,0.0,0.0
firm_colocated_backbone_dispatch,north_africa_middle_east_solar,19,1512.081,321.129,321.129,1190.952,0.0,0.0,0.0,0.0,0.0,0.0
firm_colocated_backbone_dispatch,north_africa_middle_east_solar,20,1512.081,328.151,328.151,1183.93,0.0,0.0,0.0,0.0,0.0,0.0
firm_colocated_backbone_dispatch,north_africa_middle_east_solar,21,1512.081,334.005,334.005,1178.076,0.0,0.0,0.0,0.0,0.0,0.0
firm_colocated_backbone_dispatch,north_africa_middle_east_solar,22,1512.081,337.788,337.788,1174.293,0.0,0.0,0.0,0.0,0.0,0.0
firm_colocated_backbone_dispatch,north_africa_middle_east_solar,23,1512.081,339.057,339.057,1173.025,0.0,0.0,0.0,0.0,0.0,0.0
firm_colocated_backbone_dispatch,australia_pacific_mineral_corridor,0,1245.244,417.748,417.748,827.496,0.0,0.0,0.0,0.0,0.0,0.0
firm_colocated_backbone_dispatch,australia_pacific_mineral_corridor,1,1245.244,410.317,410.317,834.927,0.0,0.0,0.0,0.0,0.0,0.0
firm_colocated_backbone_dispatch,australia_pacific_mineral_corridor,2,1245.244,401.214,401.214,844.029,0.0,0.0,0.0,0.0,0.0,0.0
firm_colocated_backbone_dispatch,australia_pacific_mineral_corridor,3,1245.244,392.346,392.346,852.898,0.0,0.0,0.0,0.0,0.0,0.0
firm_colocated_backbone_dispatch,australia_pacific_mineral_corridor,4,1245.244,385.059,385.059,860.185,0.0,0.0,0.0,0.0,0.0,0.0
firm_colocated_backbone_dispatch,australia_pacific_mineral_corridor,5,1245.244,379.849,379.849,865.394,0.0,0.0,0.0,0.0,0.0,0.0
firm_colocated_backbone_dispatch,australia_pacific_mineral_corridor,6,1245.244,397.372,397.372,847.871,0.0,0.0,0.0,0.0,0.0,0.0
firm_colocated_backbone_dispatch,australia_pacific_mineral_corridor,7,1245.244,571.978,571.978,673.265,0.0,0.0,0.0,0.0,0.0,0.0
firm_colocated_backbone_dispatch,australia_pacific_mineral_corridor,8,1245.244,820.485,820.485,424.759,0.0,0.0,0.0,0.0,0.0,0.0
firm_colocated_backbone_dispatch,australia_pacific_mineral_corridor,9,1245.244,1075.963,1075.963,169.281,0.0,0.0,0.0,0.0,0.0,0.0
firm_colocated_backbone_dispatch,australia_pacific_mineral_corridor,10,1245.244,1285.124,1245.244,0.0,0.0,39.88,0.0,3.112,0.0,36.768
firm_colocated_backbone_dispatch,australia_pacific_mineral_corridor,11,1245.244,1407.888,1245.244,0.0,0.0,162.644,0.0,12.694,36.768,186.718
firm_colocated_backbone_dispatch,australia_pacific_mineral_corridor,12,1245.244,1421.687,1245.244,0.0,0.0,176.444,0.0,13.771,186.718,349.391
firm_colocated_backbone_dispatch,australia_pacific_mineral_corridor,13,1245.244,1324.309,1245.244,0.0,0.0,79.065,0.0,6.171,349.391,422.286
firm_colocated_backbone_dispatch,australia_pacific_mineral_corridor,14,1245.244,1133.988,1245.244,0.0,0.0,0.0,111.255,9.418,422.286,301.613
firm_colocated_backbone_dispatch,australia_pacific_mineral_corridor,15,1245.244,886.684,1164.757,80.487,0.0,0.0,278.073,23.54,301.613,0.0
firm_colocated_backbone_dispatch,australia_pacific_mineral_corridor,16,1245.244,631.483,631.483,613.761,0.0,0.0,0.0,0.0,0.0,0.0
firm_colocated_backbone_dispatch,australia_pacific_mineral_corridor,17,1245.244,427.326,427.326,817.917,0.0,0.0,0.0,0.0,0.0,0.0
firm_colocated_backbone_dispatch,australia_pacific_mineral_corridor,18,1245.244,366.024,366.024,879.219,0.0,0.0,0.0,0.0,0.0,0.0
firm_colocated_backbone_dispatch,australia_pacific_mineral_corridor,19,1245.244,383.761,383.761,861.483,0.0,0.0,0.0,0.0,0.0,0.0
firm_colocated_backbone_dispatch,australia_pacific_mineral_corridor,20,1245.244,400.151,400.151,845.093,0.0,0.0,0.0,0.0,0.0,0.0
firm_colocated_backbone_dispatch,australia_pacific_mineral_corridor,21,1245.244,412.791,412.791,832.452,0.0,0.0,0.0,0.0,0.0,0.0
firm_colocated_backbone_dispatch,australia_pacific_mineral_corridor,22,1245.244,420.078,420.078,825.165,0.0,0.0,0.0,0.0,0.0,0.0
firm_colocated_backbone_dispatch,australia_pacific_mineral_corridor,23,1245.244,421.516,421.516,823.728,0.0,0.0,0.0,0.0,0.0,0.0
firm_colocated_backbone_dispatch,north_sea_europe_firm_wind,0,1067.352,577.896,577.896,489.455,0.0,0.0,0.0,0.0,0.0,0.0
firm_colocated_backbone_dispatch,north_sea_europe_firm_wind,1,1067.352,558.78,558.78,508.572,0.0,0.0,0.0,0.0,0.0,0.0
firm_colocated_backbone_dispatch,north_sea_europe_firm_wind,2,1067.352,540.98,540.98,526.372,0.0,0.0,0.0,0.0,0.0,0.0
firm_colocated_backbone_dispatch,north_sea_europe_firm_wind,3,1067.352,525.093,525.093,542.258,0.0,0.0,0.0,0.0,0.0,0.0
firm_colocated_backbone_dispatch,north_sea_europe_firm_wind,4,1067.352,510.516,510.516,556.836,0.0,0.0,0.0,0.0,0.0,0.0
firm_colocated_backbone_dispatch,north_sea_europe_firm_wind,5,1067.352,495.939,495.939,571.413,0.0,0.0,0.0,0.0,0.0,0.0
firm_colocated_backbone_dispatch,north_sea_europe_firm_wind,6,1067.352,480.052,480.052,587.3,0.0,0.0,0.0,0.0,0.0,0.0
firm_colocated_backbone_dispatch,north_sea_europe_firm_wind,7,1067.352,488.959,488.959,578.392,0.0,0.0,0.0,0.0,0.0,0.0
firm_colocated_backbone_dispatch,north_sea_europe_firm_wind,8,1067.352,517.247,517.247,550.105,0.0,0.0,0.0,0.0,0.0,0.0
firm_colocated_backbone_dispatch,north_sea_europe_firm_wind,9,1067.352,551.44,551.44,515.911,0.0,0.0,0.0,0.0,0.0,0.0
firm_colocated_backbone_dispatch,north_sea_europe_firm_wind,10,1067.352,583.3,583.3,484.052,0.0,0.0,0.0,0.0,0.0,0.0
firm_colocated_backbone_dispatch,north_sea_europe_firm_wind,11,1067.352,607.226,607.226,460.126,0.0,0.0,0.0,0.0,0.0,0.0
firm_colocated_backbone_dispatch,north_sea_europe_firm_wind,12,1067.352,620.217,620.217,447.135,0.0,0.0,0.0,0.0,0.0,0.0
firm_colocated_backbone_dispatch,north_sea_europe_firm_wind,13,1067.352,621.803,621.803,445.549,0.0,0.0,0.0,0.0,0.0,0.0
firm_colocated_backbone_dispatch,north_sea_europe_firm_wind,14,1067.352,613.764,613.764,453.588,0.0,0.0,0.0,0.0,0.0,0.0
firm_colocated_backbone_dispatch,north_sea_europe_firm_wind,15,1067.352,599.704,599.704,467.648,0.0,0.0,0.0,0.0,0.0,0.0
firm_colocated_backbone_dispatch,north_sea_europe_firm_wind,16,1067.352,584.627,584.627,482.724,0.0,0.0,0.0,0.0,0.0,0.0
firm_colocated_backbone_dispatch,north_sea_europe_firm_wind,17,1067.352,574.853,574.853,492.498,0.0,0.0,0.0,0.0,0.0,0.0
firm_colocated_backbone_dispatch,north_sea_europe_firm_wind,18,1067.352,580.909,580.909,486.443,0.0,0.0,0.0,0.0,0.0,0.0
firm_colocated_backbone_dispatch,north_sea_europe_firm_wind,19,1067.352,604.886,604.886,462.466,0.0,0.0,0.0,0.0,0.0,0.0
firm_colocated_backbone_dispatch,north_sea_europe_firm_wind,20,1067.352,617.825,617.825,449.526,0.0,0.0,0.0,0.0,0.0,0.0
firm_colocated_backbone_dispatch,north_sea_europe_firm_wind,21,1067.352,619.463,619.463,447.889,0.0,0.0,0.0,0.0,0.0,0.0
firm_colocated_backbone_dispatch,north_sea_europe_firm_wind,22,1067.352,611.373,611.373,455.979,0.0,0.0,0.0,0.0,0.0,0.0
firm_colocated_backbone_dispatch,north_sea_europe_firm_wind,23,1067.352,596.41,596.41,470.942,0.0,0.0,0.0,0.0,0.0,0.0
firm_colocated_backbone_dispatch,south_america_hydro_biomass,0,1067.352,295.755,295.755,771.596,0.0,0.0,0.0,0.0,0.0,0.0
firm_colocated_backbone_dispatch,south_america_hydro_biomass,1,1067.352,292.658,292.658,774.693,0.0,0.0,0.0,0.0,0.0,0.0
firm_colocated_backbone_dispatch,south_america_hydro_biomass,2,1067.352,289.399,289.399,777.952,0.0,0.0,0.0,0.0,0.0,0.0
firm_colocated_backbone_dispatch,south_america_hydro_biomass,3,1067.352,286.587,286.587,780.764,0.0,0.0,0.0,0.0,0.0,0.0
firm_colocated_backbone_dispatch,south_america_hydro_biomass,4,1067.352,284.556,284.556,782.795,0.0,0.0,0.0,0.0,0.0,0.0
firm_colocated_backbone_dispatch,south_america_hydro_biomass,5,1067.352,283.302,283.302,784.049,0.0,0.0,0.0,0.0,0.0,0.0
firm_colocated_backbone_dispatch,south_america_hydro_biomass,6,1067.352,282.524,282.524,784.828,0.0,0.0,0.0,0.0,0.0,0.0
firm_colocated_backbone_dispatch,south_america_hydro_biomass,7,1067.352,308.586,308.586,758.765,0.0,0.0,0.0,0.0,0.0,0.0
firm_colocated_backbone_dispatch,south_america_hydro_biomass,8,1067.352,370.545,370.545,696.806,0.0,0.0,0.0,0.0,0.0,0.0
firm_colocated_backbone_dispatch,south_america_hydro_biomass,9,1067.352,442.754,442.754,624.598,0.0,0.0,0.0,0.0,0.0,0.0
firm_colocated_backbone_dispatch,south_america_hydro_biomass,10,1067.352,508.804,508.804,558.548,0.0,0.0,0.0,0.0,0.0,0.0
firm_colocated_backbone_dispatch,south_america_hydro_biomass,11,1067.352,555.723,555.723,511.629,0.0,0.0,0.0,0.0,0.0,0.0
firm_colocated_backbone_dispatch,south_america_hydro_biomass,12,1067.352,574.894,574.894,492.458,0.0,0.0,0.0,0.0,0.0,0.0
firm_colocated_backbone_dispatch,south_america_hydro_biomass,13,1067.352,563.038,563.038,504.314,0.0,0.0,0.0,0.0,0.0,0.0
firm_colocated_backbone_dispatch,south_america_hydro_biomass,14,1067.352,522.572,522.572,544.779,0.0,0.0,0.0,0.0,0.0,0.0
firm_colocated_backbone_dispatch,south_america_hydro_biomass,15,1067.352,461.18,461.18,606.172,0.0,0.0,0.0,0.0,0.0,0.0
firm_colocated_backbone_dispatch,south_america_hydro_biomass,16,1067.352,390.736,390.736,676.615,0.0,0.0,0.0,0.0,0.0,0.0
firm_colocated_backbone_dispatch,south_america_hydro_biomass,17,1067.352,326.061,326.061,741.291,0.0,0.0,0.0,0.0,0.0,0.0
firm_colocated_backbone_dispatch,south_america_hydro_biomass,18,1067.352,285.688,285.688,781.664,0.0,0.0,0.0,0.0,0.0,0.0
firm_colocated_backbone_dispatch,south_america_hydro_biomass,19,1067.352,288.595,288.595,778.757,0.0,0.0,0.0,0.0,0.0,0.0
firm_colocated_backbone_dispatch,south_america_hydro_biomass,20,1067.352,293.723,293.723,773.628,0.0,0.0,0.0,0.0,0.0,0.0
firm_colocated_backbone_dispatch,south_america_hydro_biomass,21,1067.352,297.173,297.173,770.179,0.0,0.0,0.0,0.0,0.0,0.0
firm_colocated_backbone_dispatch,south_america_hydro_biomass,22,1067.352,298.566,298.566,768.785,0.0,0.0,0.0,0.0,0.0,0.0
firm_colocated_backbone_dispatch,south_america_hydro_biomass,23,1067.352,297.951,297.951,769.401,0.0,0.0,0.0,0.0,0.0,0.0
upper_tail_ai_energy_abundance_dispatch,texas_gulf_storage_corridor,0,2354.452,1586.388,1586.388,768.064,0.0,0.0,0.0,0.0,0.0,0.0
upper_tail_ai_energy_abundance_dispatch,texas_gulf_storage_corridor,1,2354.452,1547.278,1547.278,807.174,0.0,0.0,0.0,0.0,0.0,0.0
upper_tail_ai_energy_abundance_dispatch,texas_gulf_storage_corridor,2,2354.452,1502.079,1502.079,852.373,0.0,0.0,0.0,0.0,0.0,0.0
upper_tail_ai_energy_abundance_dispatch,texas_gulf_storage_corridor,3,2354.452,1458.489,1458.489,895.963,0.0,0.0,0.0,0.0,0.0,0.0
upper_tail_ai_energy_abundance_dispatch,texas_gulf_storage_corridor,4,2354.452,1421.17,1421.17,933.282,0.0,0.0,0.0,0.0,0.0,0.0
upper_tail_ai_energy_abundance_dispatch,texas_gulf_storage_corridor,5,2354.452,1390.975,1390.975,963.477,0.0,0.0,0.0,0.0,0.0,0.0
upper_tail_ai_energy_abundance_dispatch,texas_gulf_storage_corridor,6,2354.452,1365.342,1365.342,989.11,0.0,0.0,0.0,0.0,0.0,0.0
upper_tail_ai_energy_abundance_dispatch,texas_gulf_storage_corridor,7,2354.452,1588.008,1588.008,766.445,0.0,0.0,0.0,0.0,0.0,0.0
upper_tail_ai_energy_abundance_dispatch,texas_gulf_storage_corridor,8,2354.452,1998.536,1998.536,355.916,0.0,0.0,0.0,0.0,0.0,0.0
upper_tail_ai_energy_abundance_dispatch,texas_gulf_storage_corridor,9,2354.452,2451.243,2354.452,0.0,0.0,96.791,0.0,7.031,0.0,89.76
upper_tail_ai_energy_abundance_dispatch,texas_gulf_storage_corridor,10,2354.452,2842.972,2354.452,0.0,0.0,488.52,0.0,35.485,89.76,542.795
upper_tail_ai_energy_abundance_dispatch,texas_gulf_storage_corridor,11,2354.452,3095.427,2354.452,0.0,0.0,740.974,0.0,53.823,542.795,1229.946
upper_tail_ai_energy_abundance_dispatch,texas_gulf_storage_corridor,12,2354.452,3161.871,2354.452,0.0,0.0,807.419,0.0,58.649,1229.946,1978.716
upper_tail_ai_energy_abundance_dispatch,texas_gulf_storage_corridor,13,2354.452,3032.27,2354.452,0.0,0.0,677.818,0.0,49.235,1978.716,2607.299
upper_tail_ai_energy_abundance_dispatch,texas_gulf_storage_corridor,14,2354.452,2733.582,2354.452,0.0,0.0,379.13,0.0,27.539,2607.299,2958.89
upper_tail_ai_energy_abundance_dispatch,texas_gulf_storage_corridor,15,2354.452,2324.931,2354.452,0.0,0.0,0.0,29.521,2.312,2958.89,2927.056
upper_tail_ai_energy_abundance_dispatch,texas_gulf_storage_corridor,16,2354.452,1889.146,2354.452,0.0,0.0,0.0,465.306,36.446,2927.056,2425.304
upper_tail_ai_energy_abundance_dispatch,texas_gulf_storage_corridor,17,2354.452,1524.851,2354.452,0.0,0.0,0.0,829.601,64.981,2425.304,1530.723
upper_tail_ai_energy_abundance_dispatch,texas_gulf_storage_corridor,18,2354.452,1365.342,2354.452,0.0,0.0,0.0,989.11,77.475,1530.723,464.138
upper_tail_ai_energy_abundance_dispatch,texas_gulf_storage_corridor,19,2354.452,1454.131,1884.555,469.897,0.0,0.0,430.424,33.714,464.138,0.0
upper_tail_ai_energy_abundance_dispatch,texas_gulf_storage_corridor,20,2354.452,1530.56,1530.56,823.892,0.0,0.0,0.0,0.0,0.0,0.0
upper_tail_ai_energy_abundance_dispatch,texas_gulf_storage_corridor,21,2354.452,1584.801,1584.801,769.651,0.0,0.0,0.0,0.0,0.0,0.0
upper_tail_ai_energy_abundance_dispatch,texas_gulf_storage_corridor,22,2354.452,1611.469,1611.469,742.984,0.0,0.0,0.0,0.0,0.0,0.0
upper_tail_ai_energy_abundance_dispatch,texas_gulf_storage_corridor,23,2354.452,1610.434,1610.434,744.018,0.0,0.0,0.0,0.0,0.0,0.0
upper_tail_ai_energy_abundance_dispatch,california_west_desert,0,1700.438,805.584,1700.438,0.0,0.0,0.0,894.854,70.092,2073.795,1108.849
upper_tail_ai_energy_abundance_dispatch,california_west_desert,1,1700.438,803.056,1700.438,0.0,0.0,0.0,897.382,70.29,1108.849,141.177
upper_tail_ai_energy_abundance_dispatch,california_west_desert,2,1700.438,795.479,926.401,774.037,0.0,0.0,130.922,10.255,141.177,0.0
upper_tail_ai_energy_abundance_dispatch,california_west_desert,3,1700.438,785.157,785.157,915.28,0.0,0.0,0.0,0.0,0.0,0.0
upper_tail_ai_energy_abundance_dispatch,california_west_desert,4,1700.438,774.583,774.583,925.854,0.0,0.0,0.0,0.0,0.0,0.0
upper_tail_ai_energy_abundance_dispatch,california_west_desert,5,1700.438,765.785,765.785,934.652,0.0,0.0,0.0,0.0,0.0,0.0
upper_tail_ai_energy_abundance_dispatch,california_west_desert,6,1700.438,759.843,759.843,940.595,0.0,0.0,0.0,0.0,0.0,0.0
upper_tail_ai_energy_abundance_dispatch,california_west_desert,7,1700.438,874.855,874.855,825.583,0.0,0.0,0.0,0.0,0.0,0.0
upper_tail_ai_energy_abundance_dispatch,california_west_desert,8,1700.438,1381.23,1381.23,319.207,0.0,0.0,0.0,0.0,0.0,0.0
upper_tail_ai_energy_abundance_dispatch,california_west_desert,9,1700.438,2039.262,1700.438,0.0,0.0,338.824,0.0,24.612,0.0,314.213
upper_tail_ai_energy_abundance_dispatch,california_west_desert,10,1700.438,2688.608,1700.438,0.0,0.0,988.17,0.0,71.779,314.213,1230.604
upper_tail_ai_energy_abundance_dispatch,california_west_desert,11,1700.438,3198.73,1700.438,0.0,0.0,1498.292,0.0,108.833,1230.604,2620.063
upper_tail_ai_energy_abundance_dispatch,california_west_desert,12,1700.438,3473.651,1700.438,0.0,0.0,1773.213,0.0,128.803,2620.063,4264.474
upper_tail_ai_energy_abundance_dispatch,california_west_desert,13,1700.438,3463.077,1700.438,0.0,0.0,1762.639,0.0,128.035,4264.474,5899.078
upper_tail_ai_energy_abundance_dispatch,california_west_desert,14,1700.438,3169.036,1700.438,0.0,0.0,1468.599,0.0,106.676,5899.078,7261.001
upper_tail_ai_energy_abundance_dispatch,california_west_desert,15,1700.438,2645.395,1700.438,0.0,0.0,944.958,0.0,68.64,7261.001,8137.318
upper_tail_ai_energy_abundance_dispatch,california_west_desert,16,1700.438,1990.359,1700.438,0.0,0.0,289.922,0.0,21.059,8137.318,8406.181
upper_tail_ai_energy_abundance_dispatch,california_west_desert,17,1700.438,1334.856,1700.438,0.0,0.0,0.0,365.582,28.635,8406.181,8011.964
upper_tail_ai_energy_abundance_dispatch,california_west_desert,18,1700.438,837.745,1700.438,0.0,0.0,0.0,862.692,67.573,8011.964,7081.699
upper_tail_ai_energy_abundance_dispatch,california_west_desert,19,1700.438,735.836,1700.438,0.0,0.0,0.0,964.602,75.555,7081.699,6041.542
upper_tail_ai_energy_abundance_dispatch,california_west_desert,20,1700.438,755.208,1700.438,0.0,0.0,0.0,945.23,74.038,6041.542,5022.275
upper_tail_ai_energy_abundance_dispatch,california_west_desert,21,1700.438,774.58,1700.438,0.0,0.0,0.0,925.858,72.52,5022.275,4023.896
upper_tail_ai_energy_abundance_dispatch,california_west_desert,22,1700.438,790.844,1700.438,0.0,0.0,0.0,909.594,71.246,4023.896,3043.056
upper_tail_ai_energy_abundance_dispatch,california_west_desert,23,1700.438,801.582,1700.438,0.0,0.0,0.0,898.856,70.405,3043.056,2073.795
upper_tail_ai_energy_abundance_dispatch,interior_wind_geothermal,0,1831.24,1270.422,1270.422,560.819,0.0,0.0,0.0,0.0,0.0,0.0
upper_tail_ai_energy_abundance_dispatch,interior_wind_geothermal,1,1831.24,1232.519,1232.519,598.722,0.0,0.0,0.0,0.0,0.0,0.0
upper_tail_ai_energy_abundance_dispatch,interior_wind_geothermal,2,1831.24,1194.06,1194.06,637.18,0.0,0.0,0.0,0.0,0.0,0.0
upper_tail_ai_energy_abundance_dispatch,interior_wind_geothermal,3,1831.24,1158.972,1158.972,672.269,0.0,0.0,0.0,0.0,0.0,0.0
upper_tail_ai_energy_abundance_dispatch,interior_wind_geothermal,4,1831.24,1128.34,1128.34,702.901,0.0,0.0,0.0,0.0,0.0,0.0
upper_tail_ai_energy_abundance_dispatch,interior_wind_geothermal,5,1831.24,1100.69,1100.69,730.551,0.0,0.0,0.0,0.0,0.0,0.0
upper_tail_ai_energy_abundance_dispatch,interior_wind_geothermal,6,1831.24,1120.173,1120.173,711.067,0.0,0.0,0.0,0.0,0.0,0.0
upper_tail_ai_energy_abundance_dispatch,interior_wind_geothermal,7,1831.24,1292.098,1292.098,539.143,0.0,0.0,0.0,0.0,0.0,0.0
upper_tail_ai_energy_abundance_dispatch,interior_wind_geothermal,8,1831.24,1520.054,1520.054,311.187,0.0,0.0,0.0,0.0,0.0,0.0
upper_tail_ai_energy_abundance_dispatch,interior_wind_geothermal,9,1831.24,1741.85,1741.85,89.391,0.0,0.0,0.0,0.0,0.0,0.0
upper_tail_ai_energy_abundance_dispatch,interior_wind_geothermal,10,1831.24,1909.78,1831.24,0.0,0.0,78.539,0.0,6.557,0.0,71.982
upper_tail_ai_energy_abundance_dispatch,interior_wind_geothermal,11,1831.24,1991.739,1831.24,0.0,0.0,160.499,0.0,13.399,71.982,219.082
upper_tail_ai_energy_abundance_dispatch,interior_wind_geothermal,12,1831.24,1974.23,1831.24,0.0,0.0,142.99,0.0,11.937,219.082,350.134
upper_tail_ai_energy_abundance_dispatch,interior_wind_geothermal,13,1831.24,1863.312,1831.24,0.0,0.0,32.072,0.0,2.677,350.134,379.528
upper_tail_ai_energy_abundance_dispatch,interior_wind_geothermal,14,1831.24,1682.885,1831.24,0.0,0.0,0.0,148.355,13.514,379.528,217.659
upper_tail_ai_energy_abundance_dispatch,interior_wind_geothermal,15,1831.24,1470.772,1670.26,160.981,0.0,0.0,199.487,18.171,217.659,0.0
upper_tail_ai_energy_abundance_dispatch,interior_wind_geothermal,16,1831.24,1274.019,1274.019,557.222,0.0,0.0,0.0,0.0,0.0,0.0
upper_tail_ai_energy_abundance_dispatch,interior_wind_geothermal,17,1831.24,1147.823,1147.823,683.417,0.0,0.0,0.0,0.0,0.0,0.0
upper_tail_ai_energy_abundance_dispatch,interior_wind_geothermal,18,1831.24,1177.051,1177.051,654.189,0.0,0.0,0.0,0.0,0.0,0.0
upper_tail_ai_energy_abundance_dispatch,interior_wind_geothermal,19,1831.24,1243.342,1243.342,587.898,0.0,0.0,0.0,0.0,0.0,0.0
upper_tail_ai_energy_abundance_dispatch,interior_wind_geothermal,20,1831.24,1291.483,1291.483,539.757,0.0,0.0,0.0,0.0,0.0,0.0
upper_tail_ai_energy_abundance_dispatch,interior_wind_geothermal,21,1831.24,1316.889,1316.889,514.351,0.0,0.0,0.0,0.0,0.0,0.0
upper_tail_ai_energy_abundance_dispatch,interior_wind_geothermal,22,1831.24,1319.133,1319.133,512.107,0.0,0.0,0.0,0.0,0.0,0.0
upper_tail_ai_energy_abundance_dispatch,interior_wind_geothermal,23,1831.24,1301.624,1301.624,529.616,0.0,0.0,0.0,0.0,0.0,0.0
upper_tail_ai_energy_abundance_dispatch,north_africa_middle_east_solar,0,2223.649,805.332,1903.433,320.216,0.0,0.0,1098.102,100.025,1198.127,0.0
upper_tail_ai_energy_abundance_dispatch,north_africa_middle_east_solar,1,2223.649,798.465,798.465,1425.185,0.0,0.0,0.0,0.0,0.0,0.0
upper_tail_ai_energy_abundance_dispatch,north_africa_middle_east_solar,2,2223.649,789.43,789.43,1434.219,0.0,0.0,0.0,0.0,0.0,0.0
upper_tail_ai_energy_abundance_dispatch,north_africa_middle_east_solar,3,2223.649,780.433,780.433,1443.216,0.0,0.0,0.0,0.0,0.0,0.0
upper_tail_ai_energy_abundance_dispatch,north_africa_middle_east_solar,4,2223.649,773.249,773.249,1450.4,0.0,0.0,0.0,0.0,0.0,0.0
upper_tail_ai_energy_abundance_dispatch,north_africa_middle_east_solar,5,2223.649,768.793,768.793,1454.856,0.0,0.0,0.0,0.0,0.0,0.0
upper_tail_ai_energy_abundance_dispatch,north_africa_middle_east_solar,6,2223.649,766.943,766.943,1456.706,0.0,0.0,0.0,0.0,0.0,0.0
upper_tail_ai_energy_abundance_dispatch,north_africa_middle_east_solar,7,2223.649,1271.206,1271.206,952.443,0.0,0.0,0.0,0.0,0.0,0.0
upper_tail_ai_energy_abundance_dispatch,north_africa_middle_east_solar,8,2223.649,2166.479,2166.479,57.17,0.0,0.0,0.0,0.0,0.0,0.0
upper_tail_ai_energy_abundance_dispatch,north_africa_middle_east_solar,9,2223.649,3160.364,2223.649,0.0,0.0,936.715,0.0,78.202,0.0,858.513
upper_tail_ai_energy_abundance_dispatch,north_africa_middle_east_solar,10,2223.649,4040.478,2223.649,0.0,0.0,1816.829,0.0,151.678,858.513,2523.665
upper_tail_ai_energy_abundance_dispatch,north_africa_middle_east_solar,11,2223.649,4638.128,2223.649,0.0,0.0,2414.479,0.0,201.572,2523.665,4736.571
upper_tail_ai_energy_abundance_dispatch,north_africa_middle_east_solar,12,2223.649,4843.618,2223.649,0.0,0.0,2619.969,0.0,218.728,4736.571,7137.812
upper_tail_ai_energy_abundance_dispatch,north_africa_middle_east_solar,13,2223.649,4620.097,2223.649,0.0,0.0,2396.447,0.0,200.067,7137.812,9334.193
upper_tail_ai_energy_abundance_dispatch,north_africa_middle_east_solar,14,2223.649,4008.395,2223.649,0.0,0.0,1784.746,0.0,148.999,9334.193,10969.94
upper_tail_ai_energy_abundance_dispatch,north_africa_middle_east_solar,15,2223.649,3121.182,2223.649,0.0,0.0,897.533,0.0,74.93,10969.94,11792.542
upper_tail_ai_energy_abundance_dispatch,north_africa_middle_east_solar,16,2223.649,2128.371,2223.649,0.0,0.0,0.0,95.279,8.679,11792.542,11688.585
upper_tail_ai_energy_abundance_dispatch,north_africa_middle_east_solar,17,2223.649,1241.534,2223.649,0.0,0.0,0.0,982.115,89.46,11688.585,10617.009
upper_tail_ai_energy_abundance_dispatch,north_africa_middle_east_solar,18,2223.649,750.481,2223.649,0.0,0.0,0.0,1473.168,134.19,10617.009,9009.651
upper_tail_ai_energy_abundance_dispatch,north_africa_middle_east_solar,19,2223.649,766.662,2223.649,0.0,0.0,0.0,1456.987,132.716,9009.651,7419.948
upper_tail_ai_energy_abundance_dispatch,north_africa_middle_east_solar,20,2223.649,782.844,2223.649,0.0,0.0,0.0,1440.805,131.242,7419.948,5847.9
upper_tail_ai_energy_abundance_dispatch,north_africa_middle_east_solar,21,2223.649,796.334,2223.649,0.0,0.0,0.0,1427.315,130.013,5847.9,4290.572
upper_tail_ai_energy_abundance_dispatch,north_africa_middle_east_solar,22,2223.649,805.051,2223.649,0.0,0.0,0.0,1418.598,129.219,4290.572,2742.755
upper_tail_ai_energy_abundance_dispatch,north_africa_middle_east_solar,23,2223.649,807.975,2223.649,0.0,0.0,0.0,1415.674,128.953,2742.755,1198.127
upper_tail_ai_energy_abundance_dispatch,australia_pacific_mineral_corridor,0,1831.24,984.833,984.833,846.408,0.0,0.0,0.0,0.0,0.0,0.0
upper_tail_ai_energy_abundance_dispatch,australia_pacific_mineral_corridor,1,1831.24,967.709,967.709,863.531,0.0,0.0,0.0,0.0,0.0,0.0
upper_tail_ai_energy_abundance_dispatch,australia_pacific_mineral_corridor,2,1831.24,946.733,946.733,884.507,0.0,0.0,0.0,0.0,0.0,0.0
upper_tail_ai_energy_abundance_dispatch,australia_pacific_mineral_corridor,3,1831.24,926.297,926.297,904.943,0.0,0.0,0.0,0.0,0.0,0.0
upper_tail_ai_energy_abundance_dispatch,australia_pacific_mineral_corridor,4,1831.24,909.505,909.505,921.736,0.0,0.0,0.0,0.0,0.0,0.0
upper_tail_ai_energy_abundance_dispatch,australia_pacific_mineral_corridor,5,1831.24,897.5,897.5,933.74,0.0,0.0,0.0,0.0,0.0,0.0
upper_tail_ai_energy_abundance_dispatch,australia_pacific_mineral_corridor,6,1831.24,937.88,937.88,893.361,0.0,0.0,0.0,0.0,0.0,0.0
upper_tail_ai_energy_abundance_dispatch,australia_pacific_mineral_corridor,7,1831.24,1340.237,1340.237,491.003,0.0,0.0,0.0,0.0,0.0,0.0
upper_tail_ai_energy_abundance_dispatch,australia_pacific_mineral_corridor,8,1831.24,1912.889,1831.24,0.0,0.0,81.648,0.0,6.372,0.0,75.276
upper_tail_ai_energy_abundance_dispatch,australia_pacific_mineral_corridor,9,1831.24,2501.605,1831.24,0.0,0.0,670.364,0.0,52.319,75.276,693.321
upper_tail_ai_energy_abundance_dispatch,australia_pacific_mineral_corridor,10,1831.24,2983.589,1831.24,0.0,0.0,1152.348,0.0,89.936,693.321,1755.734
upper_tail_ai_energy_abundance_dispatch,australia_pacific_mineral_corridor,11,1831.24,3266.484,1831.24,0.0,0.0,1435.243,0.0,112.014,1755.734,3078.963
upper_tail_ai_energy_abundance_dispatch,australia_pacific_mineral_corridor,12,1831.24,3298.282,1831.24,0.0,0.0,1467.042,0.0,114.496,3078.963,4431.508
upper_tail_ai_energy_abundance_dispatch,australia_pacific_mineral_corridor,13,1831.24,3073.887,1831.24,0.0,0.0,1242.646,0.0,96.983,4431.508,5577.172
upper_tail_ai_energy_abundance_dispatch,australia_pacific_mineral_corridor,14,1831.24,2635.317,1831.24,0.0,0.0,804.077,0.0,62.755,5577.172,6318.494
upper_tail_ai_energy_abundance_dispatch,australia_pacific_mineral_corridor,15,1831.24,2065.435,1831.24,0.0,0.0,234.195,0.0,18.278,6318.494,6534.411
upper_tail_ai_energy_abundance_dispatch,australia_pacific_mineral_corridor,16,1831.24,1477.358,1831.24,0.0,0.0,0.0,353.882,29.957,6534.411,6150.572
upper_tail_ai_energy_abundance_dispatch,australia_pacific_mineral_corridor,17,1831.24,1006.905,1831.24,0.0,0.0,0.0,824.336,69.782,6150.572,5256.454
upper_tail_ai_energy_abundance_dispatch,australia_pacific_mineral_corridor,18,1831.24,865.643,1831.24,0.0,0.0,0.0,965.598,81.74,5256.454,4209.116
upper_tail_ai_energy_abundance_dispatch,australia_pacific_mineral_corridor,19,1831.24,906.514,1831.24,0.0,0.0,0.0,924.726,78.28,4209.116,3206.11
upper_tail_ai_energy_abundance_dispatch,australia_pacific_mineral_corridor,20,1831.24,944.283,1831.24,0.0,0.0,0.0,886.958,75.083,3206.11,2244.069
upper_tail_ai_energy_abundance_dispatch,australia_pacific_mineral_corridor,21,1831.24,973.411,1831.24,0.0,0.0,0.0,857.829,72.617,2244.069,1313.622
upper_tail_ai_energy_abundance_dispatch,australia_pacific_mineral_corridor,22,1831.24,990.203,1831.24,0.0,0.0,0.0,841.037,71.196,1313.622,401.389
upper_tail_ai_energy_abundance_dispatch,australia_pacific_mineral_corridor,23,1831.24,993.516,1363.579,467.662,0.0,0.0,370.063,31.327,401.389,0.0
upper_tail_ai_energy_abundance_dispatch,north_sea_europe_firm_wind,0,1569.635,1350.414,1350.414,219.22,0.0,0.0,0.0,0.0,0.0,0.0
upper_tail_ai_energy_abundance_dispatch,north_sea_europe_firm_wind,1,1569.635,1306.466,1306.466,263.169,0.0,0.0,0.0,0.0,0.0,0.0
upper_tail_ai_energy_abundance_dispatch,north_sea_europe_firm_wind,2,1569.635,1265.545,1265.545,304.09,0.0,0.0,0.0,0.0,0.0,0.0
upper_tail_ai_energy_abundance_dispatch,north_sea_europe_firm_wind,3,1569.635,1229.022,1229.022,340.613,0.0,0.0,0.0,0.0,0.0,0.0
upper_tail_ai_energy_abundance_dispatch,north_sea_europe_firm_wind,4,1569.635,1195.509,1195.509,374.126,0.0,0.0,0.0,0.0,0.0,0.0
upper_tail_ai_energy_abundance_dispatch,north_sea_europe_firm_wind,5,1569.635,1161.996,1161.996,407.638,0.0,0.0,0.0,0.0,0.0,0.0
upper_tail_ai_energy_abundance_dispatch,north_sea_europe_firm_wind,6,1569.635,1125.473,1125.473,444.162,0.0,0.0,0.0,0.0,0.0,0.0
upper_tail_ai_energy_abundance_dispatch,north_sea_europe_firm_wind,7,1569.635,1145.951,1145.951,423.684,0.0,0.0,0.0,0.0,0.0,0.0
upper_tail_ai_energy_abundance_dispatch,north_sea_europe_firm_wind,8,1569.635,1210.983,1210.983,358.652,0.0,0.0,0.0,0.0,0.0,0.0
upper_tail_ai_energy_abundance_dispatch,north_sea_europe_firm_wind,9,1569.635,1289.593,1289.593,280.042,0.0,0.0,0.0,0.0,0.0,0.0
upper_tail_ai_energy_abundance_dispatch,north_sea_europe_firm_wind,10,1569.635,1362.838,1362.838,206.797,0.0,0.0,0.0,0.0,0.0,0.0
upper_tail_ai_energy_abundance_dispatch,north_sea_europe_firm_wind,11,1569.635,1417.842,1417.842,151.792,0.0,0.0,0.0,0.0,0.0,0.0
upper_tail_ai_energy_abundance_dispatch,north_sea_europe_firm_wind,12,1569.635,1447.708,1447.708,121.926,0.0,0.0,0.0,0.0,0.0,0.0
upper_tail_ai_energy_abundance_dispatch,north_sea_europe_firm_wind,13,1569.635,1451.355,1451.355,118.28,0.0,0.0,0.0,0.0,0.0,0.0
upper_tail_ai_energy_abundance_dispatch,north_sea_europe_firm_wind,14,1569.635,1432.874,1432.874,136.761,0.0,0.0,0.0,0.0,0.0,0.0
upper_tail_ai_energy_abundance_dispatch,north_sea_europe_firm_wind,15,1569.635,1400.55,1400.55,169.085,0.0,0.0,0.0,0.0,0.0,0.0
upper_tail_ai_energy_abundance_dispatch,north_sea_europe_firm_wind,16,1569.635,1365.889,1365.889,203.746,0.0,0.0,0.0,0.0,0.0,0.0
upper_tail_ai_energy_abundance_dispatch,north_sea_europe_firm_wind,17,1569.635,1343.419,1343.419,226.216,0.0,0.0,0.0,0.0,0.0,0.0
upper_tail_ai_energy_abundance_dispatch,north_sea_europe_firm_wind,18,1569.635,1357.341,1357.341,212.294,0.0,0.0,0.0,0.0,0.0,0.0
upper_tail_ai_energy_abundance_dispatch,north_sea_europe_firm_wind,19,1569.635,1412.463,1412.463,157.172,0.0,0.0,0.0,0.0,0.0,0.0
upper_tail_ai_energy_abundance_dispatch,north_sea_europe_firm_wind,20,1569.635,1442.21,1442.21,127.424,0.0,0.0,0.0,0.0,0.0,0.0
upper_tail_ai_energy_abundance_dispatch,north_sea_europe_firm_wind,21,1569.635,1445.975,1445.975,123.659,0.0,0.0,0.0,0.0,0.0,0.0
upper_tail_ai_energy_abundance_dispatch,north_sea_europe_firm_wind,22,1569.635,1427.377,1427.377,142.258,0.0,0.0,0.0,0.0,0.0,0.0
upper_tail_ai_energy_abundance_dispatch,north_sea_europe_firm_wind,23,1569.635,1392.977,1392.977,176.658,0.0,0.0,0.0,0.0,0.0,0.0
upper_tail_ai_energy_abundance_dispatch,south_america_hydro_biomass,0,1569.635,695.312,695.312,874.322,0.0,0.0,0.0,0.0,0.0,0.0
upper_tail_ai_energy_abundance_dispatch,south_america_hydro_biomass,1,1569.635,688.25,688.25,881.385,0.0,0.0,0.0,0.0,0.0,0.0
upper_tail_ai_energy_abundance_dispatch,south_america_hydro_biomass,2,1569.635,680.818,680.818,888.816,0.0,0.0,0.0,0.0,0.0,0.0
upper_tail_ai_energy_abundance_dispatch,south_america_hydro_biomass,3,1569.635,674.407,674.407,895.228,0.0,0.0,0.0,0.0,0.0,0.0
upper_tail_ai_energy_abundance_dispatch,south_america_hydro_biomass,4,1569.635,669.775,669.775,899.86,0.0,0.0,0.0,0.0,0.0,0.0
upper_tail_ai_energy_abundance_dispatch,south_america_hydro_biomass,5,1569.635,666.916,666.916,902.719,0.0,0.0,0.0,0.0,0.0,0.0
upper_tail_ai_energy_abundance_dispatch,south_america_hydro_biomass,6,1569.635,665.141,665.141,904.494,0.0,0.0,0.0,0.0,0.0,0.0
upper_tail_ai_energy_abundance_dispatch,south_america_hydro_biomass,7,1569.635,724.57,724.57,845.064,0.0,0.0,0.0,0.0,0.0,0.0
upper_tail_ai_energy_abundance_dispatch,south_america_hydro_biomass,8,1569.635,865.854,865.854,703.78,0.0,0.0,0.0,0.0,0.0,0.0
upper_tail_ai_energy_abundance_dispatch,south_america_hydro_biomass,9,1569.635,1030.51,1030.51,539.124,0.0,0.0,0.0,0.0,0.0,0.0
upper_tail_ai_energy_abundance_dispatch,south_america_hydro_biomass,10,1569.635,1181.123,1181.123,388.512,0.0,0.0,0.0,0.0,0.0,0.0
upper_tail_ai_energy_abundance_dispatch,south_america_hydro_biomass,11,1569.635,1288.112,1288.112,281.522,0.0,0.0,0.0,0.0,0.0,0.0
upper_tail_ai_energy_abundance_dispatch,south_america_hydro_biomass,12,1569.635,1331.827,1331.827,237.808,0.0,0.0,0.0,0.0,0.0,0.0
upper_tail_ai_energy_abundance_dispatch,south_america_hydro_biomass,13,1569.635,1304.792,1304.792,264.842,0.0,0.0,0.0,0.0,0.0,0.0
upper_tail_ai_energy_abundance_dispatch,south_america_hydro_biomass,14,1569.635,1212.519,1212.519,357.116,0.0,0.0,0.0,0.0,0.0,0.0
upper_tail_ai_energy_abundance_dispatch,south_america_hydro_biomass,15,1569.635,1072.527,1072.527,497.108,0.0,0.0,0.0,0.0,0.0,0.0
upper_tail_ai_energy_abundance_dispatch,south_america_hydro_biomass,16,1569.635,911.896,911.896,657.739,0.0,0.0,0.0,0.0,0.0,0.0
upper_tail_ai_energy_abundance_dispatch,south_america_hydro_biomass,17,1569.635,764.418,764.418,805.217,0.0,0.0,0.0,0.0,0.0,0.0
upper_tail_ai_energy_abundance_dispatch,south_america_hydro_biomass,18,1569.635,672.355,672.355,897.279,0.0,0.0,0.0,0.0,0.0,0.0
upper_tail_ai_energy_abundance_dispatch,south_america_hydro_biomass,19,1569.635,678.984,678.984,890.651,0.0,0.0,0.0,0.0,0.0,0.0
upper_tail_ai_energy_abundance_dispatch,south_america_hydro_biomass,20,1569.635,690.678,690.678,878.956,0.0,0.0,0.0,0.0,0.0,0.0
upper_tail_ai_energy_abundance_dispatch,south_america_hydro_biomass,21,1569.635,698.544,698.544,871.091,0.0,0.0,0.0,0.0,0.0,0.0
upper_tail_ai_energy_abundance_dispatch,south_america_hydro_biomass,22,1569.635,701.722,701.722,867.913,0.0,0.0,0.0,0.0,0.0,0.0
upper_tail_ai_energy_abundance_dispatch,south_america_hydro_biomass,23,1569.635,700.319,700.319,869.316,0.0,0.0,0.0,0.0,0.0,0.0
nonadditional_fragmented_grid,texas_gulf_storage_corridor,0,941.781,55.462,55.462,886.319,0.0,0.0,0.0,0.0,0.0,0.0
nonadditional_fragmented_grid,texas_gulf_storage_corridor,1,941.781,53.851,53.851,887.93,0.0,0.0,0.0,0.0,0.0,0.0
nonadditional_fragmented_grid,texas_gulf_storage_corridor,2,941.781,51.989,51.989,889.792,0.0,0.0,0.0,0.0,0.0,0.0
nonadditional_fragmented_grid,texas_gulf_storage_corridor,3,941.781,50.194,50.194,891.587,0.0,0.0,0.0,0.0,0.0,0.0
nonadditional_fragmented_grid,texas_gulf_storage_corridor,4,941.781,48.656,48.656,893.124,0.0,0.0,0.0,0.0,0.0,0.0
nonadditional_fragmented_grid,texas_gulf_storage_corridor,5,941.781,47.413,47.413,894.368,0.0,0.0,0.0,0.0,0.0,0.0
nonadditional_fragmented_grid,texas_gulf_storage_corridor,6,941.781,46.357,46.357,895.424,0.0,0.0,0.0,0.0,0.0,0.0
nonadditional_fragmented_grid,texas_gulf_storage_corridor,7,941.781,55.529,55.529,886.252,0.0,0.0,0.0,0.0,0.0,0.0
nonadditional_fragmented_grid,texas_gulf_storage_corridor,8,941.781,72.439,72.439,869.342,0.0,0.0,0.0,0.0,0.0,0.0
nonadditional_fragmented_grid,texas_gulf_storage_corridor,9,941.781,91.087,91.087,850.694,0.0,0.0,0.0,0.0,0.0,0.0
nonadditional_fragmented_grid,texas_gulf_storage_corridor,10,941.781,107.223,107.223,834.558,0.0,0.0,0.0,0.0,0.0,0.0
nonadditional_fragmented_grid,texas_gulf_storage_corridor,11,941.781,117.622,117.622,824.159,0.0,0.0,0.0,0.0,0.0,0.0
nonadditional_fragmented_grid,texas_gulf_storage_corridor,12,941.781,120.359,120.359,821.422,0.0,0.0,0.0,0.0,0.0,0.0
nonadditional_fragmented_grid,texas_gulf_storage_corridor,13,941.781,115.021,115.021,826.76,0.0,0.0,0.0,0.0,0.0,0.0
nonadditional_fragmented_grid,texas_gulf_storage_corridor,14,941.781,102.717,102.717,839.064,0.0,0.0,0.0,0.0,0.0,0.0
nonadditional_fragmented_grid,texas_gulf_storage_corridor,15,941.781,85.884,85.884,855.897,0.0,0.0,0.0,0.0,0.0,0.0
nonadditional_fragmented_grid,texas_gulf_storage_corridor,16,941.781,67.933,67.933,873.848,0.0,0.0,0.0,0.0,0.0,0.0
nonadditional_fragmented_grid,texas_gulf_storage_corridor,17,941.781,52.927,52.927,888.854,0.0,0.0,0.0,0.0,0.0,0.0
nonadditional_fragmented_grid,texas_gulf_storage_corridor,18,941.781,46.357,46.357,895.424,0.0,0.0,0.0,0.0,0.0,0.0
nonadditional_fragmented_grid,texas_gulf_storage_corridor,19,941.781,50.014,50.014,891.767,0.0,0.0,0.0,0.0,0.0,0.0
nonadditional_fragmented_grid,texas_gulf_storage_corridor,20,941.781,53.162,53.162,888.618,0.0,0.0,0.0,0.0,0.0,0.0
nonadditional_fragmented_grid,texas_gulf_storage_corridor,21,941.781,55.397,55.397,886.384,0.0,0.0,0.0,0.0,0.0,0.0
nonadditional_fragmented_grid,texas_gulf_storage_corridor,22,941.781,56.495,56.495,885.286,0.0,0.0,0.0,0.0,0.0,0.0
nonadditional_fragmented_grid,texas_gulf_storage_corridor,23,941.781,56.453,56.453,885.328,0.0,0.0,0.0,0.0,0.0,0.0
nonadditional_fragmented_grid,california_west_desert,0,680.175,25.082,25.082,655.093,0.0,0.0,0.0,0.0,0.0,0.0
nonadditional_fragmented_grid,california_west_desert,1,680.175,24.977,24.977,655.198,0.0,0.0,0.0,0.0,0.0,0.0
nonadditional_fragmented_grid,california_west_desert,2,680.175,24.662,24.662,655.513,0.0,0.0,0.0,0.0,0.0,0.0
nonadditional_fragmented_grid,california_west_desert,3,680.175,24.233,24.233,655.942,0.0,0.0,0.0,0.0,0.0,0.0
nonadditional_fragmented_grid,california_west_desert,4,680.175,23.793,23.793,656.382,0.0,0.0,0.0,0.0,0.0,0.0
nonadditional_fragmented_grid,california_west_desert,5,680.175,23.427,23.427,656.748,0.0,0.0,0.0,0.0,0.0,0.0
nonadditional_fragmented_grid,california_west_desert,6,680.175,23.18,23.18,656.995,0.0,0.0,0.0,0.0,0.0,0.0
nonadditional_fragmented_grid,california_west_desert,7,680.175,27.963,27.963,652.212,0.0,0.0,0.0,0.0,0.0,0.0
nonadditional_fragmented_grid,california_west_desert,8,680.175,49.022,49.022,631.153,0.0,0.0,0.0,0.0,0.0,0.0
nonadditional_fragmented_grid,california_west_desert,9,680.175,76.388,76.388,603.787,0.0,0.0,0.0,0.0,0.0,0.0
nonadditional_fragmented_grid,california_west_desert,10,680.175,103.393,103.393,576.782,0.0,0.0,0.0,0.0,0.0,0.0
nonadditional_fragmented_grid,california_west_desert,11,680.175,124.608,124.608,555.567,0.0,0.0,0.0,0.0,0.0,0.0
nonadditional_fragmented_grid,california_west_desert,12,680.175,136.042,136.042,544.134,0.0,0.0,0.0,0.0,0.0,0.0
nonadditional_fragmented_grid,california_west_desert,13,680.175,135.602,135.602,544.573,0.0,0.0,0.0,0.0,0.0,0.0
nonadditional_fragmented_grid,california_west_desert,14,680.175,123.373,123.373,556.802,0.0,0.0,0.0,0.0,0.0,0.0
nonadditional_fragmented_grid,california_west_desert,15,680.175,101.596,101.596,578.579,0.0,0.0,0.0,0.0,0.0,0.0
nonadditional_fragmented_grid,california_west_desert,16,680.175,74.355,74.355,605.82,0.0,0.0,0.0,0.0,0.0,0.0
nonadditional_fragmented_grid,california_west_desert,17,680.175,47.094,47.094,633.081,0.0,0.0,0.0,0.0,0.0,0.0
nonadditional_fragmented_grid,california_west_desert,18,680.175,26.42,26.42,653.755,0.0,0.0,0.0,0.0,0.0,0.0
nonadditional_fragmented_grid,california_west_desert,19,680.175,22.182,22.182,657.993,0.0,0.0,0.0,0.0,0.0,0.0
nonadditional_fragmented_grid,california_west_desert,20,680.175,22.987,22.987,657.188,0.0,0.0,0.0,0.0,0.0,0.0
nonadditional_fragmented_grid,california_west_desert,21,680.175,23.793,23.793,656.382,0.0,0.0,0.0,0.0,0.0,0.0
nonadditional_fragmented_grid,california_west_desert,22,680.175,24.469,24.469,655.706,0.0,0.0,0.0,0.0,0.0,0.0
nonadditional_fragmented_grid,california_west_desert,23,680.175,24.916,24.916,655.259,0.0,0.0,0.0,0.0,0.0,0.0
nonadditional_fragmented_grid,interior_wind_geothermal,0,732.496,45.043,45.043,687.454,0.0,0.0,0.0,0.0,0.0,0.0
nonadditional_fragmented_grid,interior_wind_geothermal,1,732.496,43.466,43.466,689.03,0.0,0.0,0.0,0.0,0.0,0.0
nonadditional_fragmented_grid,interior_wind_geothermal,2,732.496,41.867,41.867,690.629,0.0,0.0,0.0,0.0,0.0,0.0
nonadditional_fragmented_grid,interior_wind_geothermal,3,732.496,40.408,40.408,692.089,0.0,0.0,0.0,0.0,0.0,0.0
nonadditional_fragmented_grid,interior_wind_geothermal,4,732.496,39.134,39.134,693.362,0.0,0.0,0.0,0.0,0.0,0.0
nonadditional_fragmented_grid,interior_wind_geothermal,5,732.496,37.984,37.984,694.512,0.0,0.0,0.0,0.0,0.0,0.0
nonadditional_fragmented_grid,interior_wind_geothermal,6,732.496,38.794,38.794,693.702,0.0,0.0,0.0,0.0,0.0,0.0
nonadditional_fragmented_grid,interior_wind_geothermal,7,732.496,45.944,45.944,686.552,0.0,0.0,0.0,0.0,0.0,0.0
nonadditional_fragmented_grid,interior_wind_geothermal,8,732.496,55.424,55.424,677.072,0.0,0.0,0.0,0.0,0.0,0.0
nonadditional_fragmented_grid,interior_wind_geothermal,9,732.496,64.648,64.648,667.848,0.0,0.0,0.0,0.0,0.0,0.0
nonadditional_fragmented_grid,interior_wind_geothermal,10,732.496,71.632,71.632,660.864,0.0,0.0,0.0,0.0,0.0,0.0
nonadditional_fragmented_grid,interior_wind_geothermal,11,732.496,75.041,75.041,657.456,0.0,0.0,0.0,0.0,0.0,0.0
nonadditional_fragmented_grid,interior_wind_geothermal,12,732.496,74.312,74.312,658.184,0.0,0.0,0.0,0.0,0.0,0.0
nonadditional_fragmented_grid,interior_wind_geothermal,13,732.496,69.7,69.7,662.797,0.0,0.0,0.0,0.0,0.0,0.0
nonadditional_fragmented_grid,interior_wind_geothermal,14,732.496,62.196,62.196,670.3,0.0,0.0,0.0,0.0,0.0,0.0
nonadditional_fragmented_grid,interior_wind_geothermal,15,732.496,53.375,53.375,679.121,0.0,0.0,0.0,0.0,0.0,0.0
nonadditional_fragmented_grid,interior_wind_geothermal,16,732.496,45.192,45.192,687.304,0.0,0.0,0.0,0.0,0.0,0.0
nonadditional_fragmented_grid,interior_wind_geothermal,17,732.496,39.944,39.944,692.552,0.0,0.0,0.0,0.0,0.0,0.0
nonadditional_fragmented_grid,interior_wind_geothermal,18,732.496,41.16,41.16,691.337,0.0,0.0,0.0,0.0,0.0,0.0
nonadditional_fragmented_grid,interior_wind_geothermal,19,732.496,43.916,43.916,688.58,0.0,0.0,0.0,0.0,0.0,0.0
nonadditional_fragmented_grid,interior_wind_geothermal,20,732.496,45.918,45.918,686.578,0.0,0.0,0.0,0.0,0.0,0.0
nonadditional_fragmented_grid,interior_wind_geothermal,21,732.496,46.975,46.975,685.521,0.0,0.0,0.0,0.0,0.0,0.0
nonadditional_fragmented_grid,interior_wind_geothermal,22,732.496,47.068,47.068,685.428,0.0,0.0,0.0,0.0,0.0,0.0
nonadditional_fragmented_grid,interior_wind_geothermal,23,732.496,46.34,46.34,686.156,0.0,0.0,0.0,0.0,0.0,0.0
nonadditional_fragmented_grid,north_africa_middle_east_solar,0,889.46,23.426,23.426,866.034,0.0,0.0,0.0,0.0,0.0,0.0
nonadditional_fragmented_grid,north_africa_middle_east_solar,1,889.46,23.143,23.143,866.316,0.0,0.0,0.0,0.0,0.0,0.0
nonadditional_fragmented_grid,north_africa_middle_east_solar,2,889.46,22.771,22.771,866.689,0.0,0.0,0.0,0.0,0.0,0.0
nonadditional_fragmented_grid,north_africa_middle_east_solar,3,889.46,22.4,22.4,867.059,0.0,0.0,0.0,0.0,0.0,0.0
nonadditional_fragmented_grid,north_africa_middle_east_solar,4,889.46,22.105,22.105,867.355,0.0,0.0,0.0,0.0,0.0,0.0
nonadditional_fragmented_grid,north_africa_middle_east_solar,5,889.46,21.921,21.921,867.539,0.0,0.0,0.0,0.0,0.0,0.0
nonadditional_fragmented_grid,north_africa_middle_east_solar,6,889.46,21.845,21.845,867.615,0.0,0.0,0.0,0.0,0.0,0.0
nonadditional_fragmented_grid,north_africa_middle_east_solar,7,889.46,42.616,42.616,846.843,0.0,0.0,0.0,0.0,0.0,0.0
nonadditional_fragmented_grid,north_africa_middle_east_solar,8,889.46,79.494,79.494,809.965,0.0,0.0,0.0,0.0,0.0,0.0
nonadditional_fragmented_grid,north_africa_middle_east_solar,9,889.46,120.434,120.434,769.026,0.0,0.0,0.0,0.0,0.0,0.0
nonadditional_fragmented_grid,north_africa_middle_east_solar,10,889.46,156.688,156.688,732.772,0.0,0.0,0.0,0.0,0.0,0.0
nonadditional_fragmented_grid,north_africa_middle_east_solar,11,889.46,181.306,181.306,708.154,0.0,0.0,0.0,0.0,0.0,0.0
nonadditional_fragmented_grid,north_africa_middle_east_solar,12,889.46,189.77,189.77,699.689,0.0,0.0,0.0,0.0,0.0,0.0
nonadditional_fragmented_grid,north_africa_middle_east_solar,13,889.46,180.563,180.563,708.897,0.0,0.0,0.0,0.0,0.0,0.0
nonadditional_fragmented_grid,north_africa_middle_east_solar,14,889.46,155.366,155.366,734.094,0.0,0.0,0.0,0.0,0.0,0.0
nonadditional_fragmented_grid,north_africa_middle_east_solar,15,889.46,118.82,118.82,770.64,0.0,0.0,0.0,0.0,0.0,0.0
nonadditional_fragmented_grid,north_africa_middle_east_solar,16,889.46,77.924,77.924,811.535,0.0,0.0,0.0,0.0,0.0,0.0
nonadditional_fragmented_grid,north_africa_middle_east_solar,17,889.46,41.394,41.394,848.066,0.0,0.0,0.0,0.0,0.0,0.0
nonadditional_fragmented_grid,north_africa_middle_east_solar,18,889.46,21.167,21.167,868.293,0.0,0.0,0.0,0.0,0.0,0.0
nonadditional_fragmented_grid,north_africa_middle_east_solar,19,889.46,21.833,21.833,867.626,0.0,0.0,0.0,0.0,0.0,0.0
nonadditional_fragmented_grid,north_africa_middle_east_solar,20,889.46,22.5,22.5,866.96,0.0,0.0,0.0,0.0,0.0,0.0
nonadditional_fragmented_grid,north_africa_middle_east_solar,21,889.46,23.055,23.055,866.404,0.0,0.0,0.0,0.0,0.0,0.0
nonadditional_fragmented_grid,north_africa_middle_east_solar,22,889.46,23.415,23.415,866.045,0.0,0.0,0.0,0.0,0.0,0.0
nonadditional_fragmented_grid,north_africa_middle_east_solar,23,889.46,23.535,23.535,865.925,0.0,0.0,0.0,0.0,0.0,0.0
nonadditional_fragmented_grid,australia_pacific_mineral_corridor,0,732.496,32.456,32.456,700.04,0.0,0.0,0.0,0.0,0.0,0.0
nonadditional_fragmented_grid,australia_pacific_mineral_corridor,1,732.496,31.751,31.751,700.745,0.0,0.0,0.0,0.0,0.0,0.0
nonadditional_fragmented_grid,australia_pacific_mineral_corridor,2,732.496,30.887,30.887,701.609,0.0,0.0,0.0,0.0,0.0,0.0
nonadditional_fragmented_grid,australia_pacific_mineral_corridor,3,732.496,30.045,30.045,702.451,0.0,0.0,0.0,0.0,0.0,0.0
nonadditional_fragmented_grid,australia_pacific_mineral_corridor,4,732.496,29.353,29.353,703.143,0.0,0.0,0.0,0.0,0.0,0.0
nonadditional_fragmented_grid,australia_pacific_mineral_corridor,5,732.496,28.859,28.859,703.637,0.0,0.0,0.0,0.0,0.0,0.0
nonadditional_fragmented_grid,australia_pacific_mineral_corridor,6,732.496,30.522,30.522,701.974,0.0,0.0,0.0,0.0,0.0,0.0
nonadditional_fragmented_grid,australia_pacific_mineral_corridor,7,732.496,47.096,47.096,685.4,0.0,0.0,0.0,0.0,0.0,0.0
nonadditional_fragmented_grid,australia_pacific_mineral_corridor,8,732.496,70.684,70.684,661.812,0.0,0.0,0.0,0.0,0.0,0.0
nonadditional_fragmented_grid,australia_pacific_mineral_corridor,9,732.496,94.935,94.935,637.562,0.0,0.0,0.0,0.0,0.0,0.0
nonadditional_fragmented_grid,australia_pacific_mineral_corridor,10,732.496,114.788,114.788,617.708,0.0,0.0,0.0,0.0,0.0,0.0
nonadditional_fragmented_grid,australia_pacific_mineral_corridor,11,732.496,126.441,126.441,606.055,0.0,0.0,0.0,0.0,0.0,0.0
nonadditional_fragmented_grid,australia_pacific_mineral_corridor,12,732.496,127.751,127.751,604.745,0.0,0.0,0.0,0.0,0.0,0.0
nonadditional_fragmented_grid,australia_pacific_mineral_corridor,13,732.496,118.508,118.508,613.988,0.0,0.0,0.0,0.0,0.0,0.0
nonadditional_fragmented_grid,australia_pacific_mineral_corridor,14,732.496,100.443,100.443,632.054,0.0,0.0,0.0,0.0,0.0,0.0
nonadditional_fragmented_grid,australia_pacific_mineral_corridor,15,732.496,76.968,76.968,655.528,0.0,0.0,0.0,0.0,0.0,0.0
nonadditional_fragmented_grid,australia_pacific_mineral_corridor,16,732.496,52.744,52.744,679.752,0.0,0.0,0.0,0.0,0.0,0.0
nonadditional_fragmented_grid,australia_pacific_mineral_corridor,17,732.496,33.365,33.365,699.131,0.0,0.0,0.0,0.0,0.0,0.0
nonadditional_fragmented_grid,australia_pacific_mineral_corridor,18,732.496,27.546,27.546,704.95,0.0,0.0,0.0,0.0,0.0,0.0
nonadditional_fragmented_grid,australia_pacific_mineral_corridor,19,732.496,29.23,29.23,703.266,0.0,0.0,0.0,0.0,0.0,0.0
nonadditional_fragmented_grid,australia_pacific_mineral_corridor,20,732.496,30.786,30.786,701.71,0.0,0.0,0.0,0.0,0.0,0.0
nonadditional_fragmented_grid,australia_pacific_mineral_corridor,21,732.496,31.986,31.986,700.511,0.0,0.0,0.0,0.0,0.0,0.0
nonadditional_fragmented_grid,australia_pacific_mineral_corridor,22,732.496,32.677,32.677,699.819,0.0,0.0,0.0,0.0,0.0,0.0
nonadditional_fragmented_grid,australia_pacific_mineral_corridor,23,732.496,32.814,32.814,699.682,0.0,0.0,0.0,0.0,0.0,0.0
nonadditional_fragmented_grid,north_sea_europe_firm_wind,0,627.854,48.78,48.78,579.074,0.0,0.0,0.0,0.0,0.0,0.0
nonadditional_fragmented_grid,north_sea_europe_firm_wind,1,627.854,46.932,46.932,580.922,0.0,0.0,0.0,0.0,0.0,0.0
nonadditional_fragmented_grid,north_sea_europe_firm_wind,2,627.854,45.211,45.211,582.643,0.0,0.0,0.0,0.0,0.0,0.0
nonadditional_fragmented_grid,north_sea_europe_firm_wind,3,627.854,43.675,43.675,584.179,0.0,0.0,0.0,0.0,0.0,0.0
nonadditional_fragmented_grid,north_sea_europe_firm_wind,4,627.854,42.266,42.266,585.588,0.0,0.0,0.0,0.0,0.0,0.0
nonadditional_fragmented_grid,north_sea_europe_firm_wind,5,627.854,40.857,40.857,586.997,0.0,0.0,0.0,0.0,0.0,0.0
nonadditional_fragmented_grid,north_sea_europe_firm_wind,6,627.854,39.321,39.321,588.533,0.0,0.0,0.0,0.0,0.0,0.0
nonadditional_fragmented_grid,north_sea_europe_firm_wind,7,627.854,40.182,40.182,587.672,0.0,0.0,0.0,0.0,0.0,0.0
nonadditional_fragmented_grid,north_sea_europe_firm_wind,8,627.854,42.917,42.917,584.937,0.0,0.0,0.0,0.0,0.0,0.0
nonadditional_fragmented_grid,north_sea_europe_firm_wind,9,627.854,46.222,46.222,581.632,0.0,0.0,0.0,0.0,0.0,0.0
nonadditional_fragmented_grid,north_sea_europe_firm_wind,10,627.854,49.302,49.302,578.552,0.0,0.0,0.0,0.0,0.0,0.0
nonadditional_fragmented_grid,north_sea_europe_firm_wind,11,627.854,51.615,51.615,576.239,0.0,0.0,0.0,0.0,0.0,0.0
nonadditional_fragmented_grid,north_sea_europe_firm_wind,12,627.854,52.871,52.871,574.983,0.0,0.0,0.0,0.0,0.0,0.0
nonadditional_fragmented_grid,north_sea_europe_firm_wind,13,627.854,53.024,53.024,574.829,0.0,0.0,0.0,0.0,0.0,0.0
nonadditional_fragmented_grid,north_sea_europe_firm_wind,14,627.854,52.247,52.247,575.607,0.0,0.0,0.0,0.0,0.0,0.0
nonadditional_fragmented_grid,north_sea_europe_firm_wind,15,627.854,50.888,50.888,576.966,0.0,0.0,0.0,0.0,0.0,0.0
nonadditional_fragmented_grid,north_sea_europe_firm_wind,16,627.854,49.431,49.431,578.423,0.0,0.0,0.0,0.0,0.0,0.0
nonadditional_fragmented_grid,north_sea_europe_firm_wind,17,627.854,48.486,48.486,579.368,0.0,0.0,0.0,0.0,0.0,0.0
nonadditional_fragmented_grid,north_sea_europe_firm_wind,18,627.854,49.071,49.071,578.783,0.0,0.0,0.0,0.0,0.0,0.0
nonadditional_fragmented_grid,north_sea_europe_firm_wind,19,627.854,51.389,51.389,576.465,0.0,0.0,0.0,0.0,0.0,0.0
nonadditional_fragmented_grid,north_sea_europe_firm_wind,20,627.854,52.64,52.64,575.214,0.0,0.0,0.0,0.0,0.0,0.0
nonadditional_fragmented_grid,north_sea_europe_firm_wind,21,627.854,52.798,52.798,575.056,0.0,0.0,0.0,0.0,0.0,0.0
nonadditional_fragmented_grid,north_sea_europe_firm_wind,22,627.854,52.016,52.016,575.838,0.0,0.0,0.0,0.0,0.0,0.0
nonadditional_fragmented_grid,north_sea_europe_firm_wind,23,627.854,50.57,50.57,577.284,0.0,0.0,0.0,0.0,0.0,0.0
nonadditional_fragmented_grid,south_america_hydro_biomass,0,627.854,23.603,23.603,604.251,0.0,0.0,0.0,0.0,0.0,0.0
nonadditional_fragmented_grid,south_america_hydro_biomass,1,627.854,23.285,23.285,604.569,0.0,0.0,0.0,0.0,0.0,0.0
nonadditional_fragmented_grid,south_america_hydro_biomass,2,627.854,22.95,22.95,604.904,0.0,0.0,0.0,0.0,0.0,0.0
nonadditional_fragmented_grid,south_america_hydro_biomass,3,627.854,22.661,22.661,605.193,0.0,0.0,0.0,0.0,0.0,0.0
nonadditional_fragmented_grid,south_america_hydro_biomass,4,627.854,22.452,22.452,605.402,0.0,0.0,0.0,0.0,0.0,0.0
nonadditional_fragmented_grid,south_america_hydro_biomass,5,627.854,22.323,22.323,605.53,0.0,0.0,0.0,0.0,0.0,0.0
nonadditional_fragmented_grid,south_america_hydro_biomass,6,627.854,22.244,22.244,605.61,0.0,0.0,0.0,0.0,0.0,0.0
nonadditional_fragmented_grid,south_america_hydro_biomass,7,627.854,24.921,24.921,602.933,0.0,0.0,0.0,0.0,0.0,0.0
nonadditional_fragmented_grid,south_america_hydro_biomass,8,627.854,31.286,31.286,596.568,0.0,0.0,0.0,0.0,0.0,0.0
nonadditional_fragmented_grid,south_america_hydro_biomass,9,627.854,38.705,38.705,589.149,0.0,0.0,0.0,0.0,0.0,0.0
nonadditional_fragmented_grid,south_america_hydro_biomass,10,627.854,45.49,45.49,582.364,0.0,0.0,0.0,0.0,0.0,0.0
nonadditional_fragmented_grid,south_america_hydro_biomass,11,627.854,50.311,50.311,577.543,0.0,0.0,0.0,0.0,0.0,0.0
nonadditional_fragmented_grid,south_america_hydro_biomass,12,627.854,52.28,52.28,575.574,0.0,0.0,0.0,0.0,0.0,0.0
nonadditional_fragmented_grid,south_america_hydro_biomass,13,627.854,51.062,51.062,576.792,0.0,0.0,0.0,0.0,0.0,0.0
nonadditional_fragmented_grid,south_america_hydro_biomass,14,627.854,46.905,46.905,580.949,0.0,0.0,0.0,0.0,0.0,0.0
nonadditional_fragmented_grid,south_america_hydro_biomass,15,627.854,40.598,40.598,587.256,0.0,0.0,0.0,0.0,0.0,0.0
nonadditional_fragmented_grid,south_america_hydro_biomass,16,627.854,33.361,33.361,594.493,0.0,0.0,0.0,0.0,0.0,0.0
nonadditional_fragmented_grid,south_america_hydro_biomass,17,627.854,26.716,26.716,601.138,0.0,0.0,0.0,0.0,0.0,0.0
nonadditional_fragmented_grid,south_america_hydro_biomass,18,627.854,22.569,22.569,605.285,0.0,0.0,0.0,0.0,0.0,0.0
nonadditional_fragmented_grid,south_america_hydro_biomass,19,627.854,22.867,22.867,604.987,0.0,0.0,0.0,0.0,0.0,0.0
nonadditional_fragmented_grid,south_america_hydro_biomass,20,627.854,23.394,23.394,604.46,0.0,0.0,0.0,0.0,0.0,0.0
nonadditional_fragmented_grid,south_america_hydro_biomass,21,627.854,23.748,23.748,604.105,0.0,0.0,0.0,0.0,0.0,0.0
nonadditional_fragmented_grid,south_america_hydro_biomass,22,627.854,23.892,23.892,603.962,0.0,0.0,0.0,0.0,0.0,0.0
nonadditional_fragmented_grid,south_america_hydro_biomass,23,627.854,23.828,23.828,604.026,0.0,0.0,0.0,0.0,0.0,0.0
